{
    "gw_log10_rho_0": -6.967365557560183,
    "gw_log10_rho_1": -6.8990964593802175,
    "gw_log10_rho_2": -6.7838108230150445,
    "gw_log10_rho_3": -6.592609863809189,
    "gw_log10_rho_4": -6.18010769106348,
    "gw_log10_rho_5": -5.987253571522866,
    "gw_log10_rho_6": -5.944126762503063,
    "gw_log10_rho_7": -6.757245910170848,
    "gw_log10_rho_8": -6.907044420061049,
    "gw_log10_rho_9": -7.018640622295412,
    "gw_log10_rho_10": -7.091418511740158,
    "gw_log10_rho_11": -7.185027196691219,
    "gw_log10_rho_12": -7.228094795039505,
    "gw_log10_rho_13": -7.287623880793848,
    "gw_log10_rho_14": -7.329573626661552,
    "gw_log10_rho_15": -7.373841248326223,
    "gw_log10_rho_16": -7.37785158561675,
    "gw_log10_rho_17": -7.4536154146454985,
    "gw_log10_rho_18": -7.468436790442129,
    "gw_log10_rho_19": -7.519456924006564
}