{
    "J0024-2029_red_noise_gamma": 2.1600082455610345,
    "J0024-2029_red_noise_log10_A": -12.762362384257743,
    "J0114+7148_red_noise_gamma": 1.500001205180823,
    "J0114+7148_red_noise_log10_A": -12.588140161836439,
    "J0234+0837_red_noise_gamma": 2.270001553940144,
    "J0234+0837_red_noise_log10_A": -12.197973355472469,
    "J0354-4032_red_noise_gamma": 1.7599935407593363,
    "J0354-4032_red_noise_log10_A": -11.970613401399136,
    "J0444+4032_red_noise_gamma": 2.0700025570556697,
    "J0444+4032_red_noise_log10_A": -13.576084632642589,
    "J0604-0837_red_noise_gamma": 2.090001170439978,
    "J0604-0837_red_noise_log10_A": -12.413971378584614,
    "J0724-7148_red_noise_gamma": 2.2300057132917135,
    "J0724-7148_red_noise_log10_A": -13.652551111713741,
    "J0814+2029_red_noise_gamma": 2.0599960783618974,
    "J0814+2029_red_noise_log10_A": -13.76142293815446,
    "J0934-2644_red_noise_gamma": 2.03999994154387,
    "J0934-2644_red_noise_log10_A": -12.280783928245095,
    "J1024+5812_red_noise_gamma": 1.6499993862211983,
    "J1024+5812_red_noise_log10_A": -12.839002246573694,
    "J1144+0251_red_noise_gamma": 1.690000445229541,
    "J1144+0251_red_noise_log10_A": -13.455946077255021,
    "J1304-4835_red_noise_gamma": 1.6599998953827713,
    "J1304-4835_red_noise_log10_A": -12.316231339472397,
    "J1354+3322_red_noise_gamma": 1.6700009571777505,
    "J1354+3322_red_noise_log10_A": -13.37594422079014,
    "J1514-1428_red_noise_gamma": 2.3600432293862017,
    "J1514-1428_red_noise_log10_A": -13.471730347909936,
    "J1724+1428_red_noise_gamma": 2.3000014338999217,
    "J1724+1428_red_noise_log10_A": -13.760396880981762,
    "J1844-3322_red_noise_gamma": 1.6799999281960616,
    "J1844-3322_red_noise_log10_A": -13.681055135062664,
    "J1934+4835_red_noise_gamma": 1.8199894503683296,
    "J1934+4835_red_noise_log10_A": -13.432542503656373,
    "J2054-0251_red_noise_gamma": 2.180000656552631,
    "J2054-0251_red_noise_log10_A": -13.504110493937926,
    "J2214-5812_red_noise_gamma": 2.1400003866037283,
    "J2214-5812_red_noise_log10_A": -13.827501577705505,
    "J2304+2644_red_noise_gamma": 2.0200149673158143,
    "J2304+2644_red_noise_log10_A": -12.199686264926767,
    "gw_log10_rho_0": -6.931568250089648,
    "gw_log10_rho_1": -7.298907926420373,
    "gw_log10_rho_2": -8.58394749370338,
    "gw_log10_rho_3": -7.63277252228181,
    "gw_log10_rho_4": -7.5328079152088545,
    "gw_log10_rho_5": -7.6425547857076275,
    "gw_log10_rho_6": -6.704901251085137,
    "gw_log10_rho_7": -7.75107153022518,
    "gw_log10_rho_8": -7.611302451461752,
    "gw_log10_rho_9": -9.334698504228395,
    "gw_log10_rho_10": -9.999994673680389,
    "gw_log10_rho_11": -8.120947694401176,
    "gw_log10_rho_12": -8.018694266268085,
    "gw_log10_rho_13": -9.477103214092276,
    "gw_log10_rho_14": -9.629547963047221,
    "gw_log10_rho_15": -8.065241486671782,
    "gw_log10_rho_16": -8.034727999207385,
    "gw_log10_rho_17": -8.256036489173043,
    "gw_log10_rho_18": -9.999995480685794,
    "gw_log10_rho_19": -9.975853490416759
}