{
    "gw_log10_rho_0": -7.247764088397373,
    "gw_log10_rho_1": -7.284180082789291,
    "gw_log10_rho_2": -7.161305352617304,
    "gw_log10_rho_3": -7.009291759343443,
    "gw_log10_rho_4": -7.204544304726535,
    "gw_log10_rho_5": -7.278278889001245,
    "gw_log10_rho_6": -7.324320564286059,
    "gw_log10_rho_7": -7.695824942087006,
    "gw_log10_rho_8": -7.6506642414681645,
    "gw_log10_rho_9": -7.748008027958361,
    "gw_log10_rho_10": -7.900495207838278,
    "gw_log10_rho_11": -7.89248570802436,
    "gw_log10_rho_12": -7.998648257885558,
    "gw_log10_rho_13": -8.18924437381193,
    "gw_log10_rho_14": -8.179604783917208,
    "gw_log10_rho_15": -8.27985810223328,
    "gw_log10_rho_16": -8.149126060888873,
    "gw_log10_rho_17": -9.312749538758984,
    "gw_log10_rho_18": -8.26381767027469,
    "gw_log10_rho_19": -8.335794384315518
}