{
    "gw_log10_rho_0": -8.245108446490473,
    "gw_log10_rho_1": -7.816755457037294,
    "gw_log10_rho_2": -7.4339905545275,
    "gw_log10_rho_3": -7.290871136416225,
    "gw_log10_rho_4": -7.37739337832814,
    "gw_log10_rho_5": -7.644919005913412,
    "gw_log10_rho_6": -7.737410033350595,
    "gw_log10_rho_7": -7.846998249589509,
    "gw_log10_rho_8": -7.9985701828134,
    "gw_log10_rho_9": -8.179626469548419,
    "gw_log10_rho_10": -8.093579178971085,
    "gw_log10_rho_11": -8.111664590882338,
    "gw_log10_rho_12": -8.556797436159,
    "gw_log10_rho_13": -8.074232567942355,
    "gw_log10_rho_14": -9.999995652005499,
    "gw_log10_rho_15": -9.939503235402498,
    "gw_log10_rho_16": -9.4981337863164,
    "gw_log10_rho_17": -9.999998975923335,
    "gw_log10_rho_18": -8.207926440977651,
    "gw_log10_rho_19": -9.979742584153719
}