{
    "J0024-2029_red_noise_gamma": 2.741075094098208,
    "J0024-2029_red_noise_log10_A": -12.123462713251504,
    "J0114+7148_red_noise_gamma": 2.1156160131161177,
    "J0114+7148_red_noise_log10_A": -11.432498203755435,
    "J0234+0837_red_noise_gamma": 2.5628491821760715,
    "J0234+0837_red_noise_log10_A": -11.754519127419542,
    "J0354-4032_red_noise_gamma": 1.6217078236210547,
    "J0354-4032_red_noise_log10_A": -11.595274375855816,
    "J0444+4032_red_noise_gamma": 0.5943095070169776,
    "J0444+4032_red_noise_log10_A": -12.855100400398737,
    "J0604-0837_red_noise_gamma": 2.6189503990765646,
    "J0604-0837_red_noise_log10_A": -12.071335461881324,
    "J0724-7148_red_noise_gamma": 1.833806997477062,
    "J0724-7148_red_noise_log10_A": -13.425594853514445,
    "J0814+2029_red_noise_gamma": 2.244179636839918,
    "J0814+2029_red_noise_log10_A": -12.431289127155162,
    "J0934-2644_red_noise_gamma": 1.3300121216877467,
    "J0934-2644_red_noise_log10_A": -14.126092939610327,
    "J1024+5812_red_noise_gamma": 1.1481372720067113,
    "J1024+5812_red_noise_log10_A": -13.283201350828723,
    "J1144+0251_red_noise_gamma": 2.2399706204816248,
    "J1144+0251_red_noise_log10_A": -14.124810186502529,
    "J1304-4835_red_noise_gamma": 2.1418564579914765,
    "J1304-4835_red_noise_log10_A": -12.224261993858713,
    "J1354+3322_red_noise_gamma": 1.7389614842442476,
    "J1354+3322_red_noise_log10_A": -11.762657785349496,
    "J1514-1428_red_noise_gamma": 2.0208651124198522,
    "J1514-1428_red_noise_log10_A": -13.623919568808883,
    "J1724+1428_red_noise_gamma": 1.7128080479212042,
    "J1724+1428_red_noise_log10_A": -13.527024118732772,
    "J1844-3322_red_noise_gamma": 1.486659917786944,
    "J1844-3322_red_noise_log10_A": -13.141021477381173,
    "J1934+4835_red_noise_gamma": 2.3914974164947362,
    "J1934+4835_red_noise_log10_A": -13.682314522472373,
    "J2054-0251_red_noise_gamma": 1.204174730337241,
    "J2054-0251_red_noise_log10_A": -12.08535711056852,
    "J2214-5812_red_noise_gamma": 1.819986520843295,
    "J2214-5812_red_noise_log10_A": -13.901020536833972,
    "J2304+2644_red_noise_gamma": 2.613986785933485,
    "J2304+2644_red_noise_log10_A": -13.012295195996815,
    "gw_log10_rho_0": -7.5251635852124235,
    "gw_log10_rho_1": -7.467220799598779,
    "gw_log10_rho_2": -7.552411099489792,
    "gw_log10_rho_3": -7.733133395960751,
    "gw_log10_rho_4": -7.64219137737649,
    "gw_log10_rho_5": -7.646271162027595,
    "gw_log10_rho_6": -7.3445054062891915,
    "gw_log10_rho_7": -8.0444507377126,
    "gw_log10_rho_8": -9.89053084703884,
    "gw_log10_rho_9": -8.20688941975904,
    "gw_log10_rho_10": -9.139323795781879,
    "gw_log10_rho_11": -7.8172729354866535,
    "gw_log10_rho_12": -8.281211134125082,
    "gw_log10_rho_13": -9.661088177090448,
    "gw_log10_rho_14": -8.133857666487934,
    "gw_log10_rho_15": -9.974162081261147,
    "gw_log10_rho_16": -8.13180627139085,
    "gw_log10_rho_17": -8.005104856324172,
    "gw_log10_rho_18": -8.439708664363161,
    "gw_log10_rho_19": -8.08484213740876
}