{
    "J0024-2029_red_noise_gamma": 1.680001294698285,
    "J0024-2029_red_noise_log10_A": -14.168051114324207,
    "J0114+7148_red_noise_gamma": 1.9594108961866312,
    "J0114+7148_red_noise_log10_A": -13.801034189915372,
    "J0234+0837_red_noise_gamma": 1.9387946690103997e-05,
    "J0234+0837_red_noise_log10_A": -14.0859800632742,
    "J0354-4032_red_noise_gamma": 1.0574727335486456,
    "J0354-4032_red_noise_log10_A": -13.338362261249134,
    "J0444+4032_red_noise_gamma": 2.0568261313378056,
    "J0444+4032_red_noise_log10_A": -13.038039765022292,
    "J0604-0837_red_noise_gamma": 1.6101270742616898,
    "J0604-0837_red_noise_log10_A": -13.74433810816776,
    "J0724-7148_red_noise_gamma": 1.9942829202912622,
    "J0724-7148_red_noise_log10_A": -12.811426358203692,
    "J0814+2029_red_noise_gamma": 1.8360162640717563,
    "J0814+2029_red_noise_log10_A": -13.668731013247214,
    "J0934-2644_red_noise_gamma": 1.9917823145465592,
    "J0934-2644_red_noise_log10_A": -13.367477824107283,
    "J1024+5812_red_noise_gamma": 1.0974405373075309,
    "J1024+5812_red_noise_log10_A": -13.540405780358448,
    "J1144+0251_red_noise_gamma": 2.169990251059667,
    "J1144+0251_red_noise_log10_A": -17.491530907252486,
    "J1304-4835_red_noise_gamma": 2.22026309508903,
    "J1304-4835_red_noise_log10_A": -13.495772222529784,
    "J1354+3322_red_noise_gamma": 2.1504850145157244,
    "J1354+3322_red_noise_log10_A": -12.353775307675008,
    "J1514-1428_red_noise_gamma": 1.9542056502179865,
    "J1514-1428_red_noise_log10_A": -13.473282324913583,
    "J1724+1428_red_noise_gamma": 1.3697095200968326,
    "J1724+1428_red_noise_log10_A": -12.963797648539687,
    "J1844-3322_red_noise_gamma": 0.2800027000749743,
    "J1844-3322_red_noise_log10_A": -17.82644876026559,
    "J1934+4835_red_noise_gamma": 1.470018739114753,
    "J1934+4835_red_noise_log10_A": -17.86966117085483,
    "J2054-0251_red_noise_gamma": 0.7700020469557222,
    "J2054-0251_red_noise_log10_A": -14.026347121047074,
    "J2214-5812_red_noise_gamma": 2.058952275202432,
    "J2214-5812_red_noise_log10_A": -12.35484257447649,
    "J2304+2644_red_noise_gamma": 2.0133967042276635,
    "J2304+2644_red_noise_log10_A": -12.41535864645602,
    "gw_log10_rho_0": -7.312686410166339,
    "gw_log10_rho_1": -7.380620755181608,
    "gw_log10_rho_2": -7.571738522413495,
    "gw_log10_rho_3": -7.53779782736265,
    "gw_log10_rho_4": -7.689539133595254,
    "gw_log10_rho_5": -7.760912617600184,
    "gw_log10_rho_6": -7.39591113779203,
    "gw_log10_rho_7": -7.981973950438122,
    "gw_log10_rho_8": -8.18241126424125,
    "gw_log10_rho_9": -7.814473225883431,
    "gw_log10_rho_10": -8.217090388786112,
    "gw_log10_rho_11": -8.070497336866925,
    "gw_log10_rho_12": -8.12894354444843,
    "gw_log10_rho_13": -7.972206777198395,
    "gw_log10_rho_14": -8.307306511351399,
    "gw_log10_rho_15": -8.070608750020432,
    "gw_log10_rho_16": -8.122075456207376,
    "gw_log10_rho_17": -8.998311118028624,
    "gw_log10_rho_18": -8.25155833648776,
    "gw_log10_rho_19": -9.506693718574375
}