{
    "J0750-2304": 5.080749844854942,
    "J0640-1212": 5.400591074477775,
    "J1947+2931": 5.467349520817142,
    "J0545+0429": 5.176550367839354,
    "J0750-2347": 5.838426920730452,
    "J2010+2744": 7.122363037717614,
    "J1139-3958": 6.733627545670782,
    "J1454-6409": 5.393406098337189,
    "J1438-3331": 5.891326834670295,
    "J1845-2915": 6.669605216073329,
    "J1437-4216": 7.125102342141113,
    "J1908+0006": 5.579676080491441,
    "J1437-4645": 5.410260573887394,
    "J0614+0455": 6.252487379004046,
    "J1856+0922": 6.874342468316582,
    "J1923-3520": 5.801985397567363,
    "J1419-5357": 5.792408410156796,
    "J1226-7452": 6.421196937024834,
    "J1840+1036": 5.182673256069508,
    "J1833-5234": 5.77828873927816,
    "J1634-3956": 6.816813155483914,
    "J0954-6422": 6.068621820057898,
    "J1631-4426": 6.091132068273456,
    "J1006-5901": 8.870209132078728,
    "J1739-3059": 7.621834446919723,
    "J0926-5526": 5.621124274731909,
    "J1048-5727": 5.789059439177797,
    "J1143-6627": 5.411348178357957,
    "J1047-3842": 6.529876580238184,
    "J2000+2831": 7.838768554369546,
    "J0932-4544": 5.762412874189719,
    "J1442-6902": 7.658988395368126,
    "J1349-4232": 5.1023028345593175,
    "J1947-4147": 5.165670316456703,
    "J1705-4044": 5.741627444622793,
    "J1653-4738": 6.632777720122728,
    "J1912+2959": 7.7120463746132355,
    "J1756-3858": 6.600850007333219,
    "J1919+1904": 5.509603561792785,
    "J0958-6012": 5.457007199930922,
    "J1359-5845": 6.866119752105941,
    "J1755-3003": 7.0981925897101,
    "J1121-5425": 5.078698450117788,
    "J1956-8405": 5.132821303948571,
    "J0902-4105": 5.025394634477135,
    "J1141-6646": 5.091829882001563,
    "J1224-5844": 5.261368006623204,
    "J2008-2639": 5.356105746578478,
    "J1534-4632": 6.03445352811772,
    "J1722-4010": 7.023166839622596,
    "J1804-1550": 7.8295294344950275,
    "J1513-7800": 5.386088754534953,
    "J1627-4216": 5.96393871217097,
    "J1715-5148": 6.444600370275029,
    "J1935+2351": 5.883169747692334,
    "J1814-3125": 7.058585313938542,
    "J1607+2613": 5.886010046276196,
    "J1105-6346": 6.692704966730093,
    "J1535-4351": 5.442545280323005,
    "J1805-3929": 6.092744512205076,
    "J1328-4515": 6.483727049053009,
    "J1727-4522": 6.29777073194969,
    "J1822+0026": 5.218133919363312,
    "J1902-1550": 5.110329201335385,
    "J1842+2008": 6.998197229489596,
    "J2002+2006": 5.78774038144115,
    "J1706-2951": 5.137620810322277,
    "J1455-6226": 7.709063843015109,
    "J1901+0700": 5.083905245141652,
    "J2041+2445": 7.7384855728866055,
    "J1834+1406": 5.582596905447409,
    "J1927+0406": 5.739001733191415,
    "J1122-4921": 5.833219550590995,
    "J1319-7327": 5.090832624400776,
    "J1929+1912": 5.575045221507863,
    "J1637-5515": 5.67057033809522,
    "J1806+0651": 7.266640777482532,
    "J1859-1722": 6.000918071637033,
    "J1224-5105": 5.075251098904685,
    "J1940+0907": 5.4548429929386675,
    "J0955+0027": 5.3534023600391585,
    "J2125-3539": 5.485244679785756,
    "J1723-2623": 6.219438511861597,
    "J2007-0236": 7.379750642351793,
    "J1811+2733": 6.598670130668072,
    "J1728-4051": 5.03385740828543,
    "J1549+2610": 6.715491042438833,
    "J1524-6410": 6.692156096520986,
    "J0947-5150": 7.182389912415198,
    "J0945-5702": 5.78160211471168,
    "J1914+1533": 7.7428451029501115,
    "J1853-2406": 5.973639215165032,
    "J1139-4129": 5.294798197278871,
    "J1731-3421": 6.48093749027994,
    "J1608-4319": 5.389754750186919,
    "J1721-4504": 5.793229245488952,
    "J1618-1114": 5.162370021831054,
    "J1847-0203": 6.327657328477904,
    "J0913-3605": 6.475293529139269,
    "J2144+2009": 6.730628110042807,
    "J1744-2909": 6.555258106946361,
    "J1838-2720": 5.381159862034434,
    "J1436-0903": 6.462496777608435,
    "J1741-7113": 5.168067851602196,
    "J1201-4601": 5.885206640885256,
    "J1828-6233": 5.772888349982978,
    "J1330-5617": 5.3690777838133386,
    "J0936-5434": 5.644893405380339,
    "J1817+2258": 5.430689434572088,
    "J1125-7009": 7.432772161919169,
    "J1228-2311": 5.996227487305064,
    "J1809-2538": 5.612907629158535,
    "J1647-1533": 5.9862448234887315,
    "J1849-1105": 5.93101123201324
}