{
    "J0545+0429_efac": 0.9395240261516556,
    "J0545+0429_log10_tnequad": -6.1719120019153975,
    "J0614+0455_efac": 1.009698895696716,
    "J0614+0455_log10_tnequad": -6.9768990630518655,
    "J0640-1212_efac": 0.9897160621724748,
    "J0640-1212_log10_tnequad": -6.471914840843846,
    "J0750-2304_efac": 0.8078054950985435,
    "J0750-2304_log10_tnequad": -7.373368697529758,
    "J0750-2347_efac": 1.0159183266928726,
    "J0750-2347_log10_tnequad": -7.144231137645756,
    "J0902-4105_efac": 0.9117963847563794,
    "J0902-4105_log10_tnequad": -7.404590383729845,
    "J0913-3605_efac": 0.9908268238195728,
    "J0913-3605_log10_tnequad": -8.32178095245706,
    "J0926-5526_efac": 1.0169595855740472,
    "J0926-5526_log10_tnequad": -6.695166815220221,
    "J0932-4544_efac": 0.846549700359156,
    "J0932-4544_log10_tnequad": -8.057894606990354,
    "J0936-5434_efac": 0.7852493264161177,
    "J0936-5434_log10_tnequad": -8.849147219290042,
    "J0945-5702_efac": 0.8199991830844386,
    "J0945-5702_log10_tnequad": -6.932674961268738,
    "J0947-5150_efac": 0.8787116881468251,
    "J0947-5150_log10_tnequad": -8.37772510750505,
    "J0954-6422_efac": 0.9939440287281645,
    "J0954-6422_log10_tnequad": -6.022544915938424,
    "J0955+0027_efac": 1.0065358827934714,
    "J0955+0027_log10_tnequad": -5.980985543516607,
    "J0958-6012_efac": 0.7548573629422455,
    "J0958-6012_log10_tnequad": -6.101511450921144,
    "J1006-5901_efac": 0.9033671113484201,
    "J1006-5901_log10_tnequad": -7.7821082573408695,
    "J1047-3842_efac": 0.8758532503302034,
    "J1047-3842_log10_tnequad": -8.87648123732499,
    "J1048-5727_efac": 0.8182813845861828,
    "J1048-5727_log10_tnequad": -6.060000889291214,
    "J1105-6346_efac": 0.7881421527133577,
    "J1105-6346_log10_tnequad": -7.603080601672141,
    "J1121-5425_efac": 0.8523308754567043,
    "J1121-5425_log10_tnequad": -5.941720887159995,
    "J1122-4921_efac": 1.0307608083387403,
    "J1122-4921_log10_tnequad": -5.951084376087216,
    "J1125-7009_efac": 0.8480824067069423,
    "J1125-7009_log10_tnequad": -6.29235433676289,
    "J1139-3958_efac": 0.905738137058753,
    "J1139-3958_log10_tnequad": -8.015697999830945,
    "J1139-4129_efac": 0.9600453347410384,
    "J1139-4129_log10_tnequad": -7.736016425012622,
    "J1141-6646_efac": 0.8599994614485731,
    "J1141-6646_log10_tnequad": -6.298132493268897,
    "J1143-6627_efac": 1.0392718659086502,
    "J1143-6627_log10_tnequad": -7.946361029831182,
    "J1201-4601_efac": 1.0365201384976255,
    "J1201-4601_log10_tnequad": -8.401228943866998,
    "J1224-5105_efac": 0.8270288887279925,
    "J1224-5105_log10_tnequad": -7.206254360899379,
    "J1224-5844_efac": 0.8993879090639691,
    "J1224-5844_log10_tnequad": -6.035823590638518,
    "J1226-7452_efac": 0.841501509924407,
    "J1226-7452_log10_tnequad": -6.776688387424805,
    "J1228-2311_efac": 0.8367738506135787,
    "J1228-2311_log10_tnequad": -7.16534317008818,
    "J1319-7327_efac": 0.7636816081150639,
    "J1319-7327_log10_tnequad": -8.624348448474235,
    "J1328-4515_efac": 0.932496593499262,
    "J1328-4515_log10_tnequad": -7.026669753248251,
    "J1330-5617_efac": 0.9009887278254503,
    "J1330-5617_log10_tnequad": -5.869527154657813,
    "J1349-4232_efac": 0.7679830092509744,
    "J1349-4232_log10_tnequad": -8.491964585270296,
    "J1359-5845_efac": 0.8349479620205968,
    "J1359-5845_log10_tnequad": -7.324951973672592,
    "J1419-5357_efac": 1.0205484343970221,
    "J1419-5357_log10_tnequad": -6.217184539988521,
    "J1436-0903_efac": 0.8234265332545915,
    "J1436-0903_log10_tnequad": -6.638654360584421,
    "J1437-4216_efac": 0.795520400184795,
    "J1437-4216_log10_tnequad": -6.7736464238350695,
    "J1437-4645_efac": 0.8970898635801406,
    "J1437-4645_log10_tnequad": -6.756774781152052,
    "J1438-3331_efac": 1.043360012163631,
    "J1438-3331_log10_tnequad": -7.815021166407153,
    "J1442-6902_efac": 0.8241615370467031,
    "J1442-6902_log10_tnequad": -8.018342275135431,
    "J1454-6409_efac": 0.9509414609353997,
    "J1454-6409_log10_tnequad": -6.427023746167478,
    "J1455-6226_efac": 0.97731975344583,
    "J1455-6226_log10_tnequad": -6.424702839994484,
    "J1513-7800_efac": 0.8228592704931676,
    "J1513-7800_log10_tnequad": -6.248965763315249,
    "J1524-6410_efac": 0.9674730716765012,
    "J1524-6410_log10_tnequad": -6.106521525980943,
    "J1534-4632_efac": 0.861223847429247,
    "J1534-4632_log10_tnequad": -7.346509956522383,
    "J1535-4351_efac": 0.9392003773540366,
    "J1535-4351_log10_tnequad": -7.376826730512743,
    "J1549+2610_efac": 0.939561155197518,
    "J1549+2610_log10_tnequad": -6.46116593547844,
    "J1607+2613_efac": 0.9107447329209255,
    "J1607+2613_log10_tnequad": -6.918816785453438,
    "J1608-4319_efac": 0.7794237989961786,
    "J1608-4319_log10_tnequad": -6.75837053459049,
    "J1618-1114_efac": 0.9990401402547868,
    "J1618-1114_log10_tnequad": -6.468887003208715,
    "J1627-4216_efac": 0.8473681891124982,
    "J1627-4216_log10_tnequad": -6.178209818730009,
    "J1631-4426_efac": 0.8077902995326899,
    "J1631-4426_log10_tnequad": -7.881343402711251,
    "J1634-3956_efac": 0.7648277777777964,
    "J1634-3956_log10_tnequad": -7.765372648731402,
    "J1637-5515_efac": 0.9269926035789163,
    "J1637-5515_log10_tnequad": -8.634204701550772,
    "J1647-1533_efac": 0.9525417777125917,
    "J1647-1533_log10_tnequad": -7.1399849325802744,
    "J1653-4738_efac": 0.7576977933870114,
    "J1653-4738_log10_tnequad": -8.813276224386698,
    "J1705-4044_efac": 0.9037638159115786,
    "J1705-4044_log10_tnequad": -7.487646466715377,
    "J1706-2951_efac": 0.8195748776043986,
    "J1706-2951_log10_tnequad": -7.249932229197673,
    "J1715-5148_efac": 0.9429933255024785,
    "J1715-5148_log10_tnequad": -8.04009567857104,
    "J1721-4504_efac": 0.8042080846749494,
    "J1721-4504_log10_tnequad": -7.101254416168614,
    "J1722-4010_efac": 0.9564840083133211,
    "J1722-4010_log10_tnequad": -8.830066663855552,
    "J1723-2623_efac": 0.866810618853165,
    "J1723-2623_log10_tnequad": -8.808938512806387,
    "J1727-4522_efac": 1.028939139539792,
    "J1727-4522_log10_tnequad": -6.386175812179937,
    "J1728-4051_efac": 0.7933466989572442,
    "J1728-4051_log10_tnequad": -7.812863008334588,
    "J1731-3421_efac": 0.8533482210952973,
    "J1731-3421_log10_tnequad": -8.532146388499761,
    "J1739-3059_efac": 0.7862579515383433,
    "J1739-3059_log10_tnequad": -7.312877202455111,
    "J1741-7113_efac": 1.0253910341833914,
    "J1741-7113_log10_tnequad": -6.548485790818264,
    "J1744-2909_efac": 1.0114318492683525,
    "J1744-2909_log10_tnequad": -8.258290909233166,
    "J1755-3003_efac": 0.828844548901129,
    "J1755-3003_log10_tnequad": -7.002347328241364,
    "J1756-3858_efac": 0.9473594170580474,
    "J1756-3858_log10_tnequad": -8.660844905830778,
    "J1804-1550_efac": 0.9937103946197148,
    "J1804-1550_log10_tnequad": -8.76471483522686,
    "J1805-3929_efac": 0.9164712056449127,
    "J1805-3929_log10_tnequad": -7.284765614583846,
    "J1806+0651_efac": 0.9089394567889404,
    "J1806+0651_log10_tnequad": -7.256132240242691,
    "J1809-2538_efac": 0.824101702016217,
    "J1809-2538_log10_tnequad": -6.957488402010538,
    "J1811+2733_efac": 0.7802530200993586,
    "J1811+2733_log10_tnequad": -6.68393862532546,
    "J1814-3125_efac": 1.0172910555609975,
    "J1814-3125_log10_tnequad": -5.913344303671858,
    "J1817+2258_efac": 1.018235035726721,
    "J1817+2258_log10_tnequad": -7.331213046375874,
    "J1822+0026_efac": 0.9394349137779285,
    "J1822+0026_log10_tnequad": -7.927742705340186,
    "J1828-6233_efac": 0.8527478798649181,
    "J1828-6233_log10_tnequad": -6.470758177694275,
    "J1833-5234_efac": 0.8557486968234694,
    "J1833-5234_log10_tnequad": -8.088563130213585,
    "J1834+1406_efac": 0.966806666928727,