{
    "gw_log10_rho_0": -9.999992946475976,
    "gw_log10_rho_1": -9.702684522578014,
    "gw_log10_rho_2": -9.59018318770443,
    "gw_log10_rho_3": -9.027160316294374,
    "gw_log10_rho_4": -9.957849462750787,
    "gw_log10_rho_5": -9.831222643286182,
    "gw_log10_rho_6": -7.607805057323347,
    "gw_log10_rho_7": -8.993862556110647,
    "gw_log10_rho_8": -8.267111434337192,
    "gw_log10_rho_9": -9.900535596517217,
    "gw_log10_rho_10": -9.77855881576478,
    "gw_log10_rho_11": -8.442056640435487,
    "gw_log10_rho_12": -9.785735776291284,
    "gw_log10_rho_13": -8.506082009311415,
    "gw_log10_rho_14": -9.478582449122207,
    "gw_log10_rho_15": -9.958119544915656,
    "gw_log10_rho_16": -8.50697155758407,
    "gw_log10_rho_17": -8.971658613957302,
    "gw_log10_rho_18": -8.506165780796275,
    "gw_log10_rho_19": -9.692457521616344
}