{
    "gw_log10_rho_0": -7.844158690659158,
    "gw_log10_rho_1": -7.7434520556247675,
    "gw_log10_rho_2": -7.668568693595628,
    "gw_log10_rho_3": -7.4332492919524435,
    "gw_log10_rho_4": -7.031172224494451,
    "gw_log10_rho_5": -6.813478783135029,
    "gw_log10_rho_6": -6.760820105848786,
    "gw_log10_rho_7": -7.556080248715042,
    "gw_log10_rho_8": -7.790732427672305,
    "gw_log10_rho_9": -7.793867478093586,
    "gw_log10_rho_10": -7.977784197963825,
    "gw_log10_rho_11": -7.857760298097272,
    "gw_log10_rho_12": -8.147130974183048,
    "gw_log10_rho_13": -8.334524344820291,
    "gw_log10_rho_14": -8.164278891153637,
    "gw_log10_rho_15": -8.173306919326578,
    "gw_log10_rho_16": -8.09784860354328,
    "gw_log10_rho_17": -8.898271542904697,
    "gw_log10_rho_18": -8.069730284524612,
    "gw_log10_rho_19": -8.223731089770663
}