{
    "gw_log10_rho_0": -5.689952845136262,
    "gw_log10_rho_1": -5.985516460552023,
    "gw_log10_rho_2": -6.1804020791109355,
    "gw_log10_rho_3": -6.302372287313816,
    "gw_log10_rho_4": -6.396140223664016,
    "gw_log10_rho_5": -6.477722442049551,
    "gw_log10_rho_6": -6.54755971524116,
    "gw_log10_rho_7": -6.601603866174617,
    "gw_log10_rho_8": -6.651802632340999,
    "gw_log10_rho_9": -6.705620291347298,
    "gw_log10_rho_10": -6.731291598447127,
    "gw_log10_rho_11": -6.774875807704323,
    "gw_log10_rho_12": -6.822325995252434,
    "gw_log10_rho_13": -6.846652622018117,
    "gw_log10_rho_14": -6.877119657314425,
    "gw_log10_rho_15": -6.903987962721448,
    "gw_log10_rho_16": -6.9298464949605405,
    "gw_log10_rho_17": -6.960654584616223,
    "gw_log10_rho_18": -6.978395337394124,
    "gw_log10_rho_19": -7.010489494417837
}