{
    "gw_log10_rho_0": -5.880975750754486,
    "gw_log10_rho_1": -6.22375225211275,
    "gw_log10_rho_2": -6.409773626672401,
    "gw_log10_rho_3": -6.535164289910502,
    "gw_log10_rho_4": -6.632966886103759,
    "gw_log10_rho_5": -6.710916549587987,
    "gw_log10_rho_6": -6.78913723455195,
    "gw_log10_rho_7": -6.850605334137964,
    "gw_log10_rho_8": -6.887570863387475,
    "gw_log10_rho_9": -6.9424080195776865,
    "gw_log10_rho_10": -6.976748499102564,
    "gw_log10_rho_11": -7.020702995490288,
    "gw_log10_rho_12": -7.044021970142228,
    "gw_log10_rho_13": -7.094827114601907,
    "gw_log10_rho_14": -7.120081563374836,
    "gw_log10_rho_15": -7.152364954450905,
    "gw_log10_rho_16": -7.185418521965553,
    "gw_log10_rho_17": -7.205577078613339,
    "gw_log10_rho_18": -7.227806603906381,
    "gw_log10_rho_19": -7.23802106475369
}