{
    "gw_gamma": 0.003251752391039882,
    "gw_log10_A": -10.11038458241217
}