{
    "gw_log10_rho_0": -7.061986095522738,
    "gw_log10_rho_1": -6.975543806821755,
    "gw_log10_rho_2": -6.834040463839928,
    "gw_log10_rho_3": -6.625949173804977,
    "gw_log10_rho_4": -6.192207892437106,
    "gw_log10_rho_5": -5.986387398493526,
    "gw_log10_rho_6": -5.93762962711525,
    "gw_log10_rho_7": -6.723628103816237,
    "gw_log10_rho_8": -6.876453685195786,
    "gw_log10_rho_9": -6.974836070346229,
    "gw_log10_rho_10": -7.0508750531909605,
    "gw_log10_rho_11": -7.13265402994476,
    "gw_log10_rho_12": -7.174503254859393,
    "gw_log10_rho_13": -7.236493634033512,
    "gw_log10_rho_14": -7.2774974825719205,
    "gw_log10_rho_15": -7.3234967430477536,
    "gw_log10_rho_16": -7.365610049971759,
    "gw_log10_rho_17": -7.383415641261619,
    "gw_log10_rho_18": -7.385254768261572,
    "gw_log10_rho_19": -7.471248354887157
}