{
    "gw_log10_rho_0": -4.1383586955475975,
    "gw_log10_rho_1": -4.221705151423693,
    "gw_log10_rho_2": -4.1355166049018015,
    "gw_log10_rho_3": -4.105355819132062,
    "gw_log10_rho_4": -4.259469783865484,
    "gw_log10_rho_5": -4.182350375428078,
    "gw_log10_rho_6": -4.085100122537226,
    "gw_log10_rho_7": -4.147929646082142,
    "gw_log10_rho_8": -4.095805236854387,
    "gw_log10_rho_9": -4.183991692587361,
    "gw_log10_rho_10": -4.135155691573822,
    "gw_log10_rho_11": -4.166380093061596,
    "gw_log10_rho_12": -4.033855955893927,
    "gw_log10_rho_13": -4.162429694397294,
    "gw_log10_rho_14": -4.105903630160969,
    "gw_log10_rho_15": -4.230593266111627,
    "gw_log10_rho_16": -4.123447147150063,
    "gw_log10_rho_17": -4.166682748954853,
    "gw_log10_rho_18": -4.197171520122971,
    "gw_log10_rho_19": -4.210223831677463
}