{
    "gw_gamma": 2.0220669993958205,
    "gw_log10_A": -12.6582299608429
}