{
    "gw_log10_rho_0": -5.361603394552329,
    "gw_log10_rho_1": -5.793513971975269,
    "gw_log10_rho_2": -6.024427581668794,
    "gw_log10_rho_3": -6.153749594916818,
    "gw_log10_rho_4": -6.248538142486028,
    "gw_log10_rho_5": -6.327598550811315,
    "gw_log10_rho_6": -6.405248777407696,
    "gw_log10_rho_7": -6.465367294031305,
    "gw_log10_rho_8": -6.51390601632083,
    "gw_log10_rho_9": -6.560492992834534,
    "gw_log10_rho_10": -6.600589185148018,
    "gw_log10_rho_11": -6.635099479819763,
    "gw_log10_rho_12": -6.672519501450417,
    "gw_log10_rho_13": -6.708344774565487,
    "gw_log10_rho_14": -6.73318015913756,
    "gw_log10_rho_15": -6.770720028620398,
    "gw_log10_rho_16": -6.7973778987315345,
    "gw_log10_rho_17": -6.818725312676669,
    "gw_log10_rho_18": -6.836932724982628,
    "gw_log10_rho_19": -6.875079947804184
}