{
    "gw_log10_rho_0": -5.740229218113467,
    "gw_log10_rho_1": -6.049194835104885,
    "gw_log10_rho_2": -6.241889359813633,
    "gw_log10_rho_3": -6.365588855774788,
    "gw_log10_rho_4": -6.464995463423933,
    "gw_log10_rho_5": -6.537053146464866,
    "gw_log10_rho_6": -6.606867139980492,
    "gw_log10_rho_7": -6.669168821729728,
    "gw_log10_rho_8": -6.720031697850277,
    "gw_log10_rho_9": -6.76549087430473,
    "gw_log10_rho_10": -6.800856850732054,
    "gw_log10_rho_11": -6.8491137808067295,
    "gw_log10_rho_12": -6.878839565662342,
    "gw_log10_rho_13": -6.921027942292377,
    "gw_log10_rho_14": -6.943329950113609,
    "gw_log10_rho_15": -6.9819910388397055,
    "gw_log10_rho_16": -6.998246935716134,
    "gw_log10_rho_17": -7.022287525845268,
    "gw_log10_rho_18": -7.04693690901664,
    "gw_log10_rho_19": -7.072009751435491
}