{
    "gw_gamma": 2.2492639698131365,
    "gw_log10_A": -12.698877753953555
}