{
    "gw_gamma": 2.0610617042797577,
    "gw_log10_A": -12.802014347146208
}