{
    "gw_log10_rho_0": -5.628018821687232,
    "gw_log10_rho_1": -5.940742934185803,
    "gw_log10_rho_2": -6.124017615901485,
    "gw_log10_rho_3": -6.249191155647137,
    "gw_log10_rho_4": -6.343198220908584,
    "gw_log10_rho_5": -6.423780812755246,
    "gw_log10_rho_6": -6.494036581410985,
    "gw_log10_rho_7": -6.55432961317897,
    "gw_log10_rho_8": -6.601618628780844,
    "gw_log10_rho_9": -6.657540864541268,
    "gw_log10_rho_10": -6.684502311323587,
    "gw_log10_rho_11": -6.727420040980849,
    "gw_log10_rho_12": -6.763490586543708,
    "gw_log10_rho_13": -6.794088829876722,
    "gw_log10_rho_14": -6.8325555215341,
    "gw_log10_rho_15": -6.863961111644784,
    "gw_log10_rho_16": -6.888234561038745,
    "gw_log10_rho_17": -6.904272535286021,
    "gw_log10_rho_18": -6.9290539792710115,
    "gw_log10_rho_19": -6.9422665333711375
}