{
    "gw_log10_rho_0": -5.7908065734438114,
    "gw_log10_rho_1": -6.130060058240522,
    "gw_log10_rho_2": -6.3126399216509945,
    "gw_log10_rho_3": -6.426729394220822,
    "gw_log10_rho_4": -6.538984076670783,
    "gw_log10_rho_5": -6.625001088292227,
    "gw_log10_rho_6": -6.680341030318671,
    "gw_log10_rho_7": -6.748156362337077,
    "gw_log10_rho_8": -6.785957067204862,
    "gw_log10_rho_9": -6.843097451368761,
    "gw_log10_rho_10": -6.8781664495852075,
    "gw_log10_rho_11": -6.924735656502135,
    "gw_log10_rho_12": -6.957154175421593,
    "gw_log10_rho_13": -6.986767179290947,
    "gw_log10_rho_14": -7.0309725267993795,
    "gw_log10_rho_15": -7.053891974056785,
    "gw_log10_rho_16": -7.0866282041620225,
    "gw_log10_rho_17": -7.1002288246405945,
    "gw_log10_rho_18": -7.123911635989406,
    "gw_log10_rho_19": -7.124407171467056
}