{
    "gw_gamma": 1.8124191342818396,
    "gw_log10_A": -13.868895103441002
}