{
    "gw_gamma": 1.8685045636844861,
    "gw_log10_A": -14.23799790116425
}