{
    "gw_gamma": 2.020577726098782,
    "gw_log10_A": -12.767540802393384
}