{
    "gw_gamma": 2.2105681231656797,
    "gw_log10_A": -12.642533788667073
}