{
    "gw_log10_rho_0": -9.817515463653406,
    "gw_log10_rho_1": -9.591802092824201,
    "gw_log10_rho_2": -7.886291194418039,
    "gw_log10_rho_3": -8.066606225891913,
    "gw_log10_rho_4": -8.109495615566969,
    "gw_log10_rho_5": -8.462889352619923,
    "gw_log10_rho_6": -9.508421515669777,
    "gw_log10_rho_7": -9.958372255619134,
    "gw_log10_rho_8": -9.852881574908896,
    "gw_log10_rho_9": -8.378563231759385,
    "gw_log10_rho_10": -8.392448392333165,
    "gw_log10_rho_11": -9.979809591536894,
    "gw_log10_rho_12": -8.367809438114445,
    "gw_log10_rho_13": -8.289819668767487,
    "gw_log10_rho_14": -9.753762549771297,
    "gw_log10_rho_15": -8.605192271182954,
    "gw_log10_rho_16": -9.732676935342706,
    "gw_log10_rho_17": -9.166441455182634,
    "gw_log10_rho_18": -9.615583676784308,
    "gw_log10_rho_19": -9.736083695249414
}