{
    "gw_log10_rho_0": -8.61680308267642,
    "gw_log10_rho_1": -9.999997771462297,
    "gw_log10_rho_2": -9.898977102150262,
    "gw_log10_rho_3": -9.852558642803135,
    "gw_log10_rho_4": -8.437641117728909,
    "gw_log10_rho_5": -8.972185256347267,
    "gw_log10_rho_6": -9.933772440642674,
    "gw_log10_rho_7": -8.182223647877723,
    "gw_log10_rho_8": -9.91742689349614,
    "gw_log10_rho_9": -9.999996736814207,
    "gw_log10_rho_10": -9.999998231670597,
    "gw_log10_rho_11": -8.3534551766261,
    "gw_log10_rho_12": -8.213509541377348,
    "gw_log10_rho_13": -9.863391156285257,
    "gw_log10_rho_14": -9.99999198271365,
    "gw_log10_rho_15": -9.980118488875972,
    "gw_log10_rho_16": -8.487782710918351,
    "gw_log10_rho_17": -8.860474333612576,
    "gw_log10_rho_18": -8.48868815628267,
    "gw_log10_rho_19": -9.794247197331085
}