{
    "cos_gwtheta": [
        -0.043962253774836646,
        0.008493857848694164,
        0.057293937449979015
    ],
    "cos_inc": [
        -0.016016393766122405,
        0.016811576974193665,
        0.05201265403308697
    ],
    "gwphi": [
        3.099731365346364,
        3.191672701955204,
        3.302235068763302
    ],
    "log10_Mc": [
        null,
        9.784396483928905,
        null
    ],
    "log10_fgw": [
        -7.67861013688318,
        -7.654104124734108,
        -7.629430263186753
    ],
    "log10_h": [
        -13.596017364136962,
        -13.532769499709344,
        -13.484168509149175
    ],
    "phase0": [
        null,
        5.296616083831828,
        null
    ],
    "psi": [
        1.5106637228160396,
        1.5527371374012686,
        1.6045418179449862
    ]
}