{
    "cos_gwtheta": [
        -0.056490784813282735,
        -0.000517391273598955,
        0.06449637854225365
    ],
    "cos_inc": [
        -0.03861052681893251,
        0.00265252124852855,
        0.04839222075727079
    ],
    "gwphi": [
        3.029984264438315,
        3.1201754452670576,
        3.2103666260958
    ],
    "log10_Mc": [
        null,
        8.971704104187959,
        null
    ],
    "log10_fgw": [
        -7.678142724639702,
        -7.65503500816711,
        -7.631767928132639
    ],
    "log10_h": [
        -13.559916443538713,
        -13.510431572354719,
        -13.48679700701311
    ],
    "phase0": [
        0.8306653332828621,
        1.0158432672013582,
        1.7154043508934547
    ],
    "psi": [
        null,
        3.133290748614434,
        null
    ]
}