{
    "cos_gwtheta": [
        null,
        0.8896913744834601,
        null
    ],
    "cos_inc": [
        -0.1752040607363028,
        -0.03780077644797175,
        0.10775523527280728
    ],
    "gwphi": [
        null,
        3.233232638954612,
        null
    ],
    "log10_Mc": [
        null,
        8.207177812559566,
        null
    ],
    "log10_fgw": [
        -7.698818925232765,
        -7.661452690382465,
        -7.622695159553695
    ],
    "log10_h": [
        -14.315616447044457,
        -14.125835278094335,
        -13.953204703671556
    ],
    "phase0": [
        1.6997962538383546,
        4.644758802810715,
        6.266549803475172
    ],
    "psi": [
        null,
        3.133194124206207,
        null
    ]
}