{
    "cos_gwtheta": [
        -0.031031861640505976,
        0.023648470555351908,
        0.0816327503159141
    ],
    "cos_inc": [
        -0.01360198800790935,
        0.01657670026678293,
        0.04361540941462849
    ],
    "gwphi": [
        3.0894751983410824,
        3.18545866218758,
        3.2714218743138392
    ],
    "log10_Mc": [
        null,
        8.006352826369987,
        null
    ],
    "log10_fgw": [
        -7.676128178868321,
        -7.653141987448416,
        -7.629998356361252
    ],
    "log10_h": [
        -13.544592710639268,
        -13.50816025392385,
        -13.466523160534798
    ],
    "phase0": [
        null,
        4.269818834625363,
        null
    ],
    "psi": [
        1.5053644262709762,
        1.5565801734926505,
        1.600479385396943
    ]
}