{
    "cos_gwtheta": [
        -0.23774802301738696,
        -0.10181277703884128,
        0.07495976119473324
    ],
    "cos_inc": [
        -0.06767358068760199,
        -0.00928907880331653,
        0.04451624646259367
    ],
    "gwphi": [
        2.9879848221878635,
        3.1158760854899366,
        3.270508249300624
    ],
    "log10_Mc": [
        8.522764766977323,
        9.583657342509127,
        9.99469107327281
    ],
    "log10_fgw": [
        -7.682766682044579,
        -7.657364005944472,
        -7.628854527731401
    ],
    "log10_h": [
        -14.102820699415929,
        -14.024439202988514,
        -13.963939416772677
    ],
    "phase0": [
        null,
        3.384966193499682,
        null
    ],
    "psi": [
        null,
        3.1332381064823043,
        null
    ]
}