{
    "cos_gwtheta": [
        0.040945894789507276,
        0.09989578287652523,
        0.16180963181708052
    ],
    "cos_inc": [
        -0.04538906311598767,
        -0.01285113964507123,
        0.015419515173921594
    ],
    "gwphi": [
        3.0384298017196434,
        3.139969078392399,
        3.2405030156921564
    ],
    "log10_Mc": [
        null,
        9.354349275614096,
        null
    ],
    "log10_fgw": [
        -7.6777995594566955,
        -7.650498908683032,
        -7.623009977559204
    ],
    "log10_h": [
        -13.548062715083342,
        -13.503252311409806,
        -13.469290742309864
    ],
    "phase0": [
        2.802223973021227,
        3.2543227754467794,
        3.998900865422819
    ],
    "psi": [
        1.514122460115349,
        1.5638862342081583,
        1.6053942669768149
    ]
}