{
    "cos_gwtheta": [
        -0.30187217104298114,
        -0.16583042591744912,
        -0.0745272412694411
    ],
    "cos_inc": [
        -0.05121830070308164,
        -0.010405518798164426,
        0.03430302865222212
    ],
    "gwphi": [
        3.4212306877839653,
        3.59545609663614,
        3.7313963041800338
    ],
    "log10_Mc": [
        null,
        9.621752098906393,
        null
    ],
    "log10_fgw": [
        -7.671627854906215,
        -7.652897875377643,
        -7.634670714091447
    ],
    "log10_h": [
        -14.14555768258062,
        -14.058538749110628,
        -13.991969265006082
    ],
    "phase0": [
        null,
        6.025702337086864,
        null
    ],
    "psi": [
        0.009878443957964847,
        0.024871942285423523,
        0.20479392221492765
    ]
}