{
    "cos_gwtheta": [
        -0.051063641092669254,
        -0.0009181534205571218,
        0.057520626443481326
    ],
    "cos_inc": [
        -0.037751511777188385,
        -0.00684975964165957,
        0.023677425801317376
    ],
    "gwphi": [
        3.1329375022333905,
        3.230223273132883,
        3.3143918614391854
    ],
    "log10_Mc": [
        null,
        8.140186435498887,
        null
    ],
    "log10_fgw": [
        -7.676766280050786,
        -7.653342694346626,
        -7.629598237605424
    ],
    "log10_h": [
        -13.593751719406994,
        -13.528856861242947,
        -13.472511026310091
    ],
    "phase0": [
        null,
        6.266544947809019,
        null
    ],
    "psi": [
        null,
        3.1332821491218255,
        null
    ]
}