{
    "cos_gwtheta": [
        0.37082973308449774,
        0.4955207514388983,
        0.6457940016794957
    ],
    "cos_inc": [
        -0.014413450158581087,
        0.060862812607289096,
        0.13595041306046274
    ],
    "gwphi": [
        3.0698175862771757,
        3.2114458710940728,
        3.371861581447905
    ],
    "log10_Mc": [
        null,
        8.379394476971331,
        null
    ],
    "log10_fgw": [
        -7.683292350323705,
        -7.6564487755875295,
        -7.629049816546468
    ],
    "log10_h": [
        -14.122190540299409,
        -14.042332223190375,
        -13.950124681786127
    ],
    "phase0": [
        null,
        3.4734025080410666,
        null
    ],
    "psi": [
        1.4275747854091585,
        1.5337471022477287,
        1.610693794637384
    ]
}