{
    "cos_gwtheta": [
        -0.41402762748660593,
        -0.3287881840291421,
        -0.24928410915698318
    ],
    "cos_inc": [
        -0.032498830106294285,
        0.008327320406359529,
        0.04993858919810279
    ],
    "gwphi": [
        3.0019973404504876,
        3.1196891682762837,
        3.2216078645377983
    ],
    "log10_Mc": [
        null,
        9.994487531160683,
        null
    ],
    "log10_fgw": [
        -7.685728130417354,
        -7.652048765883315,
        -7.627180863000622
    ],
    "log10_h": [
        -14.008142664278054,
        -13.94794200572379,
        -13.89788267674677
    ],
    "phase0": [
        null,
        1.221831323995448,
        null
    ],
    "psi": [
        1.5756985838888522,
        1.6299417670830987,
        1.6882144438860607
    ]
}