{
    "cos_gwtheta": [
        -0.09261496333288433,
        0.009854970050982792,
        0.12808950857082957
    ],
    "cos_inc": [
        -0.05419670397376175,
        -0.018837649011039237,
        0.026301570090308535
    ],
    "gwphi": [
        3.056979211493226,
        3.1817292546046687,
        3.298772731346292
    ],
    "log10_Mc": [
        null,
        9.048357217360454,
        null
    ],
    "log10_fgw": [
        -7.678212518761255,
        -7.650905005899519,
        -7.623409165362874
    ],
    "log10_h": [
        -13.548295906874351,
        -13.501403288577437,
        -13.444386127693686
    ],
    "phase0": [
        1.7955450264991266,
        2.964022046528978,
        4.8013600438180335
    ],
    "psi": [
        1.5217664218156695,
        1.5780739525077787,
        1.6380651534320827
    ]
}