{
    "cos_gwtheta": [
        null,
        -0.045164675677716204,
        null
    ],
    "cos_inc": [
        -0.03400615133247464,
        0.006454780032470908,
        0.04351412867204496
    ],
    "gwphi": [
        null,
        3.08356630239402,
        null
    ],
    "log10_Mc": [
        null,
        8.006320936727088,
        null
    ],
    "log10_fgw": [
        -7.6730103122033055,
        -7.653658998924087,
        -7.633495742430355
    ],
    "log10_h": [
        -13.573962726295536,
        -13.49556123436811,
        -13.426998361035498
    ],
    "phase0": [
        null,
        3.2932726839727846,
        null
    ],
    "psi": [
        null,
        0.009872805078857298,
        null
    ]
}