{
    "cos_gwtheta": [
        0.010706411270292537,
        0.0625195715380695,
        0.11179886730708505
    ],
    "cos_inc": [
        -0.010814344961217026,
        0.010604494458316793,
        0.033493254230171576
    ],
    "gwphi": [
        3.1302142491820395,
        3.2102318548784736,
        3.2851476669231223
    ],
    "log10_Mc": [
        8.530314382698315,
        9.918333261502012,
        9.994694185493504
    ],
    "log10_fgw": [
        -7.66615773437884,
        -7.6533992430453415,
        -7.639456034659447
    ],
    "log10_h": [
        -13.56780633819084,
        -13.52601312516436,
        -13.487434774678377
    ],
    "phase0": [
        null,
        1.1009270348731408,
        null
    ],
    "psi": [
        3.078933256684058,
        3.1332860571448977,
        3.1332860571448977
    ]
}