{
    "cos_gwtheta": [
        0.12715538956108968,
        0.22471458026080976,
        0.29563110040799584
    ],
    "cos_inc": [
        -0.06490456474844908,
        -0.027907642519160558,
        0.01080563177231142
    ],
    "gwphi": [
        3.1311673661009234,
        3.194331522565781,
        3.283993812962237
    ],
    "log10_Mc": [
        null,
        9.057938799054462,
        null
    ],
    "log10_fgw": [
        -7.654200705491459,
        -7.654200705491459,
        -7.645033708242566
    ],
    "log10_h": [
        -13.579340926493023,
        -13.521969036949102,
        -13.476572833086678
    ],
    "phase0": [
        null,
        0.01986799951903497,
        null
    ],
    "psi": [
        null,
        3.1332734790468346,
        null
    ]
}