{
    "cos_gwtheta": [
        -0.955098587187829,
        -0.8934975284573529,
        -0.8116536288975984
    ],
    "cos_inc": [
        0.06580366783749203,
        0.11005727297716539,
        0.15662984432503135
    ],
    "gwphi": [
        0.019751961595182534,
        0.259648830660677,
        0.7569350488276917
    ],
    "log10_Mc": [
        null,
        9.994662049830602,
        null
    ],
    "log10_fgw": [
        -7.674154014387393,
        -7.651710397261429,
        -7.629111996569078
    ],
    "log10_h": [
        -13.721547981016744,
        -13.667358567920108,
        -13.60461293170295
    ],
    "phase0": [
        null,
        0.019829762956105185,
        null
    ],
    "psi": [
        null,
        0.12983720657635003,
        null
    ]
}