{
    "cos_gwtheta": [
        -0.12819677361768778,
        -0.03563818066194524,
        0.07425134225053087
    ],
    "cos_inc": [
        -0.029411919258480856,
        0.0033900586721351544,
        0.04491394980973584
    ],
    "gwphi": [
        3.0586962850343236,
        3.1768007786694628,
        3.30850893125734
    ],
    "log10_Mc": [
        null,
        9.918300632650364,
        null
    ],
    "log10_fgw": [
        -7.6816190769026695,
        -7.656182592702228,
        -7.624386987451675
    ],
    "log10_h": [
        -13.57807078332487,
        -13.529502834923228,
        -13.471504216929036
    ],
    "phase0": [
        2.352155387753051,
        4.525161255641402,
        5.176625791487205
    ],
    "psi": [
        1.5350778321542815,
        1.5863902108409194,
        1.6496560413806947
    ]
}