{
    "cos_gwtheta": [
        -0.3249376763082151,
        -0.22400401061205377,
        -0.0780593858892259
    ],
    "cos_inc": [
        -0.07881130328206476,
        -0.0314378156676689,
        0.017086444925214384
    ],
    "gwphi": [
        3.272519402451862,
        3.3964237801557093,
        3.530732342246903
    ],
    "log10_Mc": [
        null,
        8.943216303467501,
        null
    ],
    "log10_fgw": [
        -7.674028316683787,
        -7.656183640032536,
        -7.632156555722585
    ],
    "log10_h": [
        -14.110933066413086,
        -14.052249322907608,
        -13.98611840383037
    ],
    "phase0": [
        3.8737569588274163,
        5.543432519850631,
        6.264003049925721
    ],
    "psi": [
        1.5898863267755663,
        1.6470768135754719,
        1.698015708700894
    ]
}