{
    "cos_gwtheta": [
        0.02615001493136647,
        0.06909117989812355,
        0.11700336642507175
    ],
    "cos_inc": [
        -0.04531850260444015,
        -0.020810723949972965,
        0.012040128288993701
    ],
    "gwphi": [
        3.069048494743648,
        3.1648117599937673,
        3.25593195783782
    ],
    "log10_Mc": [
        null,
        8.006284597189048,
        null
    ],
    "log10_fgw": [
        -7.672481187694983,
        -7.650761132569277,
        -7.628891283959945
    ],
    "log10_h": [
        -13.557759161673953,
        -13.516265807730433,
        -13.475825584597661
    ],
    "phase0": [
        2.587914239432715,
        3.3578536609154943,
        3.85415015335031
    ],
    "psi": [
        1.5102783768849546,
        1.547768027048836,
        1.5781264937576314
    ]
}