{
    "cos_gwtheta": [
        -0.17309847729356953,
        -0.055224058780361074,
        0.10068714688332803
    ],
    "cos_inc": [
        -0.07462299464266042,
        -0.024978550341418493,
        0.02270366295977433
    ],
    "gwphi": [
        3.045907068695722,
        3.188757653274728,
        3.323534074377529
    ],
    "log10_Mc": [
        null,
        8.847668045775102,
        null
    ],
    "log10_fgw": [
        -7.676214219585793,
        -7.647255841994256,
        -7.62108192378652
    ],
    "log10_h": [
        -14.06138694899483,
        -13.974961234603352,
        -13.886560075311499
    ],
    "phase0": [
        null,
        5.306261606837512,
        null
    ],
    "psi": [
        null,
        0.009874666212491518,
        null
    ]
}