{
    "cos_gwtheta": [
        -0.879678486351841,
        -0.8271071578154644,
        -0.7765648980997901
    ],
    "cos_inc": [
        -0.10416077038256266,
        -0.06064313331537263,
        -0.018497673993544517
    ],
    "gwphi": [
        5.351359187335059,
        5.575639149672626,
        6.051687426277713
    ],
    "log10_Mc": [
        null,
        8.16875823301315,
        null
    ],
    "log10_fgw": [
        -7.6741972653767405,
        -7.655578194874537,
        -7.633511148353406
    ],
    "log10_h": [
        -13.772983881303354,
        -13.705739058194055,
        -13.631523735128305
    ],
    "phase0": [
        0.22714380046756572,
        1.0104867197200837,
        3.8714999335769678
    ],
    "psi": [
        2.431999907124984,
        2.5925368782448257,
        2.912049176796573
    ]
}