{
    "cos_gwtheta": [
        null,
        0.6027015984587952,
        null
    ],
    "cos_inc": [
        -0.122016218633345,
        0.05790381491568697,
        0.22788351511946847
    ],
    "gwphi": [
        null,
        3.173417306574724,
        null
    ],
    "log10_Mc": [
        null,
        8.885649694680406,
        null
    ],
    "log10_fgw": [
        -7.687222270942022,
        -7.6524514548936935,
        -7.621058375261489
    ],
    "log10_h": [
        -14.31008761158279,
        -14.14049384141857,
        -13.95070270354103
    ],
    "phase0": [
        1.4625092486107159,
        2.5125655305144887,
        5.959448673610872
    ],
    "psi": [
        null,
        0.08484975779014399,
        null
    ]
}