{
    "cos_gwtheta": [
        null,
        -0.9937077477522265,
        null
    ],
    "cos_inc": [
        null,
        0.27775884991258415,
        null
    ],
    "gwphi": [
        null,
        2.5424585460082483,
        null
    ],
    "log10_Mc": [
        null,
        8.895404885735106,
        null
    ],
    "log10_fgw": [
        -7.840683681436921,
        -7.7953634272833,
        -7.74368243570461
    ],
    "log10_h": [
        -14.779744055401427,
        -14.536606244451344,
        -14.335921067159212
    ],
    "phase0": [
        null,
        3.683773328386915,
        null
    ],
    "psi": [
        null,
        1.0155348283705143,
        null
    ]
}