{
    "cos_gwtheta": [
        -0.06984385674978888,
        -0.015234271487209794,
        0.043534321924506014
    ],
    "cos_inc": [
        -0.04355673996366971,
        -5.694348287588191e-05,
        0.035766418324836735
    ],
    "gwphi": [
        3.1338285416336014,
        3.2262927606334997,
        3.3474725755960995
    ],
    "log10_Mc": [
        null,
        8.044463458122129,
        null
    ],
    "log10_fgw": [
        -7.678634059906752,
        -7.656096386737693,
        -7.629379542384967
    ],
    "log10_h": [
        -13.619388976626079,
        -13.536662011319732,
        -13.460263884889281
    ],
    "phase0": [
        null,
        2.9229582605591347,
        null
    ],
    "psi": [
        1.5052108589717657,
        1.5564858835602762,
        1.6127030791934625
    ]
}