{
    "cos_gwtheta": [
        0.022430499230243095,
        0.19865447060120234,
        0.3495357565654811
    ],
    "cos_inc": [
        -0.04745678247348428,
        -0.010227818188538351,
        0.03654703437459883
    ],
    "gwphi": [
        2.9973647224113535,
        3.173521433285978,
        3.36467020466057
    ],
    "log10_Mc": [
        null,
        9.010145120733577,
        null
    ],
    "log10_fgw": [
        -7.66989901488022,
        -7.6521487889681685,
        -7.632148534419378
    ],
    "log10_h": [
        -13.586400480339224,
        -13.536817800428926,
        -13.489844735250749
    ],
    "phase0": [
        null,
        1.311140347862327,
        null
    ],
    "psi": [
        1.4907727681108998,
        1.556947921579306,
        1.6180461452842632
    ]
}