{
    "cos_gwtheta": [
        -0.4274024142139319,
        -0.16934633375682218,
        0.13922866192204975
    ],
    "cos_inc": [
        -0.004317279632319537,
        0.052633248709279545,
        0.10686259139633103
    ],
    "gwphi": [
        3.159204264467284,
        3.292161809143321,
        3.447591051511082
    ],
    "log10_Mc": [
        null,
        9.392412548600241,
        null
    ],
    "log10_fgw": [
        -7.681129609135744,
        -7.6523787054416434,
        -7.623432217368671
    ],
    "log10_h": [
        -14.141492127555088,
        -14.072495215277671,
        -14.01356035270738
    ],
    "phase0": [
        2.7866940583147928,
        4.795545154343476,
        6.266288840559629
    ],
    "psi": [
        1.5027270468557286,
        1.5745416520822646,
        1.6472284994775441
    ]
}