{
    "cos_gwtheta": [
        0.005844412997666137,
        0.07490483243206725,
        0.145363943905646
    ],
    "cos_inc": [
        -0.06207638541630889,
        0.005408088079989937,
        0.06458069094038099
    ],
    "gwphi": [
        3.040926876546183,
        3.1475121876187813,
        3.2567227526586846
    ],
    "log10_Mc": [
        null,
        8.427011557586098,
        null
    ],
    "log10_fgw": [
        -7.653935519196383,
        -7.653935519196383,
        -7.638652628450954
    ],
    "log10_h": [
        -13.57833627865286,
        -13.532905117037316,
        -13.489103772878833
    ],
    "phase0": [
        3.513641844428563,
        3.725755800890287,
        4.729189253377349
    ],
    "psi": [
        1.5216996938265857,
        1.574530949027944,
        1.6256095085591151
    ]
}