{
    "cos_gwtheta": [
        -0.5982424485855895,
        -0.4198019576422113,
        -0.2714687100267281
    ],
    "cos_inc": [
        -0.021837921688008688,
        0.011192729066564988,
        0.04035691568598776
    ],
    "gwphi": [
        0.019734866029196697,
        0.23026583176962503,
        0.42580349431192205
    ],
    "log10_Mc": [
        null,
        8.465053471158207,
        null
    ],
    "log10_fgw": [
        -7.66696356515066,
        -7.652465016805818,
        -7.638643067383736
    ],
    "log10_h": [
        -13.564775730461399,
        -13.503939496977004,
        -13.448129618965678
    ],
    "phase0": [
        0.6638210286916202,
        2.6922692091366907,
        4.214073880391447
    ],
    "psi": [
        0.04743073600692923,
        0.17486968183811585,
        0.2663883365649239
    ]
}