{
    "cos_gwtheta": [
        -0.08547975843604838,
        0.30589297494678847,
        0.567868222584462
    ],
    "cos_inc": [
        -0.3759922002885214,
        -0.10501559097731505,
        0.056218473697218
    ],
    "gwphi": [
        2.6758738012598298,
        3.0225434983218586,
        3.406691000471674
    ],
    "log10_Mc": [
        null,
        8.092464770697065,
        null
    ],
    "log10_fgw": [
        -7.680857208380584,
        -7.640573033782228,
        -7.603463966541377
    ],
    "log10_h": [
        -14.282056103788928,
        -14.004161825434219,
        -13.842545767197219
    ],
    "phase0": [
        null,
        0.410050695054852,
        null
    ],
    "psi": [
        null,
        1.6766774018381434,
        null
    ]
}