{
    "cos_gwtheta": [
        null,
        -0.9364350285884839,
        null
    ],
    "cos_inc": [
        -0.7405181232354603,
        -0.05684392075682909,
        0.3798485017687887
    ],
    "gwphi": [
        null,
        3.262739156702917,
        null
    ],
    "log10_Mc": [
        null,
        9.851207550524654,
        null
    ],
    "log10_fgw": [
        -7.6855722203901315,
        -7.652579546415964,
        -7.621773133970206
    ],
    "log10_h": [
        -14.550639374883708,
        -14.270771798711346,
        -14.001638869296277
    ],
    "phase0": [
        1.9126725482796865,
        3.9242489629806707,
        6.266298645811103
    ],
    "psi": [
        null,
        2.5025743510066296,
        null
    ]
}