{
    "cos_gwtheta": [
        -0.6759638223052368,
        -0.5323943951967037,
        -0.37403181707830857
    ],
    "cos_inc": [
        0.0032429445658694878,
        0.03748549292278458,
        0.07919583108094197
    ],
    "gwphi": [
        0.019738770499497512,
        0.32024236138171963,
        0.5239100757842236
    ],
    "log10_Mc": [
        null,
        9.927612002254552,
        null
    ],
    "log10_fgw": [
        -7.6706809015541335,
        -7.650966535061886,
        -7.631387198477119
    ],
    "log10_h": [
        -13.617734950255645,
        -13.548004576847212,
        -13.476000386914592
    ],
    "phase0": [
        1.7977458136232567,
        2.9326490218561068,
        5.555355995642423
    ],
    "psi": [
        1.6592261227432252,
        1.7668657630358124,
        1.841942150802911
    ]
}