{
    "cos_gwtheta": [
        -0.8576905194129085,
        -0.7260523298305519,
        -0.5791027496170147
    ],
    "cos_inc": [
        null,
        0.27787047993819214,
        null
    ],
    "gwphi": [
        3.6062332797894214,
        4.0440511885581865,
        4.464381363453163
    ],
    "log10_Mc": [
        null,
        8.178298800014373,
        null
    ],
    "log10_fgw": [
        -7.816184116282254,
        -7.776038676806117,
        -7.74026551291649
    ],
    "log10_h": [
        -14.857205316359918,
        -14.60720153316856,
        -14.394792303840562
    ],
    "phase0": [
        null,
        3.833755520156302,
        null
    ],
    "psi": [
        null,
        0.9109640194237342,
        null
    ]
}