{
    "cos_gwtheta": [
        -0.17773865396543398,
        0.034243208857748675,
        0.2653085970445752
    ],
    "cos_inc": [
        -0.0443686907963835,
        -0.005016374902208964,
        0.028654796795975546
    ],
    "gwphi": [
        null,
        3.113217788093689,
        null
    ],
    "log10_Mc": [
        null,
        8.006314766986634,
        null
    ],
    "log10_fgw": [
        -7.675844788648023,
        -7.649165127875129,
        -7.627449124920448
    ],
    "log10_h": [
        -13.64530165653685,
        -13.580549210590348,
        -13.514085246248783
    ],
    "phase0": [
        1.4837728848123997,
        3.6838615335539924,
        5.725283936758855
    ],
    "psi": [
        null,
        1.5589833398554338,
        null
    ]
}