{
    "cos_gwtheta": [
        0.005736142926710652,
        0.056857637675067574,
        0.10740311558118965
    ],
    "cos_inc": [
        -0.009886027859224544,
        0.01465521375727774,
        0.03905621970739992
    ],
    "gwphi": [
        3.0775826799468757,
        3.1729266921342947,
        3.271655698837243
    ],
    "log10_Mc": [
        null,
        9.71742808383692,
        null
    ],
    "log10_fgw": [
        -7.671256611327327,
        -7.654164516591082,
        -7.636956149101529
    ],
    "log10_h": [
        -13.59950615987081,
        -13.538690350936692,
        -13.461686161207162
    ],
    "phase0": [
        null,
        2.9751676973550683,
        null
    ],
    "psi": [
        1.5035620054846897,
        1.5282235226412566,
        1.548907375740313
    ]
}