{
    "cos_gwtheta": [
        -0.187294863889452,
        -0.1030886175056786,
        0.026209554024961057
    ],
    "cos_inc": [
        -0.057558000177147184,
        -0.00764090763924874,
        0.037504698111938795
    ],
    "gwphi": [
        3.1257658933238153,
        3.2578193468816283,
        3.3849637501213072
    ],
    "log10_Mc": [
        null,
        9.67915463398771,
        null
    ],
    "log10_fgw": [
        -7.659579612790065,
        -7.659579612790065,
        -7.643214544501557
    ],
    "log10_h": [
        -14.111549290977777,
        -14.054024675196633,
        -13.99892804644521
    ],
    "phase0": [
        null,
        0.019968837471043516,
        null
    ],
    "psi": [
        0.010210487043457069,
        0.11514574156572499,
        0.1972825628138097
    ]
}