{
    "cos_gwtheta": [
        -0.5846210929403083,
        -0.54788536767353,
        -0.5215314778082325
    ],
    "cos_inc": [
        0.014589770523487533,
        0.0539298012661924,
        0.08818107181332357
    ],
    "gwphi": [
        4.665835059298501,
        4.748160295814598,
        4.8402755604569325
    ],
    "log10_Mc": [
        null,
        8.321786630853808,
        null
    ],
    "log10_fgw": [
        -7.731297372490307,
        -7.711234290659185,
        -7.691032842746468
    ],
    "log10_h": [
        -14.000785234353947,
        -13.951159417655681,
        -13.909328231852433
    ],
    "phase0": [
        null,
        5.873826698421757,
        null
    ],
    "psi": [
        0.22711318221445387,
        0.29383665065139186,
        0.35419337591686634
    ]
}