{
    "cos_gwtheta": [
        0.046755919662581746,
        0.2847950742601595,
        0.4455845279850301
    ],
    "cos_inc": [
        0.4133532122051303,
        0.784362815697958,
        0.994720886703002
    ],
    "gwphi": [
        null,
        5.81551875461724,
        null
    ],
    "log10_Mc": [
        8.469622639475949,
        9.153498487526678,
        9.942968425520686
    ],
    "log10_fgw": [
        -7.769874657355538,
        -7.739354739917489,
        -7.711000752104076
    ],
    "log10_h": [
        -14.73081230041486,
        -14.561002571060198,
        -14.395290127400422
    ],
    "phase0": [
        null,
        0.10984057166161615,
        null
    ],
    "psi": [
        null,
        1.6167100544433095,
        null
    ]
}