{
    "cos_gwtheta": [
        -0.2974990591695438,
        -0.11622641411694257,
        0.06054377862873672
    ],
    "cos_inc": [
        -0.043274892774619045,
        0.011763463950986153,
        0.06757974798013344
    ],
    "gwphi": [
        2.9895472110215984,
        3.1243212751777936,
        3.272906109159181
    ],
    "log10_Mc": [
        null,
        8.771121273202706,
        null
    ],
    "log10_fgw": [
        -7.67573251572244,
        -7.656058057117571,
        -7.631464983861484
    ],
    "log10_h": [
        -14.108554276037665,
        -14.02858258064447,
        -13.936700207213988
    ],
    "phase0": [
        null,
        1.4015776702588851,
        null
    ],
    "psi": [
        3.0380153723819046,
        3.133289272306249,
        3.133289272306249
    ]
}