{
    "cos_gwtheta": [
        0.8109851345657717,
        0.9140280053731851,
        0.9950036189114971
    ],
    "cos_inc": [
        -0.07185920129526546,
        -0.018263343867486515,
        0.0402345736908819
    ],
    "gwphi": [
        5.134895353173908,
        5.360866481517721,
        5.594702034281854
    ],
    "log10_Mc": [
        null,
        9.067500628175289,
        null
    ],
    "log10_fgw": [
        -7.668132065284167,
        -7.668132065284167,
        -7.652005776698617
    ],
    "log10_h": [
        -14.190692080596362,
        -14.107401924110636,
        -14.031250923895115
    ],
    "phase0": [
        null,
        5.185755936891255,
        null
    ],
    "psi": [
        null,
        0.4634027767315687,
        null
    ]
}