{
    "cos_gwtheta": [
        0.11636117658622958,
        0.19695506976550448,
        0.29812612716076425
    ],
    "cos_inc": [
        -0.07069536913005359,
        -0.03778192203128594,
        -0.005671241934927296
    ],
    "gwphi": [
        3.1889379028870084,
        3.3085460176260564,
        3.4239678483492373
    ],
    "log10_Mc": [
        8.522131122256917,
        9.994644493535276,
        9.994644493535276
    ],
    "log10_fgw": [
        -7.669654922412529,
        -7.6517722451047785,
        -7.634010396697756
    ],
    "log10_h": [
        -13.574347586221176,
        -13.521056056968273,
        -13.47414129189948
    ],
    "phase0": [
        null,
        5.305469544291473,
        null
    ],
    "psi": [
        2.94304217541889,
        3.133275890774195,
        3.133275890774195
    ]
}