{
    "cos_gwtheta": [
        -0.2736589455183328,
        -0.15266034143551044,
        0.018094697971089313
    ],
    "cos_inc": [
        -0.02346056045420608,
        0.01925599367494224,
        0.06780533029562075
    ],
    "gwphi": [
        3.1593745580277552,
        3.321471825781741,
        3.5500117898589147
    ],
    "log10_Mc": [
        null,
        8.168751445314932,
        null
    ],
    "log10_fgw": [
        -7.672014589808505,
        -7.661452885351712,
        -7.642309796023772
    ],
    "log10_h": [
        -14.116578283701061,
        -14.048605775218675,
        -13.985619666972449
    ],
    "phase0": [
        2.4838964676455424,
        5.364487787235427,
        6.265141014219081
    ],
    "psi": [
        0.00990239924587519,
        0.06987635517564379,
        0.17420604934513712
    ]
}