{
    "cos_gwtheta": [
        -0.0006975917701023127,
        0.06042454917987172,
        0.11390642251109895
    ],
    "cos_inc": [
        -0.049651007431704475,
        0.00013426797908722143,
        0.0524776800710659
    ],
    "gwphi": [
        2.965188421139128,
        3.0966423501892923,
        3.202175786187312
    ],
    "log10_Mc": [
        null,
        8.360168480739603,
        null
    ],
    "log10_fgw": [
        -7.679958633479457,
        -7.653463690120782,
        -7.6279038624100615
    ],
    "log10_h": [
        -13.531146105263128,
        -13.486717540596253,
        -13.451371058209347
    ],
    "phase0": [
        null,
        2.005498889705136,
        null
    ],
    "psi": [
        3.0808119013069817,
        3.1332906584937628,
        3.1332906584937628
    ]
}