{
    "cos_gwtheta": [
        -0.03596196420844244,
        0.017916406780855376,
        0.06400513377170036
    ],
    "cos_inc": [
        null,
        0.0029647179330104523,
        null
    ],
    "gwphi": [
        null,
        3.1692437904203796,
        null
    ],
    "log10_Mc": [
        null,
        9.220527668200488,
        null
    ],
    "log10_fgw": [
        null,
        -7.652436921033452,
        null
    ],
    "log10_h": [
        -13.594395951594782,
        -13.508377909437057,
        -13.48556649494219
    ],
    "phase0": [
        4.100690476655914,
        4.675426759464494,
        6.2665716641530285
    ],
    "psi": [
        null,
        1.5525048792820035,
        null
    ]
}