{
    "cos_gwtheta": [
        -0.18952921967921899,
        -0.11140078381161411,
        -0.012534553238410462
    ],
    "cos_inc": [
        -0.025259012994346963,
        0.01665026239800016,
        0.06766200484388896
    ],
    "gwphi": [
        2.9331640922974063,
        3.0591073809995057,
        3.182674381235528
    ],
    "log10_Mc": [
        null,
        8.713660421156218,
        null
    ],
    "log10_fgw": [
        -7.674685372163305,
        -7.652319852984174,
        -7.630105452177876
    ],
    "log10_h": [
        -14.016749978526347,
        -13.955293813544294,
        -13.904556747105623
    ],
    "phase0": [
        null,
        1.070352194587432,
        null
    ],
    "psi": [
        3.0282789779823975,
        3.1332330857748065,
        3.1332330857748065
    ]
}