{
    "cos_gwtheta": [
        -0.08094996355673312,
        -0.022711480642779946,
        0.03467306557155503
    ],
    "cos_inc": [
        -0.027356961452725037,
        0.005163498434620162,
        0.035428203878912545
    ],
    "gwphi": [
        3.0778539092153974,
        3.1696806135187936,
        3.2665775039493714
    ],
    "log10_Mc": [
        null,
        8.197575327601939,
        null
    ],
    "log10_fgw": [
        -7.669587000753937,
        -7.651548101585634,
        -7.633631086871171
    ],
    "log10_h": [
        -13.54604270444081,
        -13.499840184047038,
        -13.456997846954632
    ],
    "phase0": [
        3.4610611781628187,
        4.138818778026254,
        4.659514163311765
    ],
    "psi": [
        1.5109623518550188,
        1.5583564323003212,
        1.603702620380703
    ]
}