{
    "cos_gwtheta": [
        -0.07184394799374327,
        0.06348448503172577,
        0.22162744969813786
    ],
    "cos_inc": [
        -0.025471645147483013,
        0.015101312446485937,
        0.05547920774433002
    ],
    "gwphi": [
        2.9859795258520996,
        3.146186981339537,
        3.3275891974751177
    ],
    "log10_Mc": [
        null,
        8.981314902272901,
        null
    ],
    "log10_fgw": [
        -7.670309766752505,
        -7.65226530945507,
        -7.634096407624549
    ],
    "log10_h": [
        -13.593223603700727,
        -13.542931348206377,
        -13.487990228758767
    ],
    "phase0": [
        null,
        0.8906163317063621,
        null
    ],
    "psi": [
        1.5059979672797252,
        1.5979387043162911,
        1.677101237222351
    ]
}