{
    "cos_gwtheta": [
        -0.39265470840229444,
        -0.3049100960225939,
        -0.20557320761711984
    ],
    "cos_inc": [
        -0.02108033428182421,
        0.01948939863538046,
        0.06160759464102794
    ],
    "gwphi": [
        3.1361669225604336,
        3.2422929177877218,
        3.3764409454626643
    ],
    "log10_Mc": [
        null,
        9.535633318778203,
        null
    ],
    "log10_fgw": [
        -7.675065609179882,
        -7.647392674615754,
        -7.6232449546457834
    ],
    "log10_h": [
        -14.114306898189112,
        -14.026677677523514,
        -13.959406760648914
    ],
    "phase0": [
        null,
        3.71331604400657,
        null
    ],
    "psi": [
        1.4688553912300717,
        1.5146239091141005,
        1.564904816085287
    ]
}