{
    "cos_gwtheta": [
        null,
        0.21116465314429844,
        null
    ],
    "cos_inc": [
        -0.035570078816989474,
        -0.003311023484585257,
        0.0295605455566621
    ],
    "gwphi": [
        null,
        3.2929025531368055,
        null
    ],
    "log10_Mc": [
        null,
        8.675471626895474,
        null
    ],
    "log10_fgw": [
        -7.655605804939083,
        -7.655605804939083,
        -7.643113995601244
    ],
    "log10_h": [
        -13.627833968127621,
        -13.564674119085781,
        -13.497798984806185
    ],
    "phase0": [
        null,
        0.020123274364819962,
        null
    ],
    "psi": [
        null,
        3.133283959492468,
        null
    ]
}