{
    "cos_gwtheta": [
        -0.040739954760457664,
        0.04318164067223196,
        0.13381100128160184
    ],
    "cos_inc": [
        -0.04615636286650582,
        -0.004155041675335758,
        0.029710888474301367
    ],
    "gwphi": [
        3.114908822215326,
        3.2315819777487,
        3.348827060515081
    ],
    "log10_Mc": [
        null,
        8.87606778406817,
        null
    ],
    "log10_fgw": [
        -7.6710190914449266,
        -7.649607981358923,
        -7.631852426653457
    ],
    "log10_h": [
        -13.606385295580434,
        -13.558251412302676,
        -13.514637142478229
    ],
    "phase0": [
        2.2119182184540946,
        4.254163365555703,
        5.972173201753141
    ],
    "psi": [
        1.4764717346671246,
        1.5417604961444145,
        1.5981182477969806
    ]
}