{
    "cos_gwtheta": [
        null,
        -0.9457397791268904,
        null
    ],
    "cos_inc": [
        -0.2110354576336545,
        -0.04738157048237501,
        0.08926148092548936
    ],
    "gwphi": [
        null,
        4.975264079209497,
        null
    ],
    "log10_Mc": [
        null,
        9.478279565957543,
        null
    ],
    "log10_fgw": [
        -7.678664045914256,
        -7.643077825854566,
        -7.616040250837147
    ],
    "log10_h": [
        -14.298526931122069,
        -14.151661026681541,
        -14.022385525244346
    ],
    "phase0": [
        null,
        1.3712836892077793,
        null
    ],
    "psi": [
        null,
        0.00989785931089468,
        null
    ]
}