{
    "cos_gwtheta": [
        -0.004061772078658543,
        0.08560951035480902,
        0.176740180748315
    ],
    "cos_inc": [
        -0.045773029217411665,
        -0.005565476087722621,
        0.036028544391266015
    ],
    "gwphi": [
        3.0623896750036654,
        3.1795843914942914,
        3.287246523389986
    ],
    "log10_Mc": [
        null,
        8.704082142983118,
        null
    ],
    "log10_fgw": [
        -7.674226275125166,
        -7.650280596815557,
        -7.629517571952163
    ],
    "log10_h": [
        -13.62779767195259,
        -13.548149141282618,
        -13.475741386128098
    ],
    "phase0": [
        null,
        5.0651245171997425,
        null
    ],
    "psi": [
        1.519420265051624,
        1.583309400521535,
        1.6360749811551667
    ]
}