{
    "cos_gwtheta": [
        -0.272757548527031,
        -0.11414071854211849,
        0.10958850943182741
    ],
    "cos_inc": [
        0.026643761031710733,
        0.08088785186338998,
        0.13838658814497018
    ],
    "gwphi": [
        3.2713543318838694,
        3.4223242234860836,
        3.634930401582224
    ],
    "log10_Mc": [
        null,
        9.583659637257636,
        null
    ],
    "log10_fgw": [
        -7.672457664162595,
        -7.653230850750608,
        -7.635305852830059
    ],
    "log10_h": [
        -14.199232052236589,
        -14.144610132974195,
        -14.079909169086005
    ],
    "phase0": [
        1.5787160068769424,
        3.4134117726504005,
        6.00772280951018
    ],
    "psi": [
        1.5390308056037705,
        1.6100255914649333,
        1.6699721973938115
    ]
}