{
    "cos_gwtheta": [
        null,
        0.4212010685367018,
        null
    ],
    "cos_inc": [
        -0.9936311568864087,
        -0.085549682076696,
        0.3518882957164655
    ],
    "gwphi": [
        2.002807580671384,
        3.593891281410756,
        6.266312196904684
    ],
    "log10_Mc": [
        null,
        9.994635484584373,
        null
    ],
    "log10_fgw": [
        null,
        -7.738332039679215,
        null
    ],
    "log10_h": [
        -15.34697870188799,
        -14.559419154588587,
        -14.128632177541558
    ],
    "phase0": [
        null,
        2.842968510772851,
        null
    ],
    "psi": [
        null,
        0.32537232609678834,
        null
    ]
}