{
    "cos_gwtheta": [
        0.8665873211200608,
        0.9356170475227583,
        0.9892184710197838
    ],
    "cos_inc": [
        -0.07244292932885266,
        -0.0364982699004075,
        0.005649228986928545
    ],
    "gwphi": [
        5.088578086904712,
        5.281322689464839,
        5.401727378217766
    ],
    "log10_Mc": [
        null,
        8.044502023384737,
        null
    ],
    "log10_fgw": [
        -7.687054745482126,
        -7.656269494032564,
        -7.627324665224009
    ],
    "log10_h": [
        -13.699250096283754,
        -13.631214020335747,
        -13.572038456604224
    ],
    "phase0": [
        4.290922890209834,
        4.650304234204754,
        5.437948346460286
    ],
    "psi": [
        2.196976729620907,
        2.3479894972665107,
        2.6252826910357974
    ]
}