{
    "cos_gwtheta": [
        -0.05707481269220355,
        -0.004400370144565513,
        0.044189970495800424
    ],
    "cos_inc": [
        -0.031704424385683515,
        -0.012035682598852043,
        0.00986572717459272
    ],
    "gwphi": [
        3.103623657257656,
        3.1586948261750503,
        3.2316367717610026
    ],
    "log10_Mc": [
        null,
        8.637309048927598,
        null
    ],
    "log10_fgw": [
        -7.652271724223564,
        -7.652271724223564,
        -7.641059435919433
    ],
    "log10_h": [
        -13.55552024946454,
        -13.517513069127666,
        -13.471131425326737
    ],
    "phase0": [
        null,
        3.6306824109704623,
        null
    ],
    "psi": [
        3.082382440956276,
        3.1332990281504687,
        3.1332990281504687
    ]
}