{
    "cos_gwtheta": [
        -0.2264390575960844,
        -0.14770241987078914,
        -0.052873622610396964
    ],
    "cos_inc": [
        0.019364017460121286,
        0.06304311372224158,
        0.11452204860259774
    ],
    "gwphi": [
        2.934381721102072,
        3.050636279852621,
        3.16689083860317
    ],
    "log10_Mc": [
        null,
        9.56456277814931,
        null
    ],
    "log10_fgw": [
        -7.679502470383247,
        -7.655316843996749,
        -7.630634252684501
    ],
    "log10_h": [
        -14.098268825525995,
        -14.012848498649856,
        -13.938787257794477
    ],
    "phase0": [
        0.02032735359378103,
        2.0324351242407106,
        3.9645833187799697
    ],
    "psi": [
        1.4779208662595067,
        1.5288016436545417,
        1.5924026153983357
    ]
}