{
    "cos_gwtheta": [
        -0.2209687526368691,
        -0.0211857312530922,
        0.14043211255639587
    ],
    "cos_inc": [
        -0.03949263473546094,
        0.017653318951207253,
        0.07322824985611154
    ],
    "gwphi": [
        3.024986498878791,
        3.177537828646539,
        3.320749281081568
    ],
    "log10_Mc": [
        null,
        9.841663855181338,
        null
    ],
    "log10_fgw": [
        -7.678605380413257,
        -7.654084992696494,
        -7.626010925600491
    ],
    "log10_h": [
        -14.124211660382132,
        -14.051367486773076,
        -13.961591964703535
    ],
    "phase0": [
        0.019769504024412743,
        2.4516249129714405,
        3.461463176008766
    ],
    "psi": [
        1.5202659134978551,
        1.590346561270073,
        1.646300280044729
    ]
}