{
    "cos_gwtheta": [
        -0.9229024767635027,
        -0.8295542494600519,
        -0.721859873539439
    ],
    "cos_inc": [
        -0.012980906158402528,
        0.03689303255722842,
        0.08209128951826894
    ],
    "gwphi": [
        null,
        0.019740632447223516,
        null
    ],
    "log10_Mc": [
        null,
        8.752004310753525,
        null
    ],
    "log10_fgw": [
        -7.67274492962256,
        -7.650879694650551,
        -7.629850073753906
    ],
    "log10_h": [
        -13.679322351726347,
        -13.619796162505542,
        -13.553902055368095
    ],
    "phase0": [
        null,
        6.266389353289665,
        null
    ],
    "psi": [
        0.009888347644926106,
        0.009888347644926106,
        2.347039079255197
    ]
}