{
    "cos_gwtheta": [
        0.028231058565134304,
        0.08476610460785317,
        0.1275896632096314
    ],
    "cos_inc": [
        -0.007891229991297544,
        0.01653244443079782,
        0.04122749301313877
    ],
    "gwphi": [
        3.0731866323498016,
        3.165373830529776,
        3.254690147105529
    ],
    "log10_Mc": [
        null,
        9.994695184873414,
        null
    ],
    "log10_fgw": [
        -7.653165658400957,
        -7.651912273437697,
        -7.651912273437697
    ],
    "log10_h": [
        -13.54299871863919,
        -13.504535757334537,
        -13.467872232816067
    ],
    "phase0": [
        null,
        0.5997650709904921,
        null
    ],
    "psi": [
        3.0645715501947097,
        3.1332937550555395,
        3.1332937550555395
    ]
}