{
    "cos_gwtheta": [
        -0.260511412935822,
        -0.14998635298276808,
        -0.011908303579660995
    ],
    "cos_inc": [
        0.024073684963648728,
        0.06525748068544236,
        0.10433908729846693
    ],
    "gwphi": [
        3.0565288898455716,
        3.1608246239223443,
        3.2845330676265454
    ],
    "log10_Mc": [
        null,
        9.994696754325279,
        null
    ],
    "log10_fgw": [
        -7.657971873959984,
        -7.647994101975524,
        -7.647994101975524
    ],
    "log10_h": [
        -14.099505039331213,
        -14.036964949860707,
        -13.985558891470177
    ],
    "phase0": [
        null,
        1.6418124414459743,
        null
    ],
    "psi": [
        1.5216227718384665,
        1.5716800240693876,
        1.5986187295462913
    ]
}