{
    "cos_gwtheta": [
        0.07169564149482588,
        0.16810377830700363,
        0.26163834919333406
    ],
    "cos_inc": [
        -0.07339173768210161,
        -0.03666335051448788,
        -0.005673773841813778
    ],
    "gwphi": [
        3.172205230072164,
        3.260545360303456,
        3.3642172486740627
    ],
    "log10_Mc": [
        null,
        9.822683312054387,
        null
    ],
    "log10_fgw": [
        -7.671362781626293,
        -7.652593886904025,
        -7.63251248206132
    ],
    "log10_h": [
        -13.607302612630896,
        -13.532700889016887,
        -13.459952624374655
    ],
    "phase0": [
        null,
        5.966047773005187,
        null
    ],
    "psi": [
        1.4681611126074938,
        1.5252462837800347,
        1.5766425547326317
    ]
}