{
    "cos_gwtheta": [
        -0.08051761566785598,
        -0.013620848758660098,
        0.052536727355958934
    ],
    "cos_inc": [
        -0.02233220911054451,
        0.015721986836910617,
        0.06011854877560818
    ],
    "gwphi": [
        3.0967033689811814,
        3.158210994600642,
        3.220474861518702
    ],
    "log10_Mc": [
        8.00643257536446,
        8.00643257536446,
        9.467707442577979
    ],
    "log10_fgw": [
        -7.678987131186864,
        -7.654694872743652,
        -7.630235081483589
    ],
    "log10_h": [
        -13.5506505630809,
        -13.50395083246631,
        -13.47344875616399
    ],
    "phase0": [
        0.019269193226209402,
        0.9215294934262286,
        1.796540321472556
    ],
    "psi": [
        3.073010358266529,
        3.133298610769642,
        3.133298610769642
    ]
}