{
    "cos_gwtheta": [
        -0.8517857295649145,
        -0.7589797955324699,
        -0.641956551218354
    ],
    "cos_inc": [
        0.006638718023154966,
        0.045099251650236205,
        0.08971948011602959
    ],
    "gwphi": [
        0.34313817533932045,
        0.5190269401239254,
        0.6738545906786585
    ],
    "log10_Mc": [
        null,
        8.006321746984018,
        null
    ],
    "log10_fgw": [
        -7.683984751047809,
        -7.655982048469246,
        -7.628327927250582
    ],
    "log10_h": [
        -13.669085650383728,
        -13.595310203927731,
        -13.512362674939364
    ],
    "phase0": [
        0.9777079037496306,
        4.074234251990404,
        4.990636138790729
    ],
    "psi": [
        0.22028985699649678,
        0.319540145631072,
        0.4277569712450949
    ]
}