{
    "cos_gwtheta": [
        null,
        -0.28795496065840887,
        null
    ],
    "cos_inc": [
        -0.047501396426917974,
        0.09498890022948892,
        0.2168399338604553
    ],
    "gwphi": [
        null,
        3.1433784991566047,
        null
    ],
    "log10_Mc": [
        null,
        8.006281569303477,
        null
    ],
    "log10_fgw": [
        -7.710233090314121,
        -7.655041408997189,
        -7.603892430451878
    ],
    "log10_h": [
        null,
        -13.899148625611103,
        null
    ],
    "phase0": [
        null,
        0.3504880632279337,
        null
    ],
    "psi": [
        0.010057449285425958,
        0.19025233626155508,
        0.36857344625006416
    ]
}