{
    "cos_gwtheta": [
        0.03600181563454741,
        0.0940685124811067,
        0.15729669349180475
    ],
    "cos_inc": [
        -0.03335020594632254,
        0.0029116590441446988,
        0.046328331476677254
    ],
    "gwphi": [
        3.0962442327479898,
        3.188350590526223,
        3.3090614072417956
    ],
    "log10_Mc": [
        null,
        9.994505022973476,
        null
    ],
    "log10_fgw": [
        -7.664013723926339,
        -7.651220815801115,
        -7.638340285017499
    ],
    "log10_h": [
        -13.572483988395465,
        -13.529388049551095,
        -13.48392420197901
    ],
    "phase0": [
        0.17758775380270103,
        1.2213361703302648,
        1.6025258191637026
    ],
    "psi": [
        3.061183223850924,
        3.1028096707795134,
        3.135386890114931
    ]
}