{
    "cos_gwtheta": [
        null,
        0.16007573950093634,
        null
    ],
    "cos_inc": [
        -0.02508622434216956,
        0.01833639811121257,
        0.056846959201090064
    ],
    "gwphi": [
        null,
        3.3226631691959354,
        null
    ],
    "log10_Mc": [
        null,
        9.717427566740941,
        null
    ],
    "log10_fgw": [
        -7.6804555962232675,
        -7.647589250185778,
        -7.622004669438031
    ],
    "log10_h": [
        -13.638707363837689,
        -13.54904243979994,
        -13.461619138863137
    ],
    "phase0": [
        null,
        1.1613600404559323,
        null
    ],
    "psi": [
        null,
        1.511429481676672,
        null
    ]
}