{
    "cos_gwtheta": [
        0.43635465565705667,
        0.9469656904385911,
        0.9946863478948093
    ],
    "cos_inc": [
        -0.11000994611648729,
        0.03889350005399117,
        0.19992392915691193
    ],
    "gwphi": [
        2.3382531469350174,
        3.2334861818272844,
        4.019392084056504
    ],
    "log10_Mc": [
        null,
        9.994709594990546,
        null
    ],
    "log10_fgw": [
        -7.685842778933994,
        -7.649347387064218,
        -7.604323180790091
    ],
    "log10_h": [
        -14.249124478629017,
        -14.038353445225063,
        -13.846689134395973
    ],
    "phase0": [
        null,
        3.0829023554371715,
        null
    ],
    "psi": [
        null,
        1.661663556692029,
        null
    ]
}