{
    "cos_gwtheta": [
        -0.02015891486237298,
        0.030374287865118532,
        0.09427528550017306
    ],
    "cos_inc": [
        -0.01600994769685371,
        0.018309915629407758,
        0.046751791314154856
    ],
    "gwphi": [
        3.09681261233039,
        3.189247742623135,
        3.2811015198951705
    ],
    "log10_Mc": [
        null,
        9.554825431568823,
        null
    ],
    "log10_fgw": [
        -7.672826982414497,
        -7.649097373511177,
        -7.628105796404394
    ],
    "log10_h": [
        -13.564780600099944,
        -13.528333661136035,
        -13.485812232344808
    ],
    "phase0": [
        0.3065537423345682,
        0.9141115532805837,
        1.5916530876077404
    ],
    "psi": [
        3.0789384359175394,
        3.133291230208438,
        3.133291230208438
    ]
}