{
    "cos_gwtheta": [
        -0.06926279636619947,
        -0.014524442824786044,
        0.03745977972083303
    ],
    "cos_inc": [
        -0.0348391445269286,
        -0.006692423083642596,
        0.025501539351488578
    ],
    "gwphi": [
        3.0920913277945083,
        3.1843159100349614,
        3.2551403129709997
    ],
    "log10_Mc": [
        null,
        8.006419467370751,
        null
    ],
    "log10_fgw": [
        -7.674288073810935,
        -7.652682933163764,
        -7.630930818770693
    ],
    "log10_h": [
        -13.566056576106615,
        -13.511684281599969,
        -13.467804886033203
    ],
    "phase0": [
        null,
        0.6541854646292917,
        null
    ],
    "psi": [
        null,
        0.009868158044282064,
        null
    ]
}