{
    "cos_gwtheta": [
        -0.086969401686671,
        0.012408502392033949,
        0.149873973232181
    ],
    "cos_inc": [
        -0.03981746591282409,
        -0.00474381456119255,
        0.03420537837625459
    ],
    "gwphi": [
        3.098090015760608,
        3.1926894519347577,
        3.29179362316482
    ],
    "log10_Mc": [
        null,
        9.851257466885848,
        null
    ],
    "log10_fgw": [
        -7.654471611167148,
        -7.6513319395528345,
        -7.648923668712309
    ],
    "log10_h": [
        -13.518455996100476,
        -13.479253692370945,
        -13.445496153048293
    ],
    "phase0": [
        null,
        0.7107902045916517,
        null
    ],
    "psi": [
        null,
        0.009873946551741505,
        null
    ]
}