{
    "cos_gwtheta": [
        -0.15360738900970217,
        0.028327525047333157,
        0.25624202590768275
    ],
    "cos_inc": [
        -0.06744775257317925,
        -0.006029747674387798,
        0.04982225053045064
    ],
    "gwphi": [
        3.0041848819799712,
        3.147731973852361,
        3.341730763286596
    ],
    "log10_Mc": [
        null,
        8.665960730948918,
        null
    ],
    "log10_fgw": [
        -7.6775372738043846,
        -7.650177153857743,
        -7.629857064774564
    ],
    "log10_h": [
        -14.141877379792607,
        -14.074381034756152,
        -14.011219317382588
    ],
    "phase0": [
        null,
        4.494920611150806,
        null
    ],
    "psi": [
        null,
        3.1332910874806053,
        null
    ]
}