{
    "cos_gwtheta": [
        -0.3175398067419135,
        -0.03953143588735297,
        0.10666419069824762
    ],
    "cos_inc": [
        -0.03981499026987789,
        0.0060884281078757985,
        0.05414969948629311
    ],
    "gwphi": [
        3.0893438878452346,
        3.227079235972945,
        3.3594249400434846
    ],
    "log10_Mc": [
        null,
        9.201238496091571,
        null
    ],
    "log10_fgw": [
        -7.671811376568482,
        -7.6514787557408575,
        -7.632350040093816
    ],
    "log10_h": [
        -14.079222954733163,
        -13.999639999437614,
        -13.920057044142066
    ],
    "phase0": [
        null,
        3.4424540777343386,
        null
    ],
    "psi": [
        null,
        3.1332827795946985,
        null
    ]
}