{
    "cos_gwtheta": [
        -0.10408124667026708,
        -0.005445957892081799,
        0.09163907094459955
    ],
    "cos_inc": [
        -0.03675269205626974,
        -0.004599367683191802,
        0.019816525691017106
    ],
    "gwphi": [
        3.0619301970250707,
        3.170011688293411,
        3.2802440550098773
    ],
    "log10_Mc": [
        null,
        8.235776177852458,
        null
    ],
    "log10_fgw": [
        -7.669900170893416,
        -7.651148022720018,
        -7.632268308912787
    ],
    "log10_h": [
        -13.604146627153227,
        -13.526495565675749,
        -13.456524279509228
    ],
    "phase0": [
        0.5996316265309107,
        0.8043489168376142,
        1.6265740992169972
    ],
    "psi": [
        3.068320896701616,
        3.1332946900880043,
        3.1332946900880043
    ]
}