{
    "cos_gwtheta": [
        -0.03358559916365922,
        0.06298590973031382,
        0.1460686856006348
    ],
    "cos_inc": [
        -0.022228747052557507,
        0.013794978428709914,
        0.04521993044428374
    ],
    "gwphi": [
        3.0928980634108942,
        3.2106500345163553,
        3.3167926563578973
    ],
    "log10_Mc": [
        null,
        9.57387059528551,
        null
    ],
    "log10_fgw": [
        -7.673102310602654,
        -7.652402024761061,
        -7.631820026267135
    ],
    "log10_h": [
        -13.642571375942737,
        -13.551984495166893,
        -13.480075321767513
    ],
    "phase0": [
        0.804671571597614,
        1.7032953755355762,
        2.5900540979760946
    ],
    "psi": [
        3.074568144673994,
        3.133294417985697,
        3.133294417985697
    ]
}