{
    "cos_gwtheta": [
        null,
        -0.9936891555814868,
        null
    ],
    "cos_inc": [
        null,
        0.000594781998165983,
        null
    ],
    "gwphi": [
        null,
        3.2334173070106793,
        null
    ],
    "log10_Mc": [
        null,
        9.946986514621903,
        null
    ],
    "log10_fgw": [
        null,
        -7.662066513302969,
        null
    ],
    "log10_h": [
        -15.312896664334918,
        -14.180935966937477,
        -13.983164424636506
    ],
    "phase0": [
        null,
        2.9935578712263777,
        null
    ],
    "psi": [
        1.0548048664248086,
        1.601426805146909,
        3.133217655143012
    ]
}