{
    "cos_gwtheta": [
        -0.26553578803650835,
        -0.12095851566447746,
        -0.007802953199951279
    ],
    "cos_inc": [
        -0.018351040089828796,
        0.030473467385756958,
        0.08824589256603188
    ],
    "gwphi": [
        3.106122008602192,
        3.2488543054613657,
        3.4219551761203637
    ],
    "log10_Mc": [
        null,
        9.382969903015747,
        null
    ],
    "log10_fgw": [
        -7.673806519783362,
        -7.651563006503176,
        -7.6332584486996895
    ],
    "log10_h": [
        -14.09650999049109,
        -14.035641462807238,
        -13.983438246356158
    ],
    "phase0": [
        null,
        0.6809322398328843,
        null
    ],
    "psi": [
        1.5195563473775588,
        1.5923651048058998,
        1.652290008039102
    ]
}