{
    "cos_gwtheta": [
        -0.26786361962149075,
        -0.1747148480678412,
        -0.07938813761095886
    ],
    "cos_inc": [
        -0.06147636292295333,
        -0.017575229013087723,
        0.01992040137256268
    ],
    "gwphi": [
        2.981058443782712,
        3.0819194620582753,
        3.205783870466862
    ],
    "log10_Mc": [
        null,
        8.608675309784116,
        null
    ],
    "log10_fgw": [
        -7.672545669284346,
        -7.649519635714667,
        -7.626334801913473
    ],
    "log10_h": [
        -14.051601435962354,
        -13.985232144871404,
        -13.933252655831147
    ],
    "phase0": [
        null,
        5.064722730459254,
        null
    ],
    "psi": [
        1.537014390429896,
        1.5906637655693254,
        1.6366489442602647
    ]
}