{
    "cos_gwtheta": [
        null,
        0.6406782935841844,
        null
    ],
    "cos_inc": [
        -0.029441477691762308,
        0.11509844046840767,
        0.3067579743149056
    ],
    "gwphi": [
        2.757254115738675,
        2.9945701007102348,
        3.27372864092678
    ],
    "log10_Mc": [
        null,
        8.006363915053399,
        null
    ],
    "log10_fgw": [
        -7.682986363725871,
        -7.6542751250607655,
        -7.624981901828124
    ],
    "log10_h": [
        -14.165822426828068,
        -13.980621214736928,
        -13.830348301417361
    ],
    "phase0": [
        null,
        0.020125447793619328,
        null
    ],
    "psi": [
        null,
        1.6467087665185391,
        null
    ]
}