{
    "cos_gwtheta": [
        null,
        -0.9936859853627829,
        null
    ],
    "cos_inc": [
        null,
        0.803392260506475,
        null
    ],
    "gwphi": [
        null,
        3.2917783740514697,
        null
    ],
    "log10_Mc": [
        null,
        9.64103436532085,
        null
    ],
    "log10_fgw": [
        -7.681885802932803,
        -7.65554901303893,
        -7.620051600573274
    ],
    "log10_h": [
        -14.56525471789055,
        -14.369721644218926,
        -14.191547856989171
    ],
    "phase0": [
        null,
        3.5632788333379937,
        null
    ],
    "psi": [
        null,
        3.1331870184843287,
        null
    ]
}