{
    "cos_gwtheta": [
        0.22437892523597136,
        0.44171156520276167,
        0.6770891597653348
    ],
    "cos_inc": [
        -0.16606399923997095,
        -0.0778295730195655,
        0.019703099910165278
    ],
    "gwphi": [
        2.8407666967290743,
        3.081736651510084,
        3.358290252463419
    ],
    "log10_Mc": [
        null,
        9.994717373317428,
        null
    ],
    "log10_fgw": [
        -7.6773966572584,
        -7.65107285629921,
        -7.6199454420263
    ],
    "log10_h": [
        -14.047616070378247,
        -13.92745049761959,
        -13.815696514954041
    ],
    "phase0": [
        null,
        0.5001640566625905,
        null
    ],
    "psi": [
        null,
        0.08514899172321669,
        null
    ]
}