{
    "cos_gwtheta": [
        -0.21633516503228378,
        -0.11588635264238595,
        0.0030950463128969763
    ],
    "cos_inc": [
        -0.09474581906272528,
        -0.0522733739025979,
        -0.01615590806817535
    ],
    "gwphi": [
        3.082127870434188,
        3.1626784024280674,
        3.2637157749290604
    ],
    "log10_Mc": [
        null,
        8.876128319967092,
        null
    ],
    "log10_fgw": [
        -7.652014306704795,
        -7.651106429989144,
        -7.650007738477061
    ],
    "log10_h": [
        -14.05792682615392,
        -13.978971331447136,
        -13.917477148069736
    ],
    "phase0": [
        0.20315280162377633,
        1.7619350560942912,
        3.6935510469105184
    ],
    "psi": [
        1.470061434902167,
        1.5218796179653908,
        1.579019668478351
    ]
}