{
    "cos_gwtheta": [
        -0.20204788415101438,
        -0.05095632478098455,
        0.08631237274070713
    ],
    "cos_inc": [
        -0.004318937857358041,
        0.04183803424244159,
        0.09597996776035012
    ],
    "gwphi": [
        3.1831287529073933,
        3.338746683718993,
        3.482062801818213
    ],
    "log10_Mc": [
        null,
        8.006346985391062,
        null
    ],
    "log10_fgw": [
        -7.679326642692896,
        -7.653069494796465,
        -7.626633726846316
    ],
    "log10_h": [
        -14.117204352887507,
        -14.061115179226926,
        -14.002053081167375
    ],
    "phase0": [
        1.0590276527883704,
        2.4530716251175972,
        4.066964826057886
    ],
    "psi": [
        null,
        0.009866288293986095,
        null
    ]
}