{
    "cos_gwtheta": [
        null,
        -0.10626767561684236,
        null
    ],
    "cos_inc": [
        -0.11554378008280908,
        -0.03202642450661486,
        0.043395868235952983
    ],
    "gwphi": [
        3.160620203338408,
        3.3226599373443007,
        3.5687426677189205
    ],
    "log10_Mc": [
        null,
        9.076882102965556,
        null
    ],
    "log10_fgw": [
        -7.679620789307443,
        -7.650337907799007,
        -7.621835903130796
    ],
    "log10_h": [
        -14.220181508285823,
        -14.120884388246834,
        -14.055161089532504
    ],
    "phase0": [
        0.020127833694030282,
        1.1910261620572378,
        3.9075102838598794
    ],
    "psi": [
        1.421383925071752,
        1.5664697396094938,
        1.6626845429345227
    ]
}