{
    "cos_gwtheta": [
        -0.17235620995352308,
        -0.0748757210706098,
        0.029619046532660787
    ],
    "cos_inc": [
        -0.059569310867216396,
        -0.024269532992969634,
        0.006188239951623764
    ],
    "gwphi": [
        2.967135268055301,
        3.070900435387272,
        3.1826475386678568
    ],
    "log10_Mc": [
        null,
        9.937242490290952,
        null
    ],
    "log10_fgw": [
        -7.668888650404165,
        -7.650877666646149,
        -7.6327424692070425
    ],
    "log10_h": [
        -13.52897048492217,
        -13.464023197517639,
        -13.410977245501373
    ],
    "phase0": [
        0.45413079693472613,
        1.9116028298884191,
        4.073759154814579
    ],
    "psi": [
        1.5737102669657028,
        1.6102291499634922,
        1.6529829642048064
    ]
}