{
    "cos_gwtheta": [
        -0.12188344006247398,
        0.015062389313475366,
        0.13099536656295618
    ],
    "cos_inc": [
        -0.06372581221084384,
        -0.01963653181777092,
        0.032144920899199736
    ],
    "gwphi": [
        2.9577846495106885,
        3.1432019910953115,
        3.349221259522671
    ],
    "log10_Mc": [
        null,
        8.00629488984719,
        null
    ],
    "log10_fgw": [
        -7.689490808463487,
        -7.653219112141823,
        -7.6169474158201576
    ],
    "log10_h": [
        -13.607103404817689,
        -13.533524624266622,
        -13.459495820592917
    ],
    "phase0": [
        1.900975860134167,
        3.534021943591116,
        5.813039584161486
    ],
    "psi": [
        1.509580452771706,
        1.5917917510729649,
        1.6620883684609975
    ]
}