{
    "cos_gwtheta": [
        -0.0012070281326218568,
        0.05211790199187338,
        0.10044919317494427
    ],
    "cos_inc": [
        -0.01523358018416543,
        0.016551321783922823,
        0.04382033604069813
    ],
    "gwphi": [
        3.110967993169209,
        3.193649614196959,
        3.3004238930076286
    ],
    "log10_Mc": [
        null,
        9.669785180446114,
        null
    ],
    "log10_fgw": [
        -7.649341791453571,
        -7.649341791453571,
        -7.633966351515358
    ],
    "log10_h": [
        -13.554437443888038,
        -13.511353754075419,
        -13.460487204167617
    ],
    "phase0": [
        null,
        4.272287927096211,
        null
    ],
    "psi": [
        1.5054592911955913,
        1.541447737005283,
        1.5851137179210424
    ]
}