{
    "cos_gwtheta": [
        0.0436183750039032,
        0.09556395024960618,
        0.14087817546394277
    ],
    "cos_inc": [
        -0.03122203056387962,
        0.002844701889966772,
        0.032823426449351656
    ],
    "gwphi": [
        3.0785870334930237,
        3.163287270671211,
        3.2659718047844932
    ],
    "log10_Mc": [
        null,
        9.688818630295252,
        null
    ],
    "log10_fgw": [
        -7.663121684871516,
        -7.663121684871516,
        -7.639656358661889
    ],
    "log10_h": [
        -13.587055768921116,
        -13.518035936247198,
        -13.460588291087468
    ],
    "phase0": [
        null,
        6.266564267066792,
        null
    ],
    "psi": [
        3.0817504706134122,
        3.1332921522588393,
        3.1332921522588393
    ]
}