{
    "cos_gwtheta": [
        -0.4539766244915604,
        -0.356669940459298,
        -0.1667619246207046
    ],
    "cos_inc": [
        -0.07540890622730034,
        -0.018987774301063354,
        0.02769872570832299
    ],
    "gwphi": [
        3.0509089753470486,
        3.1583679830428473,
        3.296121285461398
    ],
    "log10_Mc": [
        null,
        8.828434981090798,
        null
    ],
    "log10_fgw": [
        -7.668820430649354,
        -7.6537723763269385,
        -7.634818720119317
    ],
    "log10_h": [
        -14.009823920572817,
        -13.954055875574982,
        -13.903308747811677
    ],
    "phase0": [
        null,
        0.8924271651046946,
        null
    ],
    "psi": [
        1.515719035586836,
        1.573248217476043,
        1.6413193960465182
    ]
}