{
    "cos_gwtheta": [
        null,
        -0.07598631910022158,
        null
    ],
    "cos_inc": [
        -0.40381055188273474,
        0.20125390533695975,
        0.8534430015185559
    ],
    "gwphi": [
        null,
        5.5461772272203325,
        null
    ],
    "log10_Mc": [
        null,
        8.006308059340496,
        null
    ],
    "log10_fgw": [
        null,
        -7.681164055096357,
        null
    ],
    "log10_h": [
        -15.230220106676219,
        -14.584226469574627,
        -14.036890559254818
    ],
    "phase0": [
        null,
        2.813298311672289,
        null
    ],
    "psi": [
        1.0291702638041305,
        3.1032580772248397,
        3.133244888985139
    ]
}