{
    "cos_gwtheta": [
        -0.05276025153354169,
        0.04914062848189826,
        0.163970501621167
    ],
    "cos_inc": [
        -0.05545386573838629,
        -0.022004746715856394,
        0.01711702991868158
    ],
    "gwphi": [
        3.0526598984954854,
        3.1165233497781415,
        3.175519159956936
    ],
    "log10_Mc": [
        null,
        8.044486136577948,
        null
    ],
    "log10_fgw": [
        -7.655121274524479,
        -7.655121274524479,
        -7.6405492441280005
    ],
    "log10_h": [
        -13.547614170885996,
        -13.492543076581264,
        -13.434915939924835
    ],
    "phase0": [
        null,
        1.9115068075298793,
        null
    ],
    "psi": [
        1.5378162449877737,
        1.5797725122644803,
        1.616987146595532
    ]
}