{
    "cos_gwtheta": [
        0.03969665741182504,
        0.14203732725601925,
        0.2497938354678807
    ],
    "cos_inc": [
        -0.04105820825321571,
        -0.00035128044365528854,
        0.03412300770128329
    ],
    "gwphi": [
        3.024565861314838,
        3.135933636558316,
        3.2605048078358148
    ],
    "log10_Mc": [
        null,
        9.994717003816742,
        null
    ],
    "log10_fgw": [
        -7.672098887138607,
        -7.652831652570474,
        -7.6364545031875615
    ],
    "log10_h": [
        -13.54554873890868,
        -13.472011115409705,
        -13.408465016842657
    ],
    "phase0": [
        0.7258998908132366,
        2.5725471910725366,
        4.14244728090732
    ],
    "psi": [
        1.5378144737294333,
        1.6030307526046086,
        1.669183150315313
    ]
}