{
    "cos_gwtheta": [
        null,
        -0.18461861630525944,
        null
    ],
    "cos_inc": [
        -0.03990938380501691,
        0.2174387759955485,
        0.6642099600998984
    ],
    "gwphi": [
        null,
        1.821730971344865,
        null
    ],
    "log10_Mc": [
        null,
        8.579814705509106,
        null
    ],
    "log10_fgw": [
        -7.78606621759117,
        -7.756839055978312,
        -7.727491617980215
    ],
    "log10_h": [
        -14.128207057373293,
        -13.906114829718536,
        -13.800791032436408
    ],
    "phase0": [
        1.858588967461489,
        2.7225532933129095,
        6.266493727553769
    ],
    "psi": [
        null,
        2.712247985303286,
        null
    ]
}