{
    "cos_gwtheta": [
        -0.09294519410197233,
        0.04773492838014781,
        0.20272150399604305
    ],
    "cos_inc": [
        -0.028228117995756308,
        0.004963326669440771,
        0.04717210023211904
    ],
    "gwphi": [
        3.0960983966161644,
        3.214068629254798,
        3.34889175227038
    ],
    "log10_Mc": [
        null,
        8.522498850731024,
        null
    ],
    "log10_fgw": [
        -7.676573453323613,
        -7.654564543194414,
        -7.631485755489489
    ],
    "log10_h": [
        -13.578065102527411,
        -13.50734629966881,
        -13.43546817217318
    ],
    "phase0": [
        null,
        3.2034648242567427,
        null
    ],
    "psi": [
        null,
        0.009864847003963607,
        null
    ]
}