{
    "cos_gwtheta": [
        -0.07005281660494622,
        0.06561159117194515,
        0.22569559234867687
    ],
    "cos_inc": [
        -0.0329974219159824,
        -0.0037971782554436784,
        0.02930431253383098
    ],
    "gwphi": [
        3.0167405845153783,
        3.233521804189809,
        3.4546761320421098
    ],
    "log10_Mc": [
        null,
        8.98133924098452,
        null
    ],
    "log10_fgw": [
        -7.672118731518551,
        -7.654365906529044,
        -7.632309366390567
    ],
    "log10_h": [
        -13.565674726420802,
        -13.502513429328852,
        -13.429397362586538
    ],
    "phase0": [
        1.067882831828699,
        2.9623067832544883,
        4.632497896380951
    ],
    "psi": [
        1.478223726519715,
        1.5467756258298238,
        1.6089088079760647
    ]
}