{
    "cos_gwtheta": [
        null,
        -0.5158043319070327,
        null
    ],
    "cos_inc": [
        -0.06365973601318098,
        0.07692705104476905,
        0.22129198372379544
    ],
    "gwphi": [
        2.643219823362594,
        2.9636951265083735,
        3.462836972928408
    ],
    "log10_Mc": [
        null,
        9.459375881024297,
        null
    ],
    "log10_fgw": [
        -7.67171548200583,
        -7.630462002720708,
        -7.598133555011694
    ],
    "log10_h": [
        -14.2713367102315,
        -14.066085994390464,
        -13.881232865216862
    ],
    "phase0": [
        null,
        4.794455059653339,
        null
    ],
    "psi": [
        null,
        1.5114380623429213,
        null
    ]
}