{
    "cos_gwtheta": [
        0.16468512501252897,
        0.44202603372528126,
        0.6860622443224207
    ],
    "cos_inc": [
        0.0614732477365294,
        0.17379630865601658,
        0.3059644333421976
    ],
    "gwphi": [
        2.9975237726922837,
        3.239310575141373,
        3.539051430754806
    ],
    "log10_Mc": [
        null,
        9.373299228235219,
        null
    ],
    "log10_fgw": [
        -7.678222460818036,
        -7.648072929142784,
        -7.620646580973685
    ],
    "log10_h": [
        -14.169364153134264,
        -14.037458790614584,
        -13.919613108208438
    ],
    "phase0": [
        null,
        4.284939422693317,
        null
    ],
    "psi": [
        null,
        3.1332613179658972,
        null
    ]
}