{
    "cos_gwtheta": [
        -0.04309241082770204,
        0.01994066596949645,
        0.0805951360951026
    ],
    "cos_inc": [
        -0.06291516161202493,
        0.008306183520899624,
        0.081071622857248
    ],
    "gwphi": [
        3.0536385742355585,
        3.1371108685468765,
        3.2271948297343385
    ],
    "log10_Mc": [
        null,
        9.430631630020331,
        null
    ],
    "log10_fgw": [
        -7.655075750386805,
        -7.655075750386805,
        -7.648582602091096
    ],
    "log10_h": [
        -13.57941818636707,
        -13.509752887783558,
        -13.440087589200045
    ],
    "phase0": [
        1.5187918532495468,
        2.2124480764735535,
        2.7784018987692907
    ],
    "psi": [
        3.0789454644637706,
        3.133298649111559,
        3.133298649111559
    ]
}