{
    "cos_gwtheta": [
        -0.03541279946091086,
        0.01330648119537653,
        0.06765249567393927
    ],
    "cos_inc": [
        -0.009182353017615497,
        0.007285656450905953,
        0.022577379528818747
    ],
    "gwphi": [
        3.0928196075176175,
        3.1772320599738473,
        3.273207862081615
    ],
    "log10_Mc": [
        null,
        8.312315919205703,
        null
    ],
    "log10_fgw": [
        -7.65107536836048,
        -7.65107536836048,
        -7.6405082213069955
    ],
    "log10_h": [
        -13.55259846121846,
        -13.520903850062972,
        -13.480007577604276
    ],
    "phase0": [
        0.6818468218736425,
        1.155086093077164,
        1.7654476972795854
    ],
    "psi": [
        3.0720702969751574,
        3.1332956548687334,
        3.1332956548687334
    ]
}