{
    "cos_gwtheta": [
        -0.06712399597150387,
        -0.019884224396471917,
        0.030666746120735167
    ],
    "cos_inc": [
        -0.0201447482531536,
        0.008885938778514513,
        0.03840590705228941
    ],
    "gwphi": [
        3.1137594691898576,
        3.167722198152683,
        3.231207761638359
    ],
    "log10_Mc": [
        null,
        9.688875518466798,
        null
    ],
    "log10_fgw": [
        -7.660807408603266,
        -7.650864362509642,
        -7.642068590965282
    ],
    "log10_h": [
        -13.55915804660648,
        -13.51663359691947,
        -13.473354275344526
    ],
    "phase0": [
        0.019821474389308813,
        0.8607160772834929,
        1.9290145698162229
    ],
    "psi": [
        3.0808187973359815,
        3.1332977202671044,
        3.1332977202671044
    ]
}