{
    "cos_gwtheta": [
        -0.2278879123369969,
        -0.08950165662416765,
        0.06985788818181016
    ],
    "cos_inc": [
        -0.05993729879302356,
        -0.0005390698235789859,
        0.05591865276123964
    ],
    "gwphi": [
        3.0616647619009854,
        3.219385506439436,
        3.4148617960025356
    ],
    "log10_Mc": [
        null,
        9.81270819399865,
        null
    ],
    "log10_fgw": [
        -7.6788629602153335,
        -7.659468851049109,
        -7.637719742912701
    ],
    "log10_h": [
        -14.160691243716347,
        -14.05948266042663,
        -13.970400451171628
    ],
    "phase0": [
        null,
        2.633176818349983,
        null
    ],
    "psi": [
        null,
        0.009864414170720861,
        null
    ]
}