{
    "cos_gwtheta": [
        null,
        -0.09113074237508978,
        null
    ],
    "cos_inc": [
        -0.07637804150595384,
        -0.03515207749629112,
        0.03080946491916925
    ],
    "gwphi": [
        null,
        3.08352843733073,
        null
    ],
    "log10_Mc": [
        null,
        9.354131973885261,
        null
    ],
    "log10_fgw": [
        -7.668120378050171,
        -7.654678481888697,
        -7.639988409655085
    ],
    "log10_h": [
        null,
        -13.550626127249167,
        null
    ],
    "phase0": [
        null,
        0.019812680954937337,
        null
    ],
    "psi": [
        null,
        1.5565586044336315,
        null
    ]
}