{
    "cos_gwtheta": [
        0.002766047468530153,
        0.09562983773893419,
        0.18487916910659785
    ],
    "cos_inc": [
        -0.04515878378210794,
        -0.01717252709877405,
        0.015017198967827383
    ],
    "gwphi": [
        3.194964133914113,
        3.2981740639722643,
        3.3984825100528773
    ],
    "log10_Mc": [
        null,
        8.159191842582855,
        null
    ],
    "log10_fgw": [
        -7.653563165783831,
        -7.652431296856181,
        -7.651172536793146
    ],
    "log10_h": [
        -13.55345923137,
        -13.5169700919758,
        -13.477607791999379
    ],
    "phase0": [
        null,
        5.755526210659317,
        null
    ],
    "psi": [
        null,
        3.1332856533292253,
        null
    ]
}