{
    "cos_gwtheta": [
        -0.16132812152417686,
        -0.04862872308120847,
        0.06095096883046658
    ],
    "cos_inc": [
        -0.051802671504593834,
        -0.007707844255835816,
        0.04342733356205164
    ],
    "gwphi": [
        3.0406177777971672,
        3.1528686297556,
        3.2874521119466
    ],
    "log10_Mc": [
        null,
        8.876117438958598,
        null
    ],
    "log10_fgw": [
        -7.674597584952027,
        -7.649452390913375,
        -7.629608894412992
    ],
    "log10_h": [
        -13.983552811518313,
        -13.930925717379436,
        -13.867773204412781
    ],
    "phase0": [
        null,
        2.8121583518624735,
        null
    ],
    "psi": [
        null,
        3.133291439047162,
        null
    ]
}