{
    "cos_gwtheta": [
        0.03138194815717582,
        0.09349043010126445,
        0.14490473634637102
    ],
    "cos_inc": [
        -0.021991996383501355,
        -0.00137317634549472,
        0.021231860301677674
    ],
    "gwphi": [
        3.0671227116773085,
        3.1639348278451553,
        3.270308634498715
    ],
    "log10_Mc": [
        null,
        8.054233946926935,
        null
    ],
    "log10_fgw": [
        -7.66492653442337,
        -7.653954541491979,
        -7.641403844541682
    ],
    "log10_h": [
        -13.575681392474259,
        -13.534973865075369,
        -13.491935069587555
    ],
    "phase0": [
        null,
        3.783001886924583,
        null
    ],
    "psi": [
        1.5423511383309914,
        1.5643885288909098,
        1.5835756575803024
    ]
}