{
    "cos_gwtheta": [
        0.0022363302040031563,
        0.06626471352945718,
        0.13179964705080427
    ],
    "cos_inc": [
        -0.005473170775916469,
        0.019527021610489692,
        0.043211414397611
    ],
    "gwphi": [
        3.113050349172492,
        3.187167109258461,
        3.2704936442663546
    ],
    "log10_Mc": [
        null,
        9.899263470585385,
        null
    ],
    "log10_fgw": [
        -7.669291184606103,
        -7.6542330262462395,
        -7.636185380564931
    ],
    "log10_h": [
        -13.59202630428178,
        -13.520341346455844,
        -13.454559855744982
    ],
    "phase0": [
        null,
        6.2665171811860185,
        null
    ],
    "psi": [
        2.8746281032950227,
        3.1332704918145753,
        3.1332704918145753
    ]
}