{
    "cos_gwtheta": [
        -0.4896796744979913,
        -0.19742024358531818,
        0.48570166510665214
    ],
    "cos_inc": [
        -0.08803104601348943,
        0.032236210670281595,
        0.16379709771809714
    ],
    "gwphi": [
        2.759666707923689,
        2.9950834529289825,
        3.3241673378568057
    ],
    "log10_Mc": [
        null,
        8.044581894561011,
        null
    ],
    "log10_fgw": [
        -7.6733880323044605,
        -7.650330085923044,
        -7.629264801574589
    ],
    "log10_h": [
        -14.139339810216287,
        -13.997719066100608,
        -13.88085881156071
    ],
    "phase0": [
        null,
        4.014294501204819,
        null
    ],
    "psi": [
        null,
        1.5564375974067899,
        null
    ]
}