{
    "cos_gwtheta": [
        -0.08522908798374718,
        0.009909784053520831,
        0.12359120492136744
    ],
    "cos_inc": [
        -0.0432902388288503,
        -0.0009644370572533534,
        0.03463670461979085
    ],
    "gwphi": [
        3.1083982912793955,
        3.2644292852171346,
        3.4216937257472675
    ],
    "log10_Mc": [
        null,
        9.573859635668324,
        null
    ],
    "log10_fgw": [
        -7.677013699005278,
        -7.6496140034457465,
        -7.622029174808111
    ],
    "log10_h": [
        -13.59797925102027,
        -13.548709788515465,
        -13.490217470960499
    ],
    "phase0": [
        1.213604333587435,
        4.044270654532217,
        5.662954485379255
    ],
    "psi": [
        null,
        3.1332920356453897,
        null
    ]
}