{
    "cos_gwtheta": [
        -0.3539187282887116,
        -0.1236829951988111,
        0.23876928582268153
    ],
    "cos_inc": [
        -0.05004807448052151,
        0.039285215145363095,
        0.14311034953278035
    ],
    "gwphi": [
        2.892363712202911,
        3.1134188195874493,
        3.356954107383975
    ],
    "log10_Mc": [
        null,
        9.918349700772332,
        null
    ],
    "log10_fgw": [
        -7.674579639714747,
        -7.652799997276835,
        -7.62341476541616
    ],
    "log10_h": [
        -14.102282767283917,
        -13.974567542365984,
        -13.872975886181266
    ],
    "phase0": [
        null,
        6.266063198762762,
        null
    ],
    "psi": [
        null,
        1.5867340386999869,
        null
    ]
}