{
    "cos_gwtheta": [
        -0.5307189045356056,
        -0.3147826258441432,
        0.4415908586331341
    ],
    "cos_inc": [
        -0.2783792270678416,
        0.08648846105363805,
        0.35014761879155754
    ],
    "gwphi": [
        1.8450724410942603,
        2.9632023204691964,
        6.266370366354481
    ],
    "log10_Mc": [
        null,
        9.727021788454952,
        null
    ],
    "log10_fgw": [
        -7.7195690564405455,
        -7.652175122163942,
        -7.604860206654115
    ],
    "log10_h": [
        null,
        -14.013386753972112,
        null
    ],
    "phase0": [
        null,
        3.0826581915586995,
        null
    ],
    "psi": [
        null,
        0.19010963657645405,
        null
    ]
}