{
    "cos_gwtheta": [
        -0.19393475695788054,
        -0.10086230150317266,
        0.037264336209865245
    ],
    "cos_inc": [
        -0.11003331278174588,
        -0.05283202707700374,
        -0.0037458026660139865
    ],
    "gwphi": [
        3.1948467723748117,
        3.3525376441076076,
        3.5132150853807973
    ],
    "log10_Mc": [
        null,
        8.675475595459375,
        null
    ],
    "log10_fgw": [
        -7.672742229751285,
        -7.654567123068443,
        -7.634974100261407
    ],
    "log10_h": [
        -14.15203710749358,
        -14.077463782316203,
        -14.01245960063504
    ],
    "phase0": [
        null,
        0.7722566936657377,
        null
    ],
    "psi": [
        2.8827748664744046,
        3.1033002352398382,
        3.1332866876498686
    ]
}