{
    "cos_gwtheta": [
        0.02042617922320311,
        0.07647682155610391,
        0.13500758080638986
    ],
    "cos_inc": [
        -0.03214735871874419,
        0.003940776589516415,
        0.043654204029200394
    ],
    "gwphi": [
        3.1152239912208195,
        3.1716541982810114,
        3.2241077800114586
    ],
    "log10_Mc": [
        null,
        9.956357845891944,
        null
    ],
    "log10_fgw": [
        -7.65351661349071,
        -7.652163771668522,
        -7.651261877120396
    ],
    "log10_h": [
        -13.541359611785275,
        -13.512359149251226,
        -13.476978584959685
    ],
    "phase0": [
        null,
        3.840215579683354,
        null
    ],
    "psi": [
        1.5171159570483492,
        1.5401136065814722,
        1.5623328741303975
    ]
}