{
    "cos_gwtheta": [
        0.03249080188615994,
        0.08485954274760132,
        0.13835276577477906
    ],
    "cos_inc": [
        -0.03126621859331913,
        -0.00908844076067028,
        0.016315195665818405
    ],
    "gwphi": [
        3.0966300786901777,
        3.183967945369776,
        3.293140278719273
    ],
    "log10_Mc": [
        8.501083801114518,
        9.793846002216515,
        9.975202582343423
    ],
    "log10_fgw": [
        -7.651562743743281,
        -7.651562743743281,
        -7.640901789204285
    ],
    "log10_h": [
        -13.565906581508576,
        -13.523774219937454,
        -13.48815957175855
    ],
    "phase0": [
        0.5456937657277262,
        0.6131623970848992,
        1.5044359094083177
    ],
    "psi": [
        3.07734470382952,
        3.1332589920256453,
        3.1332589920256453
    ]
}