{
    "cos_gwtheta": [
        -0.06811051156715177,
        -0.023891291605430465,
        0.027561679379052628
    ],
    "cos_inc": [
        -0.006133137993567933,
        0.016796322923343418,
        0.035304407968383966
    ],
    "gwphi": [
        3.1032082533480887,
        3.159647424528803,
        3.221048281088041
    ],
    "log10_Mc": [
        null,
        8.073310603514493,
        null
    ],
    "log10_fgw": [
        -7.652565149059537,
        -7.65221477559985,
        -7.651933056399155
    ],
    "log10_h": [
        -13.5345129932902,
        -13.5119963118293,
        -13.493929567416007
    ],
    "phase0": [
        3.654390533815689,
        3.984011051944601,
        4.522682931128722
    ],
    "psi": [
        1.5517122782223352,
        1.5768056831700412,
        1.5995680067838072
    ]
}