{
    "cos_gwtheta": [
        -0.03883717299555439,
        0.017259634176555294,
        0.06411249795461527
    ],
    "cos_inc": [
        -0.030130980611242864,
        0.011549816193154316,
        0.04775144722044766
    ],
    "gwphi": [
        3.016907599625371,
        3.1104297566564814,
        3.221738336190441
    ],
    "log10_Mc": [
        null,
        8.86660154486887,
        null
    ],
    "log10_fgw": [
        -7.6511690853541925,
        -7.6511690853541925,
        -7.63865038976084
    ],
    "log10_h": [
        -13.54345323915768,
        -13.505458856576166,
        -13.456826046871827
    ],
    "phase0": [
        null,
        4.289517745937458,
        null
    ],
    "psi": [
        1.5162821788977634,
        1.5590564369243247,
        1.6004127637455858
    ]
}