{
    "cos_gwtheta": [
        -0.17816451530117355,
        -0.08584635715641847,
        0.03789925908016811
    ],
    "cos_inc": [
        -0.018554705290444007,
        0.0067318058552021665,
        0.03317943230855652
    ],
    "gwphi": [
        3.0136893863430383,
        3.113287401292503,
        3.224076204438537
    ],
    "log10_Mc": [
        null,
        8.55139403825846,
        null
    ],
    "log10_fgw": [
        -7.668663476295735,
        -7.650114485823555,
        -7.63231243456502
    ],
    "log10_h": [
        -13.573841314609364,
        -13.522924919099934,
        -13.478217840116042
    ],
    "phase0": [
        0.020378264771034948,
        3.2934521688218528,
        4.393429868255725
    ],
    "psi": [
        null,
        0.009864488604126745,
        null
    ]
}