{
    "cos_gwtheta": [
        -0.14442839063177082,
        -0.04699282778052849,
        0.05677221061026305
    ],
    "cos_inc": [
        -0.028693770330058488,
        0.012868130888488483,
        0.05549572188186991
    ],
    "gwphi": [
        3.275432246565011,
        3.3944203652048817,
        3.561211570809242
    ],
    "log10_Mc": [
        null,
        9.35422175561863,
        null
    ],
    "log10_fgw": [
        -7.6690334822536865,
        -7.649914984824261,
        -7.631056603006121
    ],
    "log10_h": [
        -14.095120329615133,
        -14.00795109398566,
        -13.935686442686617
    ],
    "phase0": [
        null,
        5.755217492360522,
        null
    ],
    "psi": [
        1.5448714631235718,
        1.6102524933430042,
        1.6673499541228707
    ]
}