{
    "cos_gwtheta": [
        -0.0008195737281525561,
        0.3826853097098699,
        0.5565278786997958
    ],
    "cos_inc": [
        -0.07301188031778783,
        -0.01610086087245599,
        0.044003186066508326
    ],
    "gwphi": [
        3.166552787956525,
        3.3208135784861206,
        3.474492252825038
    ],
    "log10_Mc": [
        null,
        9.879979556910003,
        null
    ],
    "log10_fgw": [
        -7.673788154987179,
        -7.659132328675684,
        -7.6405608235786735
    ],
    "log10_h": [
        -14.169751901398113,
        -14.096697892254419,
        -14.006164703008857
    ],
    "phase0": [
        null,
        2.302232250135571,
        null
    ],
    "psi": [
        1.5345894199562267,
        1.6181079138902117,
        1.6921154049562697
    ]
}