{
    "cos_gwtheta": [
        0.8762032019221339,
        0.9947279930619227,
        0.9947279930619227
    ],
    "cos_inc": [
        -0.9936990167861242,
        -0.7260551866151738,
        -0.21244150657686411
    ],
    "gwphi": [
        null,
        3.7737086312327786,
        null
    ],
    "log10_Mc": [
        null,
        8.45573681494967,
        null
    ],
    "log10_fgw": [
        -7.673573753204158,
        -7.64442347964654,
        -7.615273206088922
    ],
    "log10_h": [
        -14.530849224417729,
        -14.274573830621906,
        -14.133064114696147
    ],
    "phase0": [
        null,
        6.0857549901248,
        null
    ],
    "psi": [
        null,
        3.1331938177398597,
        null
    ]
}