{
    "cos_gwtheta": [
        -0.02163106642351076,
        0.04815347826301253,
        0.13086108678037334
    ],
    "cos_inc": [
        -0.11434516051134502,
        -0.00939291909931994,
        0.09138508543836332
    ],
    "gwphi": [
        4.629524951591763,
        4.765061988858055,
        4.894353079706547
    ],
    "log10_Mc": [
        null,
        9.746079719239754,
        null
    ],
    "log10_fgw": [
        -7.767842412405589,
        -7.737054364918871,
        -7.703882726658987
    ],
    "log10_h": [
        -14.412628064595847,
        -14.27995596856329,
        -14.15860953926522
    ],
    "phase0": [
        null,
        3.05293561605919,
        null
    ],
    "psi": [
        1.7510308264826786,
        1.8569035379444416,
        1.9783916935746064
    ]
}