{
    "cos_gwtheta": [
        -0.7193815053044228,
        -0.6805027274681157,
        -0.6499413001142027
    ],
    "cos_inc": [
        -0.06405849949950582,
        -0.026424288992336842,
        0.013423698603489131
    ],
    "gwphi": [
        4.940096827451045,
        5.019010446160946,
        5.114507361556262
    ],
    "log10_Mc": [
        null,
        9.277580647249804,
        null
    ],
    "log10_fgw": [
        -7.656160918242541,
        -7.656160918242541,
        -7.639740721205621
    ],
    "log10_h": [
        -13.941296744844689,
        -13.854486235202163,
        -13.77487245174762
    ],
    "phase0": [
        0.6435643065895764,
        1.4614231208929973,
        2.2853899173794163
    ],
    "psi": [
        2.154545466770343,
        2.2311874185399105,
        2.314683528597813
    ]
}