{
    "cos_gwtheta": [
        -0.1688518811908254,
        -0.1013640954037569,
        -0.013361556550733011
    ],
    "cos_inc": [
        -0.04109604690405022,
        -0.0035854045048705485,
        0.030954097902294864
    ],
    "gwphi": [
        3.0489711447897694,
        3.165046420976476,
        3.27382900965407
    ],
    "log10_Mc": [
        null,
        8.14011527764094,
        null
    ],
    "log10_fgw": [
        -7.655766706738605,
        -7.655766706738605,
        -7.637943280414154
    ],
    "log10_h": [
        -13.532756513769566,
        -13.479647930168063,
        -13.423601424920516
    ],
    "phase0": [
        0.5729460261468756,
        1.7922113093219454,
        3.6279800937745734
    ],
    "psi": [
        1.524101420230342,
        1.5739590566025756,
        1.6279714960058285
    ]
}