{
    "cos_gwtheta": [
        -0.09039192854116007,
        0.09192421363609782,
        0.3310976394166927
    ],
    "cos_inc": [
        -0.02685889531069552,
        0.03851388656622223,
        0.10636917914732658
    ],
    "gwphi": [
        3.297100140487495,
        3.4642523703474204,
        3.6403591839498417
    ],
    "log10_Mc": [
        null,
        9.36370872668055,
        null
    ],
    "log10_fgw": [
        -7.688521765825842,
        -7.662239053482015,
        -7.634669774799679
    ],
    "log10_h": [
        -14.217604937448236,
        -14.148557397326137,
        -14.091616823143251
    ],
    "phase0": [
        null,
        4.824273819615437,
        null
    ],
    "psi": [
        null,
        1.586754137935857,
        null
    ]
}