{
    "cos_gwtheta": [
        -0.36868526717209604,
        -0.208591010910393,
        0.027776439401550834
    ],
    "cos_inc": [
        -0.03950811804511356,
        0.018647491411116213,
        0.08811664946463293
    ],
    "gwphi": [
        2.847043603719826,
        2.9925138664804547,
        3.1798146339834106
    ],
    "log10_Mc": [
        null,
        9.535729996759448,
        null
    ],
    "log10_fgw": [
        -7.675447726794895,
        -7.645961566847029,
        -7.621571780223485
    ],
    "log10_h": [
        -14.005255613260664,
        -13.865828861487,
        -13.762114926834311
    ],
    "phase0": [
        null,
        4.4343225093330965,
        null
    ],
    "psi": [
        1.6260357108919434,
        1.7215313301918065,
        1.798926472630911
    ]
}