{
    "cos_gwtheta": [
        -0.183759683019748,
        0.01399523772360689,
        0.20358596449131872
    ],
    "cos_inc": [
        -0.067587731322855,
        -0.006855239671587854,
        0.05210834445585588
    ],
    "gwphi": [
        3.0759428210284736,
        3.2042581133626653,
        3.368979139800976
    ],
    "log10_Mc": [
        null,
        8.0063442979891,
        null
    ],
    "log10_fgw": [
        -7.681851995967624,
        -7.654622833142623,
        -7.627208437917451
    ],
    "log10_h": [
        -14.17456923948197,
        -14.07781965071094,
        -13.992233476028872
    ],
    "phase0": [
        null,
        4.795266831561004,
        null
    ],
    "psi": [
        2.9501071259992413,
        3.0431742779247144,
        3.1331183710607426
    ]
}