{
    "cos_gwtheta": [
        -0.062154028032860076,
        0.028270249184922935,
        0.12849048976796573
    ],
    "cos_inc": [
        null,
        0.019552149841941757,
        null
    ],
    "gwphi": [
        3.106860483277762,
        3.1895301988847526,
        3.2833227489552295
    ],
    "log10_Mc": [
        null,
        9.870394889928138,
        null
    ],
    "log10_fgw": [
        -7.652368914802164,
        -7.652368914802164,
        -7.639915824809602
    ],
    "log10_h": [
        -13.579117167718636,
        -13.52948606048739,
        -13.484802602575147
    ],
    "phase0": [
        null,
        0.019911757376768265,
        null
    ],
    "psi": [
        1.4959058436017272,
        1.5471020528210442,
        1.6020443261295796
    ]
}