{
    "cos_gwtheta": [
        null,
        0.8950021063143456,
        null
    ],
    "cos_inc": [
        -0.05338721719078132,
        -0.01405624717484144,
        0.029431654631401072
    ],
    "gwphi": [
        5.200308600115766,
        5.3469117416616365,
        5.464607221494237
    ],
    "log10_Mc": [
        null,
        9.048331112707467,
        null
    ],
    "log10_fgw": [
        -7.6759149101207935,
        -7.654916490911673,
        -7.62830780702836
    ],
    "log10_h": [
        -13.690251415150868,
        -13.627133129097212,
        -13.567715589457123
    ],
    "phase0": [
        null,
        4.672283994243784,
        null
    ],
    "psi": [
        null,
        2.2323820441055537,
        null
    ]
}