{
    "cos_gwtheta": [
        -0.1832195551275323,
        -0.04604467634197129,
        0.11486482043509683
    ],
    "cos_inc": [
        0.0031195075088765734,
        0.05630519129471734,
        0.10911894722191584
    ],
    "gwphi": [
        3.101235930505956,
        3.244586680463005,
        3.3953619712544825
    ],
    "log10_Mc": [
        null,
        9.497788077049078,
        null
    ],
    "log10_fgw": [
        -7.676302358252402,
        -7.653683349190637,
        -7.630596360631044
    ],
    "log10_h": [
        -14.1117902269045,
        -14.040184022078721,
        -13.98163953539706
    ],
    "phase0": [
        null,
        4.163686347872474,
        null
    ],
    "psi": [
        null,
        3.1332985952568864,
        null
    ]
}