{
    "cos_gwtheta": [
        -0.301876262116036,
        -0.18576634340835763,
        -0.08621667242559938
    ],
    "cos_inc": [
        -0.004273285295671503,
        0.035480937007756785,
        0.07824969749533128
    ],
    "gwphi": [
        3.06345054289615,
        3.1846304230482603,
        3.3328758601886594
    ],
    "log10_Mc": [
        null,
        8.006304775079595,
        null
    ],
    "log10_fgw": [
        -7.6749622068793455,
        -7.65249272233747,
        -7.632012723406074
    ],
    "log10_h": [
        -14.045066034800728,
        -13.988499627460145,
        -13.929678761855989
    ],
    "phase0": [
        null,
        1.8515382490577466,
        null
    ],
    "psi": [
        1.551713622682701,
        1.6048803398910636,
        1.6640545957670374
    ]
}