{
    "cos_gwtheta": [
        -0.4049027539891996,
        -0.37639251961226694,
        -0.3444683208640837
    ],
    "cos_inc": [
        0.13158859579566148,
        0.19013053029689533,
        0.24571441170347222
    ],
    "gwphi": [
        4.409468259690484,
        4.423839256040819,
        4.44191766368366
    ],
    "log10_Mc": [
        null,
        9.05788548125576,
        null
    ],
    "log10_fgw": [
        -7.86002941915899,
        -7.855896054062924,
        -7.852472063787399
    ],
    "log10_h": [
        -14.201227091241488,
        -14.152852890383107,
        -14.09917960694107
    ],
    "phase0": [
        null,
        5.035131652487711,
        null
    ],
    "psi": [
        1.5254224999122434,
        1.6467899445278513,
        1.7357554016224828
    ]
}