{
    "cos_gwtheta": [
        -0.991338534583226,
        -0.8213703335123628,
        -0.6777324664802229
    ],
    "cos_inc": [
        -0.06362175960798744,
        -0.017885507732419925,
        0.03418650197872408
    ],
    "gwphi": [
        null,
        6.266542607030247,
        null
    ],
    "log10_Mc": [
        null,
        9.641134277302589,
        null
    ],
    "log10_fgw": [
        -7.673292445025305,
        -7.653435489526332,
        -7.633578534027359
    ],
    "log10_h": [
        -13.738847202513206,
        -13.681752280291654,
        -13.580375075874647
    ],
    "phase0": [
        null,
        4.614640946229106,
        null
    ],
    "psi": [
        null,
        3.1332828906888768,
        null
    ]
}