{
    "cos_gwtheta": [
        null,
        0.9951038340443734,
        null
    ],
    "cos_inc": [
        -0.05783619176742805,
        0.008151217582307746,
        0.0568562101975888
    ],
    "gwphi": [
        2.8433183020050268,
        3.12210611105534,
        3.434994574860734
    ],
    "log10_Mc": [
        null,
        8.426885393458011,
        null
    ],
    "log10_fgw": [
        -7.673925849111088,
        -7.6486158899679975,
        -7.626669912736331
    ],
    "log10_h": [
        -14.075888194314812,
        -13.967678102927497,
        -13.90658839815585
    ],
    "phase0": [
        null,
        4.824695102802043,
        null
    ],
    "psi": [
        1.476286466596235,
        1.6432870005703872,
        1.8160046699418526
    ]
}