{
    "cos_gwtheta": [
        null,
        0.06361614791125147,
        null
    ],
    "cos_inc": [
        null,
        -0.002332342892702566,
        null
    ],
    "gwphi": [
        3.0153860906031884,
        3.1580134717946597,
        3.324850666767709
    ],
    "log10_Mc": [
        null,
        8.235850224161842,
        null
    ],
    "log10_fgw": [
        -7.6822847786105175,
        -7.653542122021693,
        -7.626946905292954
    ],
    "log10_h": [
        -13.658575596187056,
        -13.547848142365856,
        -13.426977715675537
    ],
    "phase0": [
        1.8990198122747084,
        2.869426676754821,
        3.6276148753854995
    ],
    "psi": [
        3.0701952163712094,
        3.1332945045963108,
        3.1332945045963108
    ]
}