{
    "cos_gwtheta": [
        0.060324213834327844,
        0.11839521539352416,
        0.17027420814093275
    ],
    "cos_inc": [
        -0.04001586421474346,
        -0.013421767850190225,
        0.00935368903637579
    ],
    "gwphi": [
        3.1391569887285105,
        3.222366456757104,
        3.3281692240517398
    ],
    "log10_Mc": [
        8.006454110414138,
        8.054371748881604,
        9.458298907465746
    ],
    "log10_fgw": [
        -7.6520032110748595,
        -7.6520032110748595,
        -7.645268773880369
    ],
    "log10_h": [
        -13.572300417464875,
        -13.532172995076609,
        -13.480809894419627
    ],
    "phase0": [
        2.9660210335578534,
        3.68795432051049,
        4.297218168772496
    ],
    "psi": [
        1.5079851045269732,
        1.5393601376721555,
        1.5681333388004202
    ]
}