{
    "cos_gwtheta": [
        -0.8835112449832573,
        -0.5444867384496801,
        -0.2678984166970668
    ],
    "cos_inc": [
        -0.06927478350431504,
        0.11505674632888552,
        0.3117168142954826
    ],
    "gwphi": [
        4.7971773647524945,
        5.275073616245493,
        5.776708505067555
    ],
    "log10_Mc": [
        null,
        8.933619441561799,
        null
    ],
    "log10_fgw": [
        -7.776824252370071,
        -7.737674690698834,
        -7.686998862139619
    ],
    "log10_h": [
        -14.499304894332479,
        -14.283531341197964,
        -14.121318599125209
    ],
    "phase0": [
        null,
        0.31993396089621606,
        null
    ],
    "psi": [
        null,
        0.8958798001965805,
        null
    ]
}