{
    "cos_gwtheta": [
        -0.08997927826947627,
        0.000803339778571166,
        0.11755092374015186
    ],
    "cos_inc": [
        -0.08133115708418082,
        -0.04627176943402145,
        -0.006903406765406683
    ],
    "gwphi": [
        3.1222592541250807,
        3.2407997679962715,
        3.342892076593469
    ],
    "log10_Mc": [
        null,
        8.87614786674101,
        null
    ],
    "log10_fgw": [
        -7.666342702430195,
        -7.65195340420667,
        -7.637942771725869
    ],
    "log10_h": [
        -13.545803878738207,
        -13.505694419913905,
        -13.465584961089602
    ],
    "phase0": [
        null,
        1.2211980928373958,
        null
    ],
    "psi": [
        null,
        3.13329641011536,
        null
    ]
}