{
    "cos_gwtheta": [
        -0.24618413845516673,
        -0.007467028042818846,
        0.10073389317314718
    ],
    "cos_inc": [
        -0.1221332971038318,
        -0.06608559338266984,
        -0.008783090324467002
    ],
    "gwphi": [
        3.290655623415583,
        3.4703835226335342,
        3.661968470758225
    ],
    "log10_Mc": [
        null,
        9.879908309024623,
        null
    ],
    "log10_fgw": [
        -7.679024853150108,
        -7.654598846262478,
        -7.631156436967638
    ],
    "log10_h": [
        -14.253406796701283,
        -14.181438610291112,
        -14.12317864986383
    ],
    "phase0": [
        0.8676149532177057,
        3.8335637755411556,
        4.888012303780832
    ],
    "psi": [
        1.5429867540693807,
        1.6207236594180916,
        1.7018404302167465
    ]
}