{
    "cos_gwtheta": [
        -0.01625736089657079,
        0.03169410040672843,
        0.08547749619286135
    ],
    "cos_inc": [
        -0.027073242566152844,
        -0.0007456971270772828,
        0.02573403065557689
    ],
    "gwphi": [
        3.170777682561141,
        3.209408738430052,
        3.2494939911647314
    ],
    "log10_Mc": [
        null,
        9.545461702669794,
        null
    ],
    "log10_fgw": [
        -7.661150945426571,
        -7.648632516046616,
        -7.648632516046616
    ],
    "log10_h": [
        -13.579917894594644,
        -13.548297141515333,
        -13.513514313128088
    ],
    "phase0": [
        null,
        0.0198350448831672,
        null
    ],
    "psi": [
        1.5343585219432339,
        1.548039132362005,
        1.5657367005379657
    ]
}