{
    "cos_gwtheta": [
        -0.06528963802023502,
        -0.008252206884527213,
        0.048971013929147045
    ],
    "cos_inc": [
        -0.023574120779274788,
        0.007013304560362532,
        0.03447247049026425
    ],
    "gwphi": [
        3.1139041856121006,
        3.1929799050137166,
        3.2655435063469636
    ],
    "log10_Mc": [
        null,
        8.87614052103488,
        null
    ],
    "log10_fgw": [
        -7.674903659876677,
        -7.652662459442438,
        -7.6302699583249725
    ],
    "log10_h": [
        -13.567573514054786,
        -13.522392765502454,
        -13.486447860576842
    ],
    "phase0": [
        3.051463353336665,
        3.7041141156154103,
        4.323547968221156
    ],
    "psi": [
        1.5236085414087936,
        1.5579709808232654,
        1.596456912967474
    ]
}