{
    "cos_gwtheta": [
        -0.1811288605002268,
        -0.08583695155331927,
        0.057586104886119927
    ],
    "cos_inc": [
        -0.03889383588773343,
        0.0075130968636987205,
        0.05485565325931285
    ],
    "gwphi": [
        2.9945994389148427,
        3.1308482151600066,
        3.2603761997518217
    ],
    "log10_Mc": [
        null,
        9.05792166233895,
        null
    ],
    "log10_fgw": [
        -7.67433614356912,
        -7.6513788357855415,
        -7.632389457742335
    ],
    "log10_h": [
        -14.064127692966007,
        -13.990422682418245,
        -13.916717671870481
    ],
    "phase0": [
        null,
        5.694677105605121,
        null
    ],
    "psi": [
        null,
        0.00988849329270151,
        null
    ]
}