{
    "cos_gwtheta": [
        null,
        -0.8979397791784908,
        null
    ],
    "cos_inc": [
        -0.13042212550738919,
        0.05772074109537717,
        0.1548715982957497
    ],
    "gwphi": [
        null,
        3.4733762594697057,
        null
    ],
    "log10_Mc": [
        null,
        8.283552714573547,
        null
    ],
    "log10_fgw": [
        -7.676311500493741,
        -7.6504296509492935,
        -7.622907402490057
    ],
    "log10_h": [
        -14.21247323647042,
        -14.070006426269147,
        -13.930868279857624
    ],
    "phase0": [
        null,
        3.502770346626341,
        null
    ],
    "psi": [
        null,
        1.6463412059486302,
        null
    ]
}