{
    "cos_gwtheta": [
        0.010187266293914865,
        0.094803328247687,
        0.19822295952451952
    ],
    "cos_inc": [
        -0.05531115295621125,
        -0.019042202533568475,
        0.012344389178333914
    ],
    "gwphi": [
        3.1270683471379233,
        3.245112461652421,
        3.3637778609801527
    ],
    "log10_Mc": [
        null,
        8.101934047836526,
        null
    ],
    "log10_fgw": [
        -7.667714607395336,
        -7.64971551491641,
        -7.634320064745758
    ],
    "log10_h": [
        -13.55505412525339,
        -13.512190011072127,
        -13.46592080370824
    ],
    "phase0": [
        null,
        3.0229514722890416,
        null
    ],
    "psi": [
        1.5056457602932196,
        1.5551508804414578,
        1.6093262949433036
    ]
}