{
    "cos_gwtheta": [
        -0.22097347657957822,
        -0.03135700387775209,
        0.20700702354701328
    ],
    "cos_inc": [
        -0.049667371909756564,
        0.001786517225541684,
        0.05242367796186698
    ],
    "gwphi": [
        2.9192019551750357,
        3.1128982868749935,
        3.3120253568469127
    ],
    "log10_Mc": [
        null,
        9.946798662804971,
        null
    ],
    "log10_fgw": [
        -7.675458461537551,
        -7.652062595509253,
        -7.62929061924171
    ],
    "log10_h": [
        -14.11944608913549,
        -14.035969050799771,
        -13.953110360896169
    ],
    "phase0": [
        null,
        4.224944049705508,
        null
    ],
    "psi": [
        null,
        3.133012522817542,
        null
    ]
}