{
    "cos_gwtheta": [
        -0.3191716381176447,
        -0.23200370670877524,
        -0.13899863703591897
    ],
    "cos_inc": [
        -0.034409388713135924,
        0.008905711352773071,
        0.051721021802537015
    ],
    "gwphi": [
        3.0525420939789663,
        3.1702947812474034,
        3.3120912109423792
    ],
    "log10_Mc": [
        null,
        9.870415350399902,
        null
    ],
    "log10_fgw": [
        -7.683623826368789,
        -7.656162927045756,
        -7.62678168511272
    ],
    "log10_h": [
        -14.10086568239775,
        -14.022142954262304,
        -13.947838338420173
    ],
    "phase0": [
        1.7047831166425198,
        3.082898910836858,
        6.266433855176999
    ],
    "psi": [
        1.5607690216465382,
        1.6170500481492969,
        1.6724184093574164
    ]
}