{
    "cos_gwtheta": [
        null,
        0.9947137231795649,
        null
    ],
    "cos_inc": [
        -0.6111364726756794,
        -0.009039104742068926,
        0.4580436948867457
    ],
    "gwphi": [
        null,
        3.2934414145122495,
        null
    ],
    "log10_Mc": [
        null,
        9.994673763980275,
        null
    ],
    "log10_fgw": [
        null,
        -7.661529675161216,
        null
    ],
    "log10_h": [
        -14.923746296851204,
        -14.177941787657995,
        -13.93339018376632
    ],
    "phase0": [
        null,
        1.7016422891771346,
        null
    ],
    "psi": [
        null,
        1.6017410670241432,
        null
    ]
}