{
    "cos_gwtheta": [
        0.012029086685460877,
        0.10835614856740616,
        0.20231838896288779
    ],
    "cos_inc": [
        -0.04854829520386475,
        -0.019302204090564934,
        0.012450694832446318
    ],
    "gwphi": [
        3.0581905461823236,
        3.1808258700832797,
        3.283294496276078
    ],
    "log10_Mc": [
        null,
        8.111479795167494,
        null
    ],
    "log10_fgw": [
        -7.661132266489886,
        -7.643937294961708,
        -7.643937294961708
    ],
    "log10_h": [
        -13.541763953891866,
        -13.498204470820516,
        -13.44274210574711
    ],
    "phase0": [
        0.019755837098219882,
        3.2034168203738638,
        4.287335934577796
    ],
    "psi": [
        null,
        0.009867710655186508,
        null
    ]
}