{
    "cos_gwtheta": [
        -0.0018298894339660032,
        0.05887999042251191,
        0.12715660892776814
    ],
    "cos_inc": [
        -0.024258575414934258,
        0.01730597043227533,
        0.058107864062104886
    ],
    "gwphi": [
        3.0618035907502184,
        3.163979169121178,
        3.304088195749619
    ],
    "log10_Mc": [
        null,
        9.421176775732075,
        null
    ],
    "log10_fgw": [
        -7.677946187563105,
        -7.6528475749342295,
        -7.627575868425155
    ],
    "log10_h": [
        -13.595627191588616,
        -13.52836300270836,
        -13.44982548608281
    ],
    "phase0": [
        null,
        5.418006104145296,
        null
    ],
    "psi": [
        1.4618983160676708,
        1.5283677588240572,
        1.5835037021242857
    ]
}