{
    "cos_gwtheta": [
        -0.9885606025445453,
        -0.7608461163941027,
        -0.5246466017302555
    ],
    "cos_inc": [
        null,
        0.08714540874352394,
        null
    ],
    "gwphi": [
        null,
        3.1428483509877134,
        null
    ],
    "log10_Mc": [
        null,
        8.952807507920845,
        null
    ],
    "log10_fgw": [
        -7.673853471463211,
        -7.6482952626939955,
        -7.629126606117083
    ],
    "log10_h": [
        -13.713685598113317,
        -13.635216861965432,
        -13.494948913929058
    ],
    "phase0": [
        1.455185340348248,
        4.554102415438033,
        5.2162374889303065
    ],
    "psi": [
        1.4564437146671607,
        1.6174730820920458,
        1.7803427851446436
    ]
}