{
    "cos_gwtheta": [
        -0.6479515236871833,
        -0.45587280749795334,
        -0.33684457295546355
    ],
    "cos_inc": [
        0.013864310473705954,
        0.057178908210696044,
        0.09792544679331916
    ],
    "gwphi": [
        0.0635817421464871,
        0.3203036260803535,
        0.534550843085989
    ],
    "log10_Mc": [
        null,
        9.009924458782862,
        null
    ],
    "log10_fgw": [
        -7.657663742144676,
        -7.643427538071517,
        -7.643427538071517
    ],
    "log10_h": [
        -13.601549854321068,
        -13.535030570037877,
        -13.468073658884405
    ],
    "phase0": [
        null,
        0.08038753757501452,
        null
    ],
    "psi": [
        0.04703547019543264,
        0.17509732227174152,
        0.27379865216470156
    ]
}