{
    "cos_gwtheta": [
        -0.08334760896879945,
        0.014958683758098057,
        0.11762151739582127
    ],
    "cos_inc": [
        -0.04596351261724552,
        -0.013679543019433305,
        0.024389415350241195
    ],
    "gwphi": [
        2.9856390817055534,
        3.0743843057558244,
        3.190394628761299
    ],
    "log10_Mc": [
        null,
        9.793997999913696,
        null
    ],
    "log10_fgw": [
        -7.673530844585301,
        -7.651290402392118,
        -7.63161616506738
    ],
    "log10_h": [
        -13.554579847446242,
        -13.485774294462892,
        -13.404370541637523
    ],
    "phase0": [
        null,
        2.7526745854689363,
        null
    ],
    "psi": [
        null,
        0.009877976485183914,
        null
    ]
}