{
    "cos_gwtheta": [
        0.8782624926898983,
        0.9312834606860307,
        0.9941991867941177
    ],
    "cos_inc": [
        -0.05754063848714297,
        -0.011581626926404742,
        0.03221691827891415
    ],
    "gwphi": [
        5.1879760148280445,
        5.356035680394825,
        5.484458632384535
    ],
    "log10_Mc": [
        null,
        9.8035982124389,
        null
    ],
    "log10_fgw": [
        -7.678932505112502,
        -7.6504236729784445,
        -7.621719574870867
    ],
    "log10_h": [
        -13.665824973413553,
        -13.621106764820523,
        -13.575678743392682
    ],
    "phase0": [
        0.01992158365835812,
        0.01992158365835812,
        2.3586707477740605
    ],
    "psi": [
        0.5575708497681416,
        0.6928511702530017,
        0.9197531623389716
    ]
}