{
    "cos_gwtheta": [
        -0.3995344265154471,
        -0.3142797017425891,
        -0.18820144506290593
    ],
    "cos_inc": [
        -0.039360731189828524,
        0.0022606054045991586,
        0.050076745585174054
    ],
    "gwphi": [
        3.0291192342376663,
        3.1584678525808805,
        3.2920083242963285
    ],
    "log10_Mc": [
        null,
        8.579783237812023,
        null
    ],
    "log10_fgw": [
        -7.680584145640505,
        -7.652695109338992,
        -7.624615052240892
    ],
    "log10_h": [
        -14.083773451811384,
        -14.016393210301183,
        -13.946083393073149
    ],
    "phase0": [
        null,
        0.9807677941264412,
        null
    ],
    "psi": [
        1.5206944385269157,
        1.5768919471549911,
        1.638527924359977
    ]
}