{
    "cos_gwtheta": [
        null,
        0.9946799126114194,
        null
    ],
    "cos_inc": [
        -0.14897515998729505,
        0.019834977879999882,
        0.16816520502841248
    ],
    "gwphi": [
        null,
        3.3529706603436082,
        null
    ],
    "log10_Mc": [
        null,
        8.62773281097333,
        null
    ],
    "log10_fgw": [
        -7.681909839128065,
        -7.64314189119094,
        -7.612525152820082
    ],
    "log10_h": [
        -14.314079455632221,
        -14.123577291052374,
        -13.961744228596359
    ],
    "phase0": [
        null,
        3.894287651280048,
        null
    ],
    "psi": [
        null,
        3.133270041609114,
        null
    ]
}