{
    "cos_gwtheta": [
        0.9117319170814469,
        0.957102879050092,
        0.994330335024365
    ],
    "cos_inc": [
        -0.0345594687109827,
        0.008155491776805301,
        0.048852422635248915
    ],
    "gwphi": [
        4.802938075326623,
        5.119552482178281,
        5.348218442682256
    ],
    "log10_Mc": [
        null,
        8.445968681246825,
        null
    ],
    "log10_fgw": [
        -7.651788172061366,
        -7.651788172061366,
        -7.640996712707764
    ],
    "log10_h": [
        -13.6764651234153,
        -13.634796945579613,
        -13.586718278846126
    ],
    "phase0": [
        3.7277547122033283,
        4.505595288792417,
        5.286717893130827
    ],
    "psi": [
        2.3602934204187846,
        2.6116711202989378,
        2.907993045188489
    ]
}