{
    "cos_gwtheta": [
        -0.06967617308394969,
        0.022790196402665885,
        0.11143838546164742
    ],
    "cos_inc": [
        -0.05272287875389936,
        -0.017365142823745572,
        0.019937268582566725
    ],
    "gwphi": [
        3.03146967637834,
        3.134440232608684,
        3.2379614335247515
    ],
    "log10_Mc": [
        null,
        8.025373140075464,
        null
    ],
    "log10_fgw": [
        -7.669322362814848,
        -7.65155464133549,
        -7.6337869198561314
    ],
    "log10_h": [
        -13.54052197456102,
        -13.487171088253117,
        -13.43755683989674
    ],
    "phase0": [
        null,
        5.154668064708687,
        null
    ],
    "psi": [
        null,
        0.009865693229162902,
        null
    ]
}