{
    "cos_gwtheta": [
        -0.2381482617484123,
        -0.12377676805639648,
        -0.01962645561882892
    ],
    "cos_inc": [
        -0.052406169315602935,
        -0.0007224318223306714,
        0.04396651413049868
    ],
    "gwphi": [
        3.0877869247078795,
        3.2110064262068563,
        3.330235012677526
    ],
    "log10_Mc": [
        null,
        9.048044512109447,
        null
    ],
    "log10_fgw": [
        -7.672506487175974,
        -7.654974882959241,
        -7.635551379006889
    ],
    "log10_h": [
        -14.073646664618073,
        -14.023508862889868,
        -13.968237497844783
    ],
    "phase0": [
        null,
        3.1430835688692667,
        null
    ],
    "psi": [
        1.5001485716950715,
        1.5647135211400056,
        1.6196809780998818
    ]
}