{
    "cos_gwtheta": [
        0.0014950948904219885,
        0.09153385162993699,
        0.18183208605458023
    ],
    "cos_inc": [
        -0.03323529658587698,
        -0.001218600852598617,
        0.03911881806559958
    ],
    "gwphi": [
        3.0490882364451197,
        3.124949186146045,
        3.1943755017205535
    ],
    "log10_Mc": [
        null,
        9.05786751528241,
        null
    ],
    "log10_fgw": [
        -7.669953348799103,
        -7.650960329619096,
        -7.632893799179578
    ],
    "log10_h": [
        -13.525578609211605,
        -13.473273487740256,
        -13.41173805071514
    ],
    "phase0": [
        null,
        1.1316712229735444,
        null
    ],
    "psi": [
        1.5085557633219777,
        1.5591604622903794,
        1.6182973488755468
    ]
}