{
    "cos_gwtheta": [
        -0.06773267946700812,
        0.029315495975920536,
        0.11346763008746907
    ],
    "cos_inc": [
        0.009096564648508706,
        0.038538400117341026,
        0.06766702457054748
    ],
    "gwphi": [
        3.1138629972988565,
        3.171847134755897,
        3.248976977977055
    ],
    "log10_Mc": [
        null,
        8.493898147774495,
        null
    ],
    "log10_fgw": [
        -7.664122584748916,
        -7.653695096254463,
        -7.642760715958197
    ],
    "log10_h": [
        -13.560801657949984,
        -13.5047512365906,
        -13.45450914905084
    ],
    "phase0": [
        2.947730289191719,
        5.184793203745448,
        6.2661548080717555
    ],
    "psi": [
        1.5100078230947918,
        1.552688002082026,
        1.592797085949547
    ]
}