{
    "cos_gwtheta": [
        -0.30067250635914555,
        0.5070284293522567,
        0.8844327562799379
    ],
    "cos_inc": [
        null,
        0.14374859105355786,
        null
    ],
    "gwphi": [
        2.6867380382311783,
        3.0833648726280036,
        3.486237798905094
    ],
    "log10_Mc": [
        null,
        9.478455142568187,
        null
    ],
    "log10_fgw": [
        -7.685286016054899,
        -7.642742086590718,
        -7.608746703701115
    ],
    "log10_h": [
        -14.460161670754854,
        -14.107018177912598,
        -13.917196349378303
    ],
    "phase0": [
        null,
        5.665421943927073,
        null
    ],
    "psi": [
        null,
        1.5264414702856328,
        null
    ]
}