{
    "cos_gwtheta": [
        -0.20552438213305324,
        0.4977251479731426,
        0.9005188178022636
    ],
    "cos_inc": [
        -0.3147769213109948,
        -0.028234204829521103,
        0.27819350238626706
    ],
    "gwphi": [
        2.0778977928669606,
        2.934049055968501,
        3.5747574410466774
    ],
    "log10_Mc": [
        null,
        9.076945872274901,
        null
    ],
    "log10_fgw": [
        -7.7117615930150425,
        -7.677678502458754,
        -7.64201015187659
    ],
    "log10_h": [
        -14.336264040914898,
        -14.023183987482279,
        -13.881006762105091
    ],
    "phase0": [
        0.020260803565481777,
        0.7410642229799039,
        4.491240765583189
    ],
    "psi": [
        null,
        1.6767084238670116,
        null
    ]
}