{
    "cos_gwtheta": [
        -0.110584319953562,
        -0.022629121820121112,
        0.06863992993216206
    ],
    "cos_inc": [
        -0.06406811556143477,
        -0.026650235627007968,
        0.00888734883332698
    ],
    "gwphi": [
        3.0595093360167,
        3.1364237964934625,
        3.214012945220021
    ],
    "log10_Mc": [
        null,
        8.608708032645742,
        null
    ],
    "log10_fgw": [
        -7.6521142704933665,
        -7.651046563789381,
        -7.650192398426193
    ],
    "log10_h": [
        -13.533413354444217,
        -13.47211053945888,
        -13.411327239854772
    ],
    "phase0": [
        null,
        4.374845503113409,
        null
    ],
    "psi": [
        0.009867837900772796,
        0.009867837900772796,
        0.41283067652404226
    ]
}