{
    "cos_gwtheta": [
        -0.019345408886695475,
        0.0341767329200702,
        0.08446524532601044
    ],
    "cos_inc": [
        -0.025782937999015987,
        0.0027957133531680833,
        0.03069392062553833
    ],
    "gwphi": [
        3.079599267943832,
        3.1828540797093043,
        3.2712734300142206
    ],
    "log10_Mc": [
        null,
        9.99464785043783,
        null
    ],
    "log10_fgw": [
        -7.668955776991995,
        -7.653425028065022,
        -7.637788627784804
    ],
    "log10_h": [
        -13.56245502082529,
        -13.50002872411943,
        -13.447459211103968
    ],
    "phase0": [
        1.1563754290963044,
        1.7295698399863944,
        2.3246590422816884
    ],
    "psi": [
        3.0810963281451134,
        3.1332621948180694,
        3.1332621948180694
    ]
}