{
    "cos_gwtheta": [
        0.032727083436668414,
        0.19173746864058216,
        0.3717819946056933
    ],
    "cos_inc": [
        0.017194826687820797,
        0.07013080483517475,
        0.1246352564091171
    ],
    "gwphi": [
        3.116244181524973,
        3.244181398361796,
        3.3944472804012724
    ],
    "log10_Mc": [
        null,
        8.22629470030283,
        null
    ],
    "log10_fgw": [
        -7.6832590069029285,
        -7.655347030941629,
        -7.627245177592838
    ],
    "log10_h": [
        -14.084081733326663,
        -14.033658500797653,
        -13.974555859390701
    ],
    "phase0": [
        null,
        4.674350001819854,
        null
    ],
    "psi": [
        1.471610444566072,
        1.5458081746365422,
        1.6140222167981033
    ]
}