{
    "cos_gwtheta": [
        -0.35005786283736773,
        -0.2655306410077405,
        -0.1477468073107191
    ],
    "cos_inc": [
        -0.01777882642266454,
        0.01954444580523812,
        0.05587808581497661
    ],
    "gwphi": [
        3.174840073526408,
        3.299956683053472,
        3.4239094171430744
    ],
    "log10_Mc": [
        null,
        9.153326163359006,
        null
    ],
    "log10_fgw": [
        -7.675894050089577,
        -7.650775673369735,
        -7.629998744478014
    ],
    "log10_h": [
        -14.06419691090335,
        -14.006054836287806,
        -13.959158348120537
    ],
    "phase0": [
        null,
        5.275621081099862,
        null
    ],
    "psi": [
        0.009982257718814416,
        0.009982257718814416,
        0.1389868712314289
    ]
}