{
    "cos_gwtheta": [
        -0.358240447912028,
        -0.14087425743612114,
        0.1611603356181739
    ],
    "cos_inc": [
        -0.04365187160975792,
        0.017631921738624712,
        0.08068181864171575
    ],
    "gwphi": [
        3.1019792846846452,
        3.3132989629791574,
        3.582608692526582
    ],
    "log10_Mc": [
        null,
        9.029270690152584,
        null
    ],
    "log10_fgw": [
        -7.676576099433334,
        -7.654348775257642,
        -7.631504025410403
    ],
    "log10_h": [
        -14.15600576986856,
        -14.045935054285202,
        -13.964323687217693
    ],
    "phase0": [
        null,
        0.3807330197937021,
        null
    ],
    "psi": [
        1.4417439487469261,
        1.5564239838905436,
        1.6707949084273048
    ]
}