{
    "cos_gwtheta": [
        -0.5245419523051527,
        -0.44587422213541233,
        -0.29526094659103663
    ],
    "cos_inc": [
        -0.055749869570795085,
        -0.009020202789627452,
        0.032730073268956605
    ],
    "gwphi": [
        3.101905141681492,
        3.2280791308198564,
        3.385796617242812
    ],
    "log10_Mc": [
        null,
        9.994492970466881,
        null
    ],
    "log10_fgw": [
        -7.6751762234906264,
        -7.652824696032496,
        -7.631069209306584
    ],
    "log10_h": [
        -14.07313483363651,
        -14.008605287849447,
        -13.945630670876529
    ],
    "phase0": [
        2.849483416880917,
        4.464834717417344,
        6.266332455525254
    ],
    "psi": [
        null,
        0.009875565420515745,
        null
    ]
}