{
    "cos_gwtheta": [
        -0.0023627487714109607,
        0.07494869137299254,
        0.15261722823861723
    ],
    "cos_inc": [
        -0.06851382881870005,
        -0.02671709739926853,
        0.00616563916767765
    ],
    "gwphi": [
        3.1183488894815716,
        3.2225199749191042,
        3.3458489611267574
    ],
    "log10_Mc": [
        null,
        8.063596980676564,
        null
    ],
    "log10_fgw": [
        -7.679508880355476,
        -7.653179608600435,
        -7.626668755660876
    ],
    "log10_h": [
        -13.532669039275158,
        -13.485888338230584,
        -13.429651963570615
    ],
    "phase0": [
        null,
        0.560138273388363,
        null
    ],
    "psi": [
        1.5355647533484629,
        1.584127106880686,
        1.640140826827906
    ]
}