{
    "cos_gwtheta": [
        0.013724528336418795,
        0.07933936531889918,
        0.14495420230137945
    ],
    "cos_inc": [
        -0.018822551526265552,
        0.030026434256172907,
        0.0753299291350471
    ],
    "gwphi": [
        3.052326137458733,
        3.147491494948386,
        3.2649177547747987
    ],
    "log10_Mc": [
        null,
        9.99436227930837,
        null
    ],
    "log10_fgw": [
        -7.677726009883624,
        -7.648308303098176,
        -7.623641281880564
    ],
    "log10_h": [
        -13.577086946944895,
        -13.526268250422472,
        -13.46504806630774
    ],
    "phase0": [
        0.37438231935640565,
        0.9346221709654166,
        1.5115322838337817
    ],
    "psi": [
        3.0798828982181257,
        3.1332989110346814,
        3.1332989110346814
    ]
}