{
    "cos_gwtheta": [
        0.007351064927733075,
        0.1344732881753774,
        0.2649202464925755
    ],
    "cos_inc": [
        -0.030558470307568864,
        0.003498986758907585,
        0.04076604710913578
    ],
    "gwphi": [
        3.117401999391603,
        3.2243156222457694,
        3.349350198126066
    ],
    "log10_Mc": [
        null,
        8.359905054753487,
        null
    ],
    "log10_fgw": [
        -7.655408867846504,
        -7.651250036738546,
        -7.650294898493655
    ],
    "log10_h": [
        -13.561236570056636,
        -13.510862500997138,
        -13.462143917775279
    ],
    "phase0": [
        2.9522800551699,
        5.2756969243349925,
        6.2665383210803105
    ],
    "psi": [
        1.4789830038541107,
        1.5497382147726482,
        1.627631012757529
    ]
}