{
    "cos_gwtheta": [
        -0.3174565131951297,
        -0.10413679694707567,
        0.1026284028799489
    ],
    "cos_inc": [
        -0.06231737942188964,
        -0.017484006266728302,
        0.04027077574537907
    ],
    "gwphi": [
        3.03283968198782,
        3.216374998424723,
        3.4125058757935705
    ],
    "log10_Mc": [
        null,
        8.006627642261613,
        null
    ],
    "log10_fgw": [
        -7.688087224104603,
        -7.662214232857562,
        -7.632591532734139
    ],
    "log10_h": [
        -14.119035312696179,
        -14.045618158594358,
        -13.979277356695121
    ],
    "phase0": [
        null,
        1.823267257835007,
        null
    ],
    "psi": [
        1.565561879604033,
        1.6419901665417898,
        1.7263858810753745
    ]
}