{
    "cos_gwtheta": [
        -0.030337762427834702,
        0.032756620162644356,
        0.09773697614577359
    ],
    "cos_inc": [
        -0.023720848736667355,
        0.009378833368665629,
        0.04557024402229892
    ],
    "gwphi": [
        3.067478881960543,
        3.1597828357054007,
        3.2369986431650415
    ],
    "log10_Mc": [
        null,
        9.373485891204385,
        null
    ],
    "log10_fgw": [
        -7.6508248412674,
        -7.6508248412674,
        -7.635366310274912
    ],
    "log10_h": [
        -13.584367004111515,
        -13.511419466846771,
        -13.451870456834735
    ],
    "phase0": [
        0.3529098311952886,
        1.348173469684486,
        2.3658726065992384
    ],
    "psi": [
        3.0726927637073898,
        3.133293181161232,
        3.133293181161232
    ]
}