{
    "cos_gwtheta": [
        0.018572461073522506,
        0.06540807847188879,
        0.11453534687445643
    ],
    "cos_inc": [
        -0.014534095172587552,
        0.007698919886252098,
        0.0288561438938576
    ],
    "gwphi": [
        3.090026443892533,
        3.1292883816999484,
        3.1485502212738425
    ],
    "log10_Mc": [
        null,
        9.296648385203937,
        null
    ],
    "log10_fgw": [
        -7.650501206448555,
        -7.650501206448555,
        -7.637393148669249
    ],
    "log10_h": [
        -13.552282184534496,
        -13.524169910342069,
        -13.492788767057498
    ],
    "phase0": [
        4.074070773730274,
        4.84754779585184,
        4.980489159028984
    ],
    "psi": [
        1.5270466816890687,
        1.545680571914374,
        1.5608509137706637
    ]
}