{
    "cos_gwtheta": [
        -0.19680207997104038,
        -0.0998642023216354,
        0.02597807292302834
    ],
    "cos_inc": [
        -0.03546822506916303,
        0.008693282924846613,
        0.055578408151966796
    ],
    "gwphi": [
        3.167819730741888,
        3.3096628106275556,
        3.4532148432829306
    ],
    "log10_Mc": [
        null,
        9.994656901885424,
        null
    ],
    "log10_fgw": [
        -7.680882964992657,
        -7.653222011569027,
        -7.6253728883942165
    ],
    "log10_h": [
        -14.076961280765435,
        -14.020331229425526,
        -13.951522672421122
    ],
    "phase0": [
        null,
        3.2038606415761346,
        null
    ],
    "psi": [
        1.5358376250929757,
        1.5975754962559463,
        1.6522007094508329
    ]
}