{
    "cos_gwtheta": [
        -0.14647613409773996,
        -0.01090146714603124,
        0.10456678733402569
    ],
    "cos_inc": [
        -0.0640260228470253,
        -0.01703507991166664,
        0.03447800397563039
    ],
    "gwphi": [
        3.137079463150842,
        3.2711643228201286,
        3.410037927477604
    ],
    "log10_Mc": [
        null,
        9.812914682703362,
        null
    ],
    "log10_fgw": [
        -7.6786079906235765,
        -7.656360265677833,
        -7.633805675560424
    ],
    "log10_h": [
        -14.087146946415867,
        -14.029553581702087,
        -13.964320280852805
    ],
    "phase0": [
        null,
        3.11502992928522,
        null
    ],
    "psi": [
        null,
        0.009954426613495188,
        null
    ]
}