{
    "cos_gwtheta": [
        null,
        0.8128166858246636,
        null
    ],
    "cos_inc": [
        -0.9936751314415415,
        -0.190681308922107,
        -0.05008778922888257
    ],
    "gwphi": [
        null,
        4.2843017946078366,
        null
    ],
    "log10_Mc": [
        null,
        8.312336445513187,
        null
    ],
    "log10_fgw": [
        -7.7991242275052475,
        -7.738479600633728,
        -7.655366636593417
    ],
    "log10_h": [
        -14.895256103124883,
        -14.68890240689823,
        -14.241000579374196
    ],
    "phase0": [
        null,
        5.695496141555189,
        null
    ],
    "psi": [
        null,
        2.2171054418116203,
        null
    ]
}