{
    "cos_gwtheta": [
        0.7306717078188469,
        0.8704500938470967,
        0.9947196404582715
    ],
    "cos_inc": [
        null,
        -0.31755266781446834,
        null
    ],
    "gwphi": [
        3.054780523831429,
        3.9829297479321584,
        4.292104624062616
    ],
    "log10_Mc": [
        null,
        8.369616654350146,
        null
    ],
    "log10_fgw": [
        -7.720343652258584,
        -7.687390027290408,
        -7.649140284023774
    ],
    "log10_h": [
        -14.600628041182297,
        -14.391248099839343,
        -14.131429982262185
    ],
    "phase0": [
        null,
        4.494517973792799,
        null
    ],
    "psi": [
        null,
        3.133065857076356,
        null
    ]
}