{
    "cos_gwtheta": [
        null,
        -0.9937170831400549,
        null
    ],
    "cos_inc": [
        -0.7029502929264777,
        0.0006000920280705424,
        0.3708688361731719
    ],
    "gwphi": [
        null,
        2.9029366886012924,
        null
    ],
    "log10_Mc": [
        null,
        8.111537803832375,
        null
    ],
    "log10_fgw": [
        null,
        -7.652492494480885,
        null
    ],
    "log10_h": [
        -14.852488637624225,
        -14.114850242063588,
        -13.84361356667783
    ],
    "phase0": [
        null,
        5.275536367769556,
        null
    ],
    "psi": [
        0.01005223536266185,
        1.6314670493214642,
        2.1449723381190506
    ]
}