{
    "cos_gwtheta": [
        null,
        -0.4677126107965516,
        null
    ],
    "cos_inc": [
        0.015109512214473986,
        0.8322341590158546,
        0.9947045499714955
    ],
    "gwphi": [
        null,
        3.262918157775589,
        null
    ],
    "log10_Mc": [
        null,
        8.924049547320001,
        null
    ],
    "log10_fgw": [
        -7.715523098349646,
        -7.6618450986165705,
        -7.619300313642948
    ],
    "log10_h": [
        -14.72564656497572,
        -14.540461231922695,
        -14.163133692839692
    ],
    "phase0": [
        null,
        0.9512186307039028,
        null
    ],
    "psi": [
        null,
        1.3915211777923056,
        null
    ]
}