{
    "cos_gwtheta": [
        null,
        -0.7642007871245362,
        null
    ],
    "cos_inc": [
        -0.8864824109826668,
        -0.09503987619464627,
        0.4557882196251568
    ],
    "gwphi": [
        0.4078685523407617,
        4.164335205394238,
        4.6185097034434435
    ],
    "log10_Mc": [
        null,
        8.159246193059777,
        null
    ],
    "log10_fgw": [
        null,
        -7.690672377900977,
        null
    ],
    "log10_h": [
        null,
        -15.860115355962892,
        null
    ],
    "phase0": [
        null,
        0.6810084048347468,
        null
    ],
    "psi": [
        null,
        3.012944118729774,
        null
    ]
}