{
    "cos_gwtheta": [
        0.8713170490537928,
        0.9947196757093961,
        0.9947196757093961
    ],
    "cos_inc": [
        -0.16573978313377868,
        -0.018707916129865,
        0.11421683931015969
    ],
    "gwphi": [
        null,
        6.056563092202316,
        null
    ],
    "log10_Mc": [
        null,
        9.841755918549287,
        null
    ],
    "log10_fgw": [
        -7.68176301826403,
        -7.648761836347014,
        -7.623072293537361
    ],
    "log10_h": [
        -14.195677266831927,
        -13.977902974041575,
        -13.7752193729858
    ],
    "phase0": [
        null,
        0.26038552042433083,
        null
    ],
    "psi": [
        null,
        0.08489808804404715,
        null
    ]
}