{
    "cos_gwtheta": [
        -0.42618690441243423,
        -0.20223134747294447,
        0.03620494964066634
    ],
    "cos_inc": [
        -0.024280812594985046,
        0.055043265546063536,
        0.14031664954769063
    ],
    "gwphi": [
        2.908713113125542,
        3.0801079244236673,
        3.3113351062113208
    ],
    "log10_Mc": [
        null,
        8.168772668740196,
        null
    ],
    "log10_fgw": [
        -7.6824252380768145,
        -7.655503907009766,
        -7.625890442836012
    ],
    "log10_h": [
        -14.073118475873148,
        -13.940589819081286,
        -13.845844710230082
    ],
    "phase0": [
        null,
        2.453074543976496,
        null
    ],
    "psi": [
        null,
        0.009865753970472499,
        null
    ]
}