{
    "cos_gwtheta": [
        -0.13852894501017643,
        -0.04546263611681789,
        0.04879428653637041
    ],
    "cos_inc": [
        -0.06740505347619519,
        -0.03403356686453529,
        0.006242365252985271
    ],
    "gwphi": [
        3.0307702769737057,
        3.133705035761575,
        3.262683528700592
    ],
    "log10_Mc": [
        null,
        9.631425301060874,
        null
    ],
    "log10_fgw": [
        -7.67467393152198,
        -7.649281313193988,
        -7.623888694865998
    ],
    "log10_h": [
        -13.576573211153287,
        -13.499405286088036,
        -13.429997264101974
    ],
    "phase0": [
        null,
        2.572502118500533,
        null
    ],
    "psi": [
        0.009864442614558941,
        0.009864442614558941,
        0.14699647979549646
    ]
}