{
    "cos_gwtheta": [
        null,
        -0.44881972011577187,
        null
    ],
    "cos_inc": [
        null,
        -0.7546376871750712,
        null
    ],
    "gwphi": [
        null,
        5.03582679775801,
        null
    ],
    "log10_Mc": [
        null,
        9.994712030616833,
        null
    ],
    "log10_fgw": [
        null,
        -7.757455718660473,
        null
    ],
    "log10_h": [
        -15.279540133711466,
        -14.78300500402295,
        -14.153469393167866
    ],
    "phase0": [
        1.781476334684488,
        5.576041074087033,
        6.266359486507154
    ],
    "psi": [
        null,
        0.04005724621154565,
        null
    ]
}