{
    "cos_gwtheta": [
        -0.8713721467371363,
        -0.8291714866482245,
        -0.7850698959246769
    ],
    "cos_inc": [
        -0.03310632115939005,
        0.004133524483393103,
        0.04431335794008007
    ],
    "gwphi": [
        5.381061035997716,
        5.606238565274505,
        5.860732836590099
    ],
    "log10_Mc": [
        null,
        9.688620344674638,
        null
    ],
    "log10_fgw": [
        -7.678001404649499,
        -7.653990630255171,
        -7.628276964059828
    ],
    "log10_h": [
        -13.696992232755614,
        -13.661521894536753,
        -13.627621040309876
    ],
    "phase0": [
        1.2035495498738982,
        4.733812355913749,
        5.662598766490758
    ],
    "psi": [
        0.91476221254684,
        1.094806517132531,
        1.2750840397293433
    ]
}