{
    "cos_gwtheta": [
        -0.04901629394899076,
        0.03770750340276319,
        0.136504613719173
    ],
    "cos_inc": [
        -0.041351171449121454,
        -0.015078886104801903,
        0.010748791333690721
    ],
    "gwphi": [
        3.126369139384245,
        3.232837859037341,
        3.347120796646628
    ],
    "log10_Mc": [
        null,
        8.981350593794893,
        null
    ],
    "log10_fgw": [
        -7.685333235301437,
        -7.655527438786883,
        -7.625133369972698
    ],
    "log10_h": [
        -13.573328475362143,
        -13.508581584006604,
        -13.441041689494552
    ],
    "phase0": [
        2.5887539171661835,
        3.683877931950353,
        5.67546684189441
    ],
    "psi": [
        1.4855324773550667,
        1.5297401434556006,
        1.5735554338215145
    ]
}