{
    "cos_gwtheta": [
        null,
        -0.7257371115975186,
        null
    ],
    "cos_inc": [
        -0.10832262245993429,
        0.0015159463994997013,
        0.12148429285718176
    ],
    "gwphi": [
        null,
        6.026041822616901,
        null
    ],
    "log10_Mc": [
        null,
        8.493838970477107,
        null
    ],
    "log10_fgw": [
        -7.685638598366383,
        -7.6518864003341625,
        -7.622502133811993
    ],
    "log10_h": [
        -14.257548101755258,
        -14.102146827055602,
        -13.970055743560893
    ],
    "phase0": [
        1.2512053429356134,
        4.193853482030558,
        5.650498665721794
    ],
    "psi": [
        null,
        3.118285895744589,
        null
    ]
}