{
    "cos_gwtheta": [
        -0.04962972388801257,
        0.015273262703272117,
        0.08835729802455061
    ],
    "cos_inc": [
        null,
        -0.006763364130006111,
        null
    ],
    "gwphi": [
        3.0590805555163145,
        3.1777171047439774,
        3.287565761436258
    ],
    "log10_Mc": [
        null,
        8.20722813395457,
        null
    ],
    "log10_fgw": [
        -7.672468880004757,
        -7.651020810229511,
        -7.629426835217699
    ],
    "log10_h": [
        -13.54974615543655,
        -13.49792505453507,
        -13.474678205532538
    ],
    "phase0": [
        null,
        4.244349990610981,
        null
    ],
    "psi": [
        1.5217724338526954,
        1.5709532243609012,
        1.6169610606427711
    ]
}