{
    "cos_gwtheta": [
        null,
        0.04538267602391355,
        null
    ],
    "cos_inc": [
        -0.02616379901298138,
        0.012054591521366231,
        0.04308338383638122
    ],
    "gwphi": [
        2.9234775933693644,
        3.1624098150736444,
        3.403933492544782
    ],
    "log10_Mc": [
        null,
        9.478372895425476,
        null
    ],
    "log10_fgw": [
        -7.682761250550353,
        -7.655369451175935,
        -7.625042816154257
    ],
    "log10_h": [
        -13.57685786360895,
        -13.529833423265933,
        -13.48897961084123
    ],
    "phase0": [
        null,
        1.4013476187090765,
        null
    ],
    "psi": [
        null,
        3.1332869558660503,
        null
    ]
}