{
    "cos_gwtheta": [
        -0.28440574190121237,
        -0.1717411108017508,
        -0.04239978731923644
    ],
    "cos_inc": [
        -0.05752813907280463,
        -0.009716368603020609,
        0.0403995835761507
    ],
    "gwphi": [
        3.0619950378539267,
        3.203437205753118,
        3.334733732916925
    ],
    "log10_Mc": [
        null,
        8.694578799350863,
        null
    ],
    "log10_fgw": [
        -7.671941134148293,
        -7.6537518276363965,
        -7.635438784345508
    ],
    "log10_h": [
        -14.128305066267199,
        -14.059837626442759,
        -13.99384864597848
    ],
    "phase0": [
        null,
        5.965120151987984,
        null
    ],
    "psi": [
        0.009882989110344282,
        0.05486441995968357,
        0.13826748965950014
    ]
}