{
    "cos_gwtheta": [
        -0.24696389153904585,
        -0.15100712852376752,
        0.0009244129170898896
    ],
    "cos_inc": [
        -0.033358818144882396,
        0.01509615807342235,
        0.059075373436221046
    ],
    "gwphi": [
        3.0047228067795033,
        3.1194506917994493,
        3.2520119268224956
    ],
    "log10_Mc": [
        null,
        8.14968083827629,
        null
    ],
    "log10_fgw": [
        -7.680386714802897,
        -7.654027718329425,
        -7.627127098640745
    ],
    "log10_h": [
        -14.067715918994931,
        -14.00059618220565,
        -13.942774417612284
    ],
    "phase0": [
        null,
        0.442253588451394,
        null
    ],
    "psi": [
        1.5841406394795772,
        1.6350048115192803,
        1.7003575658975656
    ]
}