{
    "gw_gamma": 2.244478757602407,
    "gw_log10_A": -14.574448560160643
}