{
    "gw_gamma": 2.1511878378001272,
    "gw_log10_A": -12.237136553362111
}