{
    "gw_log10_rho_0": -8.199428003653685,
    "gw_log10_rho_1": -7.764996022780512,
    "gw_log10_rho_2": -7.5400875775333915,
    "gw_log10_rho_3": -7.2339044604460465,
    "gw_log10_rho_4": -7.4494616279630055,
    "gw_log10_rho_5": -7.635980619348631,
    "gw_log10_rho_6": -7.793513739979883,
    "gw_log10_rho_7": -7.6834701444415785,
    "gw_log10_rho_8": -7.959521424047278,
    "gw_log10_rho_9": -8.23152432203903,
    "gw_log10_rho_10": -8.204181297813403,
    "gw_log10_rho_11": -8.061005254386336,
    "gw_log10_rho_12": -8.48947967937262,
    "gw_log10_rho_13": -8.474953757898607,
    "gw_log10_rho_14": -8.545076457981317,
    "gw_log10_rho_15": -8.236232718008395,
    "gw_log10_rho_16": -8.607042842739054,
    "gw_log10_rho_17": -9.85301114406162,
    "gw_log10_rho_18": -8.20205141446948,
    "gw_log10_rho_19": -9.979427235642133
}