{
    "gw_crn_log10_rho_0": -9.038790045412252,
    "gw_crn_log10_rho_1": -9.605001569708683,
    "gw_crn_log10_rho_2": -8.572132420047597,
    "gw_crn_log10_rho_3": -9.051193026534294,
    "gw_crn_log10_rho_4": -7.974608501135748,
    "gw_crn_log10_rho_5": -7.747911039925701,
    "gw_crn_log10_rho_6": -6.034458918023008,
    "gw_crn_log10_rho_7": -7.619185036452461,
    "gw_crn_log10_rho_8": -7.712719980239377,
    "gw_crn_log10_rho_9": -7.1513047966052525,
    "gw_crn_log10_rho_10": -8.174938046853207,
    "gw_crn_log10_rho_11": -9.068732772321187,
    "gw_crn_log10_rho_12": -9.500959594190803,
    "gw_crn_log10_rho_13": -8.51540749961977,
    "gw_crn_log10_rho_14": -9.999998193715744,
    "gw_crn_log10_rho_15": -9.684352908820713,
    "gw_crn_log10_rho_16": -9.233905556095703,
    "gw_crn_log10_rho_17": -8.527049844664695,
    "gw_crn_log10_rho_18": -8.358468596772019,
    "gw_crn_log10_rho_19": -9.688645513467772,
    "gw_crn_log10_rho_20": -9.771142975756772,
    "gw_crn_log10_rho_21": -8.475347027900714,
    "gw_crn_log10_rho_22": -9.403208381535341,
    "gw_crn_log10_rho_23": -9.244550666302427,
    "gw_crn_log10_rho_24": -8.226260328788195,
    "gw_crn_log10_rho_25": -9.674704301556654,
    "gw_crn_log10_rho_26": -8.599269405075388,
    "gw_crn_log10_rho_27": -8.505496224655003,
    "gw_crn_log10_rho_28": -8.292817141368799,
    "gw_crn_log10_rho_29": -8.68829193048142
}