{
    "gw_gamma": 2.4227746207617846,
    "gw_log10_A": -13.826060243595052
}