{
    "gw_gamma": 2.3340824014282013,
    "gw_log10_A": -13.66390729947392
}