{
    "cos_gwtheta": [
        0.10559542923649246,
        0.15370711902513734,
        0.20122968608167624
    ],
    "cos_inc": [
        -0.04187585251775372,
        -0.0001178479862562476,
        0.043105349686697214
    ],
    "gwphi": [
        3.172737899331077,
        3.2744949358636575,
        3.3721106976536332
    ],
    "log10_Mc": [
        null,
        8.838138880920818,
        null
    ],
    "log10_fgw": [
        -7.678127385175265,
        -7.646708995189316,
        -7.621073130967652
    ],
    "log10_h": [
        -13.576034499661933,
        -13.513704996579087,
        -13.464511049931055
    ],
    "phase0": [
        null,
        0.3502848597840716,
        null
    ],
    "psi": [
        1.5025619317634293,
        1.554078579818664,
        1.6151581984709784
    ]
}