{
    "cos_gwtheta": [
        -0.9936561239516664,
        -0.9936561239516664,
        0.3943624946339708
    ],
    "cos_inc": [
        null,
        -0.05666775877313257,
        null
    ],
    "gwphi": [
        null,
        0.08035941515478374,
        null
    ],
    "log10_Mc": [
        null,
        8.226025553547554,
        null
    ],
    "log10_fgw": [
        null,
        -6.887497635791842,
        null
    ],
    "log10_h": [
        -15.990259575480135,
        -15.753071839591398,
        -14.560039118632185
    ],
    "phase0": [
        null,
        6.266526637236288,
        null
    ],
    "psi": [
        null,
        2.6375311817420917,
        null
    ]
}