{
    "cos_gwtheta": [
        -0.059955887258019036,
        -0.011951186577798811,
        0.028268968046169407
    ],
    "cos_inc": [
        -0.0047200291924207605,
        0.030460483309051378,
        0.06482705079120926
    ],
    "gwphi": [
        2.905230629322842,
        2.964183148491388,
        3.02875784251252
    ],
    "log10_Mc": [
        null,
        9.669540972314712,
        null
    ],
    "log10_fgw": [
        -7.660352642466158,
        -7.660352642466158,
        -7.643860870594959
    ],
    "log10_h": [
        -13.548733673178162,
        -13.499656234490063,
        -13.45319943573191
    ],
    "phase0": [
        null,
        3.473396331449998,
        null
    ],
    "psi": [
        null,
        0.009864422312763303,
        null
    ]
}