{
    "cos_gwtheta": [
        -0.84754701623944,
        -0.4679176039846833,
        0.5733289138602123
    ],
    "cos_inc": [
        null,
        0.16286456841857544,
        null
    ],
    "gwphi": [
        null,
        1.611690426227099,
        null
    ],
    "log10_Mc": [
        null,
        8.876094295282154,
        null
    ],
    "log10_fgw": [
        null,
        -6.505283835092315,
        null
    ],
    "log10_h": [
        -15.985552834698662,
        -15.985552834698662,
        -14.532712138167184
    ],
    "phase0": [
        1.6253323354886697,
        6.086509843045708,
        6.266431299729146
    ],
    "psi": [
        null,
        0.8058721332462401,
        null
    ]
}