{
    "cos_gwtheta": [
        -0.048597778287941984,
        -0.004731591352395981,
        0.03138238151264405
    ],
    "cos_inc": [
        -0.015364542356540833,
        0.031962631835229294,
        0.07579845711121314
    ],
    "gwphi": [
        3.125329404215251,
        3.210225094095102,
        3.3211092604687846
    ],
    "log10_Mc": [
        null,
        9.555093149619049,
        null
    ],
    "log10_fgw": [
        -7.674288539253014,
        -7.651423509262793,
        -7.621356895023683
    ],
    "log10_h": [
        -13.552582386161406,
        -13.497495318712454,
        -13.44911936607962
    ],
    "phase0": [
        null,
        2.48308188255217,
        null
    ],
    "psi": [
        1.5155090779966012,
        1.5718992244038061,
        1.6259397813773777
    ]
}