{
    "cos_gwtheta": [
        null,
        -0.9937066161911384,
        null
    ],
    "cos_inc": [
        null,
        0.01016544676029385,
        null
    ],
    "gwphi": [
        null,
        3.803834327874271,
        null
    ],
    "log10_Mc": [
        null,
        9.1916898299158,
        null
    ],
    "log10_fgw": [
        -7.576478676126342,
        -6.696387310411717,
        -6.505296528113535
    ],
    "log10_h": [
        -15.990589557402572,
        -15.918777859098958,
        -14.677120818305772
    ],
    "phase0": [
        null,
        4.824995825349938,
        null
    ],
    "psi": [
        null,
        1.9468822460069293,
        null
    ]
}