{
    "cos_gwtheta": [
        null,
        0.11569977369192141,
        null
    ],
    "cos_inc": [
        0.000383880035756734,
        0.04500729532422143,
        0.08267420860954144
    ],
    "gwphi": [
        3.0352874650718973,
        3.1369145271190844,
        3.2274182291412066
    ],
    "log10_Mc": [
        null,
        9.612294150737567,
        null
    ],
    "log10_fgw": [
        -7.6689462891422835,
        -7.652309509779424,
        -7.634810721123152
    ],
    "log10_h": [
        -13.509662046400658,
        -13.47656460802426,
        -13.444162128983848
    ],
    "phase0": [
        null,
        5.365020905358111,
        null
    ],
    "psi": [
        1.5199302569050936,
        1.5753749425547112,
        1.6270850120724893
    ]
}