{
    "cos_gwtheta": [
        null,
        -0.9936667198816759,
        null
    ],
    "cos_inc": [
        -0.8087706283262978,
        -0.14279676542403086,
        0.6118675551833455
    ],
    "gwphi": [
        1.6702929550758898,
        3.5332189403867655,
        6.266384998648029
    ],
    "log10_Mc": [
        null,
        9.354179118063843,
        null
    ],
    "log10_fgw": [
        -7.630749554553474,
        -6.572095705968252,
        -6.505283592308478
    ],
    "log10_h": [
        -15.990363890427801,
        -15.829536489711163,
        -14.54109315466936
    ],
    "phase0": [
        null,
        0.019770763394928163,
        null
    ],
    "psi": [
        0.9044773785680673,
        2.112052642509897,
        3.1331502984400164
    ]
}