{
    "cos_gwtheta": [
        null,
        -0.9075072757487531,
        null
    ],
    "cos_inc": [
        null,
        0.04837864709316708,
        null
    ],
    "gwphi": [
        0.020092276002283718,
        0.8309570479573051,
        3.8876298747492304
    ],
    "log10_Mc": [
        null,
        8.541615242820573,
        null
    ],
    "log10_fgw": [
        -7.356041454533485,
        -6.801630410949734,
        -6.505334695404617
    ],
    "log10_h": [
        null,
        -13.331397311558598,
        null
    ],
    "phase0": [
        1.2843206394647955,
        4.674679580694499,
        5.823540847125571
    ],
    "psi": [
        null,
        2.6225319437033887,
        null
    ]
}