{
    "cos_gwtheta": [
        0.02253332345868997,
        0.06846674378886652,
        0.11018960058877703
    ],
    "cos_inc": [
        -0.1378192179228821,
        -0.08522331518610171,
        -0.03885828594427099
    ],
    "gwphi": [
        3.0191861509518585,
        3.1317613511244593,
        3.2479103671755554
    ],
    "log10_Mc": [
        null,
        9.507113426538178,
        null
    ],
    "log10_fgw": [
        -7.67543943657809,
        -7.646586585164206,
        -7.619272552492396
    ],
    "log10_h": [
        -13.628150075525722,
        -13.545514814559045,
        -13.482695151885396
    ],
    "phase0": [
        null,
        2.2124546377947283,
        null
    ],
    "psi": [
        1.4657000158087403,
        1.5308816361011697,
        1.5849493395695444
    ]
}