{
    "cos_gwtheta": [
        null,
        -0.8024168757234413,
        null
    ],
    "cos_inc": [
        null,
        -0.1334592768120868,
        null
    ],
    "gwphi": [
        null,
        3.7138750557243596,
        null
    ],
    "log10_Mc": [
        null,
        8.809288608357347,
        null
    ],
    "log10_fgw": [
        -7.594049847419747,
        -6.973805499440053,
        -6.50529133341243
    ],
    "log10_h": [
        -15.990644278255973,
        -15.990644278255973,
        -14.61643420957689
    ],
    "phase0": [
        null,
        3.0835188689309185,
        null
    ],
    "psi": [
        0.009909941709161438,
        1.1662977645034707,
        2.332369007747975
    ]
}