{
    "cos_gwtheta": [
        -0.08866817965015439,
        -0.04829716327309519,
        -0.003026751704645503
    ],
    "cos_inc": [
        -0.10626979410633419,
        -0.061122722383284644,
        -0.010609810168561107
    ],
    "gwphi": [
        3.1239750697355793,
        3.2162927983343357,
        3.3269557165905375
    ],
    "log10_Mc": [
        null,
        8.274201358554432,
        null
    ],
    "log10_fgw": [
        -7.673796533388765,
        -7.65314097307814,
        -7.633039924453706
    ],
    "log10_h": [
        -13.591415123784502,
        -13.531050906899774,
        -13.479647003458872
    ],
    "phase0": [
        null,
        4.314786057853078,
        null
    ],
    "psi": [
        1.4773609292629453,
        1.5321017514767077,
        1.5878200883728586
    ]
}