{
    "cos_gwtheta": [
        -0.06686717464347802,
        -0.011960513101615722,
        0.0410396671367097
    ],
    "cos_inc": [
        -0.05197759603505758,
        -0.009020383195433634,
        0.030705534873068263
    ],
    "gwphi": [
        3.0847591328117794,
        3.1834222272914823,
        3.2677543695003903
    ],
    "log10_Mc": [
        null,
        8.28352791218436,
        null
    ],
    "log10_fgw": [
        -7.679541393337183,
        -7.65402096744532,
        -7.623774536758668
    ],
    "log10_h": [
        -13.562106737060867,
        -13.49007503216309,
        -13.415408020988561
    ],
    "phase0": [
        null,
        1.0104951294785067,
        null
    ],
    "psi": [
        1.5073819779408757,
        1.5597591528036594,
        1.6213253057125456
    ]
}