{
    "cos_gwtheta": [
        null,
        0.49754966403774503,
        null
    ],
    "cos_inc": [
        -0.727400198350827,
        -0.42971010260289344,
        0.7222730134076473
    ],
    "gwphi": [
        null,
        1.2211516695233475,
        null
    ],
    "log10_Mc": [
        null,
        9.507100118937093,
        null
    ],
    "log10_fgw": [
        -7.472155359282903,
        -6.5052802481780265,
        -6.5052802481780265
    ],
    "log10_h": [
        null,
        -15.476272108216515,
        null
    ],
    "phase0": [
        null,
        5.185671077364555,
        null
    ],
    "psi": [
        null,
        2.8480073141626487,
        null
    ]
}