{
    "cos_gwtheta": [
        -0.5905370474432771,
        -0.5321717234825284,
        -0.4717703998487303
    ],
    "cos_inc": [
        -0.17253106833739007,
        -0.08325949523043086,
        -0.010453567829866395
    ],
    "gwphi": [
        2.8028607871259763,
        2.9395877137960342,
        3.078137666155026
    ],
    "log10_Mc": [
        null,
        9.918283645457457,
        null
    ],
    "log10_fgw": [
        -7.92096033094248,
        -7.8906314032339875,
        -7.863173853296714
    ],
    "log10_h": [
        -14.054689624995634,
        -13.958669206300796,
        -13.880547330564426
    ],
    "phase0": [
        null,
        2.122487256278345,
        null
    ],
    "psi": [
        2.0114110734327593,
        2.1116388923899545,
        2.20999329417038
    ]
}