{
    "cos_gwtheta": [
        null,
        -0.7260432485057529,
        null
    ],
    "cos_inc": [
        null,
        0.00040300921013713964,
        null
    ],
    "gwphi": [
        null,
        2.002160500235456,
        null
    ],
    "log10_Mc": [
        null,
        8.76135443342358,
        null
    ],
    "log10_fgw": [
        null,
        -6.600913557460394,
        null
    ],
    "log10_h": [
        -15.988597051520518,
        -15.314223712756178,
        -14.49050942650667
    ],
    "phase0": [
        1.0205846065299031,
        2.602400450358642,
        5.612348608165461
    ],
    "psi": [
        null,
        2.1571028490248034,
        null
    ]
}