{
    "cos_gwtheta": [
        null,
        0.8799708417156545,
        null
    ],
    "cos_inc": [
        null,
        0.12464401001942016,
        null
    ],
    "gwphi": [
        null,
        1.8515036773422449,
        null
    ],
    "log10_Mc": [
        null,
        9.153547616659536,
        null
    ],
    "log10_fgw": [
        -7.608780780357926,
        -6.620035843037794,
        -6.5052921123793634
    ],
    "log10_h": [
        -15.985221000706737,
        -15.985221000706737,
        -14.556132560731985
    ],
    "phase0": [
        null,
        5.185755482753001,
        null
    ],
    "psi": [
        null,
        0.9560464480522775,
        null
    ]
}