{
    "cos_gwtheta": [
        0.37828598114586387,
        0.4360692206560597,
        0.4887435761851713
    ],
    "cos_inc": [
        null,
        -0.27128016064094196,
        null
    ],
    "gwphi": [
        1.6494646287968813,
        1.8051157211952904,
        1.9481464547505853
    ],
    "log10_Mc": [
        null,
        9.191707498886576,
        null
    ],
    "log10_fgw": [
        -8.005774464988225,
        -7.972175459039049,
        -7.942166090477605
    ],
    "log10_h": [
        -14.458944014363862,
        -14.243586890212098,
        -14.155929966413044
    ],
    "phase0": [
        null,
        6.266100780569961,
        null
    ],
    "psi": [
        null,
        1.3765901254047737,
        null
    ]
}