{
    "cos_gwtheta": [
        -0.0650592342370161,
        -0.017543804647543904,
        0.0321151781564909
    ],
    "cos_inc": [
        -0.05241559462483758,
        -0.00782203126933545,
        0.04397660564142247
    ],
    "gwphi": [
        3.063960970701033,
        3.154008343991406,
        3.270122062181624
    ],
    "log10_Mc": [
        8.521956563158495,
        9.822699197624713,
        9.99471301490239
    ],
    "log10_fgw": [
        -7.67145794360535,
        -7.64644005960692,
        -7.614301700932015
    ],
    "log10_h": [
        -13.54685175197785,
        -13.494556934733003,
        -13.428483842285921
    ],
    "phase0": [
        null,
        5.605468859249099,
        null
    ],
    "psi": [
        1.5362308184985645,
        1.5990900015244078,
        1.6552033210060142
    ]
}