{
    "cos_gwtheta": [
        -0.12005942581237672,
        -0.06707709816534935,
        -0.014879693890870516
    ],
    "cos_inc": [
        -0.04207261773443405,
        0.012713725858921165,
        0.06534003440020852
    ],
    "gwphi": [
        3.092626633654951,
        3.2193010254434675,
        3.3182276933164037
    ],
    "log10_Mc": [
        null,
        8.88585727615553,
        null
    ],
    "log10_fgw": [
        -7.677092888090838,
        -7.647048488379506,
        -7.62169852612307
    ],
    "log10_h": [
        -13.608792158904944,
        -13.54857054565823,
        -13.474343906075072
    ],
    "phase0": [
        1.8061626822263679,
        5.48566646638436,
        6.177837976205592
    ],
    "psi": [
        null,
        0.009865156812125337,
        null
    ]
}