{
    "cos_gwtheta": [
        null,
        -0.9457819896215232,
        null
    ],
    "cos_inc": [
        null,
        -0.08549484441062893,
        null
    ],
    "gwphi": [
        1.5081344775433607,
        3.683396310660754,
        6.120414234552469
    ],
    "log10_Mc": [
        null,
        8.293113031182429,
        null
    ],
    "log10_fgw": [
        -7.5974280536912815,
        -6.505286718131231,
        -6.505286718131231
    ],
    "log10_h": [
        -15.990436161520623,
        -15.670128909585602,
        -14.603548145344506
    ],
    "phase0": [
        null,
        6.26644282591653,
        null
    ],
    "psi": [
        null,
        1.6466999914186493,
        null
    ]
}