{
    "cos_gwtheta": [
        null,
        0.688840968823922,
        null
    ],
    "cos_inc": [
        -0.5697002812689745,
        0.03875508558807983,
        0.8355134695737716
    ],
    "gwphi": [
        null,
        2.0620277396780797,
        null
    ],
    "log10_Mc": [
        null,
        9.3446589426752,
        null
    ],
    "log10_fgw": [
        null,
        -7.499311609121386,
        null
    ],
    "log10_h": [
        -15.984531766809932,
        -15.58550063182715,
        -14.571072642403358
    ],
    "phase0": [
        null,
        2.1220225601559837,
        null
    ],
    "psi": [
        null,
        1.1363419775066657,
        null
    ]
}