{
    "cos_gwtheta": [
        -0.775309599389019,
        -0.2479568461389714,
        0.2889407533237468
    ],
    "cos_inc": [
        -0.011731084216679566,
        0.49755667286991323,
        0.9947137961485082
    ],
    "gwphi": [
        null,
        1.191133291164641,
        null
    ],
    "log10_Mc": [
        null,
        9.736554363704744,
        null
    ],
    "log10_fgw": [
        null,
        -7.451445974071227,
        null
    ],
    "log10_h": [
        null,
        -14.09975064974073,
        null
    ],
    "phase0": [
        null,
        6.266568085965382,
        null
    ],
    "psi": [
        null,
        0.5355968266995149,
        null
    ]
}