{
    "cos_gwtheta": [
        -0.09886393609046962,
        -0.029226843352816223,
        0.0391441204259706
    ],
    "cos_inc": [
        -0.03595906318652431,
        0.007443248752335485,
        0.056294335783086846
    ],
    "gwphi": [
        3.065220397965297,
        3.1547066266326684,
        3.2718194762309056
    ],
    "log10_Mc": [
        null,
        8.283716463317626,
        null
    ],
    "log10_fgw": [
        -7.672385805404033,
        -7.650260142086238,
        -7.630639270842156
    ],
    "log10_h": [
        -13.57698972916375,
        -13.522759483036573,
        -13.467206547979465
    ],
    "phase0": [
        0.9587416028037028,
        3.7743012050133022,
        5.248909949648809
    ],
    "psi": [
        null,
        0.009879510601255137,
        null
    ]
}