{
    "cos_gwtheta": [
        0.015527024889658958,
        0.07413351922418365,
        0.10948056111969384
    ],
    "cos_inc": [
        -0.0244166620071552,
        0.02034738289084037,
        0.07085040790396357
    ],
    "gwphi": [
        3.0705733492433214,
        3.184702433496665,
        3.2744188794070475
    ],
    "log10_Mc": [
        null,
        9.774671364131047,
        null
    ],
    "log10_fgw": [
        -7.68051475534471,
        -7.6551365499973825,
        -7.623413793313222
    ],
    "log10_h": [
        -13.558707869667451,
        -13.500926268709607,
        -13.437751718329032
    ],
    "phase0": [
        null,
        5.334267716352616,
        null
    ],
    "psi": [
        null,
        0.009882955857351185,
        null
    ]
}