{
    "cos_gwtheta": [
        0.11503025519282128,
        0.165686979880719,
        0.20985251622921275
    ],
    "cos_inc": [
        -0.04982159512629991,
        -0.0059719703322327344,
        0.031809179601941295
    ],
    "gwphi": [
        3.0990849307748665,
        3.2072872041568754,
        3.3026519196800006
    ],
    "log10_Mc": [
        null,
        9.994713669082156,
        null
    ],
    "log10_fgw": [
        -7.667966708007419,
        -7.652707360931079,
        -7.639641544996963
    ],
    "log10_h": [
        -13.515266741325938,
        -13.473715251108189,
        -13.436553002814849
    ],
    "phase0": [
        null,
        0.3204600235695111,
        null
    ],
    "psi": [
        null,
        3.133294813453067,
        null
    ]
}