{
    "cos_gwtheta": [
        -0.9936928269570096,
        -0.7546690225806961,
        0.4497961879911261
    ],
    "cos_inc": [
        null,
        -0.09524618791012951,
        null
    ],
    "gwphi": [
        null,
        4.915209766268772,
        null
    ],
    "log10_Mc": [
        null,
        8.694540574473699,
        null
    ],
    "log10_fgw": [
        null,
        -6.620022807507048,
        null
    ],
    "log10_h": [
        -15.990346509630555,
        -15.47700274750311,
        -14.672367664620047
    ],
    "phase0": [
        null,
        0.710700087192347,
        null
    ],
    "psi": [
        0.009896792283032313,
        0.29539621166496555,
        2.3210676938223367
    ]
}