{
    "cos_gwtheta": [
        -0.0878627590274299,
        -0.042849537768036905,
        0.0019753436534506452
    ],
    "cos_inc": [
        -0.07008563529646328,
        -0.026085792933155383,
        0.01985236847699423
    ],
    "gwphi": [
        3.1591541847826354,
        3.2736285339401294,
        3.368427604336179
    ],
    "log10_Mc": [
        null,
        8.006363492102953,
        null
    ],
    "log10_fgw": [
        -7.682233084935095,
        -7.651177466096734,
        -7.624249492800182
    ],
    "log10_h": [
        -13.562592486695584,
        -13.492207146973115,
        -13.4295564599674
    ],
    "phase0": [
        null,
        4.04374480716785,
        null
    ],
    "psi": [
        null,
        0.009881653497507425,
        null
    ]
}