{
    "cos_gwtheta": [
        -0.12132231960069173,
        -0.07840717383891416,
        -0.03264219417889358
    ],
    "cos_inc": [
        -0.10237957838793665,
        -0.05265415524823425,
        -0.010427010201026654
    ],
    "gwphi": [
        3.1082881698636484,
        3.2161800366196793,
        3.3015703910576075
    ],
    "log10_Mc": [
        null,
        8.512996751236907,
        null
    ],
    "log10_fgw": [
        -7.6669094909860105,
        -7.654142177903008,
        -7.640206026298323
    ],
    "log10_h": [
        -13.564536517799539,
        -13.508578858470274,
        -13.45190684604319
    ],
    "phase0": [
        0.33026982113869713,
        1.3710756005127716,
        4.7814950180416265
    ],
    "psi": [
        null,
        3.13329536533946,
        null
    ]
}