{
    "cos_gwtheta": [
        -0.07687839222431514,
        -0.00985830107196295,
        0.04851403638331142
    ],
    "cos_inc": [
        -0.06138357623962698,
        -0.018798462208236555,
        0.03561585016520685
    ],
    "gwphi": [
        3.0288796933002735,
        3.129437149333169,
        3.2375509459928145
    ],
    "log10_Mc": [
        null,
        9.946737873817492,
        null
    ],
    "log10_fgw": [
        -7.673961359619813,
        -7.650591845786333,
        -7.625412017500963
    ],
    "log10_h": [
        -13.50109564631295,
        -13.450334204085724,
        -13.394114542264175
    ],
    "phase0": [
        null,
        0.5603987920554534,
        null
    ],
    "psi": [
        null,
        0.009866132572402406,
        null
    ]
}