{
    "cos_gwtheta": [
        null,
        -0.056870406178492594,
        null
    ],
    "cos_inc": [
        -0.8260466683073187,
        -0.01867711756570778,
        0.5963953012628149
    ],
    "gwphi": [
        null,
        2.3619305619967723,
        null
    ],
    "log10_Mc": [
        null,
        9.84178458565361,
        null
    ],
    "log10_fgw": [
        null,
        -6.524392432011983,
        null
    ],
    "log10_h": [
        -15.989987249823365,
        -15.580261813450301,
        -14.686631065860054
    ],
    "phase0": [
        null,
        0.019903387403494014,
        null
    ],
    "psi": [
        null,
        0.25010817143076114,
        null
    ]
}