{
    "cos_gwtheta": [
        null,
        0.9180997003374639,
        null
    ],
    "cos_inc": [
        -0.7516269055326407,
        -0.228849543014207,
        0.6542445105971904
    ],
    "gwphi": [
        null,
        3.1434118109579865,
        null
    ],
    "log10_Mc": [
        null,
        8.226307302275979,
        null
    ],
    "log10_fgw": [
        null,
        -7.7383560379718626,
        null
    ],
    "log10_h": [
        -15.989592213963473,
        -15.815628797220887,
        -14.567301519423433
    ],
    "phase0": [
        null,
        4.554745667574063,
        null
    ],
    "psi": [
        null,
        1.4514742485243726,
        null
    ]
}