{
    "cos_gwtheta": [
        -0.11674181630559899,
        -0.07209507108815083,
        -0.02937020563171855
    ],
    "cos_inc": [
        -0.013995040668396963,
        0.030805891549403053,
        0.07619118375265266
    ],
    "gwphi": [
        3.101011542724395,
        3.2077674369202405,
        3.29805242172587
    ],
    "log10_Mc": [
        null,
        8.627547304549116,
        null
    ],
    "log10_fgw": [
        -7.668490894753154,
        -7.64224591779898,
        -7.62256218508335
    ],
    "log10_h": [
        -13.59256122822392,
        -13.526349913726376,
        -13.470793293515793
    ],
    "phase0": [
        null,
        1.7327558096177644,
        null
    ],
    "psi": [
        null,
        0.00986593783666976,
        null
    ]
}