{
    "cos_gwtheta": [
        -0.05095172288129035,
        -0.01472115862610135,
        0.026632919766185092
    ],
    "cos_inc": [
        -0.12993948585247472,
        -0.08635432366968587,
        -0.04125971864073996
    ],
    "gwphi": [
        3.077294663068048,
        3.166646933715623,
        3.264590768848542
    ],
    "log10_Mc": [
        null,
        9.382786712433965,
        null
    ],
    "log10_fgw": [
        -7.675203332163164,
        -7.653849044417844,
        -7.628192027052198
    ],
    "log10_h": [
        -13.591368588207754,
        -13.527741305747652,
        -13.467396383097
    ],
    "phase0": [
        null,
        6.146523513893558,
        null
    ],
    "psi": [
        null,
        0.0098886472838382,
        null
    ]
}