{
    "cos_gwtheta": [
        null,
        0.8417978143697527,
        null
    ],
    "cos_inc": [
        -0.7953699151061686,
        -0.1238412646294893,
        0.6341887074217697
    ],
    "gwphi": [
        null,
        0.25964536133981975,
        null
    ],
    "log10_Mc": [
        null,
        9.994715330616126,
        null
    ],
    "log10_fgw": [
        null,
        -7.795796904743993,
        null
    ],
    "log10_h": [
        -15.987603444429226,
        -15.629576462558521,
        -14.548044791146252
    ],
    "phase0": [
        null,
        0.5603201415951662,
        null
    ],
    "psi": [
        null,
        0.01003525535811678,
        null
    ]
}