{
    "cos_gwtheta": [
        -0.037466597973220495,
        0.0063975241775423575,
        0.06406371924643317
    ],
    "cos_inc": [
        -0.11045231887690621,
        -0.064726721463916,
        -0.022127660626172885
    ],
    "gwphi": [
        3.0452647437164604,
        3.162510356500551,
        3.2706436159594534
    ],
    "log10_Mc": [
        null,
        8.102024620390283,
        null
    ],
    "log10_fgw": [
        -7.682982534880908,
        -7.651289726206747,
        -7.625429949803904
    ],
    "log10_h": [
        -13.573336587730983,
        -13.503621708536134,
        -13.43235760980362
    ],
    "phase0": [
        1.8846810366358362,
        4.194310064692073,
        6.266541464763086
    ],
    "psi": [
        1.5420821095225028,
        1.5956579669555289,
        1.6586704810955082
    ]
}