{
    "cos_gwtheta": [
        null,
        0.19174620065379555,
        null
    ],
    "cos_inc": [
        -0.5650588644466782,
        0.08655867959129426,
        0.8521148421015763
    ],
    "gwphi": [
        null,
        3.23343613704366,
        null
    ],
    "log10_Mc": [
        null,
        8.350513145936333,
        null
    ],
    "log10_fgw": [
        -7.675395047812194,
        -6.944974196929346,
        -6.505289878578685
    ],
    "log10_h": [
        -15.990001466570511,
        -15.487957851795047,
        -14.581938373082426
    ],
    "phase0": [
        null,
        1.7921596295238909,
        null
    ],
    "psi": [
        0.009866780598789485,
        1.0460065111640413,
        2.373277453332191
    ]
}