{
    "cos_gwtheta": [
        null,
        0.8990497104444803,
        null
    ],
    "cos_inc": [
        -0.5071011302445506,
        -0.028273896368707363,
        0.8967694142585445
    ],
    "gwphi": [
        null,
        3.68377427816447,
        null
    ],
    "log10_Mc": [
        8.508663285219413,
        9.727030900391936,
        9.99468600240307
    ],
    "log10_fgw": [
        null,
        -6.581663591079192,
        null
    ],
    "log10_h": [
        -15.986067002093659,
        -15.159695603394754,
        -14.608781337595484
    ],
    "phase0": [
        null,
        5.576167372926789,
        null
    ],
    "psi": [
        null,
        0.5356366940964565,
        null
    ]
}