{
    "cos_gwtheta": [
        null,
        0.8513401702049075,
        null
    ],
    "cos_inc": [
        -0.7326110834673213,
        -0.02823657014676062,
        0.6819049846436747
    ],
    "gwphi": [
        null,
        5.485643644892827,
        null
    ],
    "log10_Mc": [
        null,
        8.178301795022785,
        null
    ],
    "log10_fgw": [
        null,
        -6.686841264767839,
        null
    ],
    "log10_h": [
        -15.986239803621089,
        -15.526286487439668,
        -14.57377446876907
    ],
    "phase0": [
        null,
        2.692445284080468,
        null
    ],
    "psi": [
        null,
        0.745791595138085,
        null
    ]
}