{
    "cos_gwtheta": [
        -0.09318633420417699,
        -0.04622501969280668,
        -0.004914651740895892
    ],
    "cos_inc": [
        -0.07946354464055749,
        -0.03826939641894245,
        0.007828817067150662
    ],
    "gwphi": [
        3.1138873557958595,
        3.216589572673563,
        3.3168464986732262
    ],
    "log10_Mc": [
        null,
        8.790204370852367,
        null
    ],
    "log10_fgw": [
        -7.6770961090038305,
        -7.653168976213207,
        -7.624810892905802
    ],
    "log10_h": [
        -13.547784835425954,
        -13.489814600916054,
        -13.439283024816715
    ],
    "phase0": [
        null,
        0.6500858420515538,
        null
    ],
    "psi": [
        1.5467988176219623,
        1.6097392466979739,
        1.6652749194121017
    ]
}