{
    "cos_gwtheta": [
        0.058432036673608745,
        0.11532351697365573,
        0.16167280603599443
    ],
    "cos_inc": [
        -0.05363016351206218,
        -0.012533667012081584,
        0.03595675982053148
    ],
    "gwphi": [
        3.13703123450488,
        3.2481411251719816,
        3.3558322499724027
    ],
    "log10_Mc": [
        null,
        9.00065510657041,
        null
    ],
    "log10_fgw": [
        -7.676798083728459,
        -7.651228973376432,
        -7.626837387843247
    ],
    "log10_h": [
        -13.59481219453193,
        -13.540789768782155,
        -13.48653143724308
    ],
    "phase0": [
        0.8146518158223233,
        2.3626389336368523,
        5.262459837952849
    ],
    "psi": [
        1.5380786548539815,
        1.5995535426447862,
        1.6514592262040035
    ]
}