{
    "cos_gwtheta": [
        -0.06613533165886665,
        -0.023765843132514286,
        0.017547707985081762
    ],
    "cos_inc": [
        -0.031582048998994416,
        0.007142818120257632,
        0.04250030549000949
    ],
    "gwphi": [
        3.0638626216224654,
        3.145065955808389,
        3.2188089130019666
    ],
    "log10_Mc": [
        null,
        8.455796217966933,
        null
    ],
    "log10_fgw": [
        -7.666785096842108,
        -7.64789165385858,
        -7.632776899471758
    ],
    "log10_h": [
        -13.529691230495985,
        -13.479153321586704,
        -13.437336556250266
    ],
    "phase0": [
        null,
        3.6834877262026287,
        null
    ],
    "psi": [
        1.4530444549323982,
        1.4945299160769878,
        1.5317277736954604
    ]
}