{
    "cos_gwtheta": [
        null,
        0.16240235204584907,
        null
    ],
    "cos_inc": [
        -0.06659704836414393,
        -0.02218826449488076,
        0.024070885368935202
    ],
    "gwphi": [
        3.1536503653975054,
        3.2542959830209512,
        3.3353987622709127
    ],
    "log10_Mc": [
        null,
        8.599123801882918,
        null
    ],
    "log10_fgw": [
        -7.657501998250098,
        -7.657501998250098,
        -7.641251532277185
    ],
    "log10_h": [
        -13.58530943734059,
        -13.525377558520667,
        -13.454278248864732
    ],
    "phase0": [
        null,
        4.252693224941014,
        null
    ],
    "psi": [
        null,
        3.133297607516317,
        null
    ]
}