{
    "cos_gwtheta": [
        null,
        -0.993705180251084,
        null
    ],
    "cos_inc": [
        -0.47727039966026796,
        -0.06643687836693235,
        0.926642795078817
    ],
    "gwphi": [
        null,
        1.671603864035927,
        null
    ],
    "log10_Mc": [
        null,
        8.828394309277174,
        null
    ],
    "log10_fgw": [
        null,
        -6.50528319661103,
        null
    ],
    "log10_h": [
        -15.98805025635764,
        -15.98805025635764,
        -14.580071204207739
    ],
    "phase0": [
        null,
        1.4910176327127596,
        null
    ],
    "psi": [
        null,
        0.1752263798788048,
        null
    ]
}