{
    "cos_gwtheta": [
        -0.1118220880089027,
        -0.05457351923040665,
        0.003051684869000537
    ],
    "cos_inc": [
        -0.06152325776501866,
        -0.014302587301860958,
        0.03078052194691505
    ],
    "gwphi": [
        2.857739725650835,
        2.9608218790307816,
        3.105136893762707
    ],
    "log10_Mc": [
        null,
        9.851333570631024,
        null
    ],
    "log10_fgw": [
        -7.675978407029847,
        -7.64896557833698,
        -7.622682826095271
    ],
    "log10_h": [
        -13.539462312029045,
        -13.48075488394678,
        -13.41778238630298
    ],
    "phase0": [
        1.7786232515377915,
        4.34492099568134,
        6.26652076709944
    ],
    "psi": [
        1.5490404997210554,
        1.602016741972485,
        1.6535455459110338
    ]
}