{
    "cos_gwtheta": [
        -0.05001140581582658,
        -0.010530793169608671,
        0.02361766776864302
    ],
    "cos_inc": [
        -0.017403463131989205,
        0.02596446269118785,
        0.0642601164882623
    ],
    "gwphi": [
        3.0828609242814604,
        3.1724572385261363,
        3.2474454580570065
    ],
    "log10_Mc": [
        null,
        8.312155057160291,
        null
    ],
    "log10_fgw": [
        -7.651246499732653,
        -7.649052956819219,
        -7.646648833786094
    ],
    "log10_h": [
        -13.554940799965419,
        -13.49363680917556,
        -13.422754069824789
    ],
    "phase0": [
        null,
        0.019764518608773797,
        null
    ],
    "psi": [
        1.4860389787523631,
        1.5234444394766493,
        1.5637089163072504
    ]
}