{
    "cos_gwtheta": [
        null,
        0.8163140289238214,
        null
    ],
    "cos_inc": [
        -0.07192416697540638,
        0.03274153194961349,
        0.3210990447598192
    ],
    "gwphi": [
        null,
        2.358887236427834,
        null
    ],
    "log10_Mc": [
        null,
        8.388497697084778,
        null
    ],
    "log10_fgw": [
        -7.833153587987625,
        -7.8153533315107495,
        -7.798684883249166
    ],
    "log10_h": [
        -14.132402398874463,
        -13.9587322611198,
        -13.842697707543058
    ],
    "phase0": [
        null,
        6.266537886459625,
        null
    ],
    "psi": [
        null,
        0.7455408225954934,
        null
    ]
}