{
    "cos_gwtheta": [
        null,
        0.8608364502475455,
        null
    ],
    "cos_inc": [
        null,
        0.06740735363823047,
        null
    ],
    "gwphi": [
        null,
        3.923796404143213,
        null
    ],
    "log10_Mc": [
        null,
        8.32187967709454,
        null
    ],
    "log10_fgw": [
        -7.566138036966031,
        -6.505280443187653,
        -6.505280443187653
    ],
    "log10_h": [
        -15.990472057358364,
        -15.874666759905102,
        -14.690444796077841
    ],
    "phase0": [
        null,
        0.410200473543379,
        null
    ],
    "psi": [
        0.4172428260859313,
        2.0072052635532853,
        2.7422114748225743
    ]
}