{
    "cos_gwtheta": [
        -0.07462742467421934,
        -0.024369690646745212,
        0.015036941715706131
    ],
    "cos_inc": [
        -0.03724107672706223,
        -0.0011836181415061375,
        0.04033709174489175
    ],
    "gwphi": [
        3.007585712224185,
        3.1564883790138643,
        3.253186126769711
    ],
    "log10_Mc": [
        8.006353768107164,
        8.19745270643049,
        9.466540556981442
    ],
    "log10_fgw": [
        -7.682262330736441,
        -7.655009609817086,
        -7.6258240718112535
    ],
    "log10_h": [
        -13.519734344274115,
        -13.461122046317099,
        -13.411991149500189
    ],
    "phase0": [
        null,
        5.724785658422504,
        null
    ],
    "psi": [
        0.009871625690092522,
        0.009871625690092522,
        0.20885366356099516
    ]
}