{
    "cos_gwtheta": [
        -0.09196865468027915,
        -0.026569921028407606,
        0.021983684258587988
    ],
    "cos_inc": [
        -0.027359193479262744,
        0.01774782808123687,
        0.060734434098294265
    ],
    "gwphi": [
        2.9223570359116953,
        3.0618814610148744,
        3.1810460987639413
    ],
    "log10_Mc": [
        null,
        9.994618690648522,
        null
    ],
    "log10_fgw": [
        -7.679493287754357,
        -7.653162314012517,
        -7.622987402498147
    ],
    "log10_h": [
        -13.521316160055104,
        -13.465049445414046,
        -13.404871140985108
    ],
    "phase0": [
        null,
        2.061974576150215,
        null
    ],
    "psi": [
        1.446101165942487,
        1.5042752686441567,
        1.5661626119438055
    ]
}