{
    "cos_gwtheta": [
        null,
        0.841789540531449,
        null
    ],
    "cos_inc": [
        -0.3169849601878033,
        0.2969017185656804,
        0.9947081182242402
    ],
    "gwphi": [
        null,
        2.3318895925783933,
        null
    ],
    "log10_Mc": [
        null,
        9.459344553291933,
        null
    ],
    "log10_fgw": [
        null,
        -6.715725847590686,
        null
    ],
    "log10_h": [
        -15.990018478956284,
        -15.490343366988212,
        -14.241313014639541
    ],
    "phase0": [
        null,
        1.0106320191601175,
        null
    ],
    "psi": [
        null,
        2.3373796016397086,
        null
    ]
}