{
    "cos_gwtheta": [
        null,
        -0.9937121354943331,
        null
    ],
    "cos_inc": [
        null,
        0.19171129089500183,
        null
    ],
    "gwphi": [
        null,
        5.215751104761314,
        null
    ],
    "log10_Mc": [
        null,
        8.34077794742641,
        null
    ],
    "log10_fgw": [
        -7.565217858403963,
        -6.954512430157555,
        -6.50528300573273
    ],
    "log10_h": [
        -15.99046883150403,
        -15.918243042099226,
        -14.50111286581913
    ],
    "phase0": [
        null,
        0.5001547139827488,
        null
    ],
    "psi": [
        null,
        0.7308431169920345,
        null
    ]
}