{
    "cos_gwtheta": [
        0.06856884523881046,
        0.12486914707426888,
        0.18458158841490668
    ],
    "cos_inc": [
        -0.10755714480330592,
        -0.06570705590834636,
        -0.03057987285996666
    ],
    "gwphi": [
        3.0580117993999636,
        3.1693363226181255,
        3.263777505822159
    ],
    "log10_Mc": [
        null,
        9.000625998445946,
        null
    ],
    "log10_fgw": [
        -7.679580591806828,
        -7.656360755104378,
        -7.626889423905114
    ],
    "log10_h": [
        -13.52290353229946,
        -13.469523481918225,
        -13.40665364480255
    ],
    "phase0": [
        null,
        4.734657657558475,
        null
    ],
    "psi": [
        null,
        3.1332941798076845,
        null
    ]
}