{
    "cos_gwtheta": [
        -0.9937125288128907,
        -0.9744231398829148,
        0.44802014894304176
    ],
    "cos_inc": [
        -0.6391312228491185,
        -0.04733273521960668,
        0.7711627537195972
    ],
    "gwphi": [
        null,
        5.546212317873008,
        null
    ],
    "log10_Mc": [
        null,
        9.354389372606281,
        null
    ],
    "log10_fgw": [
        null,
        -6.772950668745145,
        null
    ],
    "log10_h": [
        -15.984930685475774,
        -15.205345187512057,
        -14.506340698206362
    ],
    "phase0": [
        null,
        6.266523004128465,
        null
    ],
    "psi": [
        null,
        0.760502516141544,
        null
    ]
}