{
    "cos_gwtheta": [
        -0.11457372565537405,
        -0.06039277133700138,
        -0.02160908553805896
    ],
    "cos_inc": [
        -0.10480985169423152,
        -0.06046316083380887,
        -0.011312245130173815
    ],
    "gwphi": [
        3.1208774581907965,
        3.209379031988636,
        3.3279831819081895
    ],
    "log10_Mc": [
        null,
        8.933600735433076,
        null
    ],
    "log10_fgw": [
        -7.67237715824283,
        -7.649399870695991,
        -7.624986502677474
    ],
    "log10_h": [
        -13.603812928224476,
        -13.546239348582187,
        -13.491429300762729
    ],
    "phase0": [
        null,
        0.9809100170746251,
        null
    ],
    "psi": [
        1.454647121630722,
        1.5132161946874612,
        1.5785669498876125
    ]
}