{
    "cos_gwtheta": [
        null,
        0.32549504330756784,
        null
    ],
    "cos_inc": [
        -0.7417252013757403,
        -0.31497337469424735,
        0.6819077563189508
    ],
    "gwphi": [
        null,
        0.44028245630171003,
        null
    ],
    "log10_Mc": [
        null,
        9.688846260651571,
        null
    ],
    "log10_fgw": [
        -7.5429506242220885,
        -6.811339901121127,
        -6.505292360253397
    ],
    "log10_h": [
        -15.98816215740788,
        -15.790000702975057,
        -14.556080417716611
    ],
    "phase0": [
        null,
        5.214983283083409,
        null
    ],
    "psi": [
        null,
        2.863091208642349,
        null
    ]
}