{
    "cos_gwtheta": [
        -0.007631580324765963,
        0.0685126009461745,
        0.1039284992117282
    ],
    "cos_inc": [
        -0.04935650825433824,
        -0.0007040690804371863,
        0.04119660302443284
    ],
    "gwphi": [
        2.9091177497213714,
        3.011119285711697,
        3.139384690250429
    ],
    "log10_Mc": [
        null,
        9.717483569737098,
        null
    ],
    "log10_fgw": [
        -7.677420517848562,
        -7.648416240726807,
        -7.62019586298672
    ],
    "log10_h": [
        -13.578447180072281,
        -13.505901354045125,
        -13.44548952738906
    ],
    "phase0": [
        null,
        0.7107028385683769,
        null
    ],
    "psi": [
        1.5360144582108226,
        1.589587656165305,
        1.649857503864098
    ]
}