{
    "cos_gwtheta": [
        -0.07171754266266706,
        -0.027838747129753316,
        0.008552793609845843
    ],
    "cos_inc": [
        -0.06963929760298049,
        -0.030444820241922743,
        0.01587592573023644
    ],
    "gwphi": [
        3.0799419187039194,
        3.159815844885937,
        3.268050802828236
    ],
    "log10_Mc": [
        null,
        8.436445385821575,
        null
    ],
    "log10_fgw": [
        -7.6773144172655545,
        -7.652304241402244,
        -7.623248301796338
    ],
    "log10_h": [
        -13.536958751387871,
        -13.476195071152283,
        -13.40434870710014
    ],
    "phase0": [
        null,
        1.8215030772355212,
        null
    ],
    "psi": [
        1.5001822432864658,
        1.5570444273000126,
        1.616046585980736
    ]
}