{
    "cos_gwtheta": [
        -0.15051148073604914,
        -0.05355327140450916,
        0.03867987899274539
    ],
    "cos_inc": [
        -0.052938094674919056,
        0.029390524727173406,
        0.08401428652617515
    ],
    "gwphi": [
        3.0837908725375414,
        3.1740314315329123,
        3.2839934371961457
    ],
    "log10_Mc": [
        null,
        9.344579011214595,
        null
    ],
    "log10_fgw": [
        -7.673392525079251,
        -7.648468621562941,
        -7.624370012865053
    ],
    "log10_h": [
        -13.596044949336514,
        -13.539843583263043,
        -13.485019701652158
    ],
    "phase0": [
        null,
        3.8633776435787426,
        null
    ],
    "psi": [
        1.4875727689749854,
        1.5492159214801953,
        1.6093179951727752
    ]
}