{
    "cos_gwtheta": [
        -0.49375920556293496,
        0.04832807695336694,
        0.8980488980069832
    ],
    "cos_inc": [
        null,
        -0.01868535769166635,
        null
    ],
    "gwphi": [
        1.7497354993639749,
        3.473386546876885,
        6.266588371244489
    ],
    "log10_Mc": [
        null,
        8.006290707668633,
        null
    ],
    "log10_fgw": [
        null,
        -7.690683916203842,
        null
    ],
    "log10_h": [
        null,
        -15.98821891615605,
        null
    ],
    "phase0": [
        null,
        1.2211209276175177,
        null
    ],
    "psi": [
        null,
        0.7308713504431702,
        null
    ]
}