{
    "cos_gwtheta": [
        null,
        -0.8310287331630385,
        null
    ],
    "cos_inc": [
        -0.5721178405499662,
        0.14396859185406896,
        0.8117326129628581
    ],
    "gwphi": [
        null,
        3.713861100231294,
        null
    ],
    "log10_Mc": [
        null,
        8.00631184904929,
        null
    ],
    "log10_fgw": [
        null,
        -7.872468605121136,
        null
    ],
    "log10_h": [
        -15.931334882758668,
        -14.507012445058301,
        -14.41812669655561
    ],
    "phase0": [
        null,
        1.0105953410912643,
        null
    ],
    "psi": [
        null,
        2.6828449307922755,
        null
    ]
}