{
    "cos_gwtheta": [
        null,
        0.0865213932297273,
        null
    ],
    "cos_inc": [
        null,
        -0.16206716369590735,
        null
    ],
    "gwphi": [
        null,
        5.69615834912823,
        null
    ],
    "log10_Mc": [
        null,
        8.914493393327087,
        null
    ],
    "log10_fgw": [
        -7.55606374235848,
        -6.820675767636324,
        -6.505282223042126
    ],
    "log10_h": [
        -15.990535667190333,
        -15.903951008307558,
        -14.637238420915265
    ],
    "phase0": [
        null,
        0.2304211238956734,
        null
    ],
    "psi": [
        null,
        2.2920691519538736,
        null
    ]
}