{
    "cos_gwtheta": [
        -0.10428995726058432,
        -0.052627988421360405,
        0.0008103231859741822
    ],
    "cos_inc": [
        -0.11814904360593614,
        -0.06171397706457282,
        0.0025912858311984976
    ],
    "gwphi": [
        3.1459961708218245,
        3.2361458138015218,
        3.33192980946745
    ],
    "log10_Mc": [
        null,
        8.149677196272615,
        null
    ],
    "log10_fgw": [
        -7.665660727422372,
        -7.645820935314885,
        -7.629510922171305
    ],
    "log10_h": [
        -13.61724681057279,
        -13.553892710899717,
        -13.500956840950662
    ],
    "phase0": [
        null,
        2.782998740956036,
        null
    ],
    "psi": [
        null,
        3.1033106464120963,
        null
    ]
}