{
    "cos_gwtheta": [
        -0.4820603774396053,
        0.6408391005208037,
        0.9852453154716497
    ],
    "cos_inc": [
        -0.7823003985417849,
        0.12470234814295122,
        0.6312000450966944
    ],
    "gwphi": [
        null,
        1.7915253515296885,
        null
    ],
    "log10_Mc": [
        null,
        8.312323586993823,
        null
    ],
    "log10_fgw": [
        null,
        -6.591385187385258,
        null
    ],
    "log10_h": [
        -15.988187306695368,
        -15.916561162234988,
        -14.473219740791174
    ],
    "phase0": [
        null,
        5.515452428525989,
        null
    ],
    "psi": [
        null,
        1.961896489075154,
        null
    ]
}