{
    "cos_gwtheta": [
        -0.09016677589303979,
        -0.04954292620969791,
        -0.010164251995577134
    ],
    "cos_inc": [
        -0.04048123329018605,
        -0.004274141589514557,
        0.037870447464000256
    ],
    "gwphi": [
        3.1335061943500397,
        3.218141273054884,
        3.3003302512191266
    ],
    "log10_Mc": [
        null,
        9.89901415714954,
        null
    ],
    "log10_fgw": [
        -7.665091121000367,
        -7.648107952511024,
        -7.631239535160122
    ],
    "log10_h": [
        -13.571878459307671,
        -13.52746803063103,
        -13.485061079939802
    ],
    "phase0": [
        null,
        4.824436624770457,
        null
    ],
    "psi": [
        null,
        0.009869644997333107,
        null
    ]
}