{
    "cos_gwtheta": [
        null,
        1.9255728925748894e-05,
        null
    ],
    "cos_inc": [
        -0.05784787534882896,
        -0.018286934565638013,
        0.021102746733642985
    ],
    "gwphi": [
        3.0939155068554847,
        3.1592473228705398,
        3.2460908344027475
    ],
    "log10_Mc": [
        null,
        8.43664779799985,
        null
    ],
    "log10_fgw": [
        -7.669884776078327,
        -7.653997403615281,
        -7.637452622636524
    ],
    "log10_h": [
        -13.564210117738728,
        -13.497104698338058,
        -13.424558298985982
    ],
    "phase0": [
        null,
        5.064847621758362,
        null
    ],
    "psi": [
        null,
        3.1332978644791587,
        null
    ]
}