{
    "cos_gwtheta": [
        -0.14784841431134133,
        -0.08510353082088085,
        -0.026127108801318855
    ],
    "cos_inc": [
        -0.09598984374411057,
        -0.04979599947656399,
        -0.011532428903016867
    ],
    "gwphi": [
        2.8084443756034174,
        2.9327204147504147,
        3.0682404764869022
    ],
    "log10_Mc": [
        null,
        9.956417522304099,
        null
    ],
    "log10_fgw": [
        -7.675969387699643,
        -7.646473181079712,
        -7.623196054168804
    ],
    "log10_h": [
        -13.571140464720418,
        -13.507754197058174,
        -13.45316439103069
    ],
    "phase0": [
        null,
        1.281033536659985,
        null
    ],
    "psi": [
        null,
        0.00987596656105574,
        null
    ]
}