{
    "cos_gwtheta": [
        null,
        0.33511494261685404,
        null
    ],
    "cos_inc": [
        null,
        0.14396654136181408,
        null
    ],
    "gwphi": [
        null,
        0.01974868229174922,
        null
    ],
    "log10_Mc": [
        null,
        8.006286157828649,
        null
    ],
    "log10_fgw": [
        -7.647533442250502,
        -6.744322803255967,
        -6.505296121602195
    ],
    "log10_h": [
        -15.987963411931974,
        -15.768496399654982,
        -14.571887698401223
    ],
    "phase0": [
        null,
        0.019875300239181912,
        null
    ],
    "psi": [
        0.8220460515735386,
        3.1332618687505454,
        3.1332618687505454
    ]
}