{
    "cos_gwtheta": [
        0.5882057473683153,
        0.6361595411847796,
        0.6857237235995579
    ],
    "cos_inc": [
        -0.0853702757610651,
        -0.023350408177348403,
        0.0290827921773395
    ],
    "gwphi": [
        3.258213459641848,
        3.3526444510915923,
        3.507599227502385
    ],
    "log10_Mc": [
        null,
        8.006517500219044,
        null
    ],
    "log10_fgw": [
        -7.940650313263172,
        -7.913653757245518,
        -7.888681942929189
    ],
    "log10_h": [
        -14.036020370221904,
        -13.97659031087314,
        -13.921422653321933
    ],
    "phase0": [
        null,
        5.485510081823205,
        null
    ],
    "psi": [
        1.8696339084025715,
        2.002887513137897,
        2.120386997116336
    ]
}