{
    "cos_gwtheta": [
        -0.8798954872706967,
        0.02926783356698781,
        0.4019213907082435
    ],
    "cos_inc": [
        -0.2159326447948574,
        0.1535312386878791,
        0.9946680670689207
    ],
    "gwphi": [
        null,
        1.4013323765099153,
        null
    ],
    "log10_Mc": [
        null,
        9.096039915965438,
        null
    ],
    "log10_fgw": [
        null,
        -6.868420804711956,
        null
    ],
    "log10_h": [
        null,
        -14.119258867052936,
        null
    ],
    "phase0": [
        null,
        5.725567315610087,
        null
    ],
    "psi": [
        null,
        2.3973396554261517,
        null
    ]
}