{
    "cos_gwtheta": [
        -0.007170037965063436,
        0.03253811689647934,
        0.10961865280418004
    ],
    "cos_inc": [
        -0.051673453599775154,
        -0.008383978768604305,
        0.04261458062154211
    ],
    "gwphi": [
        3.150154776424318,
        3.2477266925722335,
        3.3662950970051435
    ],
    "log10_Mc": [
        null,
        9.430690222500786,
        null
    ],
    "log10_fgw": [
        -7.684184595294074,
        -7.6539687771387115,
        -7.626872011180032
    ],
    "log10_h": [
        -13.59268964422448,
        -13.525672126706556,
        -13.464260637269978
    ],
    "phase0": [
        null,
        0.08011021069480213,
        null
    ],
    "psi": [
        1.5212170199184674,
        1.574677239479487,
        1.6373547382751652
    ]
}