{
    "cos_gwtheta": [
        null,
        -0.7259683045407885,
        null
    ],
    "cos_inc": [
        null,
        -0.06642004818858904,
        null
    ],
    "gwphi": [
        null,
        5.095779080770892,
        null
    ],
    "log10_Mc": [
        null,
        8.178305336212624,
        null
    ],
    "log10_fgw": [
        null,
        -6.887682786623336,
        null
    ],
    "log10_h": [
        -15.990555203798738,
        -15.918921575422143,
        -14.584148300004909
    ],
    "phase0": [
        null,
        3.593158027055966,
        null
    ],
    "psi": [
        0.6721031262646419,
        2.0821533265090335,
        3.00552691798498
    ]
}