{
    "cos_gwtheta": [
        0.08065082100361987,
        0.14508086727512182,
        0.2100896265370864
    ],
    "cos_inc": [
        -0.03313759680120543,
        0.013787683931069106,
        0.0533870769540854
    ],
    "gwphi": [
        3.125725979067923,
        3.2404922124537014,
        3.34230096787657
    ],
    "log10_Mc": [
        null,
        8.752024873123087,
        null
    ],
    "log10_fgw": [
        -7.672589108304036,
        -7.645186953150138,
        -7.617784797996239
    ],
    "log10_h": [
        -13.560772098279276,
        -13.506290470961467,
        -13.444025754026828
    ],
    "phase0": [
        null,
        1.851605735802548,
        null
    ],
    "psi": [
        1.507503669226622,
        1.5611080699737712,
        1.6207017892401547
    ]
}