{
    "cos_gwtheta": [
        -0.99366026488758,
        -0.99366026488758,
        0.5057254137052397
    ],
    "cos_inc": [
        null,
        0.009925976465216868,
        null
    ],
    "gwphi": [
        null,
        0.0200312774733148,
        null
    ],
    "log10_Mc": [
        null,
        8.312161669190191,
        null
    ],
    "log10_fgw": [
        null,
        -7.002427728607532,
        null
    ],
    "log10_h": [
        -15.986521501627866,
        -15.78124221729403,
        -14.490671415161975
    ],
    "phase0": [
        null,
        5.846116421157213,
        null
    ],
    "psi": [
        null,
        2.2923912258178354,
        null
    ]
}