{
    "cos_gwtheta": [
        null,
        0.1726004281716116,
        null
    ],
    "cos_inc": [
        -0.5686758446639949,
        0.17263344615172338,
        0.8461352079523772
    ],
    "gwphi": [
        null,
        6.056571274923324,
        null
    ],
    "log10_Mc": [
        null,
        8.12103737051987,
        null
    ],
    "log10_fgw": [
        null,
        -7.117173694939824,
        null
    ],
    "log10_h": [
        -15.99070975947662,
        -15.693680680886603,
        -14.61349473468746
    ],
    "phase0": [
        null,
        4.40468909261185,
        null
    ],
    "psi": [
        null,
        2.097187996778397,
        null
    ]
}