{
    "cos_gwtheta": [
        -0.10290527542238515,
        -0.055314046939609285,
        -0.004820914281054467
    ],
    "cos_inc": [
        0.0031415062537751837,
        0.04714154351684241,
        0.09724242628277202
    ],
    "gwphi": [
        3.128803883887684,
        3.2435794651954137,
        3.3381005321547206
    ],
    "log10_Mc": [
        null,
        9.03858871595603,
        null
    ],
    "log10_fgw": [
        -7.666850142290709,
        -7.6489884046769525,
        -7.625889014680214
    ],
    "log10_h": [
        -13.578796260469108,
        -13.521308469790984,
        -13.456822165465088
    ],
    "phase0": [
        null,
        0.8606947617196951,
        null
    ],
    "psi": [
        1.4824926243191145,
        1.5396701145482636,
        1.6052645957248508
    ]
}