{
    "cos_gwtheta": [
        -0.07343447446802664,
        -0.018677912155281085,
        0.03274690165695349
    ],
    "cos_inc": [
        -0.011895005090979183,
        0.03449505889411636,
        0.0813921181140217
    ],
    "gwphi": [
        3.071840408013829,
        3.167696305211817,
        3.2538128331757847
    ],
    "log10_Mc": [
        null,
        8.006297388494797,
        null
    ],
    "log10_fgw": [
        -7.668276891952988,
        -7.649826804171814,
        -7.632226391485826
    ],
    "log10_h": [
        -13.63366650632317,
        -13.575047127814052,
        -13.509182657579089
    ],
    "phase0": [
        null,
        0.50015900660413,
        null
    ],
    "psi": [
        null,
        1.571432171321795,
        null
    ]
}