{
    "cos_gwtheta": [
        -0.1401491778270333,
        -0.08542036840791889,
        -0.04137435962616909
    ],
    "cos_inc": [
        -0.07910473119408823,
        -0.02558878760147687,
        0.021827912419917883
    ],
    "gwphi": [
        3.177045940181427,
        3.2880008754342223,
        3.3959242550790174
    ],
    "log10_Mc": [
        null,
        9.994702671710563,
        null
    ],
    "log10_fgw": [
        -7.676437716242698,
        -7.654414298130305,
        -7.627788971755621
    ],
    "log10_h": [
        -13.635892104368697,
        -13.580270996664467,
        -13.53021199973066
    ],
    "phase0": [
        null,
        0.019726961272745633,
        null
    ],
    "psi": [
        0.009871478471709735,
        0.009871478471709735,
        1.9343988048631773
    ]
}