{
    "cos_gwtheta": [
        0.09243746480120918,
        0.16876355928684394,
        0.25316091893647685
    ],
    "cos_inc": [
        -0.007456974906534297,
        0.05266718307884832,
        0.10823935433978571
    ],
    "gwphi": [
        3.100749032993795,
        3.1994165461893056,
        3.3208534855068574
    ],
    "log10_Mc": [
        null,
        8.809309945460273,
        null
    ],
    "log10_fgw": [
        -7.675280032095545,
        -7.64693452430271,
        -7.620812193591665
    ],
    "log10_h": [
        -13.629982149003464,
        -13.572566021350418,
        -13.510447710829235
    ],
    "phase0": [
        null,
        5.005256331259743,
        null
    ],
    "psi": [
        1.4434193984729569,
        1.5004229937803282,
        1.5685191806069718
    ]
}