{
    "cos_gwtheta": [
        -0.05775669803607636,
        -0.02140731122878342,
        0.001030941155862608
    ],
    "cos_inc": [
        0.05357701440163021,
        0.09290254887925986,
        0.13882022497452706
    ],
    "gwphi": [
        3.1510267440958266,
        3.2022673579625587,
        3.2670368467776023
    ],
    "log10_Mc": [
        null,
        8.197459788002098,
        null
    ],
    "log10_fgw": [
        -7.651072062188262,
        -7.649530791661479,
        -7.645536855421249
    ],
    "log10_h": [
        -13.591614824668488,
        -13.546295610093315,
        -13.50639356110876
    ],
    "phase0": [
        null,
        3.1130070706626087,
        null
    ],
    "psi": [
        null,
        0.00986491079481845,
        null
    ]
}