{
    "cos_gwtheta": [
        0.014065868601055742,
        0.07975119000121089,
        0.13062320449806708
    ],
    "cos_inc": [
        -0.01738102228872651,
        0.03774197368618204,
        0.09362791770226597
    ],
    "gwphi": [
        3.047325693135274,
        3.158766939037286,
        3.2894845085547817
    ],
    "log10_Mc": [
        null,
        8.608648417612244,
        null
    ],
    "log10_fgw": [
        -7.683405703927875,
        -7.653674216339855,
        -7.624592597332994
    ],
    "log10_h": [
        -13.578996930749362,
        -13.508775391278949,
        -13.434002455731747
    ],
    "phase0": [
        null,
        0.019733140083711177,
        null
    ],
    "psi": [
        1.4823650638438377,
        1.5465712666519063,
        1.6207718312178347
    ]
}