{
    "cos_gwtheta": [
        -0.054642158471491786,
        -0.017425784136356648,
        0.013742929369318979
    ],
    "cos_inc": [
        -0.08616904609970055,
        -0.041990635459315584,
        -0.0032903477383383617
    ],
    "gwphi": [
        3.1053066417945567,
        3.2067517023110343,
        3.2994514989898844
    ],
    "log10_Mc": [
        null,
        8.627737706105592,
        null
    ],
    "log10_fgw": [
        -7.672926228405226,
        -7.649468619123223,
        -7.626612487002295
    ],
    "log10_h": [
        -13.553672527442272,
        -13.49211940470106,
        -13.425375054740712
    ],
    "phase0": [
        null,
        0.7407787677223118,
        null
    ],
    "psi": [
        null,
        0.009875343731517553,
        null
    ]
}