{
    "cos_gwtheta": [
        -0.17582961635263195,
        -0.11181392708693982,
        -0.05993576911932996
    ],
    "cos_inc": [
        -0.09597512314830581,
        -0.050293853174515735,
        -0.0025275459820048862
    ],
    "gwphi": [
        3.134802644762626,
        3.2284917469614647,
        3.3305888455114814
    ],
    "log10_Mc": [
        null,
        8.159463703487031,
        null
    ],
    "log10_fgw": [
        -7.6808198221933415,
        -7.657459392089811,
        -7.628258854460397
    ],
    "log10_h": [
        -13.613030813532234,
        -13.561047288128094,
        -13.499332856490668
    ],
    "phase0": [
        null,
        4.584725057170253,
        null
    ],
    "psi": [
        1.3999459087861343,
        1.4573477698486421,
        1.521485563586852
    ]
}