{
    "cos_gwtheta": [
        0.1199556039057712,
        0.16656696904654167,
        0.2180943766045027
    ],
    "cos_inc": [
        -0.19400596306286444,
        -0.13538623731915445,
        -0.07694254678788814
    ],
    "gwphi": [
        3.225541713217993,
        3.3137121498720226,
        3.4107886912385803
    ],
    "log10_Mc": [
        null,
        8.07332075993208,
        null
    ],
    "log10_fgw": [
        -7.683777404800409,
        -7.655847875347326,
        -7.628281067055971
    ],
    "log10_h": [
        -13.687986692435267,
        -13.62123539725964,
        -13.562308429723647
    ],
    "phase0": [
        null,
        3.2640374710541935,
        null
    ],
    "psi": [
        1.4226265121906836,
        1.4832552867033466,
        1.5540345800258222
    ]
}