{
    "cos_gwtheta": [
        0.12930552429021192,
        0.1751685697673313,
        0.22536203155559487
    ],
    "cos_inc": [
        -0.0475450010281826,
        -0.002093108772576513,
        0.04099764622299795
    ],
    "gwphi": [
        3.187561097075246,
        3.3001771820307417,
        3.3939224635612626
    ],
    "log10_Mc": [
        null,
        8.006297253235047,
        null
    ],
    "log10_fgw": [
        -7.68300187989923,
        -7.6517914996684535,
        -7.625262676472293
    ],
    "log10_h": [
        -13.569522170477933,
        -13.508030169898722,
        -13.43875437177784
    ],
    "phase0": [
        null,
        4.164253485953581,
        null
    ],
    "psi": [
        null,
        3.133298440062825,
        null
    ]
}