{
    "cos_gwtheta": [
        null,
        -0.00986836758130949,
        null
    ],
    "cos_inc": [
        0.01595923295978008,
        0.054083125091436646,
        0.09825619567940769
    ],
    "gwphi": [
        3.037787781287846,
        3.1450187318679808,
        3.2596026619164675
    ],
    "log10_Mc": [
        null,
        8.00628103039014,
        null
    ],
    "log10_fgw": [
        -7.67424602818207,
        -7.6562045756885455,
        -7.632243271595582
    ],
    "log10_h": [
        -13.563175040831945,
        -13.501057980675142,
        -13.446852055538312
    ],
    "phase0": [
        null,
        0.16983594256551574,
        null
    ],
    "psi": [
        1.5037765515462476,
        1.5671397944826166,
        1.6247427426065888
    ]
}