{
    "cos_gwtheta": [
        -0.5496135383215054,
        0.22989726642494568,
        0.5015329193034286
    ],
    "cos_inc": [
        -0.10718039159809234,
        0.6697750432040137,
        0.9947162206973954
    ],
    "gwphi": [
        2.3692528171184697,
        3.4737207035854585,
        5.622060670531145
    ],
    "log10_Mc": [
        null,
        8.006289644122809,
        null
    ],
    "log10_fgw": [
        null,
        -7.461216803695997,
        null
    ],
    "log10_h": [
        null,
        -14.103069412885086,
        null
    ],
    "phase0": [
        null,
        1.2511724608660924,
        null
    ],
    "psi": [
        null,
        2.8177302854204425,
        null
    ]
}