{
    "cos_gwtheta": [
        null,
        -0.001572539490241165,
        null
    ],
    "cos_inc": [
        -0.010990121697339122,
        0.047695413706505985,
        0.08204508224645496
    ],
    "gwphi": [
        3.0092174362586137,
        3.124429019297308,
        3.203941238577533
    ],
    "log10_Mc": [
        null,
        8.140133788613635,
        null
    ],
    "log10_fgw": [
        -7.672140463609639,
        -7.652879877515492,
        -7.6328111549418685
    ],
    "log10_h": [
        -13.51299580751331,
        -13.451337904614764,
        -13.395845792006073
    ],
    "phase0": [
        null,
        0.8607097370221518,
        null
    ],
    "psi": [
        1.51347013554179,
        1.5666696805198428,
        1.610830467855993
    ]
}