{
    "cos_gwtheta": [
        null,
        -0.8120443926760805,
        null
    ],
    "cos_inc": [
        null,
        0.21079431442209784,
        null
    ],
    "gwphi": [
        null,
        2.0022518830386296,
        null
    ],
    "log10_Mc": [
        null,
        9.99471132216115,
        null
    ],
    "log10_fgw": [
        -7.504753990205793,
        -6.715480373941809,
        -6.5052858129967275
    ],
    "log10_h": [
        -15.989614636682452,
        -15.941994503913547,
        -14.549844553517756
    ],
    "phase0": [
        null,
        5.755558479639318,
        null
    ],
    "psi": [
        null,
        0.17511104730969235,
        null
    ]
}