{
    "cos_gwtheta": [
        -0.04797387750520565,
        0.004993885294485856,
        0.04674278166785384
    ],
    "cos_inc": [
        -0.033105324011936,
        0.014746310534651919,
        0.05706139232378327
    ],
    "gwphi": [
        2.9087201459347196,
        3.0353534517235956,
        3.1577656473195086
    ],
    "log10_Mc": [
        null,
        9.860827984484164,
        null
    ],
    "log10_fgw": [
        -7.670595040797442,
        -7.650587086462389,
        -7.626398365549862
    ],
    "log10_h": [
        -13.563323098534829,
        -13.505538856384558,
        -13.451065169774145
    ],
    "phase0": [
        null,
        6.115321297082436,
        null
    ],
    "psi": [
        null,
        0.009896034199525382,
        null
    ]
}