{
    "cos_gwtheta": [
        -0.658037637839632,
        0.5452802229986307,
        0.7874949237920539
    ],
    "cos_inc": [
        null,
        0.019709343949623204,
        null
    ],
    "gwphi": [
        null,
        2.8129671375044683,
        null
    ],
    "log10_Mc": [
        null,
        8.283528825397237,
        null
    ],
    "log10_fgw": [
        -7.589248975156989,
        -7.011989965683394,
        -6.505322395535712
    ],
    "log10_h": [
        -15.98757666365588,
        -15.534133069825463,
        -14.529798732017364
    ],
    "phase0": [
        null,
        2.903016102620373,
        null
    ],
    "psi": [
        null,
        0.7158318447720027,
        null
    ]
}