{
    "cos_gwtheta": [
        -0.05921284011192818,
        -0.010462531039943324,
        0.03678197697962504
    ],
    "cos_inc": [
        -0.1289558218214979,
        -0.07481702471362339,
        -0.02453152277356918
    ],
    "gwphi": [
        3.0582586063751696,
        3.147600490316935,
        3.246993336202149
    ],
    "log10_Mc": [
        null,
        8.943093750644197,
        null
    ],
    "log10_fgw": [
        -7.6805520127234,
        -7.658710383040561,
        -7.6324371183496105
    ],
    "log10_h": [
        -13.650966579713593,
        -13.587128097951656,
        -13.520916438429051
    ],
    "phase0": [
        null,
        0.47113857950191523,
        null
    ],
    "psi": [
        1.5441517146278632,
        1.6005701552132485,
        1.6664876189584183
    ]
}