{
    "cos_gwtheta": [
        -0.08976256142494377,
        -0.048499116644175055,
        -0.0021024203595786384
    ],
    "cos_inc": [
        -0.054059068778863795,
        -0.007914197287339775,
        0.036485700072151794
    ],
    "gwphi": [
        3.1408371285913628,
        3.235142108261594,
        3.3454611410833737
    ],
    "log10_Mc": [
        null,
        9.306434450910862,
        null
    ],
    "log10_fgw": [
        -7.680469591970945,
        -7.649547751110207,
        -7.623098880940017
    ],
    "log10_h": [
        -13.593225198194768,
        -13.522287807979367,
        -13.462167112016669
    ],
    "phase0": [
        null,
        4.463935976462343,
        null
    ],
    "psi": [
        0.009893788924416716,
        0.08486258557220432,
        0.17170144168922497
    ]
}