{
    "cos_gwtheta": [
        0.04862541095973294,
        0.10407247578496626,
        0.1455313753199432
    ],
    "cos_inc": [
        -0.07848902600020502,
        -0.039611041327547336,
        0.006222179135172978
    ],
    "gwphi": [
        3.0732491638802246,
        3.144734057722922,
        3.2313329005495035
    ],
    "log10_Mc": [
        null,
        9.373459777258432,
        null
    ],
    "log10_fgw": [
        -7.67999868858953,
        -7.6546028354960844,
        -7.626848796043962
    ],
    "log10_h": [
        -13.509044050092452,
        -13.454488502194984,
        -13.40412953490501
    ],
    "phase0": [
        null,
        2.362500432327131,
        null
    ],
    "psi": [
        0.009912420189403744,
        0.009912420189403744,
        0.1201789073363646
    ]
}