{
    "cos_gwtheta": [
        null,
        0.18202294452239653,
        null
    ],
    "cos_inc": [
        -0.27277131657043174,
        0.009273534977055409,
        0.10551912632857041
    ],
    "gwphi": [
        null,
        3.6265567383505397,
        null
    ],
    "log10_Mc": [
        null,
        9.354207019735295,
        null
    ],
    "log10_fgw": [
        -7.873203398312358,
        -7.836644992049053,
        -7.8028382937840615
    ],
    "log10_h": [
        -14.206992783881438,
        -13.908062618145168,
        -13.829249118817089
    ],
    "phase0": [
        null,
        5.965998152847868,
        null
    ],
    "psi": [
        2.293077914622991,
        2.5185951972895215,
        2.6889791111273564
    ]
}