{
    "cos_gwtheta": [
        -0.40067137365119565,
        0.9946799252657511,
        0.9946799252657511
    ],
    "cos_inc": [
        null,
        -0.028229213636983164,
        null
    ],
    "gwphi": [
        null,
        0.9806627466658756,
        null
    ],
    "log10_Mc": [
        null,
        9.994652678410873,
        null
    ],
    "log10_fgw": [
        null,
        -6.629550375666626,
        null
    ],
    "log10_h": [
        -15.989858989202538,
        -15.62171247967877,
        -14.547260621727252
    ],
    "phase0": [
        null,
        6.266578430988381,
        null
    ],
    "psi": [
        null,
        1.8418984032230883,
        null
    ]
}