{
    "cos_gwtheta": [
        0.08611013798331246,
        0.13369341942106416,
        0.19010123668908996
    ],
    "cos_inc": [
        -0.10560993908906702,
        -0.05825755852442793,
        -0.004168856038459512
    ],
    "gwphi": [
        3.090648000822387,
        3.204353951500174,
        3.3192631397512717
    ],
    "log10_Mc": [
        null,
        8.952666461498625,
        null
    ],
    "log10_fgw": [
        -7.669606959362358,
        -7.645830193783727,
        -7.6228355586517615
    ],
    "log10_h": [
        -13.577100674016414,
        -13.513358445208624,
        -13.458348028566284
    ],
    "phase0": [
        null,
        3.894503490942472,
        null
    ],
    "psi": [
        null,
        0.009891667126989894,
        null
    ]
}