{
    "cos_gwtheta": [
        -0.06814997830911484,
        -0.01763193637828442,
        0.027889815691255038
    ],
    "cos_inc": [
        0.02258035567706529,
        0.07949960479469398,
        0.1395301955039615
    ],
    "gwphi": [
        3.0805823987564986,
        3.1817150607602636,
        3.2806491866335117
    ],
    "log10_Mc": [
        null,
        8.283524515370154,
        null
    ],
    "log10_fgw": [
        -7.678615715786242,
        -7.644188655474641,
        -7.615530453917958
    ],
    "log10_h": [
        -13.686925201160907,
        -13.58544514832147,
        -13.504351713239958
    ],
    "phase0": [
        0.020090169494264405,
        2.032207380008827,
        4.527207733562122
    ],
    "psi": [
        null,
        0.0098778566085118,
        null
    ]
}