{
    "cos_gwtheta": [
        -0.11604179738014664,
        -0.05511794388819202,
        0.0030698083990341463
    ],
    "cos_inc": [
        -0.018225851137648186,
        0.03236229218934994,
        0.07599221505873122
    ],
    "gwphi": [
        3.0862087015500776,
        3.198174407675673,
        3.2936205833892953
    ],
    "log10_Mc": [
        null,
        8.12111871865196,
        null
    ],
    "log10_fgw": [
        -7.679739115326578,
        -7.65205016051805,
        -7.623425768047071
    ],
    "log10_h": [
        -13.619150216500818,
        -13.557240279812817,
        -13.50839151120245
    ],
    "phase0": [
        null,
        1.7313695328288985,
        null
    ],
    "psi": [
        1.4418580096725209,
        1.511534623594592,
        1.5669729729325876
    ]
}