{
    "cos_gwtheta": [
        -0.07984305280824977,
        -0.04061368518308606,
        -0.00472562016322009
    ],
    "cos_inc": [
        -0.03081025890002026,
        0.003142697682036455,
        0.03838664120637669
    ],
    "gwphi": [
        3.0927478877036796,
        3.1628856668278913,
        3.2391990994598956
    ],
    "log10_Mc": [
        null,
        8.092478903484555,
        null
    ],
    "log10_fgw": [
        -7.672531968363736,
        -7.6587418670989935,
        -7.643066787963532
    ],
    "log10_h": [
        -13.542980658349997,
        -13.48799740026287,
        -13.441822139830478
    ],
    "phase0": [
        null,
        4.074365443657744,
        null
    ],
    "psi": [
        null,
        3.1332884162493,
        null
    ]
}