{
    "cos_gwtheta": [
        null,
        0.28736649268552106,
        null
    ],
    "cos_inc": [
        -0.9936479603627686,
        -0.4488002156832118,
        0.4275297152667177
    ],
    "gwphi": [
        null,
        3.1734717103004852,
        null
    ],
    "log10_Mc": [
        null,
        9.879957446781415,
        null
    ],
    "log10_fgw": [
        null,
        -8.07298416585176,
        null
    ],
    "log10_h": [
        -15.984452647495896,
        -15.984452647495896,
        -14.552870907357349
    ],
    "phase0": [
        null,
        4.7346867566282755,
        null
    ],
    "psi": [
        null,
        2.86298328160161,
        null
    ]
}