{
    "cos_gwtheta": [
        null,
        0.014873462645169089,
        null
    ],
    "cos_inc": [
        -0.007265434331024223,
        0.03061638594624605,
        0.07121483078523283
    ],
    "gwphi": [
        3.0583081356894657,
        3.1584239173143116,
        3.2515067721308006
    ],
    "log10_Mc": [
        null,
        8.10194042094898,
        null
    ],
    "log10_fgw": [
        -7.674861660345068,
        -7.6501524810300205,
        -7.622599079635543
    ],
    "log10_h": [
        -13.58010771218856,
        -13.50799985150088,
        -13.446746937583388
    ],
    "phase0": [
        null,
        5.4856886560525115,
        null
    ],
    "psi": [
        1.5393442128043069,
        1.5887700089005872,
        1.6350216713026113
    ]
}