{
    "cos_gwtheta": [
        0.1229784739905514,
        0.1788793569502577,
        0.2313808618921439
    ],
    "cos_inc": [
        -0.1172648443611004,
        -0.07034160227906205,
        -0.024154411053212588
    ],
    "gwphi": [
        3.144065292910733,
        3.2551065871648017,
        3.353744332592618
    ],
    "log10_Mc": [
        null,
        8.426887444469353,
        null
    ],
    "log10_fgw": [
        -7.684942597237668,
        -7.6590701417461045,
        -7.627361794038399
    ],
    "log10_h": [
        -13.548178014557635,
        -13.474055747278543,
        -13.393323851070104
    ],
    "phase0": [
        null,
        1.4617038874692396,
        null
    ],
    "psi": [
        2.978415443961111,
        3.0580419666672456,
        3.1332968371463767
    ]
}