{
    "cos_gwtheta": [
        -0.6914453795508266,
        0.31599024154931565,
        0.7031748357621024
    ],
    "cos_inc": [
        null,
        -0.05685964595783288,
        null
    ],
    "gwphi": [
        null,
        0.3802014828991388,
        null
    ],
    "log10_Mc": [
        null,
        8.168952718025073,
        null
    ],
    "log10_fgw": [
        null,
        -7.566263051741778,
        null
    ],
    "log10_h": [
        -15.990200454933625,
        -15.126745577965202,
        -14.516938313707374
    ],
    "phase0": [
        null,
        0.9508816254057926,
        null
    ],
    "psi": [
        null,
        1.9921805566216557,
        null
    ]
}