{
    "cos_gwtheta": [
        -0.08477710547473921,
        -0.0404768752332324,
        -0.003101991158512174
    ],
    "cos_inc": [
        -0.08301585351387611,
        -0.04604288302944612,
        -0.012517275760347585
    ],
    "gwphi": [
        3.1033158933541922,
        3.1634703115992426,
        3.218380498510109
    ],
    "log10_Mc": [
        8.29265089720382,
        9.57388541020809,
        9.776321656403706
    ],
    "log10_fgw": [
        -7.6607393488119655,
        -7.657508791938158,
        -7.655469898813145
    ],
    "log10_h": [
        -13.552253809369791,
        -13.512991703418873,
        -13.480598514612451
    ],
    "phase0": [
        null,
        3.2036179018873914,
        null
    ],
    "psi": [
        1.4756277483491713,
        1.51580487796841,
        1.5499155270888496
    ]
}