{
    "cos_gwtheta": [
        null,
        0.12390373576401625,
        null
    ],
    "cos_inc": [
        -0.036792254162183124,
        0.01598498124485992,
        0.058974438449142186
    ],
    "gwphi": [
        3.0502209440333865,
        3.165712483694443,
        3.2609315722447825
    ],
    "log10_Mc": [
        null,
        9.220350468064115,
        null
    ],
    "log10_fgw": [
        -7.681207692964847,
        -7.653837145970493,
        -7.626836471232819
    ],
    "log10_h": [
        -13.576714251730749,
        -13.517695886132888,
        -13.450722871258794
    ],
    "phase0": [
        1.416232613568919,
        4.885507622158808,
        5.6288344605135014
    ],
    "psi": [
        1.47088223669294,
        1.5371154191932206,
        1.5903495658756892
    ]
}