{
    "cos_gwtheta": [
        0.061660443410335275,
        0.11318138025198421,
        0.16215565481628913
    ],
    "cos_inc": [
        0.019122434417326306,
        0.05811312063264007,
        0.10285957481307173
    ],
    "gwphi": [
        3.046847595164562,
        3.1717225008392904,
        3.264312674802991
    ],
    "log10_Mc": [
        null,
        9.99470310673998,
        null
    ],
    "log10_fgw": [
        -7.6755091885036855,
        -7.652426250623061,
        -7.62981121013191
    ],
    "log10_h": [
        -13.567639771371821,
        -13.50975976245853,
        -13.460475794472956
    ],
    "phase0": [
        null,
        0.4408744418310526,
        null
    ],
    "psi": [
        null,
        3.1332890223603362,
        null
    ]
}