{
    "cos_gwtheta": [
        -0.051658636897350396,
        0.0009248371842398573,
        0.05317759759236107
    ],
    "cos_inc": [
        -0.012496997757455497,
        0.04140195358127319,
        0.09766144293483692
    ],
    "gwphi": [
        3.231267019114896,
        3.305175234396666,
        3.391924645383762
    ],
    "log10_Mc": [
        null,
        8.006291877357768,
        null
    ],
    "log10_fgw": [
        -7.668503532264712,
        -7.651425526136644,
        -7.630141742380022
    ],
    "log10_h": [
        -13.604352672215862,
        -13.54763759660118,
        -13.501970912340008
    ],
    "phase0": [
        null,
        0.019747013394799836,
        null
    ],
    "psi": [
        1.5146294864499263,
        1.5778498151277944,
        1.6354001591708762
    ]
}