{
    "cos_gwtheta": [
        null,
        0.1249068045590076,
        null
    ],
    "cos_inc": [
        null,
        -0.3340923267926974,
        null
    ],
    "gwphi": [
        0.019860760143067775,
        2.75307986379057,
        4.4248728515301625
    ],
    "log10_Mc": [
        null,
        8.828377623030521,
        null
    ],
    "log10_fgw": [
        null,
        -7.575918994333094,
        null
    ],
    "log10_h": [
        -15.990795607966511,
        -15.78088220875822,
        -14.478895078023852
    ],
    "phase0": [
        null,
        3.743864871981047,
        null
    ],
    "psi": [
        null,
        2.787802723627362,
        null
    ]
}