{
    "cos_gwtheta": [
        null,
        -0.9266812806349385,
        null
    ],
    "cos_inc": [
        null,
        -0.05687608278777956,
        null
    ],
    "gwphi": [
        null,
        5.635372497872197,
        null
    ],
    "log10_Mc": [
        null,
        9.99469115271161,
        null
    ],
    "log10_fgw": [
        -7.70620772136638,
        -7.42303145368482,
        -6.505293760320777
    ],
    "log10_h": [
        -15.989274905125106,
        -15.17677931230343,
        -14.647170080210431
    ],
    "phase0": [
        null,
        1.5815534681428014,
        null
    ],
    "psi": [
        null,
        0.009991535195065961,
        null
    ]
}