{
    "cos_gwtheta": [
        -0.42218918223617197,
        0.8322228878100861,
        0.9946919209787282
    ],
    "cos_inc": [
        null,
        0.0004153863762544896,
        null
    ],
    "gwphi": [
        null,
        1.7616484352529131,
        null
    ],
    "log10_Mc": [
        null,
        8.006395630346146,
        null
    ],
    "log10_fgw": [
        null,
        -6.5816861040075265,
        null
    ],
    "log10_h": [
        -15.988146969464248,
        -15.304356530757525,
        -14.629922830402016
    ],
    "phase0": [
        null,
        2.8729033288202603,
        null
    ],
    "psi": [
        null,
        2.833082582786736,
        null
    ]
}