{
    "cos_gwtheta": [
        null,
        0.0054169511044172,
        null
    ],
    "cos_inc": [
        -0.008826203753699358,
        0.03696464401703703,
        0.07921496232096392
    ],
    "gwphi": [
        2.991177112594135,
        3.1460279599365535,
        3.224603266137533
    ],
    "log10_Mc": [
        null,
        9.69839673198152,
        null
    ],
    "log10_fgw": [
        -7.656053936015823,
        -7.653128095249985,
        -7.650609085676351
    ],
    "log10_h": [
        -13.555913831139499,
        -13.517631433766788,
        -13.4779415953142
    ],
    "phase0": [
        null,
        1.7615111844853037,
        null
    ],
    "psi": [
        0.009868591687997886,
        0.009868591687997886,
        0.11826177166868433
    ]
}