{
    "cos_gwtheta": [
        null,
        -0.012649881643545524,
        null
    ],
    "cos_inc": [
        -0.0705272833078151,
        -0.02648244229747343,
        0.010883467903923028
    ],
    "gwphi": [
        3.057882220606429,
        3.147551058312034,
        3.265695810694419
    ],
    "log10_Mc": [
        null,
        8.130634551444148,
        null
    ],
    "log10_fgw": [
        -7.677556200917429,
        -7.649036215191198,
        -7.625445609713945
    ],
    "log10_h": [
        -13.567502636713938,
        -13.497677929717154,
        -13.434988594238291
    ],
    "phase0": [
        null,
        0.8611489477843483,
        null
    ],
    "psi": [
        null,
        0.009881183611192515,
        null
    ]
}