{
    "cos_gwtheta": [
        null,
        -0.7165038768585626,
        null
    ],
    "cos_inc": [
        -0.8521331856037095,
        0.16303656803754707,
        0.5720873385057282
    ],
    "gwphi": [
        null,
        5.606218952636353,
        null
    ],
    "log10_Mc": [
        null,
        9.10579842583319,
        null
    ],
    "log10_fgw": [
        -7.718292726073835,
        -6.715478996368759,
        -6.505291783936028
    ],
    "log10_h": [
        -15.99043316765661,
        -15.236079798840203,
        -14.636821482652449
    ],
    "phase0": [
        null,
        0.9206691106341448,
        null
    ],
    "psi": [
        null,
        2.802809022885212,
        null
    ]
}