{
    "cos_gwtheta": [
        null,
        0.12909915872413524,
        null
    ],
    "cos_inc": [
        0.007190649123880677,
        0.047796933634089545,
        0.08652908193613507
    ],
    "gwphi": [
        3.0324377742754764,
        3.1634993207198523,
        3.27111407674528
    ],
    "log10_Mc": [
        null,
        9.994612794201938,
        null
    ],
    "log10_fgw": [
        -7.673669056119053,
        -7.6528053557579785,
        -7.6322235972936765
    ],
    "log10_h": [
        -13.514141156001577,
        -13.470075853094388,
        -13.421429503845363
    ],
    "phase0": [
        1.8206130757957717,
        4.074709943637276,
        6.266349153738647
    ],
    "psi": [
        1.5528204030199766,
        1.5973716935372608,
        1.6446043117245668
    ]
}