{
    "cos_gwtheta": [
        null,
        -0.34363389083648066,
        null
    ],
    "cos_inc": [
        null,
        -0.477459511445547,
        null
    ],
    "gwphi": [
        2.0032671224371708,
        5.696065386002242,
        6.266446846776207
    ],
    "log10_Mc": [
        null,
        8.53207427662279,
        null
    ],
    "log10_fgw": [
        null,
        -6.648661735023399,
        null
    ],
    "log10_h": [
        -15.990553639053232,
        -15.027459677522138,
        -14.500748973715849
    ],
    "phase0": [
        null,
        5.515541935210546,
        null
    ],
    "psi": [
        null,
        0.23513253455952207,
        null
    ]
}