{
    "cos_gwtheta": [
        null,
        -0.8129919337840086,
        null
    ],
    "cos_inc": [
        0.48746763443338637,
        0.7428674640747567,
        0.9960718797077486
    ],
    "gwphi": [
        3.3262522407486106,
        3.449991633127124,
        3.5544322211897224
    ],
    "log10_Mc": [
        null,
        8.063585121976757,
        null
    ],
    "log10_fgw": [
        -7.896339264288693,
        -7.870551719675575,
        -7.837136873134632
    ],
    "log10_h": [
        -14.44823975285697,
        -14.345521507200921,
        -14.165362436520061
    ],
    "phase0": [
        null,
        5.395907660650715,
        null
    ],
    "psi": [
        null,
        0.5956412519616743,
        null
    ]
}