{
    "cos_gwtheta": [
        -0.047835008124684664,
        -0.00844088524732478,
        0.03559877098821418
    ],
    "cos_inc": [
        -0.03893614273140855,
        0.0029618570330581795,
        0.04620520541381523
    ],
    "gwphi": [
        3.061784946820265,
        3.1660489198756716,
        3.252424466181375
    ],
    "log10_Mc": [
        null,
        8.00634156318362,
        null
    ],
    "log10_fgw": [
        -7.687923044009976,
        -7.661405562836352,
        -7.632425744125177
    ],
    "log10_h": [
        -13.572441740399192,
        -13.517655338047224,
        -13.461022203031703
    ],
    "phase0": [
        null,
        4.674930549993799,
        null
    ],
    "psi": [
        null,
        3.1332753050809083,
        null
    ]
}