{
    "cos_gwtheta": [
        -0.08094860475028565,
        -0.036043811397194925,
        -0.0003734715159090518
    ],
    "cos_inc": [
        -0.05041608671380182,
        -0.006814707893806893,
        0.03541185267510705
    ],
    "gwphi": [
        3.1101908178210644,
        3.1971408089720352,
        3.3009011317455275
    ],
    "log10_Mc": [
        null,
        9.994665525587024,
        null
    ],
    "log10_fgw": [
        -7.674237921764435,
        -7.650961787469695,
        -7.621060907260298
    ],
    "log10_h": [
        -13.574325879167567,
        -13.506575413690515,
        -13.433179076090374
    ],
    "phase0": [
        null,
        3.053219868158736,
        null
    ],
    "psi": [
        1.5530161184489082,
        1.6052821846254304,
        1.6694685816843173
    ]
}