{
    "cos_gwtheta": [
        null,
        0.3350332763070839,
        null
    ],
    "cos_inc": [
        -0.8379730875500052,
        -0.0950332716437835,
        0.573334159100545
    ],
    "gwphi": [
        null,
        1.1613241762527107,
        null
    ],
    "log10_Mc": [
        null,
        9.440275263366143,
        null
    ],
    "log10_fgw": [
        -7.585082873068757,
        -6.505311553725914,
        -6.505311553725914
    ],
    "log10_h": [
        -15.990241512017253,
        -15.856763361487742,
        -14.597198181202332
    ],
    "phase0": [
        null,
        2.693102370996279,
        null
    ],
    "psi": [
        null,
        0.22016248190513094,
        null
    ]
}