{
    "cos_gwtheta": [
        null,
        0.16943267519393013,
        null
    ],
    "cos_inc": [
        null,
        -0.026920144450346184,
        null
    ],
    "gwphi": [
        3.107682401993404,
        3.221487690805122,
        3.3272958512138553
    ],
    "log10_Mc": [
        null,
        9.574033150988079,
        null
    ],
    "log10_fgw": [
        -7.6778495884201465,
        -7.656502428603972,
        -7.629818478833753
    ],
    "log10_h": [
        -13.615422128347968,
        -13.549473985710804,
        -13.496265825174001
    ],
    "phase0": [
        null,
        5.5155706440094345,
        null
    ],
    "psi": [
        null,
        0.00987811282605348,
        null
    ]
}