{
    "cos_gwtheta": [
        0.49562399704905546,
        0.6548713860407893,
        0.7340527266783459
    ],
    "cos_inc": [
        -0.04083626098891646,
        0.15265854184123157,
        0.48723277989414415
    ],
    "gwphi": [
        0.5364375412046002,
        0.6596458215279961,
        0.9944457099701283
    ],
    "log10_Mc": [
        null,
        8.140157440193198,
        null
    ],
    "log10_fgw": [
        -8.003336163493495,
        -7.975189269423117,
        -7.94440360403364
    ],
    "log10_h": [
        -14.381282866182941,
        -14.124556073968657,
        -14.005060364342304
    ],
    "phase0": [
        null,
        6.266440921741049,
        null
    ],
    "psi": [
        null,
        0.8363992530290726,
        null
    ]
}