{
    "cos_gwtheta": [
        -0.06149958585894444,
        -0.003872705843727564,
        0.0611607637659215
    ],
    "cos_inc": [
        -0.0996198706049991,
        -0.044938030148261365,
        0.02889056750104335
    ],
    "gwphi": [
        2.918755737646557,
        3.0347494992113138,
        3.1399650793917346
    ],
    "log10_Mc": [
        null,
        8.57027524828204,
        null
    ],
    "log10_fgw": [
        -7.678653135611401,
        -7.649361239597543,
        -7.624588664682967
    ],
    "log10_h": [
        -13.535611331543741,
        -13.483284812818457,
        -13.432632742692382
    ],
    "phase0": [
        null,
        3.1730819158765815,
        null
    ],
    "psi": [
        1.5351336011067565,
        1.5858181494698151,
        1.629703551101244
    ]
}