{
    "cos_gwtheta": [
        -0.11538990711803032,
        -0.04230354689154847,
        0.033182113039337935
    ],
    "cos_inc": [
        -0.0564200448141563,
        -0.005546707250580929,
        0.04205620146962186
    ],
    "gwphi": [
        2.2522389431969723,
        2.3630091224980676,
        2.445932050019558
    ],
    "log10_Mc": [
        8.53467695518258,
        9.994705377993856,
        9.994705377993856
    ],
    "log10_fgw": [
        -7.942800861921436,
        -7.915546747872824,
        -7.888860427866893
    ],
    "log10_h": [
        -13.981539180661656,
        -13.912420540201444,
        -13.856261644827521
    ],
    "phase0": [
        null,
        0.6209087836980273,
        null
    ],
    "psi": [
        2.4984669354757663,
        2.561008569793937,
        2.6139284142170047
    ]
}