{
    "cos_gwtheta": [
        -0.021310944540887333,
        0.01838476866710148,
        0.07427918098687081
    ],
    "cos_inc": [
        -0.08328105675570197,
        -0.04002175951692821,
        0.004337350363509351
    ],
    "gwphi": [
        3.032769698990491,
        3.131016095919854,
        3.2321351945138184
    ],
    "log10_Mc": [
        null,
        9.822573383717303,
        null
    ],
    "log10_fgw": [
        -7.676959552289463,
        -7.653171340312637,
        -7.629865321821828
    ],
    "log10_h": [
        -13.549584310526004,
        -13.476239721137253,
        -13.410102403538147
    ],
    "phase0": [
        null,
        2.0020233230334594,
        null
    ],
    "psi": [
        1.5363899601236037,
        1.5868081989933156,
        1.646420352009857
    ]
}