{
    "cos_gwtheta": [
        null,
        0.019953590718714997,
        null
    ],
    "cos_inc": [
        -0.057789056972524566,
        -0.02185515013721684,
        0.046866934315492825
    ],
    "gwphi": [
        3.096162455103105,
        3.143815911579154,
        3.209096284353742
    ],
    "log10_Mc": [
        null,
        8.646806269576082,
        null
    ],
    "log10_fgw": [
        -7.6484124236386855,
        -7.646739189488358,
        -7.643741046547894
    ],
    "log10_h": [
        -13.519968290641042,
        -13.471832180413333,
        -13.421884496144797
    ],
    "phase0": [
        null,
        1.5516637456191922,
        null
    ],
    "psi": [
        1.5119136289759874,
        1.548037330686237,
        1.5809325856252805
    ]
}