{
    "cos_gwtheta": [
        -0.9937183227062825,
        -0.9171570008006062,
        0.43847554837080804
    ],
    "cos_inc": [
        -0.8250837516735363,
        -0.2002593704501746,
        0.5892227407709412
    ],
    "gwphi": [
        null,
        0.8306848188219269,
        null
    ],
    "log10_Mc": [
        null,
        8.12102458583765,
        null
    ],
    "log10_fgw": [
        -7.582321262508968,
        -7.327387331093785,
        -6.505314887669165
    ],
    "log10_h": [
        -15.9852951561937,
        -15.918265014686934,
        -14.52226922038976
    ],
    "phase0": [
        null,
        1.160569827448221,
        null
    ],
    "psi": [
        0.15391551711575235,
        0.4303616825038493,
        2.4988662104134294
    ]
}