{
    "cos_gwtheta": [
        null,
        0.8035624268648933,
        null
    ],
    "cos_inc": [
        -0.7642003452755073,
        -0.0473255488035792,
        0.6353460673651112
    ],
    "gwphi": [
        null,
        2.032117096330557,
        null
    ],
    "log10_Mc": [
        null,
        8.006292233862268,
        null
    ],
    "log10_fgw": [
        -7.417240726210323,
        -7.279432428770802,
        -6.505279900730319
    ],
    "log10_h": [
        -15.988500658775646,
        -15.988500658775646,
        -14.285201888484327
    ],
    "phase0": [
        null,
        3.0829866519463445,
        null
    ],
    "psi": [
        null,
        2.6078566733976727,
        null
    ]
}