{
    "cos_gwtheta": [
        null,
        0.22980446168236446,
        null
    ],
    "cos_inc": [
        null,
        -0.09505517129990215,
        null
    ],
    "gwphi": [
        1.5872115947137317,
        3.5332611879942535,
        6.266476908893862
    ],
    "log10_Mc": [
        null,
        9.937218058951911,
        null
    ],
    "log10_fgw": [
        -7.611929690626389,
        -6.62956683506531,
        -6.505280036537845
    ],
    "log10_h": [
        -15.987989508142615,
        -15.987989508142615,
        -14.655577190350689
    ],
    "phase0": [
        null,
        4.494788254359752,
        null
    ],
    "psi": [
        null,
        0.46035889836411453,
        null
    ]
}