{
    "cos_gwtheta": [
        -0.9936988270106624,
        0.11514644186450407,
        0.4534078841809779
    ],
    "cos_inc": [
        null,
        0.03876341479391232,
        null
    ],
    "gwphi": [
        null,
        3.233442722021447,
        null
    ],
    "log10_Mc": [
        null,
        9.296905128400574,
        null
    ],
    "log10_fgw": [
        null,
        -6.58165531156489,
        null
    ],
    "log10_h": [
        -15.990596399040836,
        -15.819743889877067,
        -14.681023781058128
    ],
    "phase0": [
        null,
        4.824641093515305,
        null
    ],
    "psi": [
        null,
        0.009871182578204312,
        null
    ]
}