{
    "cos_gwtheta": [
        -0.1190740207209644,
        -0.06743296489213368,
        -0.027464202504066004
    ],
    "cos_inc": [
        -0.10804882650123626,
        -0.06743676828542244,
        -0.02201285483076809
    ],
    "gwphi": [
        3.0999529021990946,
        3.2015970037865364,
        3.296505652859148
    ],
    "log10_Mc": [
        null,
        9.78430279570244,
        null
    ],
    "log10_fgw": [
        -7.676437858567379,
        -7.6500794860489485,
        -7.622430843547099
    ],
    "log10_h": [
        -13.558020847314825,
        -13.489784596089208,
        -13.423577675755057
    ],
    "phase0": [
        null,
        2.0918647428005723,
        null
    ],
    "psi": [
        null,
        3.133291476624166,
        null
    ]
}