{
    "cos_gwtheta": [
        -0.08810991593347883,
        -0.03686411249424648,
        0.008905040195754998
    ],
    "cos_inc": [
        -0.023411478396198504,
        0.026918291630675273,
        0.07500286745560658
    ],
    "gwphi": [
        3.095898463727567,
        3.159514704740768,
        3.223130945753969
    ],
    "log10_Mc": [
        null,
        8.512989576224765,
        null
    ],
    "log10_fgw": [
        -7.677008783525281,
        -7.65180330765031,
        -7.6284219122662895
    ],
    "log10_h": [
        -13.6354361308595,
        -13.564198822411216,
        -13.480788049861008
    ],
    "phase0": [
        null,
        4.7946881304224,
        null
    ],
    "psi": [
        null,
        3.133269540061872,
        null
    ]
}