{
    "cos_gwtheta": [
        null,
        0.0057670512979943744,
        null
    ],
    "cos_inc": [
        -0.06414006198950395,
        -0.018114275676796687,
        0.031889047724663167
    ],
    "gwphi": [
        3.121991181500083,
        3.20488407187277,
        3.2831534544159044
    ],
    "log10_Mc": [
        null,
        9.56457422469955,
        null
    ],
    "log10_fgw": [
        -7.664034755173511,
        -7.647378772691835,
        -7.632219957174803
    ],
    "log10_h": [
        -13.622249447623167,
        -13.57146281345607,
        -13.520676179288975
    ],
    "phase0": [
        null,
        6.26652950133297,
        null
    ],
    "psi": [
        null,
        3.1332286877546505,
        null
    ]
}