{
    "cos_gwtheta": [
        -0.07019605780789828,
        -0.0222520407393495,
        0.02126341250359043
    ],
    "cos_inc": [
        -0.12150171077312977,
        -0.06793157558983265,
        -0.011024892194427038
    ],
    "gwphi": [
        3.121265615198091,
        3.2295090034319682,
        3.32598680598825
    ],
    "log10_Mc": [
        null,
        9.88946785467889,
        null
    ],
    "log10_fgw": [
        -7.678866769734503,
        -7.6502540171746904,
        -7.6242424239384965
    ],
    "log10_h": [
        -13.602548042372417,
        -13.541314411881135,
        -13.493749002481659
    ],
    "phase0": [
        null,
        2.1221992899938984,
        null
    ],
    "psi": [
        null,
        0.009880046893828234,
        null
    ]
}