{
    "cos_gwtheta": [
        null,
        -0.006962745766998402,
        null
    ],
    "cos_inc": [
        0.0009364096423269963,
        0.0511780731403636,
        0.09230252357118884
    ],
    "gwphi": [
        2.8834678328810286,
        2.9913438958557093,
        3.1507666490202624
    ],
    "log10_Mc": [
        8.066357146340101,
        9.306255780864484,
        9.546281065847793
    ],
    "log10_fgw": [
        -7.66299700517349,
        -7.645462054710594,
        -7.631602093865669
    ],
    "log10_h": [
        -13.572128084745316,
        -13.522331973737494,
        -13.479750140296177
    ],
    "phase0": [
        null,
        5.605607271618824,
        null
    ],
    "psi": [
        1.5201397524032512,
        1.5613249173417816,
        1.6069053370365975
    ]
}