{
    "cos_gwtheta": [
        -0.08306234101175303,
        -0.042052536270950736,
        0.003470309182954212
    ],
    "cos_inc": [
        -0.06035900645603809,
        -0.028452219085407904,
        0.004793314608465549
    ],
    "gwphi": [
        3.0925294551519835,
        3.167689751422321,
        3.246608062506175
    ],
    "log10_Mc": [
        null,
        9.994703424192885,
        null
    ],
    "log10_fgw": [
        -7.674591492777041,
        -7.653881133584037,
        -7.634533298022152
    ],
    "log10_h": [
        -13.533198326643666,
        -13.469086360265823,
        -13.409370643011034
    ],
    "phase0": [
        null,
        1.0713434072132872,
        null
    ],
    "psi": [
        1.51252829872316,
        1.5601454806504036,
        1.614945142533153
    ]
}