{
    "cos_gwtheta": [
        -0.10074126855448051,
        -0.05987206084550578,
        -0.01319117681094284
    ],
    "cos_inc": [
        -0.05665881200603784,
        -0.021372685036757155,
        0.021294723594465048
    ],
    "gwphi": [
        3.0823537842067634,
        3.1820409784146433,
        3.280595363597434
    ],
    "log10_Mc": [
        null,
        8.197587671693583,
        null
    ],
    "log10_fgw": [
        -7.671017122387873,
        -7.644456797159431,
        -7.621426641739832
    ],
    "log10_h": [
        -13.515944988658786,
        -13.460708951413583,
        -13.413174092438144
    ],
    "phase0": [
        null,
        0.5016480137011174,
        null
    ],
    "psi": [
        null,
        3.1332982580261843,
        null
    ]
}