{
    "cos_gwtheta": [
        null,
        -0.06641361377957367,
        null
    ],
    "cos_inc": [
        null,
        0.08650963818260227,
        null
    ],
    "gwphi": [
        null,
        3.0529751316013405,
        null
    ],
    "log10_Mc": [
        null,
        8.81884736842674,
        null
    ],
    "log10_fgw": [
        -7.550085513056867,
        -6.811151887076731,
        -6.505317679122626
    ],
    "log10_h": [
        -15.989391297317361,
        -15.84472833671721,
        -14.602703056934898
    ],
    "phase0": [
        null,
        0.8607085648216618,
        null
    ],
    "psi": [
        null,
        0.7608162005984258,
        null
    ]
}