{
    "cos_gwtheta": [
        null,
        0.9087482410724883,
        null
    ],
    "cos_inc": [
        -0.7369785729574132,
        -0.15232179313529104,
        0.6677886014179168
    ],
    "gwphi": [
        null,
        5.065775870996778,
        null
    ],
    "log10_Mc": [
        null,
        9.306251468903229,
        null
    ],
    "log10_fgw": [
        -7.575354716970262,
        -6.5053060665182745,
        -6.5053060665182745
    ],
    "log10_h": [
        -15.989743409573562,
        -15.553149960438795,
        -14.626118699200187
    ],
    "phase0": [
        null,
        6.026478132639327,
        null
    ],
    "psi": [
        null,
        1.8269248564859788,
        null
    ]
}