{
    "cos_gwtheta": [
        null,
        -0.9937166424205867,
        null
    ],
    "cos_inc": [
        null,
        -0.38182367586072086,
        null
    ],
    "gwphi": [
        null,
        5.905723634923502,
        null
    ],
    "log10_Mc": [
        8.532657128601246,
        9.985098695318975,
        9.994643765856003
    ],
    "log10_fgw": [
        null,
        -8.139883457502902,
        null
    ],
    "log10_h": [
        -15.987006467866063,
        -14.879883468943175,
        -14.524140009036675
    ],
    "phase0": [
        null,
        2.5126097613451166,
        null
    ],
    "psi": [
        null,
        1.0010250566847707,
        null
    ]
}