{
    "cos_gwtheta": [
        null,
        0.35417953610394837,
        null
    ],
    "cos_inc": [
        null,
        -0.1427609964631954,
        null
    ],
    "gwphi": [
        null,
        6.26649963135217,
        null
    ],
    "log10_Mc": [
        null,
        9.99468277582984,
        null
    ],
    "log10_fgw": [
        -7.637810187433042,
        -6.7920447592004365,
        -6.50528394389091
    ],
    "log10_h": [
        -15.98545802674045,
        -15.21051568685234,
        -14.546542511499602
    ],
    "phase0": [
        null,
        2.302536573211564,
        null
    ],
    "psi": [
        null,
        0.19011374305242285,
        null
    ]
}