{
    "cos_gwtheta": [
        0.11835579222598369,
        0.18016507858441155,
        0.2468798638601748
    ],
    "cos_inc": [
        -0.03656231286985423,
        0.005784720773872931,
        0.048527521087167624
    ],
    "gwphi": [
        3.1076466642979788,
        3.2292351712995866,
        3.3252900918308566
    ],
    "log10_Mc": [
        null,
        9.239434673756449,
        null
    ],
    "log10_fgw": [
        -7.677644617172619,
        -7.651276438926071,
        -7.622459786985201
    ],
    "log10_h": [
        -13.557946765387591,
        -13.51008670396986,
        -13.452373100495535
    ],
    "phase0": [
        null,
        5.484214614367978,
        null
    ],
    "psi": [
        2.9924120208526146,
        3.1332908322570354,
        3.1332908322570354
    ]
}