{
    "cos_gwtheta": [
        -0.04489006524116668,
        0.002496572857352164,
        0.0635044712999796
    ],
    "cos_inc": [
        -0.05986769977077466,
        -0.019035381415460018,
        0.024937884505648045
    ],
    "gwphi": [
        3.05284120963425,
        3.1596477366237425,
        3.250609339279629
    ],
    "log10_Mc": [
        null,
        9.946777153184488,
        null
    ],
    "log10_fgw": [
        -7.686016435243962,
        -7.657912260273653,
        -7.627646225690243
    ],
    "log10_h": [
        -13.586306687469072,
        -13.498861775215817,
        -13.430121657027428
    ],
    "phase0": [
        null,
        2.392697359134208,
        null
    ],
    "psi": [
        1.5180614047196879,
        1.572812521446313,
        1.6301571121231464
    ]
}