{
    "cos_gwtheta": [
        null,
        0.5932066533575817,
        null
    ],
    "cos_inc": [
        null,
        -0.037773962929576355,
        null
    ],
    "gwphi": [
        null,
        0.5304530751837413,
        null
    ],
    "log10_Mc": [
        null,
        8.55118226599421,
        null
    ],
    "log10_fgw": [
        -7.488243248384288,
        -6.926070078543646,
        -6.505285350074315
    ],
    "log10_h": [
        -15.990343955295373,
        -15.609901870438081,
        -14.41561807765407
    ],
    "phase0": [
        0.019798922201292497,
        2.062060446689977,
        4.547259695517138
    ],
    "psi": [
        null,
        2.3523823057509405,
        null
    ]
}