{
    "cos_gwtheta": [
        -0.07814648499788635,
        -0.024645366968288562,
        0.02885575106130911
    ],
    "cos_inc": [
        -0.013997809848446341,
        0.03604046522633886,
        0.08343696801456701
    ],
    "gwphi": [
        2.892719450561877,
        3.0075993758391686,
        3.1501683087473973
    ],
    "log10_Mc": [
        null,
        8.006325739316182,
        null
    ],
    "log10_fgw": [
        -7.6597929745187106,
        -7.6597929745187106,
        -7.639567922231891
    ],
    "log10_h": [
        -13.583118299896563,
        -13.535063691460362,
        -13.4798567692104
    ],
    "phase0": [
        null,
        6.116329796971514,
        null
    ],
    "psi": [
        null,
        0.009867157646574172,
        null
    ]
}