{
    "cos_gwtheta": [
        null,
        -0.01593277391851225,
        null
    ],
    "cos_inc": [
        -0.10164636385171577,
        -0.05885309455693277,
        -0.008719373959759968
    ],
    "gwphi": [
        null,
        3.1595944089841717,
        null
    ],
    "log10_Mc": [
        null,
        9.086499015451714,
        null
    ],
    "log10_fgw": [
        -7.655575484303603,
        -7.6531929847944244,
        -7.649601845023288
    ],
    "log10_h": [
        -13.643162457484928,
        -13.584470589801025,
        -13.526912864487825
    ],
    "phase0": [
        null,
        5.515557672293468,
        null
    ],
    "psi": [
        1.5917454925567533,
        1.6388859756703793,
        1.6813450713154463
    ]
}