{
    "cos_gwtheta": [
        -0.0938964108610939,
        -0.016782461139984273,
        0.06481485775095741
    ],
    "cos_inc": [
        -0.09140936975923586,
        -0.04111000884414151,
        0.014716754369314855
    ],
    "gwphi": [
        3.0466062839252714,
        3.136702038440216,
        3.235148131178497
    ],
    "log10_Mc": [
        null,
        9.889416991589243,
        null
    ],
    "log10_fgw": [
        -7.670450719845757,
        -7.650737713367237,
        -7.629073940622613
    ],
    "log10_h": [
        -13.540452644556801,
        -13.481486120989,
        -13.425294492647922
    ],
    "phase0": [
        0.01977199661976132,
        1.972045377907708,
        4.47970149070445
    ],
    "psi": [
        1.4663463326302941,
        1.52708777587656,
        1.5819032246597755
    ]
}