{
    "cos_gwtheta": [
        -0.05795418136559238,
        -0.01814302583648597,
        0.02801483564653595
    ],
    "cos_inc": [
        -0.038285557025341754,
        0.0019516506788945787,
        0.0513248427410975
    ],
    "gwphi": [
        3.087663589586497,
        3.179811402929634,
        3.2831823473850763
    ],
    "log10_Mc": [
        8.043477216427188,
        9.248875234779403,
        9.527258148948505
    ],
    "log10_fgw": [
        -7.679974008449513,
        -7.652561796824072,
        -7.627478727362884
    ],
    "log10_h": [
        -13.56889345092076,
        -13.486908788928794,
        -13.418965698880205
    ],
    "phase0": [
        null,
        5.935933641834042,
        null
    ],
    "psi": [
        1.513453924318603,
        1.5588864069014539,
        1.6158695206494365
    ]
}