{
    "cos_gwtheta": [
        null,
        0.08652895324521603,
        null
    ],
    "cos_inc": [
        -0.9936023267866534,
        -0.1620094237116172,
        0.4245996303465742
    ],
    "gwphi": [
        null,
        3.623887009621165,
        null
    ],
    "log10_Mc": [
        null,
        9.94698028067352,
        null
    ],
    "log10_fgw": [
        null,
        -7.900796562943368,
        null
    ],
    "log10_h": [
        -15.987491646640965,
        -14.619032283364094,
        -14.503181779625255
    ],
    "phase0": [
        null,
        4.2543069098147175,
        null
    ],
    "psi": [
        null,
        0.06987742987445593,
        null
    ]
}