{
    "cos_gwtheta": [
        -0.0015455331645145565,
        0.030728632734150274,
        0.08930026714283823
    ],
    "cos_inc": [
        -0.006279648175769537,
        0.04829653143065982,
        0.10211206741888113
    ],
    "gwphi": [
        2.9981939862759006,
        3.1109246631668315,
        3.222468701353647
    ],
    "log10_Mc": [
        null,
        9.755618230328466,
        null
    ],
    "log10_fgw": [
        -7.681987697068058,
        -7.656957403025778,
        -7.627878090829601
    ],
    "log10_h": [
        -13.565602350485241,
        -13.50377692848584,
        -13.451814706105019
    ],
    "phase0": [
        null,
        3.6536034483330755,
        null
    ],
    "psi": [
        1.4749225771456413,
        1.5264235932106465,
        1.5854472295997535
    ]
}