{
    "cos_gwtheta": [
        0.010631295838096966,
        0.0715552556279706,
        0.11478573008964743
    ],
    "cos_inc": [
        -0.040338162540496714,
        0.016165980871642227,
        0.06824973211208318
    ],
    "gwphi": [
        2.8908011957994306,
        2.9998874868171126,
        3.1316255759696134
    ],
    "log10_Mc": [
        null,
        8.245135176854165,
        null
    ],
    "log10_fgw": [
        -7.679328368536483,
        -7.649744448973602,
        -7.620547247313505
    ],
    "log10_h": [
        -13.599733887417925,
        -13.533855598701193,
        -13.466439295461893
    ],
    "phase0": [
        1.2072487645308625,
        2.693371148471362,
        5.722462127759921
    ],
    "psi": [
        1.5413033953019677,
        1.6059123707662326,
        1.6631374633202956
    ]
}