{
    "cos_gwtheta": [
        -0.7082436309536221,
        -0.6459868065428378,
        -0.5727757021770769
    ],
    "cos_inc": [
        -0.10414606151714384,
        -0.03708012372499925,
        0.024581740567365173
    ],
    "gwphi": [
        1.6379075706575,
        1.7773182862622685,
        1.9230864937838668
    ],
    "log10_Mc": [
        null,
        9.268256518128286,
        null
    ],
    "log10_fgw": [
        -7.942858991076247,
        -7.904903233330915,
        -7.875264941017429
    ],
    "log10_h": [
        -14.028443048361531,
        -13.945283205019477,
        -13.889813244438823
    ],
    "phase0": [
        null,
        1.401053389192369,
        null
    ],
    "psi": [
        null,
        0.8211430616439306,
        null
    ]
}