{
    "cos_gwtheta": [
        null,
        0.7556853341015715,
        null
    ],
    "cos_inc": [
        null,
        0.06741989250106739,
        null
    ],
    "gwphi": [
        null,
        6.2665807853034625,
        null
    ],
    "log10_Mc": [
        null,
        8.006299134554556,
        null
    ],
    "log10_fgw": [
        -7.617274414448639,
        -6.505301859607981,
        -6.505301859607981
    ],
    "log10_h": [
        -15.985669910296235,
        -15.79162427714401,
        -14.631842275294364
    ],
    "phase0": [
        0.05039027030247617,
        0.7707136069686717,
        4.722183775584185
    ],
    "psi": [
        null,
        0.6256259127840427,
        null
    ]
}