{
    "cos_gwtheta": [
        -0.6218372309268099,
        -0.13323416561380919,
        0.778745344978548
    ],
    "cos_inc": [
        null,
        -0.40090872591728954,
        null
    ],
    "gwphi": [
        null,
        1.311117217260022,
        null
    ],
    "log10_Mc": [
        null,
        9.354373816554812,
        null
    ],
    "log10_fgw": [
        null,
        -8.493704997979124,
        null
    ],
    "log10_h": [
        -15.989134810656166,
        -15.211819994455645,
        -14.706565363925305
    ],
    "phase0": [
        null,
        0.19968969305853873,
        null
    ],
    "psi": [
        null,
        0.17522417108132746,
        null
    ]
}