{
    "cos_gwtheta": [
        0.6155735955645255,
        0.6720300477423459,
        0.7275097446921764
    ],
    "cos_inc": [
        -0.23280789413596203,
        -0.14645437110771808,
        -0.07240915566042294
    ],
    "gwphi": [
        3.667439742961149,
        3.774818375759192,
        3.8955467845267218
    ],
    "log10_Mc": [
        null,
        8.32192989714288,
        null
    ],
    "log10_fgw": [
        -7.919957236480774,
        -7.89415618153769,
        -7.868931686481602
    ],
    "log10_h": [
        -14.092818208449817,
        -13.991914396058638,
        -13.920155667334058
    ],
    "phase0": [
        null,
        5.516275329888094,
        null
    ],
    "psi": [
        null,
        3.1332950891917672,
        null
    ]
}