{
    "cos_gwtheta": [
        -0.05261584566503463,
        -0.015994558469250464,
        0.020626728726533594
    ],
    "cos_inc": [
        -0.051291676873514436,
        -0.005417113818498742,
        0.0369134915756143
    ],
    "gwphi": [
        3.1428097170961546,
        3.235816686543901,
        3.3380095295173504
    ],
    "log10_Mc": [
        null,
        8.780653467047316,
        null
    ],
    "log10_fgw": [
        -7.680237421336807,
        -7.651982592423696,
        -7.623338041732473
    ],
    "log10_h": [
        -13.540988407908225,
        -13.487762892443657,
        -13.43482822679037
    ],
    "phase0": [
        null,
        0.9809097496965158,
        null
    ],
    "psi": [
        1.5380341317223838,
        1.5942874224638435,
        1.6508431502523
    ]
}