{
    "cos_gwtheta": [
        null,
        -0.9553225040902327,
        null
    ],
    "cos_inc": [
        null,
        0.23944446000150954,
        null
    ],
    "gwphi": [
        null,
        4.16436840104268,
        null
    ],
    "log10_Mc": [
        null,
        9.727022680317226,
        null
    ],
    "log10_fgw": [
        null,
        -7.174402357072587,
        null
    ],
    "log10_h": [
        -15.986133251904782,
        -15.56419772310053,
        -14.52821880518406
    ],
    "phase0": [
        null,
        4.614778115779322,
        null
    ],
    "psi": [
        0.8232996004298183,
        1.2562480092180732,
        3.1332948984017843
    ]
}