{
    "cos_gwtheta": [
        -0.09315362668047089,
        -0.037086827080557216,
        0.0078038662868156194
    ],
    "cos_inc": [
        0.007480117421861721,
        0.05250502579179084,
        0.09450304956542221
    ],
    "gwphi": [
        3.0728936153708597,
        3.1602740943687158,
        3.257867876106581
    ],
    "log10_Mc": [
        null,
        8.245332843803713,
        null
    ],
    "log10_fgw": [
        -7.680058570474759,
        -7.656108093516642,
        -7.628486375564945
    ],
    "log10_h": [
        -13.59534125929516,
        -13.521147774249998,
        -13.455873724565457
    ],
    "phase0": [
        null,
        3.1128657577448173,
        null
    ],
    "psi": [
        null,
        3.1332879716523485,
        null
    ]
}