{
    "cos_gwtheta": [
        -0.3891557263010408,
        -0.2189048572377037,
        -0.04211232916602159
    ],
    "cos_inc": [
        -0.05875112332313337,
        0.00750359608222384,
        0.07091628999030042
    ],
    "gwphi": [
        2.182152836520844,
        2.311264899373747,
        2.4409533553643863
    ],
    "log10_Mc": [
        null,
        9.29682615456254,
        null
    ],
    "log10_fgw": [
        -7.904599343292887,
        -7.872195832457166,
        -7.844723290661664
    ],
    "log10_h": [
        -14.037350451086,
        -13.940718399139563,
        -13.859309204691534
    ],
    "phase0": [
        1.8114611691285865,
        5.12528897480773,
        6.266545035312121
    ],
    "psi": [
        1.1111825152427546,
        1.1939948374508782,
        1.2800893553562749
    ]
}