{
    "gw_log10_rho_0": -9.31947101151989,
    "gw_log10_rho_1": -9.940664410515394,
    "gw_log10_rho_2": -9.90111386711915,
    "gw_log10_rho_3": -8.412675455342773,
    "gw_log10_rho_4": -9.811799757522895,
    "gw_log10_rho_5": -9.978829088890564,
    "gw_log10_rho_6": -9.725088484228023,
    "gw_log10_rho_7": -8.655891691463406,
    "gw_log10_rho_8": -9.936924329107777,
    "gw_log10_rho_9": -9.979916698298908,
    "gw_log10_rho_10": -9.793228259307662,
    "gw_log10_rho_11": -9.999999590017387,
    "gw_log10_rho_12": -9.699361780263393,
    "gw_log10_rho_13": -9.99999715457959,
    "gw_log10_rho_14": -9.368247714496633,
    "gw_log10_rho_15": -9.99999600087646,
    "gw_log10_rho_16": -9.739483876258797,
    "gw_log10_rho_17": -9.508725654907725,
    "gw_log10_rho_18": -8.327103342881786,
    "gw_log10_rho_19": -9.644833478567126
}