{
    "gw_log10_rho_0": -8.889213120813093,
    "gw_log10_rho_1": -8.585740280452667,
    "gw_log10_rho_2": -9.939548900815113,
    "gw_log10_rho_3": -8.381483829361349,
    "gw_log10_rho_4": -9.999987518044302,
    "gw_log10_rho_5": -8.40479027928426,
    "gw_log10_rho_6": -9.514505970819028,
    "gw_log10_rho_7": -8.256336704609627,
    "gw_log10_rho_8": -9.999998209144433,
    "gw_log10_rho_9": -8.378685246997534,
    "gw_log10_rho_10": -9.556169523428961,
    "gw_log10_rho_11": -9.531642857844579,
    "gw_log10_rho_12": -9.107903166787146,
    "gw_log10_rho_13": -9.371803056271942,
    "gw_log10_rho_14": -8.760810464528705,
    "gw_log10_rho_15": -9.937643067054061,
    "gw_log10_rho_16": -8.34487169649667,
    "gw_log10_rho_17": -9.958617556463187,
    "gw_log10_rho_18": -9.858193435470316,
    "gw_log10_rho_19": -8.517955301969364
}