{
    "J0024-2029_red_noise_gamma": 2.310020318227373,
    "J0024-2029_red_noise_log10_A": -17.333170694995573,
    "J0114+7148_red_noise_gamma": 1.3299924943068808,
    "J0114+7148_red_noise_log10_A": -16.61819104469857,
    "J0234+0837_red_noise_gamma": 1.4652519760248153,
    "J0234+0837_red_noise_log10_A": -12.928329653885067,
    "J0354-4032_red_noise_gamma": 1.9980265458786188,
    "J0354-4032_red_noise_log10_A": -12.288487490461575,
    "J0444+4032_red_noise_gamma": 1.680009076735374,
    "J0444+4032_red_noise_log10_A": -13.915136779214162,
    "J0604-0837_red_noise_gamma": 0.35000232433414413,
    "J0604-0837_red_noise_log10_A": -13.995140866417005,
    "J0724-7148_red_noise_gamma": 1.050002365560682,
    "J0724-7148_red_noise_log10_A": -16.34083715421464,
    "J0814+2029_red_noise_gamma": 2.1584998165129594,
    "J0814+2029_red_noise_log10_A": -12.457309434933205,
    "J0934-2644_red_noise_gamma": 2.412848656515086,
    "J0934-2644_red_noise_log10_A": -13.28413913725205,
    "J1024+5812_red_noise_gamma": 0.9120655776370689,
    "J1024+5812_red_noise_log10_A": -13.498668438709021,
    "J1144+0251_red_noise_gamma": 2.3718527079948895,
    "J1144+0251_red_noise_log10_A": -12.855098512951727,
    "J1304-4835_red_noise_gamma": 2.2176508492952447,
    "J1304-4835_red_noise_log10_A": -12.53710264984745,
    "J1354+3322_red_noise_gamma": 1.2600150263633025,
    "J1354+3322_red_noise_log10_A": -17.51460266579268,
    "J1514-1428_red_noise_gamma": 2.0819455168370014,
    "J1514-1428_red_noise_log10_A": -12.772072668373024,
    "J1724+1428_red_noise_gamma": 2.380007418092868,
    "J1724+1428_red_noise_log10_A": -14.001797806962283,
    "J1844-3322_red_noise_gamma": 1.569328766698909,
    "J1844-3322_red_noise_log10_A": -12.626970688758261,
    "J1934+4835_red_noise_gamma": 1.8995343716809057,
    "J1934+4835_red_noise_log10_A": -13.046178517521065,
    "J2054-0251_red_noise_gamma": 0.14001792700040713,
    "J2054-0251_red_noise_log10_A": -16.99123615716385,
    "J2214-5812_red_noise_gamma": 1.800774247713064,
    "J2214-5812_red_noise_log10_A": -12.930034549198542,
    "J2304+2644_red_noise_gamma": 2.085743206286154,
    "J2304+2644_red_noise_log10_A": -12.210005779326456,
    "gw_log10_rho_0": -6.850819465487061,
    "gw_log10_rho_1": -7.14917961620475,
    "gw_log10_rho_2": -7.630573397223689,
    "gw_log10_rho_3": -7.4199674552990995,
    "gw_log10_rho_4": -7.053570617526368,
    "gw_log10_rho_5": -6.86637301742924,
    "gw_log10_rho_6": -6.788644748055191,
    "gw_log10_rho_7": -7.590751830075231,
    "gw_log10_rho_8": -7.627855454961572,
    "gw_log10_rho_9": -7.858489601435034,
    "gw_log10_rho_10": -7.90060960437604,
    "gw_log10_rho_11": -7.9106064830211675,
    "gw_log10_rho_12": -8.09034271410255,
    "gw_log10_rho_13": -7.858243951178509,
    "gw_log10_rho_14": -8.072002606307409,
    "gw_log10_rho_15": -8.172041003414195,
    "gw_log10_rho_16": -8.298874639429782,
    "gw_log10_rho_17": -8.304571843783254,
    "gw_log10_rho_18": -9.58365508004484,
    "gw_log10_rho_19": -9.906595158674769
}