{
    "J0024-2029_red_noise_gamma": 2.8532613091842154,
    "J0024-2029_red_noise_log10_A": -13.59392254225862,
    "J0114+7148_red_noise_gamma": 1.9234399017309798,
    "J0114+7148_red_noise_log10_A": -12.310030236937108,
    "J0234+0837_red_noise_gamma": 2.6164102904489104,
    "J0234+0837_red_noise_log10_A": -13.201617762261973,
    "J0354-4032_red_noise_gamma": 1.2597161339646543,
    "J0354-4032_red_noise_log10_A": -13.799259922692169,
    "J0444+4032_red_noise_gamma": 1.0181780775774176,
    "J0444+4032_red_noise_log10_A": -12.54204223852284,
    "J0604-0837_red_noise_gamma": 1.459844191159121,
    "J0604-0837_red_noise_log10_A": -13.14932616731223,
    "J0724-7148_red_noise_gamma": 2.0788008295883156,
    "J0724-7148_red_noise_log10_A": -12.431383323649927,
    "J0814+2029_red_noise_gamma": 2.5210601854700605,
    "J0814+2029_red_noise_log10_A": -13.8294404001029,
    "J0934-2644_red_noise_gamma": 2.20172083292596,
    "J0934-2644_red_noise_log10_A": -13.355973084828364,
    "J1024+5812_red_noise_gamma": 2.073545284042306,
    "J1024+5812_red_noise_log10_A": -11.939961582385388,
    "J1144+0251_red_noise_gamma": 1.5035551113442713,
    "J1144+0251_red_noise_log10_A": -13.286149948255186,
    "J1304-4835_red_noise_gamma": 1.465667709623707,
    "J1304-4835_red_noise_log10_A": -13.653878428561748,
    "J1354+3322_red_noise_gamma": 2.299803616373869,
    "J1354+3322_red_noise_log10_A": -11.472561810400627,
    "J1514-1428_red_noise_gamma": 2.7151765925805105,
    "J1514-1428_red_noise_log10_A": -13.147464062141362,
    "J1724+1428_red_noise_gamma": 1.6447793357871456,
    "J1724+1428_red_noise_log10_A": -13.180464500200419,
    "J1844-3322_red_noise_gamma": 1.5509498243106292,
    "J1844-3322_red_noise_log10_A": -11.268163861494532,
    "J1934+4835_red_noise_gamma": 0.4844976784817888,
    "J1934+4835_red_noise_log10_A": -12.402611769896732,
    "J2054-0251_red_noise_gamma": 2.7994490390321785,
    "J2054-0251_red_noise_log10_A": -13.753614995880536,
    "J2214-5812_red_noise_gamma": 1.171956611439574,
    "J2214-5812_red_noise_log10_A": -11.53709011647299,
    "J2304+2644_red_noise_gamma": 1.4783777846084714,
    "J2304+2644_red_noise_log10_A": -11.482988696831391,
    "gw_log10_rho_0": -7.419542846223926,
    "gw_log10_rho_1": -7.192348914581938,
    "gw_log10_rho_2": -8.233193141912277,
    "gw_log10_rho_3": -7.104497852016287,
    "gw_log10_rho_4": -7.021474421514491,
    "gw_log10_rho_5": -6.785238305001521,
    "gw_log10_rho_6": -6.698864803840393,
    "gw_log10_rho_7": -7.710805652621734,
    "gw_log10_rho_8": -7.779986940881997,
    "gw_log10_rho_9": -7.789674135469314,
    "gw_log10_rho_10": -8.184156818130395,
    "gw_log10_rho_11": -8.203357280984676,
    "gw_log10_rho_12": -8.045627473382819,
    "gw_log10_rho_13": -7.976241647977236,
    "gw_log10_rho_14": -8.029738690124773,
    "gw_log10_rho_15": -9.378893262899952,
    "gw_log10_rho_16": -9.97370772339258,
    "gw_log10_rho_17": -7.939577770295784,
    "gw_log10_rho_18": -9.822283674327807,
    "gw_log10_rho_19": -8.93433869293271
}