{
    "gw_gamma": 2.0198386077690205,
    "gw_log10_A": -12.60840024419563
}