{
    "cos_gwtheta": [
        -0.03060237223117146,
        0.14563447328364065,
        0.29398255201536516
    ],
    "cos_inc": [
        -0.18989256227861318,
        -0.12043685349795397,
        -0.0508066328861877
    ],
    "gwphi": [
        2.9005885212336877,
        3.0644110561226,
        3.241935112111312
    ],
    "log10_Mc": [
        null,
        8.350311238559186,
        null
    ],
    "log10_fgw": [
        -7.654368435609003,
        -7.654368435609003,
        -7.638213857302168
    ],
    "log10_h": [
        -13.526979701824846,
        -13.456784823004577,
        -13.377845127630943
    ],
    "phase0": [
        null,
        6.265548736644158,
        null
    ],
    "psi": [
        null,
        3.1332504888723145,
        null
    ]
}