{
    "cos_gwtheta": [
        null,
        -0.9459567630966739,
        null
    ],
    "cos_inc": [
        -0.09610091937647414,
        0.06709323005017054,
        0.2169694647245799
    ],
    "gwphi": [
        null,
        1.4078267994205185,
        null
    ],
    "log10_Mc": [
        null,
        9.994717635040384,
        null
    ],
    "log10_fgw": [
        -7.699286006769381,
        -7.66585590787914,
        -7.636184222473601
    ],
    "log10_h": [
        -14.261040012125209,
        -14.083412467576148,
        -13.82422525577277
    ],
    "phase0": [
        null,
        2.0920640168223876,
        null
    ],
    "psi": [
        null,
        1.316712316312681,
        null
    ]
}