{
    "cos_gwtheta": [
        null,
        -0.9936940363563544,
        null
    ],
    "cos_inc": [
        null,
        0.14384141355623759,
        null
    ],
    "gwphi": [
        1.654644337000553,
        2.2118802313039527,
        2.6679140909917125
    ],
    "log10_Mc": [
        null,
        8.474756091614529,
        null
    ],
    "log10_fgw": [
        -7.760638708438387,
        -7.718620239319722,
        -7.681556778351842
    ],
    "log10_h": [
        -14.595870669545592,
        -14.353183173566027,
        -14.095299775444094
    ],
    "phase0": [
        null,
        5.905337206331097,
        null
    ],
    "psi": [
        null,
        2.4872873077494515,
        null
    ]
}