{
    "cos_gwtheta": [
        -0.2539899051245096,
        -0.11041101096765138,
        0.040877665357840876
    ],
    "cos_inc": [
        -0.0804668640610754,
        -0.024438591231404017,
        0.022037320328946453
    ],
    "gwphi": [
        3.065984190319787,
        3.187196150403177,
        3.2939236624262884
    ],
    "log10_Mc": [
        null,
        9.71750746268583,
        null
    ],
    "log10_fgw": [
        -7.653647234204666,
        -7.65015418734741,
        -7.646029065344557
    ],
    "log10_h": [
        -13.55872351403631,
        -13.499322362137251,
        -13.448343761626866
    ],
    "phase0": [
        null,
        2.482348829812843,
        null
    ],
    "psi": [
        1.5277494105131115,
        1.607922109691342,
        1.7035069358835022
    ]
}