{
    "cos_gwtheta": [
        0.17120417016807277,
        0.30066858119021156,
        0.3827871302148763
    ],
    "cos_inc": [
        0.5474575582373835,
        0.9484886476313297,
        0.9948506232838088
    ],
    "gwphi": [
        1.8311387685841969,
        1.9681733357646722,
        2.1390056661510943
    ],
    "log10_Mc": [
        null,
        9.182009094467295,
        null
    ],
    "log10_fgw": [
        -7.691513346410688,
        -7.664239022056016,
        -7.634237265265876
    ],
    "log10_h": [
        -13.932800384655724,
        -13.833121062592808,
        -13.691038473366618
    ],
    "phase0": [
        null,
        3.683917575945412,
        null
    ],
    "psi": [
        null,
        2.2017918610990925,
        null
    ]
}