{
    "cos_gwtheta": [
        -0.1477846615309042,
        0.04634330250745744,
        0.23303414415142232
    ],
    "cos_inc": [
        -0.13073226548310235,
        -0.0685429024324693,
        -0.005576172343703223
    ],
    "gwphi": [
        3.0055231631060657,
        3.1786734113895907,
        3.3173126136234794
    ],
    "log10_Mc": [
        null,
        8.560998423662049,
        null
    ],
    "log10_fgw": [
        -7.677174431440089,
        -7.659654462698766,
        -7.641161162360702
    ],
    "log10_h": [
        -13.54095838357797,
        -13.461379294549744,
        -13.393136891388666
    ],
    "phase0": [
        null,
        4.914629656214713,
        null
    ],
    "psi": [
        null,
        3.133291852022123,
        null
    ]
}