{
    "cos_gwtheta": [
        -0.42709839461724297,
        -0.15113642555296436,
        0.15566146367549827
    ],
    "cos_inc": [
        -0.1356803848919429,
        0.020906483550204302,
        0.21222427972033076
    ],
    "gwphi": [
        2.189172810353897,
        2.756985351179403,
        3.7359940067345887
    ],
    "log10_Mc": [
        null,
        9.679282711361166,
        null
    ],
    "log10_fgw": [
        -7.692659356957434,
        -7.662797758224716,
        -7.635998887567149
    ],
    "log10_h": [
        -14.019855177826665,
        -13.87744353803973,
        -13.762367878645332
    ],
    "phase0": [
        null,
        1.6115638122390943,
        null
    ],
    "psi": [
        null,
        1.3764281810335377,
        null
    ]
}