{
    "cos_gwtheta": [
        -0.9943414676380622,
        -0.9943414676380622,
        -0.947313709455608
    ],
    "cos_inc": [
        null,
        0.2203397743532447,
        null
    ],
    "gwphi": [
        null,
        1.9440177783249395,
        null
    ],
    "log10_Mc": [
        null,
        8.503441902837931,
        null
    ],
    "log10_fgw": [
        -7.7514126253160045,
        -7.724772469365479,
        -7.700731353019882
    ],
    "log10_h": [
        -14.60601021366187,
        -14.33137153916516,
        -14.204972228735759
    ],
    "phase0": [
        null,
        1.0112636578525491,
        null
    ],
    "psi": [
        null,
        0.6104474953081549,
        null
    ]
}