{
    "cos_gwtheta": [
        -0.26020065740834186,
        0.10251210792381604,
        0.339572898606211
    ],
    "cos_inc": [
        -0.993719287858855,
        -0.7931321957636085,
        -0.17844905526955301
    ],
    "gwphi": [
        2.3830027014562556,
        2.633072022896974,
        2.872215985633972
    ],
    "log10_Mc": [
        null,
        9.832216897656656,
        null
    ],
    "log10_fgw": [
        -7.665723914837981,
        -7.634520265986533,
        -7.609703328888305
    ],
    "log10_h": [
        -14.255033186025644,
        -14.088557175394945,
        -13.912675740434825
    ],
    "phase0": [
        1.7480895857497898,
        4.164446953930892,
        6.266577911513471
    ],
    "psi": [
        null,
        2.0072028266030064,
        null
    ]
}