{
    "cos_gwtheta": [
        -0.6861556946660089,
        -0.43899092691636565,
        -0.18398269517466725
    ],
    "cos_inc": [
        -0.9937092310812639,
        -0.9937092310812639,
        -0.4695372163688819
    ],
    "gwphi": [
        1.3059869435293974,
        1.6879253281375037,
        2.0889308395903203
    ],
    "log10_Mc": [
        null,
        9.249153983868258,
        null
    ],
    "log10_fgw": [
        -7.690362528000394,
        -7.664084964819343,
        -7.637807401638293
    ],
    "log10_h": [
        -14.377699544811897,
        -14.232769512652984,
        -14.06534397931928
    ],
    "phase0": [
        null,
        2.392467248863201,
        null
    ],
    "psi": [
        null,
        0.8806174491993151,
        null
    ]
}