{
    "cos_gwtheta": [
        -0.34885866158313217,
        -0.1532080337140851,
        0.022462095252258507
    ],
    "cos_inc": [
        null,
        -0.5952899992095373,
        null
    ],
    "gwphi": [
        2.0813731762649454,
        2.3212269079289887,
        2.5250720641014834
    ],
    "log10_Mc": [
        null,
        9.392534172222794,
        null
    ],
    "log10_fgw": [
        -7.692662938391497,
        -7.664707841362344,
        -7.635587948623643
    ],
    "log10_h": [
        -14.139709045708127,
        -13.991246884053094,
        -13.820420230097461
    ],
    "phase0": [
        null,
        3.1126960450082537,
        null
    ],
    "psi": [
        null,
        0.2201816342960174,
        null
    ]
}