{
    "cos_gwtheta": [
        -0.7593938982866151,
        -0.6379491402345108,
        -0.44157038253323566
    ],
    "cos_inc": [
        -0.12619625924858346,
        -0.08376328820204682,
        -0.04270314857172164
    ],
    "gwphi": [
        2.9088492772959906,
        2.9909315019887703,
        3.071827948154687
    ],
    "log10_Mc": [
        null,
        9.2011946874447,
        null
    ],
    "log10_fgw": [
        -7.665440480977414,
        -7.663805679722667,
        -7.662800901542838
    ],
    "log10_h": [
        -13.513130005471774,
        -13.436288230652979,
        -13.360806487246906
    ],
    "phase0": [
        0.02031748901681321,
        1.0110453660752616,
        3.8739116085461753
    ],
    "psi": [
        1.1048456900534531,
        1.1733246671347193,
        1.2471854608429684
    ]
}