{
    "cos_gwtheta": [
        -0.062151337210149316,
        0.038689433613131374,
        0.38800816629315205
    ],
    "cos_inc": [
        -0.07167348579485966,
        -0.017838570890452154,
        0.030869209261154662
    ],
    "gwphi": [
        2.3428083947984817,
        2.435875041764847,
        2.537128106751402
    ],
    "log10_Mc": [
        null,
        8.092419244447852,
        null
    ],
    "log10_fgw": [
        -7.698572527462048,
        -7.672915655708513,
        -7.646182271853432
    ],
    "log10_h": [
        -13.234491768911735,
        -13.162392906333913,
        -13.085468529331592
    ],
    "phase0": [
        null,
        0.020015560697210867,
        null
    ],
    "psi": [
        2.005667772988433,
        2.1320216289074834,
        2.230970521834494
    ]
}