{
    "cos_gwtheta": [
        0.004864340980524018,
        0.5613313249124372,
        0.7900727726928327
    ],
    "cos_inc": [
        -0.05267493027027892,
        0.011565577942657113,
        0.08661106460119417
    ],
    "gwphi": [
        2.1430235452954403,
        2.354192423291092,
        2.5581418524663793
    ],
    "log10_Mc": [
        null,
        8.398267928563937,
        null
    ],
    "log10_fgw": [
        -7.685676508141644,
        -7.658642718038139,
        -7.634050689621401
    ],
    "log10_h": [
        -13.638229567281135,
        -13.49078678208351,
        -13.360204046314314
    ],
    "phase0": [
        null,
        0.8907332252990987,
        null
    ],
    "psi": [
        2.146998427212117,
        2.3277297190895663,
        2.4405083293448464
    ]
}