{
    "cos_gwtheta": [
        0.07317067410175349,
        0.22611999954850603,
        0.3604169682334595
    ],
    "cos_inc": [
        -0.021920430870100094,
        0.03221804980118592,
        0.09425995830769596
    ],
    "gwphi": [
        2.915916619896957,
        3.1074697873740065,
        3.236993153973421
    ],
    "log10_Mc": [
        null,
        9.210797532026822,
        null
    ],
    "log10_fgw": [
        -7.6617949098829286,
        -7.653773868921267,
        -7.653773868921267
    ],
    "log10_h": [
        -13.46162337431755,
        -13.400532365263173,
        -13.341597509469539
    ],
    "phase0": [
        null,
        0.950642679125765,
        null
    ],
    "psi": [
        1.4783882147803733,
        1.585199755640366,
        1.7161300315332604
    ]
}