{
    "cos_gwtheta": [
        0.0904467303379431,
        0.19132268351186765,
        0.3207195418526134
    ],
    "cos_inc": [
        -0.26072658592295356,
        -0.17824626811658784,
        -0.13554967237481674
    ],
    "gwphi": [
        2.8734704097287724,
        2.992505950258901,
        3.089794613192179
    ],
    "log10_Mc": [
        null,
        9.18216973950008,
        null
    ],
    "log10_fgw": [
        -7.660630769356635,
        -7.660630769356635,
        -7.647289444132012
    ],
    "log10_h": [
        -13.444882506791773,
        -13.397215654491522,
        -13.340840978639386
    ],
    "phase0": [
        null,
        3.6238697357975345,
        null
    ],
    "psi": [
        null,
        3.133272825615083,
        null
    ]
}