{
    "cos_gwtheta": [
        -0.20996127801835096,
        -0.1183310423064583,
        -0.008339105663972335
    ],
    "cos_inc": [
        0.06417421841382434,
        0.10060491535644348,
        0.14016167870337978
    ],
    "gwphi": [
        2.352245926816128,
        2.4327332643739776,
        2.5283424653517863
    ],
    "log10_Mc": [
        null,
        8.369754834674138,
        null
    ],
    "log10_fgw": [
        -7.6912521954342665,
        -7.669636969421101,
        -7.647872672883707
    ],
    "log10_h": [
        -13.21364741090886,
        -13.144909213200918,
        -13.0682518682916
    ],
    "phase0": [
        null,
        5.785994400964033,
        null
    ],
    "psi": [
        2.198723895132134,
        2.267295639101113,
        2.322318933656867
    ]
}