{
    "cos_gwtheta": [
        -0.6261683131520243,
        -0.34820094003769697,
        -0.11890190283888868
    ],
    "cos_inc": [
        -0.3632266145026537,
        -0.2048780173513175,
        -0.09812615410322567
    ],
    "gwphi": [
        3.164995691706072,
        3.3676599338718596,
        3.5551243578752127
    ],
    "log10_Mc": [
        null,
        9.956523278095274,
        null
    ],
    "log10_fgw": [
        -7.675478253879132,
        -7.654771935581028,
        -7.630107056431816
    ],
    "log10_h": [
        -14.079133982850095,
        -13.93184064320327,
        -13.822528604974806
    ],
    "phase0": [
        null,
        5.455829429623936,
        null
    ],
    "psi": [
        null,
        1.5867245773178738,
        null
    ]
}