{
    "cos_gwtheta": [
        -0.12515918994964514,
        0.02517962618312064,
        0.22215048229000178
    ],
    "cos_inc": [
        0.33674188201668254,
        0.8423099813827952,
        0.9947136930302045
    ],
    "gwphi": [
        2.5511865933740974,
        2.7147196269938583,
        2.9015292602894247
    ],
    "log10_Mc": [
        null,
        9.076990084564926,
        null
    ],
    "log10_fgw": [
        -7.691947634016395,
        -7.667226345834614,
        -7.634393384968186
    ],
    "log10_h": [
        -14.061907622972774,
        -13.886798979468557,
        -13.785690222968213
    ],
    "phase0": [
        null,
        5.155146968484421,
        null
    ],
    "psi": [
        null,
        3.133157565250547,
        null
    ]
}