{
    "cos_gwtheta": [
        -0.2839702830497756,
        -0.1956560909616719,
        -0.0964553695344057
    ],
    "cos_inc": [
        0.14903967936518267,
        0.24426113885907588,
        0.3849158287171752
    ],
    "gwphi": [
        2.2835385251674376,
        2.411375191554063,
        2.5403186689050745
    ],
    "log10_Mc": [
        null,
        9.765143531514173,
        null
    ],
    "log10_fgw": [
        -7.664558833619488,
        -7.664558833619488,
        -7.649204182614708
    ],
    "log10_h": [
        -13.550268470834064,
        -13.479565449640386,
        -13.40501755116125
    ],
    "phase0": [
        null,
        5.36549996756339,
        null
    ],
    "psi": [
        null,
        2.021806600470222,
        null
    ]
}