{
    "cos_gwtheta": [
        -0.6042610671249835,
        -0.3386545063652664,
        -0.03160858620024409
    ],
    "cos_inc": [
        null,
        0.34464632502324355,
        null
    ],
    "gwphi": [
        2.2208668178355597,
        2.4626780161220085,
        2.9645732992152936
    ],
    "log10_Mc": [
        null,
        9.096051227748028,
        null
    ],
    "log10_fgw": [
        -7.763991073096005,
        -7.740049384974055,
        -7.709854270850105
    ],
    "log10_h": [
        -14.485336703252361,
        -14.27456760330082,
        -14.12881787019213
    ],
    "phase0": [
        null,
        5.57609804916758,
        null
    ],
    "psi": [
        1.0319954755695666,
        1.7516841647496642,
        3.1332740398553813
    ]
}