{
    "cos_gwtheta": [
        -0.610311236085476,
        -0.41159301193960945,
        -0.09925884948517905
    ],
    "cos_inc": [
        -0.29766947772438523,
        -0.20811184424242868,
        -0.13157313989501207
    ],
    "gwphi": [
        3.2106677709141005,
        3.340539383398581,
        3.5162842074897953
    ],
    "log10_Mc": [
        null,
        9.239540014526682,
        null
    ],
    "log10_fgw": [
        -7.664634071757076,
        -7.661572044996118,
        -7.658790784011831
    ],
    "log10_h": [
        -13.90980964076818,
        -13.846864763886025,
        -13.781782656792098
    ],
    "phase0": [
        null,
        6.116540959715631,
        null
    ],
    "psi": [
        null,
        1.2483727113591718,
        null
    ]
}