{
    "cos_gwtheta": [
        -0.6267483274527654,
        -0.2880780412177356,
        0.010424373859186042
    ],
    "cos_inc": [
        -0.08649266557353275,
        -0.003109918528598321,
        0.0876010034347745
    ],
    "gwphi": [
        null,
        1.3434919834157637,
        null
    ],
    "log10_Mc": [
        null,
        9.803567698601736,
        null
    ],
    "log10_fgw": [
        -7.673602116570919,
        -7.647413003018094,
        -7.614332017477683
    ],
    "log10_h": [
        -14.085191714432238,
        -13.947740839208937,
        -13.811141932220488
    ],
    "phase0": [
        null,
        6.146387717495901,
        null
    ],
    "psi": [
        null,
        1.6315973126931107,
        null
    ]
}