{
    "cos_gwtheta": [
        -0.6257933415540964,
        -0.4989293022714523,
        -0.29872907818298905
    ],
    "cos_inc": [
        -0.08261280632237256,
        -0.02024359410238996,
        0.04567941938368858
    ],
    "gwphi": [
        2.984184010262175,
        3.181387465699256,
        3.357704840880686
    ],
    "log10_Mc": [
        null,
        9.898778389662027,
        null
    ],
    "log10_fgw": [
        -7.659500401719052,
        -7.648546356042327,
        -7.635221658689295
    ],
    "log10_h": [
        -13.669445053744436,
        -13.592844462545491,
        -13.510013201249023
    ],
    "phase0": [
        null,
        0.17056932127860314,
        null
    ],
    "psi": [
        1.3443185131396524,
        1.4394000335523451,
        1.5538385410197393
    ]
}