{
    "cos_gwtheta": [
        0.12569820721311076,
        0.2115613333499733,
        0.27913116389913584
    ],
    "cos_inc": [
        -0.33447818715266797,
        -0.26092255157222366,
        -0.1926552296609616
    ],
    "gwphi": [
        1.8451332769268773,
        1.9551621485866288,
        2.0686656161935306
    ],
    "log10_Mc": [
        null,
        8.484338125724651,
        null
    ],
    "log10_fgw": [
        -7.722656628236463,
        -7.71956658052202,
        -7.716867096459218
    ],
    "log10_h": [
        -13.515836596616934,
        -13.449025073584162,
        -13.390352064688525
    ],
    "phase0": [
        null,
        5.035283759171256,
        null
    ],
    "psi": [
        1.5297208156151698,
        1.625461714609008,
        1.7218997560712483
    ]
}