{
    "cos_gwtheta": [
        -0.21364084404978045,
        0.0073467938555981105,
        0.1822411313400063
    ],
    "cos_inc": [
        -0.06212962278280609,
        0.10681121397726623,
        0.3454327013869102
    ],
    "gwphi": [
        2.648082717807144,
        2.8014975319285353,
        2.9711836142143175
    ],
    "log10_Mc": [
        null,
        9.612277591158811,
        null
    ],
    "log10_fgw": [
        -7.68753626538025,
        -7.658781910412259,
        -7.637343752270443
    ],
    "log10_h": [
        -13.86020343652074,
        -13.685717490887162,
        -13.556618062903938
    ],
    "phase0": [
        null,
        3.474464505084808,
        null
    ],
    "psi": [
        null,
        0.2955130336890421,
        null
    ]
}