{
    "cos_gwtheta": [
        -0.24953255736315982,
        -0.07604620789922323,
        0.08632841257012236
    ],
    "cos_inc": [
        -0.246790559193807,
        -0.12638140107436135,
        -0.0382724774345764
    ],
    "gwphi": [
        2.836525909407715,
        2.991621551582371,
        3.162989523427811
    ],
    "log10_Mc": [
        null,
        9.994679331323994,
        null
    ],
    "log10_fgw": [
        -7.673704491375161,
        -7.65570997247036,
        -7.636176448659228
    ],
    "log10_h": [
        -13.656259113254198,
        -13.56205216935961,
        -13.474043050721246
    ],
    "phase0": [
        null,
        2.422951180411837,
        null
    ],
    "psi": [
        null,
        1.7067566897003486,
        null
    ]
}