{
    "cos_gwtheta": [
        -0.2940248256612734,
        -0.2253885933740294,
        -0.1312636631742894
    ],
    "cos_inc": [
        -0.37523490608580423,
        -0.2183775038186938,
        -0.13562898438524873
    ],
    "gwphi": [
        2.4665482538415358,
        2.5780827193646547,
        2.6670905194372914
    ],
    "log10_Mc": [
        null,
        8.16878132307486,
        null
    ],
    "log10_fgw": [
        -7.668431111882907,
        -7.65071654589084,
        -7.6325099086212145
    ],
    "log10_h": [
        -13.451271580349264,
        -13.244844141391647,
        -13.090693781131089
    ],
    "phase0": [
        null,
        0.9206720179371558,
        null
    ],
    "psi": [
        0.7522254238928068,
        0.8593765825008807,
        0.9418234462076487
    ]
}