{
    "cos_gwtheta": [
        -0.7186679131621567,
        -0.39143933400013364,
        0.20616036767729096
    ],
    "cos_inc": [
        -0.9936828229318613,
        -0.8980421034691555,
        -0.2033047358959873
    ],
    "gwphi": [
        2.774796589189242,
        3.8036608597737303,
        4.487071613883888
    ],
    "log10_Mc": [
        null,
        9.029047122546228,
        null
    ],
    "log10_fgw": [
        -7.726255065313482,
        -7.690082676408896,
        -7.647947805816742
    ],
    "log10_h": [
        -14.671007013670529,
        -14.506638160899419,
        -14.19496069556498
    ],
    "phase0": [
        0.03742565516348852,
        2.6925094921238486,
        4.532326409735204
    ],
    "psi": [
        null,
        0.3100643801306394,
        null
    ]
}