{
    "cos_gwtheta": [
        -0.516427624540844,
        -0.11130168124312279,
        0.10232405156923485
    ],
    "cos_inc": [
        0.13367639803890574,
        0.2835550017201802,
        0.76920060715496
    ],
    "gwphi": [
        2.943059032340588,
        3.0809952978301203,
        3.1992263825354343
    ],
    "log10_Mc": [
        null,
        8.87628500185985,
        null
    ],
    "log10_fgw": [
        -7.681342655721635,
        -7.658285769841135,
        -7.639331029301338
    ],
    "log10_h": [
        -14.107801076409983,
        -13.924730166010542,
        -13.817389209850873
    ],
    "phase0": [
        null,
        3.5940487797279843,
        null
    ],
    "psi": [
        null,
        2.773087201546968,
        null
    ]
}