{
    "cos_gwtheta": [
        -0.2878917720871035,
        -0.06800074871606121,
        0.11198193079069496
    ],
    "cos_inc": [
        -0.08400162720867843,
        -0.028895785917197325,
        0.028731237655593378
    ],
    "gwphi": [
        3.0521373268181815,
        3.208241859270778,
        3.3424796089673694
    ],
    "log10_Mc": [
        null,
        8.188040371234546,
        null
    ],
    "log10_fgw": [
        -7.676845459935823,
        -7.648933125473458,
        -7.620828292152732
    ],
    "log10_h": [
        -13.544560079457636,
        -13.474679973778578,
        -13.405321361425482
    ],
    "phase0": [
        0.0214505575340059,
        2.1230750021294775,
        4.256551704280483
    ],
    "psi": [
        null,
        3.1332198263636193,
        null
    ]
}