{
    "cos_gwtheta": [
        null,
        0.7721994727064259,
        null
    ],
    "cos_inc": [
        -0.08009970499300512,
        -0.028043260496943834,
        0.019908374755700398
    ],
    "gwphi": [
        2.131362641276203,
        2.262505237186536,
        2.5556475103978693
    ],
    "log10_Mc": [
        null,
        8.006386820858552,
        null
    ],
    "log10_fgw": [
        -7.685249696646258,
        -7.66209260399126,
        -7.63680046024041
    ],
    "log10_h": [
        -13.497544825280258,
        -13.356193757177012,
        -13.224233144647059
    ],
    "phase0": [
        1.2944263111797434,
        3.41344457207307,
        5.5974327324749185
    ],
    "psi": [
        2.2353076116472663,
        2.354380438936616,
        2.433941515409861
    ]
}