{
    "cos_gwtheta": [
        -0.41458084732402595,
        -0.2956432942715992,
        -0.17051823845921954
    ],
    "cos_inc": [
        null,
        -0.9845701441463394,
        null
    ],
    "gwphi": [
        1.8978424090651596,
        2.1209508953395284,
        2.28608631037725
    ],
    "log10_Mc": [
        null,
        8.426866691281953,
        null
    ],
    "log10_fgw": [
        -7.748082409612328,
        -7.719815699242668,
        -7.696289368872888
    ],
    "log10_h": [
        -13.981314635972472,
        -13.883501181572747,
        -13.686575864086574
    ],
    "phase0": [
        null,
        2.1527214429688706,
        null
    ],
    "psi": [
        null,
        1.7815617783873836,
        null
    ]
}