{
    "cos_gwtheta": [
        -0.9443939383574327,
        -0.8939477248241808,
        -0.7630319457586484
    ],
    "cos_inc": [
        -0.27926232037468357,
        -0.22422330612422814,
        -0.16938156432628337
    ],
    "gwphi": [
        null,
        2.7154584496025436,
        null
    ],
    "log10_Mc": [
        null,
        9.373196551752976,
        null
    ],
    "log10_fgw": [
        -7.736921582553468,
        -7.713202115441454,
        -7.691199188712545
    ],
    "log10_h": [
        -13.80650253261512,
        -13.751372823093746,
        -13.6933178636794
    ],
    "phase0": [
        null,
        3.7739071101582797,
        null
    ],
    "psi": [
        0.9581411314096407,
        1.04360018509679,
        1.132994853098479
    ]
}