{
    "cos_gwtheta": [
        -0.17108139511021825,
        0.024483227383762407,
        0.16984498032288586
    ],
    "cos_inc": [
        -0.03709614712825504,
        0.014031269158526705,
        0.07257823134444552
    ],
    "gwphi": [
        3.0807096305685864,
        3.2559632727137178,
        3.3820892092440413
    ],
    "log10_Mc": [
        null,
        9.631415855552799,
        null
    ],
    "log10_fgw": [
        -7.662227671960824,
        -7.6444852030677035,
        -7.6224415295944326
    ],
    "log10_h": [
        -13.61194883070857,
        -13.545282857674046,
        -13.48144825801164
    ],
    "phase0": [
        null,
        3.503286022679485,
        null
    ],
    "psi": [
        1.4782800991844458,
        1.5704722646518015,
        1.6825906906668564
    ]
}