{
    "cos_gwtheta": [
        -0.9937858340019874,
        -0.9937858340019874,
        -0.9348984791301674
    ],
    "cos_inc": [
        -0.024477130356390542,
        0.015996302870327384,
        0.06331908633541272
    ],
    "gwphi": [
        1.9392832589536209,
        2.071492734422481,
        2.1985716929328483
    ],
    "log10_Mc": [
        null,
        8.063760960384334,
        null
    ],
    "log10_fgw": [
        -7.726868695153939,
        -7.712878386897098,
        -7.701516560797603
    ],
    "log10_h": [
        -13.802001621492625,
        -13.734009036591598,
        -13.662399824834134
    ],
    "phase0": [
        1.87523687755954,
        3.713759836554211,
        6.266326880540696
    ],
    "psi": [
        1.955613001562705,
        2.0551287361572377,
        2.152839196654818
    ]
}