{
    "cos_gwtheta": [
        -0.2758850201768491,
        -0.020443209581299193,
        0.15310122662483772
    ],
    "cos_inc": [
        0.39073831632155454,
        0.5195182246873471,
        0.9870094425387026
    ],
    "gwphi": [
        1.9966363875824191,
        2.2025601252221487,
        2.3789153261751483
    ],
    "log10_Mc": [
        null,
        8.350451166146273,
        null
    ],
    "log10_fgw": [
        -7.68210782043415,
        -7.661977618622716,
        -7.641153271921233
    ],
    "log10_h": [
        -14.050366268880962,
        -13.874106457040682,
        -13.780688756765334
    ],
    "phase0": [
        null,
        1.7615544433840016,
        null
    ],
    "psi": [
        null,
        0.5053495491088112,
        null
    ]
}