{
    "cos_gwtheta": [
        null,
        -0.8174498414837341,
        null
    ],
    "cos_inc": [
        0.03787717912707678,
        0.18610933544089203,
        0.9947323826640116
    ],
    "gwphi": [
        2.8664510063610544,
        2.9815262235990247,
        3.2323842807141894
    ],
    "log10_Mc": [
        null,
        9.430733242742699,
        null
    ],
    "log10_fgw": [
        null,
        -7.731782650212197,
        null
    ],
    "log10_h": [
        -13.7366944110004,
        -13.585550079908149,
        -13.514865666362521
    ],
    "phase0": [
        null,
        5.635544841660101,
        null
    ],
    "psi": [
        2.6699291289214724,
        2.8026821720112807,
        3.1331591592795562
    ]
}