{
    "cos_gwtheta": [
        0.005752068082752637,
        0.19856415406435302,
        0.3440288934883413
    ],
    "cos_inc": [
        -0.07370369419612122,
        0.005380571500250064,
        0.07843936933404072
    ],
    "gwphi": [
        2.8198886221710615,
        3.047129644391818,
        3.229704126618323
    ],
    "log10_Mc": [
        null,
        9.019684083981334,
        null
    ],
    "log10_fgw": [
        -7.6530986578219755,
        -7.639233671654205,
        -7.626869989721161
    ],
    "log10_h": [
        -13.598726085451675,
        -13.516799610426991,
        -13.429877618632512
    ],
    "phase0": [
        null,
        2.632206273531675,
        null
    ],
    "psi": [
        1.4712910731836824,
        1.6028543488069382,
        1.7950600717877885
    ]
}