{
    "cos_gwtheta": [
        -0.055384049345902464,
        0.2261177115551274,
        0.39138325957226017
    ],
    "cos_inc": [
        -0.07255018920366252,
        0.1693796168708641,
        0.6846510828731425
    ],
    "gwphi": [
        1.7407538554497632,
        2.0265419037741683,
        2.354991731382955
    ],
    "log10_Mc": [
        8.521858384946245,
        9.392609957245451,
        9.994719059990825
    ],
    "log10_fgw": [
        -7.702597974406632,
        -7.682380028813226,
        -7.657734795863599
    ],
    "log10_h": [
        -14.03461306037244,
        -13.909356887433544,
        -13.77352100757975
    ],
    "phase0": [
        null,
        6.0267088442935375,
        null
    ],
    "psi": [
        null,
        0.5054939384432606,
        null
    ]
}