{
    "cos_gwtheta": [
        -0.404521398887271,
        0.02643377110381373,
        0.3289841398059947
    ],
    "cos_inc": [
        -0.39933223939251206,
        0.01961244363522696,
        0.5984202140641537
    ],
    "gwphi": [
        null,
        2.376382371466755,
        null
    ],
    "log10_Mc": [
        null,
        8.121035045398704,
        null
    ],
    "log10_fgw": [
        null,
        -7.665093150608561,
        null
    ],
    "log10_h": [
        -14.28997227499256,
        -14.079903197828553,
        -13.890365758975598
    ],
    "phase0": [
        null,
        5.245043972841388,
        null
    ],
    "psi": [
        null,
        0.7006234079760753,
        null
    ]
}