{
    "cos_gwtheta": [
        0.10750609545702483,
        0.22876373710564846,
        0.345083284750482
    ],
    "cos_inc": [
        0.003372726209624255,
        0.07503431456279785,
        0.141983908065352
    ],
    "gwphi": [
        2.769091442553404,
        2.9614276506934334,
        3.124392319659369
    ],
    "log10_Mc": [
        null,
        9.86089131402652,
        null
    ],
    "log10_fgw": [
        -7.672388706845914,
        -7.6553305855655225,
        -7.642051808520907
    ],
    "log10_h": [
        -13.477085111089153,
        -13.395621045061645,
        -13.317224663528897
    ],
    "phase0": [
        null,
        3.923742791963865,
        null
    ],
    "psi": [
        null,
        0.1298970396141065,
        null
    ]
}