{
    "cos_gwtheta": [
        -0.22052756131385676,
        -0.06264273631808448,
        0.07413538049404245
    ],
    "cos_inc": [
        0.06022031426720853,
        0.17205130392868695,
        0.3717494997527552
    ],
    "gwphi": [
        2.838875228451519,
        3.0072581808392873,
        3.164727423350071
    ],
    "log10_Mc": [
        null,
        9.086519560128202,
        null
    ],
    "log10_fgw": [
        -7.654056511650351,
        -7.654056511650351,
        -7.639527436746335
    ],
    "log10_h": [
        -13.632579183216425,
        -13.550756700280852,
        -13.47044944851075
    ],
    "phase0": [
        null,
        4.704725115986145,
        null
    ],
    "psi": [
        null,
        1.4814550758222504,
        null
    ]
}