{
    "cos_gwtheta": [
        -0.08045765591808074,
        0.050740732068059846,
        0.17795290747337966
    ],
    "cos_inc": [
        0.030119816552139134,
        0.08454194600873732,
        0.1400242468183862
    ],
    "gwphi": [
        2.2972067538576564,
        2.395604895956194,
        2.4967984398188947
    ],
    "log10_Mc": [
        null,
        8.331437883877582,
        null
    ],
    "log10_fgw": [
        -7.698664133038495,
        -7.672911770107277,
        -7.647855416985011
    ],
    "log10_h": [
        -13.272348732486176,
        -13.198474976286455,
        -13.129254685044197
    ],
    "phase0": [
        0.019754113817901733,
        1.7015706001230644,
        3.6726445281664475
    ],
    "psi": [
        0.49597164870323635,
        0.5958396993799859,
        0.6735495263128317
    ]
}