{
    "cos_gwtheta": [
        -0.7912579684063112,
        -0.643487226629835,
        -0.23881675900542454
    ],
    "cos_inc": [
        -0.9937535529738062,
        -0.7944891929092445,
        -0.4792999771876979
    ],
    "gwphi": [
        3.043515412656421,
        3.231175375819406,
        3.433798259633261
    ],
    "log10_Mc": [
        null,
        9.535748852652098,
        null
    ],
    "log10_fgw": [
        -7.759372124913155,
        -7.729008752157606,
        -7.701871487757333
    ],
    "log10_h": [
        -14.552518748719846,
        -14.428728337768705,
        -14.256225270175532
    ],
    "phase0": [
        null,
        2.3325598139515016,
        null
    ],
    "psi": [
        null,
        2.6228468245682883,
        null
    ]
}