{
    "cos_gwtheta": [
        -0.8358815796601101,
        -0.40080269114055833,
        0.18202007954079746
    ],
    "cos_inc": [
        null,
        0.038743823905059926,
        null
    ],
    "gwphi": [
        null,
        1.3120239543580499,
        null
    ],
    "log10_Mc": [
        null,
        8.101735146193015,
        null
    ],
    "log10_fgw": [
        -7.713568581878983,
        -7.6521315145089615,
        -7.589103843452985
    ],
    "log10_h": [
        -14.705857567892446,
        -14.165389886521206,
        -13.906279472691894
    ],
    "phase0": [
        null,
        3.1127741007038416,
        null
    ],
    "psi": [
        null,
        1.5866437280219026,
        null
    ]
}