{
    "cos_gwtheta": [
        -0.2772037415550056,
        0.061507922328896125,
        0.3014124437564467
    ],
    "cos_inc": [
        -0.0657508713999767,
        0.07701865340052039,
        0.6596296668621588
    ],
    "gwphi": [
        2.3125104143277206,
        2.520077544143079,
        2.7006516391393998
    ],
    "log10_Mc": [
        null,
        9.794029973436038,
        null
    ],
    "log10_fgw": [
        -7.690288455393668,
        -7.6743858162142375,
        -7.652723165993439
    ],
    "log10_h": [
        -14.086477251248889,
        -13.902261678384376,
        -13.749807411186158
    ],
    "phase0": [
        null,
        2.392531703496521,
        null
    ],
    "psi": [
        null,
        2.0671450597566885,
        null
    ]
}