{
    "cos_gwtheta": [
        null,
        0.6031116931709435,
        null
    ],
    "cos_inc": [
        -0.06563984270802181,
        -0.014831876993324444,
        0.041468841771610476
    ],
    "gwphi": [
        2.24067417289422,
        2.374055571862374,
        2.5034469289810533
    ],
    "log10_Mc": [
        null,
        9.794066962860049,
        null
    ],
    "log10_fgw": [
        -7.698539512697451,
        -7.67649115094078,
        -7.648337089005339
    ],
    "log10_h": [
        -13.271235356748734,
        -13.176225655333159,
        -13.050121869817938
    ],
    "phase0": [
        null,
        1.4616287385181357,
        null
    ],
    "psi": [
        0.4156256981363806,
        0.5881552501759012,
        0.6844690243099149
    ]
}