{
    "cos_gwtheta": [
        -0.9768329995250993,
        -0.9209128349887454,
        -0.8721519994760771
    ],
    "cos_inc": [
        -0.07467436860498566,
        -0.04652126388912059,
        -0.011201914336489982
    ],
    "gwphi": [
        0.18951220848931807,
        0.28973316989559894,
        0.4173437108166398
    ],
    "log10_Mc": [
        null,
        8.904915206697373,
        null
    ],
    "log10_fgw": [
        -7.810495082888284,
        -7.785312266185136,
        -7.763414164704139
    ],
    "log10_h": [
        -13.679381080464914,
        -13.631232706479897,
        -13.592147555833238
    ],
    "phase0": [
        null,
        0.37994300402795267,
        null
    ],
    "psi": [
        2.030692373348947,
        2.0981471517209753,
        2.1563377545225966
    ]
}