{
    "cos_gwtheta": [
        null,
        0.7359073078813281,
        null
    ],
    "cos_inc": [
        -0.08838310178945719,
        0.0081972661521863,
        0.12976557323273563
    ],
    "gwphi": [
        2.137787774267973,
        2.415410678998815,
        2.6349960368354943
    ],
    "log10_Mc": [
        null,
        9.994418575110242,
        null
    ],
    "log10_fgw": [
        -7.70142117394926,
        -7.677325076576039,
        -7.644449780935054
    ],
    "log10_h": [
        -13.87709621582544,
        -13.62847817729775,
        -13.433570494532166
    ],
    "phase0": [
        null,
        0.019828561365500597,
        null
    ],
    "psi": [
        null,
        2.307747767524184,
        null
    ]
}