{
    "cos_gwtheta": [
        -0.271500665539402,
        -0.07784909224316505,
        0.1921971384084682
    ],
    "cos_inc": [
        -0.11556737597806888,
        -0.02128349658001749,
        0.07240740244446131
    ],
    "gwphi": [
        2.9284711741517957,
        3.2931917411293257,
        3.5929620701519536
    ],
    "log10_Mc": [
        null,
        9.99452208122733,
        null
    ],
    "log10_fgw": [
        -7.672944720483475,
        -7.648597666598607,
        -7.616390540199728
    ],
    "log10_h": [
        -13.984524373029638,
        -13.861256511704722,
        -13.75514681422723
    ],
    "phase0": [
        null,
        2.3328847608175853,
        null
    ],
    "psi": [
        null,
        0.08517129014040614,
        null
    ]
}