{
    "cos_gwtheta": [
        -0.21687262185245515,
        -0.08410575673724119,
        0.014124204728774736
    ],
    "cos_inc": [
        0.6220856687021266,
        0.9956638747007225,
        0.9956638747007225
    ],
    "gwphi": [
        3.15965928062533,
        3.270373335993939,
        3.3671812781278434
    ],
    "log10_Mc": [
        null,
        8.417475950066395,
        null
    ],
    "log10_fgw": [
        -7.7383690950748525,
        -7.724946825958911,
        -7.707050467137656
    ],
    "log10_h": [
        -13.952286631245558,
        -13.86667106546543,
        -13.769372723906752
    ],
    "phase0": [
        null,
        1.251132746641677,
        null
    ],
    "psi": [
        null,
        1.3614865118028237,
        null
    ]
}