{
    "cos_gwtheta": [
        -0.10759304222628596,
        0.036735380206427526,
        0.16957160975222707
    ],
    "cos_inc": [
        0.030165870686950202,
        0.09988718294469268,
        0.1730657503557117
    ],
    "gwphi": [
        2.8689627202612584,
        3.011821061340337,
        3.1682133505216443
    ],
    "log10_Mc": [
        null,
        8.006297086427093,
        null
    ],
    "log10_fgw": [
        -7.671783040373275,
        -7.651986876911183,
        -7.632586636718333
    ],
    "log10_h": [
        -13.535413305562908,
        -13.46527009378679,
        -13.396774541347693
    ],
    "phase0": [
        1.7440702465384352,
        6.266404995924194,
        6.266404995924194
    ],
    "psi": [
        1.5515483030987578,
        1.6768781350333724,
        1.8127035686570927
    ]
}