{
    "cos_gwtheta": [
        -0.6242102529783928,
        -0.3613566381635467,
        -0.14051335181617597
    ],
    "cos_inc": [
        null,
        -0.3342216322227948,
        null
    ],
    "gwphi": [
        null,
        1.4102479302509294,
        null
    ],
    "log10_Mc": [
        null,
        8.264393249084089,
        null
    ],
    "log10_fgw": [
        -7.654249477852958,
        -7.638715552404641,
        -7.617650608046694
    ],
    "log10_h": [
        -14.42010544096518,
        -14.216189978175015,
        -14.034429410455177
    ],
    "phase0": [
        0.68749926385575,
        3.412874240337006,
        5.324946851615741
    ],
    "psi": [
        null,
        1.6914048199393648,
        null
    ]
}