{
    "cos_gwtheta": [
        -0.18706025602452547,
        -0.07944086011117457,
        0.12461055673771182
    ],
    "cos_inc": [
        0.01836512397786305,
        0.05378910530749337,
        0.09124177279256507
    ],
    "gwphi": [
        2.3498035483964914,
        2.4242310863431134,
        2.4841283023478784
    ],
    "log10_Mc": [
        null,
        9.765222773077307,
        null
    ],
    "log10_fgw": [
        -7.688166233665877,
        -7.668702921806995,
        -7.652280752426064
    ],
    "log10_h": [
        -13.212078107399849,
        -13.130106684193965,
        -13.053907896425114
    ],
    "phase0": [
        0.09386683416233063,
        2.512645103791152,
        3.7476463018945045
    ],
    "psi": [
        0.6107622960017595,
        0.6882807422202688,
        0.7536177183187266
    ]
}