{
    "cos_gwtheta": [
        -0.3636295606506832,
        0.11577992499387424,
        0.45623013943711066
    ],
    "cos_inc": [
        -0.3957830211942486,
        -0.009312561416944698,
        0.5165178738253233
    ],
    "gwphi": [
        2.0123076438549643,
        2.331702966281012,
        2.7443730288845787
    ],
    "log10_Mc": [
        null,
        9.650441192440638,
        null
    ],
    "log10_fgw": [
        -7.660066992923545,
        -7.642193241716392,
        -7.625091813092264
    ],
    "log10_h": [
        -14.285173099240865,
        -14.05643499222408,
        -13.825100538930148
    ],
    "phase0": [
        null,
        5.184551116426452,
        null
    ],
    "psi": [
        null,
        0.7010297447881297,
        null
    ]
}