{
    "cos_gwtheta": [
        -0.42376796676082695,
        -0.011489643737563004,
        0.3384517307739403
    ],
    "cos_inc": [
        -0.12406209488533315,
        0.040651949379528096,
        0.23949950643180618
    ],
    "gwphi": [
        null,
        3.653569938257117,
        null
    ],
    "log10_Mc": [
        null,
        9.564548827561094,
        null
    ],
    "log10_fgw": [
        -7.660180529326109,
        -7.634013781319613,
        -7.608853446697982
    ],
    "log10_h": [
        -14.117941340608136,
        -13.977690276458508,
        -13.856712123442025
    ],
    "phase0": [
        null,
        1.2509004759360516,
        null
    ],
    "psi": [
        null,
        1.3010298629845787,
        null
    ]
}