{
    "cos_gwtheta": [
        -0.1614694113553976,
        -0.037058504143220206,
        0.065884408685151
    ],
    "cos_inc": [
        0.10985992120426026,
        0.1617027292188249,
        0.22120413387190477
    ],
    "gwphi": [
        2.353756270089468,
        2.4306115475433803,
        2.5040579215618366
    ],
    "log10_Mc": [
        null,
        8.68502349511379,
        null
    ],
    "log10_fgw": [
        -7.673580044274582,
        -7.66469242709814,
        -7.654922351478648
    ],
    "log10_h": [
        -13.317563256373242,
        -13.248580960849313,
        -13.182324409525418
    ],
    "phase0": [
        null,
        5.155039699585106,
        null
    ],
    "psi": [
        2.132038087676718,
        2.213517050182105,
        2.2786738941888363
    ]
}