{
    "cos_gwtheta": [
        -0.43625284294632194,
        0.2351509656556241,
        0.6285206705183346
    ],
    "cos_inc": [
        -0.780734606499611,
        -0.04761069550780905,
        0.10585233575186304
    ],
    "gwphi": [
        2.3035986153773282,
        2.9261878850206133,
        3.3323861787930045
    ],
    "log10_Mc": [
        8.5194361659529,
        9.143989106583192,
        9.994621860488442
    ],
    "log10_fgw": [
        -7.69799812310468,
        -7.673479022458958,
        -7.6508541012622615
    ],
    "log10_h": [
        -14.357572469361797,
        -14.128414249412552,
        -13.927398267000935
    ],
    "phase0": [
        null,
        2.453108126406337,
        null
    ],
    "psi": [
        null,
        2.2174328998348933,
        null
    ]
}