{
    "cos_gwtheta": [
        -0.16935022133101985,
        0.08387878422356354,
        0.22122988731275695
    ],
    "cos_inc": [
        -0.44513346850721625,
        -0.18112431480462632,
        -0.06065025822046255
    ],
    "gwphi": [
        2.318138403433159,
        2.4612087262966287,
        2.5978291575555983
    ],
    "log10_Mc": [
        null,
        9.067403967973261,
        null
    ],
    "log10_fgw": [
        -7.684143149867275,
        -7.660326342578959,
        -7.634832295340763
    ],
    "log10_h": [
        -13.855951958373144,
        -13.607467879155351,
        -13.414855959761676
    ],
    "phase0": [
        null,
        5.4850958088065855,
        null
    ],
    "psi": [
        null,
        0.7608774168668078,
        null
    ]
}