{
    "cos_gwtheta": [
        -0.37832850504440985,
        0.10415677247059452,
        0.534163943502636
    ],
    "cos_inc": [
        -0.04660484807425258,
        0.06429889536497402,
        0.18783224659799147
    ],
    "gwphi": [
        1.9817671243365502,
        2.1790895652595186,
        2.461698719351549
    ],
    "log10_Mc": [
        null,
        8.924020321303772,
        null
    ],
    "log10_fgw": [
        -7.691528797328762,
        -7.66612925203162,
        -7.640391046130517
    ],
    "log10_h": [
        -14.007391420362529,
        -13.690038359332329,
        -13.573614524082174
    ],
    "phase0": [
        null,
        1.1917878788300973,
        null
    ],
    "psi": [
        2.1696988096042706,
        2.3522100845434712,
        2.46554618928575
    ]
}