{
    "cos_gwtheta": [
        -0.09712713675775941,
        0.09758854579615739,
        0.2370746391002927
    ],
    "cos_inc": [
        -0.06979843057436874,
        -0.007519324750424383,
        0.062155424890113276
    ],
    "gwphi": [
        2.9970111027739703,
        3.1858411672913864,
        3.335214203402179
    ],
    "log10_Mc": [
        null,
        9.994698045761135,
        null
    ],
    "log10_fgw": [
        -7.66477670873608,
        -7.6416514207650925,
        -7.618526132794105
    ],
    "log10_h": [
        -13.593780727926443,
        -13.524608024210139,
        -13.453317788747416
    ],
    "phase0": [
        null,
        3.533286453453324,
        null
    ],
    "psi": [
        1.4812165073864152,
        1.58600505788758,
        1.7123912485683739
    ]
}