{
    "cos_gwtheta": [
        -0.10871299361359021,
        -0.012117771652779608,
        0.106453273300813
    ],
    "cos_inc": [
        -0.42665079814329854,
        -0.24883869953128945,
        -0.1087744207363549
    ],
    "gwphi": [
        2.4147524279700248,
        2.5169540181646917,
        2.6283079895708212
    ],
    "log10_Mc": [
        null,
        9.669779194045239,
        null
    ],
    "log10_fgw": [
        -7.676929764698566,
        -7.657392924556414,
        -7.640196435056291
    ],
    "log10_h": [
        -13.524430514242592,
        -13.40113470387474,
        -13.309815861781843
    ],
    "phase0": [
        null,
        1.040251733988112,
        null
    ],
    "psi": [
        0.27309594634718276,
        0.5209975059569584,
        0.7102019708480466
    ]
}