{
    "cos_gwtheta": [
        -0.32631938836708535,
        -0.20647411854802022,
        -0.07905242362545095
    ],
    "cos_inc": [
        0.172400742423931,
        0.23490384050579804,
        0.31699746186705646
    ],
    "gwphi": [
        2.1767478626766303,
        2.2857470555934527,
        2.412741398284279
    ],
    "log10_Mc": [
        null,
        8.503241650373898,
        null
    ],
    "log10_fgw": [
        -7.693587010429497,
        -7.670419225134919,
        -7.648632301215514
    ],
    "log10_h": [
        -13.508067886748439,
        -13.442088284719848,
        -13.379333249707692
    ],
    "phase0": [
        null,
        5.094917825125183,
        null
    ],
    "psi": [
        2.0426416270751933,
        2.1282960117697223,
        2.2212712840449806
    ]
}