{
    "cos_gwtheta": [
        -0.0732514605855169,
        0.24357558824700176,
        0.511675189345005
    ],
    "cos_inc": [
        -0.41871662718460656,
        -0.10505994245914052,
        0.08913687691777972
    ],
    "gwphi": [
        2.794035051451213,
        3.1762142278778143,
        3.52727132153352
    ],
    "log10_Mc": [
        null,
        9.468916767998477,
        null
    ],
    "log10_fgw": [
        -7.66567238559972,
        -7.637001408766851,
        -7.613400299788574
    ],
    "log10_h": [
        -14.1273141533302,
        -13.923744399327177,
        -13.773442064288277
    ],
    "phase0": [
        null,
        0.9806672102963929,
        null
    ],
    "psi": [
        null,
        1.4815068692880469,
        null
    ]
}