{
    "cos_gwtheta": [
        null,
        -0.9938383419642678,
        null
    ],
    "cos_inc": [
        -0.2842136587712636,
        -0.038917847103441705,
        0.10369137781760773
    ],
    "gwphi": [
        1.2940482938408222,
        1.706284324695301,
        2.1322407680744373
    ],
    "log10_Mc": [
        null,
        8.598940938532122,
        null
    ],
    "log10_fgw": [
        -7.685824275615018,
        -7.6544608450483675,
        -7.6303782108632605
    ],
    "log10_h": [
        -14.276944069483616,
        -14.022588558706508,
        -13.880809696626088
    ],
    "phase0": [
        null,
        6.266564112190569,
        null
    ],
    "psi": [
        null,
        1.3762220849830342,
        null
    ]
}