{
    "cos_gwtheta": [
        -0.7908757500086899,
        -0.6495802825972743,
        -0.26225979598004645
    ],
    "cos_inc": [
        null,
        0.21077289941758093,
        null
    ],
    "gwphi": [
        1.0336786696286429,
        1.6115022858533712,
        2.18682720535929
    ],
    "log10_Mc": [
        null,
        9.89904491053828,
        null
    ],
    "log10_fgw": [
        -7.709484939054907,
        -7.678730923169796,
        -7.645397538210451
    ],
    "log10_h": [
        -14.50320362909435,
        -14.167564547053807,
        -14.001078082705366
    ],
    "phase0": [
        null,
        2.2421470383475612,
        null
    ],
    "psi": [
        null,
        1.3461999779814355,
        null
    ]
}