{
    "cos_gwtheta": [
        -0.5428890923737073,
        -0.3851818599259945,
        -0.13570701951553055
    ],
    "cos_inc": [
        null,
        -0.07594971656559946,
        null
    ],
    "gwphi": [
        2.6174701863735574,
        2.7610578795687375,
        2.912023596524935
    ],
    "log10_Mc": [
        null,
        9.277811664908302,
        null
    ],
    "log10_fgw": [
        -7.678650304495519,
        -7.658609756295522,
        -7.639755819502104
    ],
    "log10_h": [
        -14.098722935176607,
        -13.916308352550184,
        -13.793238730177976
    ],
    "phase0": [
        0.019770434914290272,
        2.5723074211164754,
        4.12719350987253
    ],
    "psi": [
        null,
        1.8566436010769582,
        null
    ]
}