{
    "cos_gwtheta": [
        -0.422915153873072,
        -0.11305846033187983,
        0.1502649841792747
    ],
    "cos_inc": [
        null,
        0.20135799327464254,
        null
    ],
    "gwphi": [
        2.1124212239703772,
        2.391860427280395,
        2.6357674905143544
    ],
    "log10_Mc": [
        null,
        8.52234223476095,
        null
    ],
    "log10_fgw": [
        -7.699370665837544,
        -7.678577900554885,
        -7.651956860155115
    ],
    "log10_h": [
        -14.221406057025108,
        -14.005545639560042,
        -13.797253960435265
    ],
    "phase0": [
        null,
        3.984677685330729,
        null
    ],
    "psi": [
        null,
        0.7752533829115813,
        null
    ]
}