{
    "cos_gwtheta": [
        -0.009536698840082236,
        0.17156978917134125,
        0.3621714515734946
    ],
    "cos_inc": [
        -0.07774980974539558,
        -0.019339277840728863,
        0.0400013580751587
    ],
    "gwphi": [
        3.001681883513001,
        3.194022105035599,
        3.351686906340038
    ],
    "log10_Mc": [
        null,
        8.369391170032834,
        null
    ],
    "log10_fgw": [
        -7.664717273765799,
        -7.648515717317193,
        -7.62672741726562
    ],
    "log10_h": [
        -13.550930617356283,
        -13.475394372058261,
        -13.40194476337068
    ],
    "phase0": [
        null,
        0.349718793259871,
        null
    ],
    "psi": [
        1.4233731994891539,
        1.521257926603404,
        1.64456233091399
    ]
}