{
    "cos_gwtheta": [
        -0.8979197754873616,
        -0.7797183551442993,
        -0.6951354930833789
    ],
    "cos_inc": [
        0.0795297300948545,
        0.15485017164271325,
        0.23181696163970555
    ],
    "gwphi": [
        2.8096885525704494,
        3.0441225634786413,
        3.2622007131606807
    ],
    "log10_Mc": [
        null,
        8.35986858573321,
        null
    ],
    "log10_fgw": [
        -7.663316455549601,
        -7.6571770734876425,
        -7.649840511923602
    ],
    "log10_h": [
        -14.010907536474866,
        -13.923732512658017,
        -13.846733153474423
    ],
    "phase0": [
        null,
        0.0197303257087178,
        null
    ],
    "psi": [
        2.4032418706260064,
        2.4751079943370793,
        2.554395587032694
    ]
}