{
    "cos_gwtheta": [
        0.36525304096490496,
        0.49209787869630295,
        0.5886102552310623
    ],
    "cos_inc": [
        0.048570942429948305,
        0.09874240523877964,
        0.15070570600506905
    ],
    "gwphi": [
        2.573288712797141,
        2.717027525689205,
        2.8730307424116495
    ],
    "log10_Mc": [
        null,
        9.908603365439289,
        null
    ],
    "log10_fgw": [
        -7.694103363022496,
        -7.67038615422611,
        -7.651207423656194
    ],
    "log10_h": [
        -13.286895975718464,
        -13.210956406365177,
        -13.136157070785966
    ],
    "phase0": [
        0.4458082130743283,
        2.1518565301812163,
        4.743725613914822
    ],
    "psi": [
        null,
        0.1901366507884278,
        null
    ]
}