{
    "cos_gwtheta": [
        null,
        -0.3764798088816411,
        null
    ],
    "cos_inc": [
        null,
        0.07273961311343524,
        null
    ],
    "gwphi": [
        null,
        2.5344275648146906,
        null
    ],
    "log10_Mc": [
        null,
        8.924034046445398,
        null
    ],
    "log10_fgw": [
        -7.8149114365410535,
        -7.8149114365410535,
        -7.781275650170736
    ],
    "log10_h": [
        -13.588347103983116,
        -13.50242976266998,
        -13.19473563885397
    ],
    "phase0": [
        null,
        0.5301826697635242,
        null
    ],
    "psi": [
        null,
        2.462931043902101,
        null
    ]
}