{
    "cos_gwtheta": [
        -0.9945823521480619,
        -0.953290796657322,
        -0.83164347550203
    ],
    "cos_inc": [
        0.3933576515136412,
        0.6411400615867944,
        0.994717208545114
    ],
    "gwphi": [
        null,
        3.2642068484907405,
        null
    ],
    "log10_Mc": [
        null,
        9.99466469118966,
        null
    ],
    "log10_fgw": [
        -7.69254883989299,
        -7.658817529400167,
        -7.6324649430776494
    ],
    "log10_h": [
        -14.598877231610153,
        -14.476743998172648,
        -14.254918271750382
    ],
    "phase0": [
        null,
        3.173425762851467,
        null
    ],
    "psi": [
        null,
        2.71267409246477,
        null
    ]
}