{
    "cos_gwtheta": [
        null,
        -0.880542257001822,
        null
    ],
    "cos_inc": [
        0.008060464940867762,
        0.03249600992877011,
        0.06005573418453203
    ],
    "gwphi": [
        2.72686856485903,
        2.8273496790838446,
        2.9476388982633726
    ],
    "log10_Mc": [
        null,
        8.006309219123526,
        null
    ],
    "log10_fgw": [
        -7.672017840810531,
        -7.668530523356554,
        -7.664555342839068
    ],
    "log10_h": [
        -13.481338708331661,
        -13.440791987558562,
        -13.39145200203949
    ],
    "phase0": [
        0.01976001803010784,
        2.481812587085352,
        3.4676331793130037
    ],
    "psi": [
        1.067637689765035,
        1.105008746502835,
        1.1439136898977837
    ]
}