{
    "cos_gwtheta": [
        -0.3218261321809034,
        0.014920406785339013,
        0.2554536489040835
    ],
    "cos_inc": [
        null,
        0.057996034564222976,
        null
    ],
    "gwphi": [
        2.4758631262633597,
        2.695397926847733,
        2.9327162727308407
    ],
    "log10_Mc": [
        null,
        8.49372069727193,
        null
    ],
    "log10_fgw": [
        -7.670987337992953,
        -7.64140765554861,
        -7.613199216661289
    ],
    "log10_h": [
        -14.213397855586365,
        -14.026405383771426,
        -13.813296644943227
    ],
    "phase0": [
        null,
        3.593929619196282,
        null
    ],
    "psi": [
        null,
        1.992227239554385,
        null
    ]
}