{
    "cos_gwtheta": [
        -0.9938299186179858,
        -0.9374134358896165,
        -0.8747501453850955
    ],
    "cos_inc": [
        0.003220967672564967,
        0.13402177958881367,
        0.303386964623227
    ],
    "gwphi": [
        2.162857078624208,
        2.4221703062403956,
        2.6481432617345018
    ],
    "log10_Mc": [
        null,
        8.015891982888023,
        null
    ],
    "log10_fgw": [
        -7.757494138896526,
        -7.729298623811306,
        -7.699579026829587
    ],
    "log10_h": [
        -14.288556337361586,
        -14.13748777910726,
        -13.990444138035556
    ],
    "phase0": [
        null,
        4.464719795672853,
        null
    ],
    "psi": [
        null,
        2.231804278799482,
        null
    ]
}