{
    "cos_gwtheta": [
        -0.48719843915386185,
        -0.2593125478556966,
        -0.05099261692151502
    ],
    "cos_inc": [
        0.0042162460223010845,
        0.24900220029819087,
        0.9946945874099589
    ],
    "gwphi": [
        2.6267869914923945,
        2.9476587533057192,
        3.2509965390636704
    ],
    "log10_Mc": [
        null,
        8.53205586281597,
        null
    ],
    "log10_fgw": [
        -7.685917624731006,
        -7.657380414688006,
        -7.635935292347998
    ],
    "log10_h": [
        -14.2491487758456,
        -14.061692252638432,
        -13.9290791247101
    ],
    "phase0": [
        null,
        2.69231350991005,
        null
    ],
    "psi": [
        null,
        3.1332282604529604,
        null
    ]
}