{
    "cos_gwtheta": [
        -0.5925244058258279,
        -0.2081085507944881,
        0.018099347539393462
    ],
    "cos_inc": [
        null,
        -0.4138379973840277,
        null
    ],
    "gwphi": [
        1.1187812367925036,
        1.4117146602340647,
        1.720065632277813
    ],
    "log10_Mc": [
        null,
        9.784499316632157,
        null
    ],
    "log10_fgw": [
        -7.686494181797672,
        -7.66153876425577,
        -7.628651779898225
    ],
    "log10_h": [
        -14.301998265098476,
        -14.084751744258828,
        -13.92654516025913
    ],
    "phase0": [
        null,
        5.665856620469509,
        null
    ],
    "psi": [
        null,
        0.00990940493315164,
        null
    ]
}