{
    "cos_gwtheta": [
        -0.20737698098629853,
        -0.000366009135352785,
        0.1461751416513941
    ],
    "cos_inc": [
        -0.07004940421257588,
        0.022059556937033653,
        0.11896898511724174
    ],
    "gwphi": [
        2.7632027424732293,
        2.978004989540557,
        3.102782257867803
    ],
    "log10_Mc": [
        null,
        9.994615787489016,
        null
    ],
    "log10_fgw": [
        -7.670581733032069,
        -7.647095402178845,
        -7.620905608781365
    ],
    "log10_h": [
        -13.616773020968543,
        -13.540954518856633,
        -13.458338495865723
    ],
    "phase0": [
        1.8027630307822775,
        4.7346622729705565,
        6.266521838673873
    ],
    "psi": [
        1.4443035886607634,
        1.5922771753391152,
        1.7974707640603544
    ]
}