{
    "cos_gwtheta": [
        -0.5685172286230417,
        -0.32580170990221924,
        -0.0630589455034486
    ],
    "cos_inc": [
        -0.15471480658474734,
        -0.09790018246877485,
        -0.04875378982857781
    ],
    "gwphi": [
        2.128522931977513,
        2.317289173250348,
        2.44938563384508
    ],
    "log10_Mc": [
        null,
        8.47465639580571,
        null
    ],
    "log10_fgw": [
        -7.819798228286991,
        -7.796290751623468,
        -7.776701187737199
    ],
    "log10_h": [
        -13.635441327806454,
        -13.47500769838479,
        -13.360770359577845
    ],
    "phase0": [
        null,
        6.2663428436256385,
        null
    ],
    "psi": [
        0.7364765747075172,
        0.7923028504898835,
        0.849974622992328
    ]
}