{
    "cos_gwtheta": [
        -0.7643073351394446,
        -0.5835434043934178,
        -0.05196648840153417
    ],
    "cos_inc": [
        null,
        -0.257942656541732,
        null
    ],
    "gwphi": [
        1.7412009537389328,
        2.1548103273521613,
        2.5996119614188764
    ],
    "log10_Mc": [
        null,
        9.899053406814538,
        null
    ],
    "log10_fgw": [
        -7.664542339701214,
        -7.638886218913707,
        -7.605706874737383
    ],
    "log10_h": [
        -14.47920141279684,
        -14.332270326139717,
        -14.040902738337476
    ],
    "phase0": [
        null,
        0.41153713264712705,
        null
    ],
    "psi": [
        null,
        3.0432767066952415,
        null
    ]
}