{
    "cos_gwtheta": [
        -0.2693855012299481,
        -0.18492406863146904,
        -0.09313409524353411
    ],
    "cos_inc": [
        null,
        0.6159124359493258,
        null
    ],
    "gwphi": [
        2.464762989730332,
        2.5697192901861166,
        2.6507792900917
    ],
    "log10_Mc": [
        null,
        8.130679310375825,
        null
    ],
    "log10_fgw": [
        -7.679373022611373,
        -7.654737833319172,
        -7.629762848312595
    ],
    "log10_h": [
        -13.841898796023562,
        -13.735973422911613,
        -13.546408274667108
    ],
    "phase0": [
        2.2150024463303772,
        4.254018371774954,
        6.2661722614370206
    ],
    "psi": [
        null,
        2.518209341582495,
        null
    ]
}