{
    "cos_gwtheta": [
        -0.9925089406548473,
        -0.9352025075434404,
        -0.8638173313493003
    ],
    "cos_inc": [
        0.05012171150556555,
        0.18298896373488482,
        0.6348170636178464
    ],
    "gwphi": [
        0.6220372377772554,
        0.8031741347156471,
        1.6066631403916884
    ],
    "log10_Mc": [
        null,
        8.302600434199194,
        null
    ],
    "log10_fgw": [
        -7.7297397193417225,
        -7.6990298895232065,
        -7.670103211113508
    ],
    "log10_h": [
        -14.391902560250864,
        -14.140762943425242,
        -14.041928987257743
    ],
    "phase0": [
        null,
        1.9718160978182928,
        null
    ],
    "psi": [
        null,
        0.8508352767125685,
        null
    ]
}