{
    "cos_gwtheta": [
        -0.5071075808233991,
        -0.25943526827632457,
        0.0730913898254314
    ],
    "cos_inc": [
        null,
        0.00040298024610430083,
        null
    ],
    "gwphi": [
        2.4458325325188226,
        2.8110504781390193,
        3.165655252689911
    ],
    "log10_Mc": [
        null,
        8.436446092276153,
        null
    ],
    "log10_fgw": [
        -7.663323189992578,
        -7.64118962630194,
        -7.622550835825613
    ],
    "log10_h": [
        -14.309226124710072,
        -14.109380872611245,
        -13.946310118575214
    ],
    "phase0": [
        null,
        2.8722899360380465,
        null
    ],
    "psi": [
        null,
        3.133180715134511,
        null
    ]
}