{
    "cos_gwtheta": [
        -0.3296347364783285,
        -0.15251416481510627,
        -0.0031713556555595934
    ],
    "cos_inc": [
        -0.20935033567337547,
        -0.15834022586298002,
        -0.10538316529646263
    ],
    "gwphi": [
        3.377428635450419,
        3.49171040212111,
        3.61538519070994
    ],
    "log10_Mc": [
        null,
        8.665716193178538,
        null
    ],
    "log10_fgw": [
        -7.679317130871786,
        -7.651853412095551,
        -7.6238292092626585
    ],
    "log10_h": [
        -13.589179053493202,
        -13.526024010758942,
        -13.4677074592019
    ],
    "phase0": [
        null,
        1.1311330314778811,
        null
    ],
    "psi": [
        1.3807120308746037,
        1.4534923645915458,
        1.5174045063849952
    ]
}