{
    "cos_gwtheta": [
        -0.09186141809555326,
        0.0398283489309027,
        0.1274440953033953
    ],
    "cos_inc": [
        -0.48340552691711836,
        -0.23441879253543563,
        -0.11127542414015745
    ],
    "gwphi": [
        2.721702402926807,
        2.818793359601991,
        2.9276529170862884
    ],
    "log10_Mc": [
        null,
        8.226241518276119,
        null
    ],
    "log10_fgw": [
        -7.658473423778737,
        -7.657359448036995,
        -7.655548905124998
    ],
    "log10_h": [
        -13.615014922667632,
        -13.506539621551488,
        -13.414494618487137
    ],
    "phase0": [
        null,
        5.09517893873689,
        null
    ],
    "psi": [
        null,
        1.7666843230538392,
        null
    ]
}