{
    "cos_gwtheta": [
        -0.8345563538647218,
        -0.7834133505032086,
        -0.6863425842545471
    ],
    "cos_inc": [
        -0.22131320291672063,
        -0.15974907986955567,
        -0.11116428760726305
    ],
    "gwphi": [
        2.8768112267342114,
        2.983995312052461,
        3.101092376359682
    ],
    "log10_Mc": [
        null,
        9.99458434624371,
        null
    ],
    "log10_fgw": [
        -7.688376458461065,
        -7.668388736448221,
        -7.648941223138426
    ],
    "log10_h": [
        -13.605147700192855,
        -13.549285203099629,
        -13.489072757462258
    ],
    "phase0": [
        null,
        2.3625394680729586,
        null
    ],
    "psi": [
        1.0905414746532478,
        1.1504038647825472,
        1.2227884895817507
    ]
}