{
    "cos_gwtheta": [
        null,
        -0.4106590120716419,
        null
    ],
    "cos_inc": [
        -0.8473545128284643,
        -0.05687315432967477,
        0.5438926781294053
    ],
    "gwphi": [
        0.019760708346477425,
        1.4310517265766398,
        4.143054519908705
    ],
    "log10_Mc": [
        null,
        9.09608241409748,
        null
    ],
    "log10_fgw": [
        null,
        -7.6619308966098405,
        null
    ],
    "log10_h": [
        null,
        -14.610578829258744,
        null
    ],
    "phase0": [
        null,
        0.019969273115880717,
        null
    ],
    "psi": [
        0.009928613772943417,
        1.6467178047725028,
        2.2627003018433296
    ]
}