{
    "cos_gwtheta": [
        -0.2304679006074848,
        0.1674395231333362,
        0.3955912200222712
    ],
    "cos_inc": [
        null,
        -0.03778628298744324,
        null
    ],
    "gwphi": [
        2.1226567556881037,
        2.4876010629728063,
        2.856143412723696
    ],
    "log10_Mc": [
        null,
        8.32189651407945,
        null
    ],
    "log10_fgw": [
        -7.647093361899493,
        -7.634374917545273,
        -7.6195225060175265
    ],
    "log10_h": [
        -14.279925082108885,
        -14.076160076120946,
        -13.903567219530483
    ],
    "phase0": [
        null,
        4.164596286996595,
        null
    ],
    "psi": [
        null,
        0.5053561822594537,
        null
    ]
}