{
    "cos_gwtheta": [
        -0.07837901316106244,
        0.15011629898751733,
        0.30538299302582916
    ],
    "cos_inc": [
        -0.08410030224363185,
        0.004397772733419791,
        0.10584678551199111
    ],
    "gwphi": [
        2.5604341690640515,
        2.669077211094563,
        2.992270721019862
    ],
    "log10_Mc": [
        null,
        9.038588281606893,
        null
    ],
    "log10_fgw": [
        -7.6723914304512215,
        -7.650132726121185,
        -7.626137527127102
    ],
    "log10_h": [
        -13.559980980248177,
        -13.457284795780616,
        -13.375997587879583
    ],
    "phase0": [
        null,
        2.332550008216433,
        null
    ],
    "psi": [
        null,
        0.17481152719164023,
        null
    ]
}