{
    "cos_gwtheta": [
        -0.3467956774604529,
        -0.18545272400319213,
        -0.006883937248697403
    ],
    "cos_inc": [
        -0.9939886044085324,
        -0.7477912831310327,
        -0.3530789367685697
    ],
    "gwphi": [
        2.6690056828329665,
        2.7977372488316594,
        2.9412337256259016
    ],
    "log10_Mc": [
        null,
        8.006289502284183,
        null
    ],
    "log10_fgw": [
        -7.682644549569994,
        -7.655877975644715,
        -7.633126387808228
    ],
    "log10_h": [
        -14.054263378330411,
        -13.88917579065075,
        -13.766198580866805
    ],
    "phase0": [
        0.019872290778147755,
        1.5510055748281775,
        4.397126848647816
    ],
    "psi": [
        null,
        1.5415562834808831,
        null
    ]
}