{
    "cos_gwtheta": [
        -0.9912407272755834,
        -0.9246621986001266,
        -0.8759172043913099
    ],
    "cos_inc": [
        0.04111903283568907,
        0.08518988805632599,
        0.13060203017498218
    ],
    "gwphi": [
        2.3148179829983944,
        2.4376802399242523,
        2.5506927800501473
    ],
    "log10_Mc": [
        null,
        9.449806557376771,
        null
    ],
    "log10_fgw": [
        -7.822174031229923,
        -7.79223881621633,
        -7.770297664302959
    ],
    "log10_h": [
        -13.851234292863843,
        -13.785611642561484,
        -13.7224841500653
    ],
    "phase0": [
        1.4359413131700214,
        3.562964252641077,
        5.964844781940991
    ],
    "psi": [
        2.2664619886898874,
        2.333018803301713,
        2.3971663214570023
    ]
}