{
    "cos_gwtheta": [
        -0.09610600988441131,
        0.1127207090538479,
        0.31497837557517516
    ],
    "cos_inc": [
        null,
        -0.3200545160229077,
        null
    ],
    "gwphi": [
        1.9653062620987665,
        2.109938176618748,
        2.2796315711077457
    ],
    "log10_Mc": [
        null,
        8.312217368549495,
        null
    ],
    "log10_fgw": [
        -7.666543029601534,
        -7.666543029601534,
        -7.6464012690148255
    ],
    "log10_h": [
        -14.001652311945335,
        -13.871713873734773,
        -13.698839255941591
    ],
    "phase0": [
        null,
        0.6808011981403231,
        null
    ],
    "psi": [
        null,
        0.7758301173702791,
        null
    ]
}