{
    "gw_log10_rho_0": -8.51101972566348,
    "gw_log10_rho_1": -9.704618709635104,
    "gw_log10_rho_2": -8.28638752787664,
    "gw_log10_rho_3": -8.14638237948124,
    "gw_log10_rho_4": -8.092195905815364,
    "gw_log10_rho_5": -7.631513755911997,
    "gw_log10_rho_6": -7.5299186552160355,
    "gw_log10_rho_7": -8.431459839517263,
    "gw_log10_rho_8": -8.33087409638018,
    "gw_log10_rho_9": -8.087957281534239,
    "gw_log10_rho_10": -8.397380914340474,
    "gw_log10_rho_11": -8.377140448878112,
    "gw_log10_rho_12": -9.979339386561161,
    "gw_log10_rho_13": -9.978763507064558,
    "gw_log10_rho_14": -8.579752019688296,
    "gw_log10_rho_15": -8.376245674001698,
    "gw_log10_rho_16": -9.579877792827006,
    "gw_log10_rho_17": -9.530597696875613,
    "gw_log10_rho_18": -9.916047821392768,
    "gw_log10_rho_19": -8.383860408736233
}