{
    "J0024-2029_red_noise_gamma": 2.096450648209585,
    "J0024-2029_red_noise_log10_A": -12.970049455126604,
    "J0114+7148_red_noise_gamma": 2.659886500385829,
    "J0114+7148_red_noise_log10_A": -14.026306612486449,
    "J0234+0837_red_noise_gamma": 2.7739331069500355,
    "J0234+0837_red_noise_log10_A": -13.09866447747549,
    "J0354-4032_red_noise_gamma": 1.889986860701952,
    "J0354-4032_red_noise_log10_A": -13.805294325085605,
    "J0444+4032_red_noise_gamma": 2.1009593030629423,
    "J0444+4032_red_noise_log10_A": -12.772797880163285,
    "J0604-0837_red_noise_gamma": 1.723612890907211,
    "J0604-0837_red_noise_log10_A": -13.37087494835749,
    "J0724-7148_red_noise_gamma": 2.030019666946167,
    "J0724-7148_red_noise_log10_A": -13.899388254659705,
    "J0814+2029_red_noise_gamma": 1.941350053274683,
    "J0814+2029_red_noise_log10_A": -12.778902410631884,
    "J0934-2644_red_noise_gamma": 1.9236481976062154,
    "J0934-2644_red_noise_log10_A": -12.78781789094609,
    "J1024+5812_red_noise_gamma": 1.7023324691527137,
    "J1024+5812_red_noise_log10_A": -12.869384866162669,
    "J1144+0251_red_noise_gamma": 2.3575461767340418,
    "J1144+0251_red_noise_log10_A": -12.067063955143277,
    "J1304-4835_red_noise_gamma": 1.7780823860932016,
    "J1304-4835_red_noise_log10_A": -12.410647742236002,
    "J1354+3322_red_noise_gamma": 2.040218121638926,
    "J1354+3322_red_noise_log10_A": -12.678790348103387,
    "J1514-1428_red_noise_gamma": 1.6702024325447669,
    "J1514-1428_red_noise_log10_A": -11.996069045934375,
    "J1724+1428_red_noise_gamma": 2.5032766503994863,
    "J1724+1428_red_noise_log10_A": -13.606671906813116,
    "J1844-3322_red_noise_gamma": 1.890015239123577,
    "J1844-3322_red_noise_log10_A": -13.750003259021327,
    "J1934+4835_red_noise_gamma": 1.4576472352222183,
    "J1934+4835_red_noise_log10_A": -12.904566246090038,
    "J2054-0251_red_noise_gamma": 2.127784548932399,
    "J2054-0251_red_noise_log10_A": -12.269677580554614,
    "J2214-5812_red_noise_gamma": 1.6271486211074666,
    "J2214-5812_red_noise_log10_A": -12.04770298119127,
    "J2304+2644_red_noise_gamma": 1.5854206185150588,
    "J2304+2644_red_noise_log10_A": -12.834020022029,
    "gw_log10_rho_0": -6.971089245161406,
    "gw_log10_rho_1": -7.153134299549794,
    "gw_log10_rho_2": -7.355465921128959,
    "gw_log10_rho_3": -7.56306752389707,
    "gw_log10_rho_4": -7.606409236177411,
    "gw_log10_rho_5": -7.618484767996369,
    "gw_log10_rho_6": -7.671896098032086,
    "gw_log10_rho_7": -9.854160118754962,
    "gw_log10_rho_8": -8.057214106197426,
    "gw_log10_rho_9": -7.856901698344073,
    "gw_log10_rho_10": -7.9996962049266,
    "gw_log10_rho_11": -9.58997512396422,
    "gw_log10_rho_12": -8.542125988849204,
    "gw_log10_rho_13": -8.002303250585054,
    "gw_log10_rho_14": -7.790068910914179,
    "gw_log10_rho_15": -9.944505953563501,
    "gw_log10_rho_16": -9.949996674064728,
    "gw_log10_rho_17": -8.070299219463243,
    "gw_log10_rho_18": -9.604704577868384,
    "gw_log10_rho_19": -9.949724424463929
}