{
    "J0024-2029_red_noise_gamma": 1.3251946386560762,
    "J0024-2029_red_noise_log10_A": -11.626295441253964,
    "J0114+7148_red_noise_gamma": 1.9599249297830303,
    "J0114+7148_red_noise_log10_A": -13.747589287716718,
    "J0234+0837_red_noise_gamma": 0.9243980598215831,
    "J0234+0837_red_noise_log10_A": -13.431132699439846,
    "J0354-4032_red_noise_gamma": 1.8199171532737357,
    "J0354-4032_red_noise_log10_A": -13.687717768233728,
    "J0444+4032_red_noise_gamma": 1.1330216124619903,
    "J0444+4032_red_noise_log10_A": -11.7179023194685,
    "J0604-0837_red_noise_gamma": 2.920107389115439,
    "J0604-0837_red_noise_log10_A": -13.171471887867666,
    "J0724-7148_red_noise_gamma": 1.997303749960281,
    "J0724-7148_red_noise_log10_A": -11.08395680580958,
    "J0814+2029_red_noise_gamma": 2.0300499963032315,
    "J0814+2029_red_noise_log10_A": -13.906470080262206,
    "J0934-2644_red_noise_gamma": 1.475138755662184,
    "J0934-2644_red_noise_log10_A": -12.679888741004385,
    "J1024+5812_red_noise_gamma": 3.08150948174646,
    "J1024+5812_red_noise_log10_A": -13.044548243578712,
    "J1144+0251_red_noise_gamma": 1.259602190638711,
    "J1144+0251_red_noise_log10_A": -13.62842136208525,
    "J1304-4835_red_noise_gamma": 1.0937403522004383,
    "J1304-4835_red_noise_log10_A": -11.984027523976014,
    "J1354+3322_red_noise_gamma": 1.3301098900924717,
    "J1354+3322_red_noise_log10_A": -13.659140173730261,
    "J1514-1428_red_noise_gamma": 2.0997419555131556,
    "J1514-1428_red_noise_log10_A": -13.714263486318938,
    "J1724+1428_red_noise_gamma": 2.609903476161726,
    "J1724+1428_red_noise_log10_A": -13.175840180650969,
    "J1844-3322_red_noise_gamma": 1.537399191219897,
    "J1844-3322_red_noise_log10_A": -12.608271527337582,
    "J1934+4835_red_noise_gamma": 0.5699372537511014,
    "J1934+4835_red_noise_log10_A": -11.973495763738791,
    "J2054-0251_red_noise_gamma": 2.804508945150293,
    "J2054-0251_red_noise_log10_A": -11.565413251640544,
    "J2214-5812_red_noise_gamma": 2.514358806008364,
    "J2214-5812_red_noise_log10_A": -13.641623285916824,
    "J2304+2644_red_noise_gamma": 2.1037791985652627,
    "J2304+2644_red_noise_log10_A": -12.564831519290824,
    "gw_log10_rho_0": -6.851277941203453,
    "gw_log10_rho_1": -7.360807274973485,
    "gw_log10_rho_2": -7.239878393947068,
    "gw_log10_rho_3": -7.463090490697288,
    "gw_log10_rho_4": -7.479221459929486,
    "gw_log10_rho_5": -7.754354174006408,
    "gw_log10_rho_6": -7.567936966509974,
    "gw_log10_rho_7": -7.661136358656039,
    "gw_log10_rho_8": -7.566798191949861,
    "gw_log10_rho_9": -8.842498325864792,
    "gw_log10_rho_10": -7.792295171676741,
    "gw_log10_rho_11": -8.102940086361182,
    "gw_log10_rho_12": -8.0024569149384,
    "gw_log10_rho_13": -9.088762037784251,
    "gw_log10_rho_14": -9.845559362048414,
    "gw_log10_rho_15": -8.0843870406893,
    "gw_log10_rho_16": -7.855547050702278,
    "gw_log10_rho_17": -7.936419057998032,
    "gw_log10_rho_18": -7.832342240173381,
    "gw_log10_rho_19": -8.588035142578192
}