{
    "gw_log10_rho_0": -8.260532972690243,
    "gw_log10_rho_1": -9.680776791582428,
    "gw_log10_rho_2": -8.142422779978938,
    "gw_log10_rho_3": -7.834961657171819,
    "gw_log10_rho_4": -8.123945912394309,
    "gw_log10_rho_5": -8.95881302993192,
    "gw_log10_rho_6": -9.662402649734547,
    "gw_log10_rho_7": -9.449443729211735,
    "gw_log10_rho_8": -8.217112154594503,
    "gw_log10_rho_9": -8.709615653293044,
    "gw_log10_rho_10": -8.464635621078271,
    "gw_log10_rho_11": -9.83165233155471,
    "gw_log10_rho_12": -9.44175332299215,
    "gw_log10_rho_13": -9.95820502843905,
    "gw_log10_rho_14": -9.640849523953804,
    "gw_log10_rho_15": -8.538244751176533,
    "gw_log10_rho_16": -8.402592170083945,
    "gw_log10_rho_17": -8.363180349130875,
    "gw_log10_rho_18": -8.46681178851665,
    "gw_log10_rho_19": -9.668801962837547
}