{
    "gw_log10_rho_0": -8.34592495512036,
    "gw_log10_rho_1": -8.10515624741042,
    "gw_log10_rho_2": -7.825062862625741,
    "gw_log10_rho_3": -5.845944874833515,
    "gw_log10_rho_4": -7.813498294616435,
    "gw_log10_rho_5": -8.107278997641085,
    "gw_log10_rho_6": -8.218426023807368,
    "gw_log10_rho_7": -9.688668868358958,
    "gw_log10_rho_8": -9.639838341510908,
    "gw_log10_rho_9": -9.88152391430214,
    "gw_log10_rho_10": -9.777362914474175,
    "gw_log10_rho_11": -9.539050979962344,
    "gw_log10_rho_12": -8.524596017402185,
    "gw_log10_rho_13": -9.872454372164691,
    "gw_log10_rho_14": -9.470686487706782,
    "gw_log10_rho_15": -8.238139380414026,
    "gw_log10_rho_16": -8.499836790199003,
    "gw_log10_rho_17": -8.256841383456681,
    "gw_log10_rho_18": -9.45683740919595,
    "gw_log10_rho_19": -8.152538247989146
}