{
    "J0024-2029_red_noise_gamma": 1.934922639653327,
    "J0024-2029_red_noise_log10_A": -12.396974687928342,
    "J0114+7148_red_noise_gamma": 3.0814648280546577,
    "J0114+7148_red_noise_log10_A": -14.10806033474714,
    "J0234+0837_red_noise_gamma": 1.849473306618743,
    "J0234+0837_red_noise_log10_A": -12.775074506435864,
    "J0354-4032_red_noise_gamma": 1.9337150655294897,
    "J0354-4032_red_noise_log10_A": -12.013571085670979,
    "J0444+4032_red_noise_gamma": 1.7141950437576787,
    "J0444+4032_red_noise_log10_A": -12.575756338590443,
    "J0604-0837_red_noise_gamma": 0.7560612232151733,
    "J0604-0837_red_noise_log10_A": -13.129602221269652,
    "J0724-7148_red_noise_gamma": 2.227609887743224,
    "J0724-7148_red_noise_log10_A": -12.06152929978568,
    "J0814+2029_red_noise_gamma": 2.010652193428869,
    "J0814+2029_red_noise_log10_A": -12.594144008949323,
    "J0934-2644_red_noise_gamma": 1.912849465588148,
    "J0934-2644_red_noise_log10_A": -12.735470479298296,
    "J1024+5812_red_noise_gamma": 2.243628862889242,
    "J1024+5812_red_noise_log10_A": -13.120969973088808,
    "J1144+0251_red_noise_gamma": 1.8887654905097573,
    "J1144+0251_red_noise_log10_A": -13.067678865513551,
    "J1304-4835_red_noise_gamma": 0.6313445380309852,
    "J1304-4835_red_noise_log10_A": -12.899279426741968,
    "J1354+3322_red_noise_gamma": 2.1248328799714873,
    "J1354+3322_red_noise_log10_A": -12.25178969930571,
    "J1514-1428_red_noise_gamma": 2.1921820027246057,
    "J1514-1428_red_noise_log10_A": -12.199804772300615,
    "J1724+1428_red_noise_gamma": 1.3624556152928844,
    "J1724+1428_red_noise_log10_A": -13.35314000185823,
    "J1844-3322_red_noise_gamma": 2.4254450730652994,
    "J1844-3322_red_noise_log10_A": -12.908260596814905,
    "J1934+4835_red_noise_gamma": 1.4682797752168695,
    "J1934+4835_red_noise_log10_A": -13.733555667712348,
    "J2054-0251_red_noise_gamma": 2.059488665687036,
    "J2054-0251_red_noise_log10_A": -12.042627712678069,
    "J2214-5812_red_noise_gamma": 1.0239093239602852,
    "J2214-5812_red_noise_log10_A": -12.798030696646716,
    "J2304+2644_red_noise_gamma": 1.286365115887049,
    "J2304+2644_red_noise_log10_A": -13.213146460745541,
    "gw_log10_rho_0": -6.757891833301203,
    "gw_log10_rho_1": -7.316135821119948,
    "gw_log10_rho_2": -8.606530629890013,
    "gw_log10_rho_3": -7.299433945850297,
    "gw_log10_rho_4": -6.786634446313883,
    "gw_log10_rho_5": -6.021390681851078,
    "gw_log10_rho_6": -5.840930804164467,
    "gw_log10_rho_7": -6.867582278567827,
    "gw_log10_rho_8": -7.419883036428797,
    "gw_log10_rho_9": -8.047959909450386,
    "gw_log10_rho_10": -7.816180599167117,
    "gw_log10_rho_11": -8.068426179894384,
    "gw_log10_rho_12": -7.955063480438806,
    "gw_log10_rho_13": -8.496477530448862,
    "gw_log10_rho_14": -7.740550839425255,
    "gw_log10_rho_15": -9.971817836710441,
    "gw_log10_rho_16": -8.939069914854187,
    "gw_log10_rho_17": -9.862539334191437,
    "gw_log10_rho_18": -9.97401323922338,
    "gw_log10_rho_19": -9.36967033904269
}