{
    "J0024-2029_red_noise_gamma": 1.452509529349007,
    "J0024-2029_red_noise_log10_A": -12.213548087374726,
    "J0114+7148_red_noise_gamma": 2.53073825077703,
    "J0114+7148_red_noise_log10_A": -11.217421593479198,
    "J0234+0837_red_noise_gamma": 1.504448865707319,
    "J0234+0837_red_noise_log10_A": -11.890664539604751,
    "J0354-4032_red_noise_gamma": 2.454184271080944,
    "J0354-4032_red_noise_log10_A": -11.027690991765708,
    "J0444+4032_red_noise_gamma": 2.7259019527827357,
    "J0444+4032_red_noise_log10_A": -13.274023056616088,
    "J0604-0837_red_noise_gamma": 1.5418686268355166,
    "J0604-0837_red_noise_log10_A": -13.117235809251223,
    "J0724-7148_red_noise_gamma": 2.29823317506301,
    "J0724-7148_red_noise_log10_A": -12.822850258490867,
    "J0814+2029_red_noise_gamma": 1.8941930742731194,
    "J0814+2029_red_noise_log10_A": -12.63840020767372,
    "J0934-2644_red_noise_gamma": 2.132586261714516,
    "J0934-2644_red_noise_log10_A": -12.590943395446114,
    "J1024+5812_red_noise_gamma": 2.3888422903288715,
    "J1024+5812_red_noise_log10_A": -12.43001730517954,
    "J1144+0251_red_noise_gamma": 1.552067186657497,
    "J1144+0251_red_noise_log10_A": -12.755581335591396,
    "J1304-4835_red_noise_gamma": 1.505349793658849,
    "J1304-4835_red_noise_log10_A": -12.852235848734157,
    "J1354+3322_red_noise_gamma": 1.1656608711890537,
    "J1354+3322_red_noise_log10_A": -13.505321445584233,
    "J1514-1428_red_noise_gamma": 1.2572583212192572,
    "J1514-1428_red_noise_log10_A": -12.896631227341313,
    "J1724+1428_red_noise_gamma": 2.1094585435108755,
    "J1724+1428_red_noise_log10_A": -11.547879227070105,
    "J1844-3322_red_noise_gamma": 0.8914411193137292,
    "J1844-3322_red_noise_log10_A": -11.382476372786007,
    "J1934+4835_red_noise_gamma": 1.7862524551252532,
    "J1934+4835_red_noise_log10_A": -11.760701681989193,
    "J2054-0251_red_noise_gamma": 1.1059859517595712,
    "J2054-0251_red_noise_log10_A": -13.10996603195079,
    "J2214-5812_red_noise_gamma": 0.689394748765096,
    "J2214-5812_red_noise_log10_A": -11.905398425754667,
    "J2304+2644_red_noise_gamma": 2.539927052499971,
    "J2304+2644_red_noise_log10_A": -12.404839985428495,
    "gw_log10_rho_0": -6.908811614659407,
    "gw_log10_rho_1": -9.380032901090434,
    "gw_log10_rho_2": -8.53218160620576,
    "gw_log10_rho_3": -7.170519491661013,
    "gw_log10_rho_4": -6.720582103319092,
    "gw_log10_rho_5": -5.943980543021812,
    "gw_log10_rho_6": -5.841150930788943,
    "gw_log10_rho_7": -6.7890144516123545,
    "gw_log10_rho_8": -6.99946990215728,
    "gw_log10_rho_9": -7.530592826390979,
    "gw_log10_rho_10": -7.472599223635892,
    "gw_log10_rho_11": -7.370127417868991,
    "gw_log10_rho_12": -9.237793869594363,
    "gw_log10_rho_13": -7.666469425854379,
    "gw_log10_rho_14": -7.74884053362619,
    "gw_log10_rho_15": -9.936168925347868,
    "gw_log10_rho_16": -9.939988542879526,
    "gw_log10_rho_17": -9.286147377865325,
    "gw_log10_rho_18": -7.793262739216799,
    "gw_log10_rho_19": -8.171630028836587
}