{
    "gw_gamma": 0.6297760267733435,
    "gw_log10_A": -14.363785192606958
}