{
    "gw_gamma": 6.996649932884842,
    "gw_log10_A": -13.698692732570153
}