{
    "gw_log10_rho_0": -9.537332070739813,
    "gw_log10_rho_1": -9.93764536874443,
    "gw_log10_rho_2": -8.334201195826832,
    "gw_log10_rho_3": -8.096783884243234,
    "gw_log10_rho_4": -7.994784337997819,
    "gw_log10_rho_5": -7.84312113161219,
    "gw_log10_rho_6": -5.908581778267202,
    "gw_log10_rho_7": -7.782382932142402,
    "gw_log10_rho_8": -8.307724041610086,
    "gw_log10_rho_9": -8.136906172661421,
    "gw_log10_rho_10": -8.335883881871588,
    "gw_log10_rho_11": -8.34638830434238,
    "gw_log10_rho_12": -8.721433820399284,
    "gw_log10_rho_13": -9.436915885528338,
    "gw_log10_rho_14": -9.251099558385583,
    "gw_log10_rho_15": -8.845433502389394,
    "gw_log10_rho_16": -8.563709806026637,
    "gw_log10_rho_17": -8.474736218744908,
    "gw_log10_rho_18": -9.980348282813848,
    "gw_log10_rho_19": -8.384238946368843
}