{
    "gw_gamma": 1.8514004549170444,
    "gw_log10_A": -13.832635913459736
}