{
    "gw_log10_rho_0": -7.912831438774643,
    "gw_log10_rho_1": -7.983514135322803,
    "gw_log10_rho_2": -8.189196490699008,
    "gw_log10_rho_3": -9.873038727417393,
    "gw_log10_rho_4": -8.715489151524007,
    "gw_log10_rho_5": -8.333428318801264,
    "gw_log10_rho_6": -8.128059852449386,
    "gw_log10_rho_7": -9.980342174393307,
    "gw_log10_rho_8": -9.48464859251261,
    "gw_log10_rho_9": -8.261505318135299,
    "gw_log10_rho_10": -8.508379790187321,
    "gw_log10_rho_11": -9.918337187240617,
    "gw_log10_rho_12": -9.767606316697005,
    "gw_log10_rho_13": -9.004593234477085,
    "gw_log10_rho_14": -9.615507506255572,
    "gw_log10_rho_15": -9.74772916160732,
    "gw_log10_rho_16": -9.897764136674112,
    "gw_log10_rho_17": -9.78845339419275,
    "gw_log10_rho_18": -9.876688286339782,
    "gw_log10_rho_19": -8.72267637742977
}