{
    "gw_gamma": 2.0660251973109913,
    "gw_log10_A": -12.8999748453547
}