{
    "gw_gamma": 0.28000064218956744,
    "gw_log10_A": -14.561119764999255
}