{
    "gw_gamma": 0.21002945587622493,
    "gw_log10_A": -17.964704709390674
}