{
    "gw_log10_rho_0": -8.454961070288931,
    "gw_log10_rho_1": -8.447698621754512,
    "gw_log10_rho_2": -8.322328911482606,
    "gw_log10_rho_3": -8.274697887378185,
    "gw_log10_rho_4": -9.36589129578901,
    "gw_log10_rho_5": -8.264475937356623,
    "gw_log10_rho_6": -9.60330686497217,
    "gw_log10_rho_7": -9.978972546850471,
    "gw_log10_rho_8": -8.383658646148909,
    "gw_log10_rho_9": -8.240750547041552,
    "gw_log10_rho_10": -8.295631760449444,
    "gw_log10_rho_11": -8.38519727339939,
    "gw_log10_rho_12": -9.18708712732699,
    "gw_log10_rho_13": -8.254243888636328,
    "gw_log10_rho_14": -9.892447470493046,
    "gw_log10_rho_15": -9.71706061175153,
    "gw_log10_rho_16": -8.295429023614961,
    "gw_log10_rho_17": -8.424338756671622,
    "gw_log10_rho_18": -9.563032803906449,
    "gw_log10_rho_19": -9.721296325444058
}