{
    "gw_log10_rho_0": -9.813249379939801,
    "gw_log10_rho_1": -9.959105831183447,
    "gw_log10_rho_2": -9.876692283256308,
    "gw_log10_rho_3": -8.883844176920391,
    "gw_log10_rho_4": -9.812248130593607,
    "gw_log10_rho_5": -8.410478817052564,
    "gw_log10_rho_6": -9.676512880990442,
    "gw_log10_rho_7": -9.781778943237345,
    "gw_log10_rho_8": -9.851194490542511,
    "gw_log10_rho_9": -8.45986178913107,
    "gw_log10_rho_10": -9.523421783519554,
    "gw_log10_rho_11": -8.332382616924956,
    "gw_log10_rho_12": -9.999999570915547,
    "gw_log10_rho_13": -9.99999063335088,
    "gw_log10_rho_14": -9.368499427337298,
    "gw_log10_rho_15": -8.552143689788746,
    "gw_log10_rho_16": -9.309731911458465,
    "gw_log10_rho_17": -9.237723612210884,
    "gw_log10_rho_18": -9.289427448514889,
    "gw_log10_rho_19": -9.67424101899329
}