{
    "gw_log10_rho_0": -8.21118334557262,
    "gw_log10_rho_1": -7.813311154944846,
    "gw_log10_rho_2": -7.4117954255090455,
    "gw_log10_rho_3": -7.392534573509835,
    "gw_log10_rho_4": -7.387904908887653,
    "gw_log10_rho_5": -7.534467065984909,
    "gw_log10_rho_6": -7.614254512504414,
    "gw_log10_rho_7": -7.820344047384122,
    "gw_log10_rho_8": -7.904479654148178,
    "gw_log10_rho_9": -7.889193139944346,
    "gw_log10_rho_10": -7.895721250469247,
    "gw_log10_rho_11": -8.147772829274906,
    "gw_log10_rho_12": -8.354755770259315,
    "gw_log10_rho_13": -8.388802447612447,
    "gw_log10_rho_14": -8.2713621620993,
    "gw_log10_rho_15": -9.454727950541923,
    "gw_log10_rho_16": -9.430525121948135,
    "gw_log10_rho_17": -8.201938364935,
    "gw_log10_rho_18": -9.917631029717374,
    "gw_log10_rho_19": -8.293417483253016
}