{
    "gw_log10_rho_0": -9.081711365537567,
    "gw_log10_rho_1": -8.513764707407047,
    "gw_log10_rho_2": -8.052544834903589,
    "gw_log10_rho_3": -7.794741180996559,
    "gw_log10_rho_4": -8.334960774753496,
    "gw_log10_rho_5": -9.47330175973024,
    "gw_log10_rho_6": -8.3560721524131,
    "gw_log10_rho_7": -8.680498773517925,
    "gw_log10_rho_8": -8.560048057420829,
    "gw_log10_rho_9": -9.957322478950235,
    "gw_log10_rho_10": -8.349651309250781,
    "gw_log10_rho_11": -9.91728873479391,
    "gw_log10_rho_12": -9.520696306221653,
    "gw_log10_rho_13": -8.332045496721056,
    "gw_log10_rho_14": -8.662896172478277,
    "gw_log10_rho_15": -9.392293873444952,
    "gw_log10_rho_16": -9.505507465816788,
    "gw_log10_rho_17": -9.898524781088485,
    "gw_log10_rho_18": -8.438504691202498,
    "gw_log10_rho_19": -8.415756696301372
}