{
    "gw_log10_rho_0": -8.143812565157209,
    "gw_log10_rho_1": -7.87099194146941,
    "gw_log10_rho_2": -7.685209160274968,
    "gw_log10_rho_3": -5.821750758770221,
    "gw_log10_rho_4": -7.822223860265866,
    "gw_log10_rho_5": -8.33075536240931,
    "gw_log10_rho_6": -8.078451917092899,
    "gw_log10_rho_7": -8.39914662649913,
    "gw_log10_rho_8": -8.420911597314737,
    "gw_log10_rho_9": -8.459222809745846,
    "gw_log10_rho_10": -8.463961912761624,
    "gw_log10_rho_11": -9.354373673343467,
    "gw_log10_rho_12": -9.999997761232397,
    "gw_log10_rho_13": -9.390380766185327,
    "gw_log10_rho_14": -8.712149061766075,
    "gw_log10_rho_15": -8.250156234858759,
    "gw_log10_rho_16": -9.247729892680207,
    "gw_log10_rho_17": -9.999992044617885,
    "gw_log10_rho_18": -9.481165152878392,
    "gw_log10_rho_19": -9.73688915062321
}