{
    "gw_log10_rho_0": -9.570719413758338,
    "gw_log10_rho_1": -8.951167391191708,
    "gw_log10_rho_2": -8.396250386929232,
    "gw_log10_rho_3": -8.104978145069069,
    "gw_log10_rho_4": -8.06833664163313,
    "gw_log10_rho_5": -7.771624992761672,
    "gw_log10_rho_6": -5.901573870186902,
    "gw_log10_rho_7": -7.726457430046041,
    "gw_log10_rho_8": -8.172118459523816,
    "gw_log10_rho_9": -8.210190659507678,
    "gw_log10_rho_10": -9.519553854949763,
    "gw_log10_rho_11": -8.254276089723435,
    "gw_log10_rho_12": -8.3005686731931,
    "gw_log10_rho_13": -9.516362263923824,
    "gw_log10_rho_14": -9.465591870736628,
    "gw_log10_rho_15": -8.367524988405492,
    "gw_log10_rho_16": -8.586293613082844,
    "gw_log10_rho_17": -8.339020993099806,
    "gw_log10_rho_18": -8.156081393043362,
    "gw_log10_rho_19": -9.406904188082475
}