{
    "gw_log10_rho_0": -5.530546251726879,
    "gw_log10_rho_1": -5.99190679234981,
    "gw_log10_rho_2": -6.181318820050031,
    "gw_log10_rho_3": -6.331962754387415,
    "gw_log10_rho_4": -6.431282805448248,
    "gw_log10_rho_5": -6.514023913247358,
    "gw_log10_rho_6": -6.591661158902788,
    "gw_log10_rho_7": -6.651415338077694,
    "gw_log10_rho_8": -6.699115086570289,
    "gw_log10_rho_9": -6.735652168539255,
    "gw_log10_rho_10": -6.793696683082708,
    "gw_log10_rho_11": -6.8301335234164515,
    "gw_log10_rho_12": -6.863110308085854,
    "gw_log10_rho_13": -6.8972368290989605,
    "gw_log10_rho_14": -6.926682997868236,
    "gw_log10_rho_15": -6.957577856832447,
    "gw_log10_rho_16": -6.977643426556249,
    "gw_log10_rho_17": -7.00329003007968,
    "gw_log10_rho_18": -7.031914082845126,
    "gw_log10_rho_19": -7.05833711604655
}