{
    "gw_log10_rho_0": -5.664194478643359,
    "gw_log10_rho_1": -5.9835580544356155,
    "gw_log10_rho_2": -6.1583859339752625,
    "gw_log10_rho_3": -6.2800023579327835,
    "gw_log10_rho_4": -6.382715200098979,
    "gw_log10_rho_5": -6.460945401634217,
    "gw_log10_rho_6": -6.527042825568665,
    "gw_log10_rho_7": -6.596887867566433,
    "gw_log10_rho_8": -6.638895518509987,
    "gw_log10_rho_9": -6.689929947827186,
    "gw_log10_rho_10": -6.728860261383168,
    "gw_log10_rho_11": -6.770625943334008,
    "gw_log10_rho_12": -6.8027286762254295,
    "gw_log10_rho_13": -6.834068753821783,
    "gw_log10_rho_14": -6.8622872279400635,
    "gw_log10_rho_15": -6.910764286810248,
    "gw_log10_rho_16": -6.915276117565622,
    "gw_log10_rho_17": -6.945133106402888,
    "gw_log10_rho_18": -6.9772319170372095,
    "gw_log10_rho_19": -7.000379246203696
}