{
    "gw_log10_rho_0": -8.229338542111355,
    "gw_log10_rho_1": -7.823890649265618,
    "gw_log10_rho_2": -7.402601184880281,
    "gw_log10_rho_3": -7.338304496784683,
    "gw_log10_rho_4": -7.390181220135326,
    "gw_log10_rho_5": -7.666307777293799,
    "gw_log10_rho_6": -7.657099846177594,
    "gw_log10_rho_7": -7.876561568693624,
    "gw_log10_rho_8": -7.860906469388309,
    "gw_log10_rho_9": -7.976054098999994,
    "gw_log10_rho_10": -8.040618066374961,
    "gw_log10_rho_11": -8.240767747749029,
    "gw_log10_rho_12": -8.218558024008772,
    "gw_log10_rho_13": -8.163892717786611,
    "gw_log10_rho_14": -8.281143508333226,
    "gw_log10_rho_15": -8.264233710376963,
    "gw_log10_rho_16": -8.437915398557433,
    "gw_log10_rho_17": -9.705653739817345,
    "gw_log10_rho_18": -9.958611263202053,
    "gw_log10_rho_19": -8.278352976729451
}