{
    "gw_log10_rho_0": -9.654948204577959,
    "gw_log10_rho_1": -8.140636741309997,
    "gw_log10_rho_2": -7.8964276771600606,
    "gw_log10_rho_3": -7.968879714631642,
    "gw_log10_rho_4": -8.165895866104032,
    "gw_log10_rho_5": -9.958961828145327,
    "gw_log10_rho_6": -8.709193893790045,
    "gw_log10_rho_7": -9.626759329088154,
    "gw_log10_rho_8": -8.3708073614462,
    "gw_log10_rho_9": -9.774619663142122,
    "gw_log10_rho_10": -9.79864746775613,
    "gw_log10_rho_11": -8.495203711347509,
    "gw_log10_rho_12": -8.240413645117632,
    "gw_log10_rho_13": -8.378279039278016,
    "gw_log10_rho_14": -9.999999517143317,
    "gw_log10_rho_15": -8.476974096729105,
    "gw_log10_rho_16": -9.856215504046274,
    "gw_log10_rho_17": -9.980095814587397,
    "gw_log10_rho_18": -9.250173942818758,
    "gw_log10_rho_19": -8.460789942947038
}