{
    "gw_log10_rho_0": -8.055589722807236,
    "gw_log10_rho_1": -8.058438976499039,
    "gw_log10_rho_2": -7.6793956567559425,
    "gw_log10_rho_3": -5.739120988654721,
    "gw_log10_rho_4": -7.668121397788087,
    "gw_log10_rho_5": -8.052578118077273,
    "gw_log10_rho_6": -8.170985106451424,
    "gw_log10_rho_7": -8.585463069248162,
    "gw_log10_rho_8": -8.357236340170362,
    "gw_log10_rho_9": -8.340640776484683,
    "gw_log10_rho_10": -8.254778308110916,
    "gw_log10_rho_11": -8.361617365154327,
    "gw_log10_rho_12": -8.670605666444397,
    "gw_log10_rho_13": -8.2777212750626,
    "gw_log10_rho_14": -9.825498393413003,
    "gw_log10_rho_15": -9.819008423656038,
    "gw_log10_rho_16": -8.347882368422066,
    "gw_log10_rho_17": -8.34820161824,
    "gw_log10_rho_18": -8.329202731843697,
    "gw_log10_rho_19": -9.355808945883012
}