{
    "gw_log10_rho_0": -8.499798395702408,
    "gw_log10_rho_1": -9.453346954588426,
    "gw_log10_rho_2": -8.378847154800196,
    "gw_log10_rho_3": -9.587205779101632,
    "gw_log10_rho_4": -8.499936073324504,
    "gw_log10_rho_5": -9.979383420593823,
    "gw_log10_rho_6": -9.668113186718646,
    "gw_log10_rho_7": -8.683684178885903,
    "gw_log10_rho_8": -8.441245310118955,
    "gw_log10_rho_9": -8.553825526676325,
    "gw_log10_rho_10": -9.918674434565743,
    "gw_log10_rho_11": -9.882449437451598,
    "gw_log10_rho_12": -9.95871419879563,
    "gw_log10_rho_13": -9.778567000119097,
    "gw_log10_rho_14": -8.697498444207712,
    "gw_log10_rho_15": -9.287209277669822,
    "gw_log10_rho_16": -9.958554929266779,
    "gw_log10_rho_17": -9.980395785697116,
    "gw_log10_rho_18": -8.300579240164117,
    "gw_log10_rho_19": -9.690270030809424
}