{
    "gw_log10_rho_0": -8.868341229682363,
    "gw_log10_rho_1": -8.361635523746935,
    "gw_log10_rho_2": -9.7125806068865,
    "gw_log10_rho_3": -8.50628169212752,
    "gw_log10_rho_4": -8.664061537296064,
    "gw_log10_rho_5": -9.076965061022829,
    "gw_log10_rho_6": -9.857601416541112,
    "gw_log10_rho_7": -9.957934644652198,
    "gw_log10_rho_8": -8.816736277206243,
    "gw_log10_rho_9": -8.647114619417202,
    "gw_log10_rho_10": -8.270994924136211,
    "gw_log10_rho_11": -8.5952726576595,
    "gw_log10_rho_12": -9.771732210652283,
    "gw_log10_rho_13": -8.231904716839184,
    "gw_log10_rho_14": -8.555228427822982,
    "gw_log10_rho_15": -9.223527574274957,
    "gw_log10_rho_16": -8.401911452210923,
    "gw_log10_rho_17": -9.629875679354765,
    "gw_log10_rho_18": -8.342605337595106,
    "gw_log10_rho_19": -9.999997173721889
}