{
    "cos_gwtheta": [
        0.9227217233085961,
        0.928072491095371,
        0.9338456879179441
    ],
    "cos_inc": [
        0.15096852378232117,
        0.1753142594318156,
        0.1949261020383528
    ],
    "gwphi": [
        5.254678674996583,
        5.270611392445964,
        5.285144919411121
    ],
    "log10_Mc": [
        null,
        8.513000373069058,
        null
    ],
    "log10_fgw": [
        -7.910310395720735,
        -7.909136425393963,
        -7.908057408549503
    ],
    "log10_h": [
        -13.475190650294298,
        -13.454735995852666,
        -13.439314685697717
    ],
    "phase0": [
        1.7753160968165511,
        2.5498967117116744,
        3.263264268894721
    ],
    "psi": [
        0.5322848115974005,
        0.5525800463891642,
        0.5714718872857529
    ]
}