{
    "cos_gwtheta": [
        0.029768181251639422,
        0.04189205479459958,
        0.05571327063357415
    ],
    "cos_inc": [
        -0.06286811476810139,
        -0.04900360003102189,
        -0.03194725456310388
    ],
    "gwphi": [
        4.065662387985909,
        4.069240465974291,
        4.072516498418199
    ],
    "log10_Mc": [
        null,
        9.526394802693792,
        null
    ],
    "log10_fgw": [
        -7.790297313986339,
        -7.78937354070738,
        -7.788468429514864
    ],
    "log10_h": [
        -13.223482744335959,
        -13.198291172686723,
        -13.198291172686723
    ],
    "phase0": [
        1.8820027776341586,
        2.6113251756925275,
        3.3021939639006628
    ],
    "psi": [
        2.8897083111460655,
        2.8955023857574744,
        2.9008384307553334
    ]
}