{
    "cos_gwtheta": [
        -0.01074325858159475,
        0.00645112622432753,
        0.02882911233203511
    ],
    "cos_inc": [
        -0.06145686363598246,
        -0.03946950129831406,
        -0.02046955232174197
    ],
    "gwphi": [
        3.0711998113128844,
        3.143653037844781,
        3.2427690517404155
    ],
    "log10_Mc": [
        null,
        8.130572462851513,
        null
    ],
    "log10_fgw": [
        -7.678387830576372,
        -7.658425384567866,
        -7.638325266517922
    ],
    "log10_h": [
        -13.540957118085297,
        -13.488084255704408,
        -13.43377267597982
    ],
    "phase0": [
        0.019908369776922508,
        2.002180480348457,
        2.5344514662315163
    ],
    "psi": [
        0.00987100865048848,
        0.00987100865048848,
        0.05984699559990135
    ]
}