{
    "cos_gwtheta": [
        -0.003872930205872205,
        0.01682716503425996,
        0.03921706396746416
    ],
    "cos_inc": [
        -0.020467218957547106,
        0.009500064871538205,
        0.043039607700117166
    ],
    "gwphi": [
        3.0482352648798954,
        3.1303563829960774,
        3.233457348806175
    ],
    "log10_Mc": [
        null,
        9.459283490891508,
        null
    ],
    "log10_fgw": [
        -7.671037877647628,
        -7.647206233984228,
        -7.623210234157632
    ],
    "log10_h": [
        -13.527394538128965,
        -13.488016280984837,
        -13.460026833504944
    ],
    "phase0": [
        null,
        3.2153712136283517,
        null
    ],
    "psi": [
        3.0842543186556797,
        3.133297109017628,
        3.133297109017628
    ]
}