{
    "cos_gwtheta": [
        -0.015126696220042368,
        -0.004387854687615336,
        -0.004387854687615336
    ],
    "cos_inc": [
        -0.04578978592341221,
        -0.012374694222375915,
        0.02201365257674892
    ],
    "gwphi": [
        3.13215635053163,
        3.13215635053163,
        3.150095245050676
    ],
    "log10_Mc": [
        null,
        9.918141312450732,
        null
    ],
    "log10_fgw": [
        -7.681676730807866,
        -7.65185787337324,
        -7.621808754491242
    ],
    "log10_h": [
        -12.717957924007608,
        -12.673139756382264,
        -12.631807446238893
    ],
    "phase0": [
        4.046430105715571,
        4.514857560920275,
        4.948630944183813
    ],
    "psi": [
        3.0880043304065117,
        3.1332986508956644,
        3.1332986508956644
    ]
}