{
    "cos_gwtheta": [
        -0.030762247907727636,
        0.007331405914944855,
        0.04697990275078778
    ],
    "cos_inc": [
        -0.07976863008488189,
        -0.03732994358679398,
        0.006666125902049402
    ],
    "gwphi": [
        3.0479171634962086,
        3.153032379219482,
        3.270548828258423
    ],
    "log10_Mc": [
        null,
        9.994701764335085,
        null
    ],
    "log10_fgw": [
        -7.670781301027473,
        -7.652381451548107,
        -7.627702288357527
    ],
    "log10_h": [
        -14.023892401790404,
        -13.978338837433972,
        -13.931794978200227
    ]
}