{
    "cos_gwtheta": [
        -0.01900379967247423,
        0.020087771925560216,
        0.05163196088833055
    ],
    "cos_inc": [
        -0.019519973576620053,
        -0.0012178059915137762,
        0.016456858704960275
    ],
    "gwphi": [
        3.0955757408006135,
        3.1379666175718235,
        3.182019881667395
    ],
    "log10_Mc": [
        null,
        9.010144100594037,
        null
    ],
    "log10_fgw": [
        -7.650784444996833,
        -7.65051806944759,
        -7.650250400813156
    ],
    "log10_h": [
        -12.710280690421225,
        -12.68457904003685,
        -12.68457904003685
    ],
    "phase0": [
        4.315883886847975,
        4.576842806914817,
        4.862708062657553
    ],
    "psi": [
        null,
        0.009864468796860931,
        null
    ]
}