{
    "cos_gwtheta": [
        null,
        0.005692678907766258,
        null
    ],
    "cos_inc": [
        -0.02005068315793901,
        0.023385848731958925,
        0.06543610832749847
    ],
    "gwphi": [
        3.1167261202788605,
        3.1784308383198825,
        3.2554704567024606
    ],
    "log10_Mc": [
        null,
        8.790209997627027,
        null
    ],
    "log10_fgw": [
        -7.667933052912079,
        -7.648858631049739,
        -7.630299734102598
    ],
    "log10_h": [
        -14.029550361385859,
        -13.989534912719972,
        -13.949117971258103
    ]
}