{
    "cos_gwtheta": [
        -0.203157762369773,
        -0.10505343450540006,
        -0.010711630579007259
    ],
    "cos_inc": [
        -0.04929271147014941,
        0.007214843733454601,
        0.06727118259718828
    ],
    "gwphi": [
        2.7849185101374223,
        2.9050529903205913,
        3.0665930437707747
    ],
    "log10_Mc": [
        null,
        8.981280728918735,
        null
    ],
    "log10_fgw": [
        -7.6795078030021005,
        -7.661162348780937,
        -7.643868544801751
    ],
    "log10_h": [
        -14.30524684593522,
        -14.232317356140166,
        -14.16749114298901
    ],
    "phase0": [
        null,
        3.0829868013252613,
        null
    ],
    "psi": [
        null,
        0.009872485924922224,
        null
    ]
}