{
    "cos_gwtheta": [
        null,
        -0.23843148293607708,
        null
    ],
    "cos_inc": [
        -0.6774770767835492,
        0.029258269167954376,
        0.5192402310206568
    ],
    "gwphi": [
        2.2043912874580336,
        4.224086027373246,
        6.077607305854048
    ],
    "log10_Mc": [
        null,
        9.994613264247096,
        null
    ],
    "log10_fgw": [
        null,
        -7.651269480636893,
        null
    ],
    "log10_h": [
        null,
        -14.432422270030234,
        null
    ],
    "phase0": [
        null,
        4.043770557798683,
        null
    ],
    "psi": [
        0.7704895480398674,
        1.6466912869683217,
        3.133266714975635
    ]
}