{
    "cos_gwtheta": [
        null,
        0.005358411025591869,
        null
    ],
    "cos_inc": [
        -0.020570309093695803,
        -0.00036347540081495266,
        0.04778897935668833
    ],
    "gwphi": [
        3.094914023882695,
        3.1595588247074273,
        3.2480940954021698
    ],
    "log10_Mc": [
        null,
        9.994698893550378,
        null
    ],
    "log10_fgw": [
        -7.670382343997076,
        -7.6503355742020585,
        -7.630533277209419
    ],
    "log10_h": [
        -13.546145315212481,
        -13.512958995807676,
        -13.472114295001763
    ],
    "phase0": [
        0.019058997476020467,
        0.9169773337588295,
        2.1517657035866655
    ],
    "psi": [
        0.009861271428183719,
        0.009861271428183719,
        0.0765773592527298
    ]
}