{
    "cos_gwtheta": [
        -0.03020682394380303,
        -0.01189699057422644,
        0.012516120585209012
    ],
    "cos_inc": [
        -0.06340441191245781,
        -0.03935968331542193,
        -0.014317248137596175
    ],
    "gwphi": [
        3.1155476239581628,
        3.1460120876167115,
        3.17818085693448
    ],
    "log10_Mc": [
        null,
        9.966077793584748,
        null
    ],
    "log10_fgw": [
        -7.659065673033472,
        -7.659065673033472,
        -7.642809846096033
    ],
    "log10_h": [
        -12.71693850107467,
        -12.672036471155126,
        -12.628050809193123
    ],
    "phase0": [
        1.1434047007077504,
        1.349970559279525,
        1.597223632418467
    ],
    "psi": [
        0.010379534967513898,
        0.010379534967513898,
        0.052152886369524996
    ]
}