{
    "cos_gwtheta": [
        -0.02609044668076621,
        -0.005767150343476191,
        0.021003536555988522
    ],
    "cos_inc": [
        -0.030179950689715906,
        0.0016337132401736953,
        0.03087286101388731
    ],
    "gwphi": [
        3.089666375065124,
        3.158747728303592,
        3.2477086076538493
    ],
    "log10_Mc": [
        null,
        9.526313685376252,
        null
    ],
    "log10_fgw": [
        -7.662227933135561,
        -7.662227933135561,
        -7.648866664603884
    ],
    "log10_h": [
        -13.461041710853328,
        -13.405776819975667,
        -13.405776819975667
    ],
    "phase0": [
        4.217955725446813,
        5.394905089520521,
        6.266372373428602
    ],
    "psi": [
        1.5298022561493387,
        1.5806832533865929,
        1.6240374758846081
    ]
}