{
    "cos_gwtheta": [
        0.1894019388741004,
        0.2185907622367178,
        0.25376238790347405
    ],
    "cos_inc": [
        -0.06016010399609384,
        -0.027780410698526325,
        0.013737110155409793
    ],
    "gwphi": [
        3.235057036051902,
        3.3211697637100563,
        3.4009815600761506
    ],
    "log10_Mc": [
        null,
        9.545286378525402,
        null
    ],
    "log10_fgw": [
        -7.6648696928604805,
        -7.64945947277802,
        -7.62842329933212
    ],
    "log10_h": [
        -13.635229338840343,
        -13.566451164844679,
        -13.48035820578717
    ],
    "phase0": [
        0.7527349652455994,
        2.212705054476266,
        3.385304052116814
    ],
    "psi": [
        1.4991136307010735,
        1.553541783884833,
        1.595546119494039
    ]
}