{
    "cos_gwtheta": [
        null,
        -0.8958537809839955,
        null
    ],
    "cos_inc": [
        -0.08505353060927212,
        0.022121136097829508,
        0.14692712505434358
    ],
    "gwphi": [
        3.2708233621115936,
        3.4703997113071487,
        3.652222336187762
    ],
    "log10_Mc": [
        null,
        9.239416609533066,
        null
    ],
    "log10_fgw": [
        -7.686007281601627,
        -7.658528460033509,
        -7.626731537933257
    ],
    "log10_h": [
        -14.495272757949705,
        -14.382529054622362,
        -14.280746544674065
    ],
    "phase0": [
        null,
        1.1604952277772829,
        null
    ],
    "psi": [
        null,
        1.34619402600764,
        null
    ]
}