{
    "cos_gwtheta": [
        -0.032215876205372085,
        -0.012361394860469999,
        0.002880429202283097
    ],
    "cos_inc": [
        -0.016556624336261788,
        0.006181513914034403,
        0.026258806198870416
    ],
    "gwphi": [
        3.1265416142164915,
        3.169625969992034,
        3.2234814147114625
    ],
    "log10_Mc": [
        null,
        9.210836779208636,
        null
    ],
    "log10_fgw": [
        -7.663423627676916,
        -7.647847640435238,
        -7.634255855389951
    ],
    "log10_h": [
        -13.55022261429,
        -13.501528451187513,
        -13.444042286413744
    ],
    "phase0": [
        null,
        2.1785869012405206,
        null
    ],
    "psi": [
        3.0580509552111406,
        3.133165612712758,
        3.133165612712758
    ]
}