{
    "cos_gwtheta": [
        null,
        0.19159921323343132,
        null
    ],
    "cos_inc": [
        -0.045059421751711404,
        0.006092359841733064,
        0.0543063701950135
    ],
    "gwphi": [
        3.1413680358655602,
        3.24235422786208,
        3.340332320522534
    ],
    "log10_Mc": [
        null,
        9.124702374316769,
        null
    ],
    "log10_fgw": [
        -7.6721470988264695,
        -7.658204934899396,
        -7.6403547401745815
    ],
    "log10_h": [
        -14.149510027829978,
        -14.099372583357894,
        -14.05261519132213
    ],
    "phase0": [
        null,
        0.019741293776448815,
        null
    ],
    "psi": [
        null,
        3.133230652980494,
        null
    ]
}