{
    "cos_gwtheta": [
        -0.07745982058291145,
        -0.003883860589660282,
        0.09284798528979166
    ],
    "cos_inc": [
        -0.9937514541639852,
        -0.9937514541639852,
        -0.5745254933311494
    ],
    "gwphi": [
        1.2319330756935303,
        1.3672826502142692,
        1.4916423020175122
    ],
    "log10_Mc": [
        null,
        8.168873036162354,
        null
    ],
    "log10_fgw": [
        -7.689314028811497,
        -7.663491373908096,
        -7.631067438803825
    ],
    "log10_h": [
        -14.743703749858451,
        -14.641973068111964,
        -14.486795819238964
    ]
}