{
    "cos_gwtheta": [
        null,
        0.16314850686436455,
        null
    ],
    "cos_inc": [
        null,
        0.3733121883557471,
        null
    ],
    "gwphi": [
        3.0662940844388826,
        3.443607182530364,
        3.769695654722008
    ],
    "log10_Mc": [
        null,
        9.899064344454302,
        null
    ],
    "log10_fgw": [
        -7.7211338859150445,
        -7.671418119651177,
        -7.614543283045313
    ],
    "log10_h": [
        -14.959779106174821,
        -14.7709696557684,
        -14.378898673566427
    ],
    "phase0": [
        null,
        0.41029103545589896,
        null
    ],
    "psi": [
        null,
        1.4515347553563491,
        null
    ]
}