{
    "cos_gwtheta": [
        -0.07015526254800897,
        0.23387301420357298,
        0.36838129539490394
    ],
    "cos_inc": [
        -0.0990334689714274,
        -0.0011359988688244282,
        0.10221103219376448
    ],
    "gwphi": [
        3.331878433930623,
        3.500235652357612,
        3.700778809601525
    ],
    "log10_Mc": [
        null,
        9.688855937826682,
        null
    ],
    "log10_fgw": [
        -7.681713212193503,
        -7.656933674942605,
        -7.623510113069301
    ],
    "log10_h": [
        -14.466948027957446,
        -14.369584477050296,
        -14.277656270004469
    ],
    "phase0": [
        null,
        1.161132752410146,
        null
    ],
    "psi": [
        1.468263074434618,
        1.611420330920141,
        1.7397041062123628
    ]
}