{
    "cos_gwtheta": [
        0.1127473875132341,
        0.13304848701605343,
        0.14916738576292715
    ],
    "cos_inc": [
        -0.06669323922719306,
        -0.05008930342648521,
        -0.036335828707443896
    ],
    "gwphi": [
        3.188111293594875,
        3.2334676687345265,
        3.289856675664903
    ],
    "log10_Mc": [
        null,
        9.99470682781373,
        null
    ],
    "log10_fgw": [
        -7.654483434640258,
        -7.654483434640258,
        -7.637100860856423
    ],
    "log10_h": [
        -13.543807366870734,
        -13.49377067447903,
        -13.438448415989612
    ],
    "phase0": [
        null,
        0.019731970873994528,
        null
    ],
    "psi": [
        3.083945290513042,
        3.133298844046969,
        3.133298844046969
    ]
}