{
    "cos_gwtheta": [
        -0.0035762812298782798,
        -0.0035762812298782798,
        0.006581840424626412
    ],
    "cos_inc": [
        -0.04951197943765202,
        -0.021516873668479056,
        0.0027455513314708635
    ],
    "gwphi": [
        3.1065282883615186,
        3.155516012823227,
        3.205080063455073
    ],
    "log10_Mc": [
        null,
        9.9946351591244,
        null
    ],
    "log10_fgw": [
        -7.662606754358507,
        -7.654196169958639,
        -7.6441318189632925
    ],
    "log10_h": [
        -12.69743230274371,
        -12.656925168044928,
        -12.656925168044928
    ],
    "phase0": [
        4.966295380412428,
        5.220658748814787,
        5.469351596265501
    ],
    "psi": [
        1.5421631868182863,
        1.5711533278204453,
        1.600313001810921
    ]
}