{
    "cos_gwtheta": [
        0.16651278894887522,
        0.30695567569025795,
        0.42554747680002525
    ],
    "cos_inc": [
        -0.43835997296830964,
        -0.15243803920216215,
        0.015575892670156688
    ],
    "gwphi": [
        3.618791215777962,
        3.804285408836811,
        4.048488201719
    ],
    "log10_Mc": [
        null,
        9.698152853711495,
        null
    ],
    "log10_fgw": [
        -7.677853145130278,
        -7.643989119342076,
        -7.61756343447845
    ],
    "log10_h": [
        -14.625232477012812,
        -14.397958758223792,
        -14.238527940565824
    ],
    "phase0": [
        null,
        5.57544359915733,
        null
    ],
    "psi": [
        null,
        2.9829766894399032,
        null
    ]
}