{
    "cos_gwtheta": [
        -0.07587126435774172,
        -0.020885504216949458,
        0.027285119455688234
    ],
    "cos_inc": [
        -0.09591675384923667,
        -0.052646260195793826,
        -0.005236369828054782
    ],
    "gwphi": [
        3.086963012981454,
        3.1828254344689513,
        3.263471598577481
    ],
    "log10_Mc": [
        null,
        9.478483301018965,
        null
    ],
    "log10_fgw": [
        -7.658667971099789,
        -7.639977731922179,
        -7.620775431397237
    ],
    "log10_h": [
        -14.104143671006316,
        -14.059728855597369,
        -14.012307498837664
    ]
}