{
    "cos_gwtheta": [
        -0.03629853263786653,
        0.00021429632621605688,
        0.02812462631970336
    ],
    "cos_inc": [
        -0.07608732799687223,
        -0.04011492691700025,
        -0.011337006053102616
    ],
    "gwphi": [
        3.080345851520745,
        3.1683935112708035,
        3.238158050417024
    ],
    "log10_Mc": [
        null,
        8.876323926996278,
        null
    ],
    "log10_fgw": [
        -7.67858109371527,
        -7.651275393140461,
        -7.62308886351485
    ],
    "log10_h": [
        -13.53913405539314,
        -13.483751722914056,
        -13.472092284497407
    ],
    "phase0": [
        3.2649557464532113,
        3.535306208435835,
        5.728079470521229
    ],
    "psi": [
        1.5417089525042305,
        1.5879610366901264,
        1.63228595070161
    ]
}