{
    "cos_gwtheta": [
        -0.027294457210717327,
        0.002047223870899284,
        0.031049694766601355
    ],
    "cos_inc": [
        -0.0491230133012025,
        -0.009160011365127896,
        0.03835818496682153
    ],
    "gwphi": [
        3.0764484648297508,
        3.162401562943977,
        3.2493541156874377
    ],
    "log10_Mc": [
        null,
        8.054205552472581,
        null
    ],
    "log10_fgw": [
        -7.674765071379584,
        -7.649588733206869,
        -7.626230686124406
    ],
    "log10_h": [
        -12.694711936471856,
        -12.648852712022123,
        -12.648852712022123
    ],
    "phase0": [
        0.19874659204696352,
        0.44537750970765305,
        0.69855615084606
    ],
    "psi": [
        3.089566158864015,
        3.1332985990717956,
        3.1332985990717956
    ]
}