{
    "cos_gwtheta": [
        -0.09250001784077455,
        0.024839956977053212,
        0.09967112622648577
    ],
    "cos_inc": [
        -0.005611816664316982,
        0.08615841113680855,
        0.18621880657543066
    ],
    "gwphi": [
        2.677279292435424,
        2.8547746354684844,
        3.0643177487714035
    ],
    "log10_Mc": [
        null,
        9.63138822024433,
        null
    ],
    "log10_fgw": [
        -7.6716463998188305,
        -7.64215784986695,
        -7.612472709582057
    ],
    "log10_h": [
        -14.45966051877314,
        -14.344611036939826,
        -14.24390006619553
    ],
    "phase0": [
        1.7044607178500024,
        2.3621915310477974,
        6.206762428704426
    ],
    "psi": [
        null,
        1.541753703499031,
        null
    ]
}