{
    "cos_gwtheta": [
        null,
        -0.008232284255646816,
        null
    ],
    "cos_inc": [
        -0.07331811594636273,
        -0.0301011202874365,
        0.022350276153311643
    ],
    "gwphi": [
        3.0365200382218887,
        3.1510668876045957,
        3.2490748870764303
    ],
    "log10_Mc": [
        null,
        8.417528692577273,
        null
    ],
    "log10_fgw": [
        -7.6774819204006555,
        -7.657311931325696,
        -7.634965324724661
    ],
    "log10_h": [
        -13.996207836427784,
        -13.950166544076986,
        -13.903409583969438
    ]
}