{
    "cos_gwtheta": [
        -0.10347889207295446,
        -0.054196432933588334,
        -0.011651810004682406
    ],
    "cos_inc": [
        -0.10993274104489115,
        -0.06021655350538446,
        -0.010500365965877778
    ],
    "gwphi": [
        3.1455130008448133,
        3.2307379401779857,
        3.3386526360868736
    ],
    "log10_Mc": [
        8.006284757941463,
        8.025374913641432,
        9.48179470891819
    ],
    "log10_fgw": [
        -7.680656776918951,
        -7.6582113464939585,
        -7.637075232843757
    ],
    "log10_h": [
        -14.13249253841817,
        -14.077442454870194,
        -14.010506557828908
    ]
}