{
    "cos_gwtheta": [
        -0.04703399794597041,
        -0.03514974559543543,
        -0.02468148926964503
    ],
    "cos_inc": [
        -0.02284559868077534,
        5.5365627870979095e-05,
        0.0256330660245409
    ],
    "gwphi": [
        3.174560347710166,
        3.2128111826986387,
        3.256905895254795
    ],
    "log10_Mc": [
        null,
        9.612297456133133,
        null
    ],
    "log10_fgw": [
        -7.660752627250185,
        -7.6596872361324495,
        -7.658634137989149
    ],
    "log10_h": [
        -13.509535979317679,
        -13.475149410927186,
        -13.43486800224118
    ],
    "phase0": [
        null,
        6.265920145341662,
        null
    ],
    "psi": [
        1.5473889696776084,
        1.5601501026051299,
        1.5737279480400124
    ]
}