{
    "cos_gwtheta": [
        0.13535045326265727,
        0.15376070870055059,
        0.1754400749171352
    ],
    "cos_inc": [
        -0.08632468466275389,
        -0.060388429559069645,
        -0.03461427604978329
    ],
    "gwphi": [
        3.196160060751582,
        3.2295548840370936,
        3.272737845182152
    ],
    "log10_Mc": [
        null,
        8.646978338445683,
        null
    ],
    "log10_fgw": [
        -7.666005618125563,
        -7.659632210844862,
        -7.659632210844862
    ],
    "log10_h": [
        -13.523720154801198,
        -13.49024055551298,
        -13.448858046521533
    ],
    "phase0": [
        null,
        4.284151576108036,
        null
    ],
    "psi": [
        1.568069320900925,
        1.5826028276689343,
        1.5993986255847943
    ]
}