{
    "cos_gwtheta": [
        0.914115335362982,
        0.9280599149462584,
        0.9454264772493572
    ],
    "cos_inc": [
        -0.2676840286431311,
        -0.25365402102836476,
        -0.23617529645801327
    ],
    "gwphi": [
        2.3716737458080726,
        2.4606380956818996,
        2.5328665777576798
    ],
    "log10_Mc": [
        null,
        9.994717390356236,
        null
    ],
    "log10_fgw": [
        -7.86527766945417,
        -7.86527766945417,
        -7.855190347161597
    ],
    "log10_h": [
        -13.378062894178903,
        -13.338726381781303,
        -13.303083438622913
    ],
    "phase0": [
        0.00893468994146569,
        0.00893468994146569,
        0.41803316651519407
    ],
    "psi": [
        2.163657578477189,
        2.226170666278824,
        2.3061003357565366
    ]
}