{
    "cos_gwtheta": [
        -0.30218961013093804,
        0.0580434506705263,
        0.24253367165494089
    ],
    "cos_inc": [
        null,
        -0.028195482354913648,
        null
    ],
    "gwphi": [
        2.9370185202360264,
        3.2331024881018124,
        3.555421744259504
    ],
    "log10_Mc": [
        null,
        9.010148963802017,
        null
    ],
    "log10_fgw": [
        -7.701250941826298,
        -7.6613019959656645,
        -7.613601762102222
    ],
    "log10_h": [
        -14.805540034276968,
        -14.440957617825362,
        -14.289731263793225
    ],
    "phase0": [
        null,
        4.374060457644506,
        null
    ],
    "psi": [
        null,
        0.009887496287313374,
        null
    ]
}