{
    "cos_gwtheta": [
        0.08690000264078579,
        0.12254144011589063,
        0.15161734963505502
    ],
    "cos_inc": [
        -0.07405749721061472,
        -0.047198803614383,
        -0.015524068407792635
    ],
    "gwphi": [
        3.1037728904979653,
        3.1651964104388584,
        3.2262336189335823
    ],
    "log10_Mc": [
        null,
        8.025393698681482,
        null
    ],
    "log10_fgw": [
        -7.67646984688136,
        -7.652829878533116,
        -7.629026875920402
    ],
    "log10_h": [
        -13.529782550134854,
        -13.474292851016415,
        -13.46229507823405
    ],
    "phase0": [
        null,
        0.019757837680720126,
        null
    ],
    "psi": [
        0.021502126051396044,
        0.03643945798177102,
        0.10210147959237767
    ]
}