{
    "cos_gwtheta": [
        0.1271705291390397,
        0.24035801375036936,
        0.351798178702176
    ],
    "cos_inc": [
        -0.03590685642067892,
        0.03416369909783856,
        0.10462571023377776
    ],
    "gwphi": [
        3.067115608424782,
        3.210434107538913,
        3.354357326058589
    ],
    "log10_Mc": [
        null,
        9.765237459778767,
        null
    ],
    "log10_fgw": [
        -7.67940749113278,
        -7.65108980784384,
        -7.622580788857001
    ],
    "log10_h": [
        -14.360378867653667,
        -14.272987755442355,
        -14.199139091612457
    ],
    "phase0": [
        null,
        2.692464127794912,
        null
    ],
    "psi": [
        1.6295500859644199,
        1.7177144510195619,
        1.810551838957485
    ]
}