{
    "cos_gwtheta": [
        -0.07558425423207416,
        -0.04821912843213538,
        -0.013345279089530537
    ],
    "cos_inc": [
        0.042100656124134384,
        0.07745263867631702,
        0.10586048179860663
    ],
    "gwphi": [
        3.11468767044017,
        3.1763275951466072,
        3.2295140444647323
    ],
    "log10_Mc": [
        null,
        9.994703051063476,
        null
    ],
    "log10_fgw": [
        -7.677797162497079,
        -7.649151152394696,
        -7.6232053809495035
    ],
    "log10_h": [
        -13.599096312132112,
        -13.54955078700091,
        -13.501137731015564
    ],
    "phase0": [
        null,
        4.404313865152864,
        null
    ],
    "psi": [
        3.0483305168726935,
        3.1332963582464086,
        3.1332963582464086
    ]
}