{
    "cos_gwtheta": [
        -0.01194023354523821,
        0.014252131836741233,
        0.038078735184219226
    ],
    "cos_inc": [
        -9.830486467365951e-05,
        0.026336284951170574,
        0.04894700328421964
    ],
    "gwphi": [
        3.102677830663148,
        3.149499450853418,
        3.1938567752442
    ],
    "log10_Mc": [
        null,
        8.89521003667521,
        null
    ],
    "log10_fgw": [
        -7.6529848437257355,
        -7.6529848437257355,
        -7.6385752675804515
    ],
    "log10_h": [
        -12.696496623182,
        -12.670875509120496,
        -12.670875509120496
    ],
    "phase0": [
        2.407887002486522,
        2.4661714413322207,
        2.735271935577254
    ],
    "psi": [
        1.5523170878355628,
        1.5760373563893104,
        1.6069288689244234
    ]
}