{
    "cos_gwtheta": [
        null,
        -0.02962525284815254,
        null
    ],
    "cos_inc": [
        -0.020931737620162982,
        0.07237817993801321,
        0.17497955115134678
    ],
    "gwphi": [
        3.0280692077532216,
        3.2210229062246,
        3.4115263990011035
    ],
    "log10_Mc": [
        null,
        8.006299905324752,
        null
    ],
    "log10_fgw": [
        -7.686405381386793,
        -7.6589849803656715,
        -7.6272862189015385
    ],
    "log10_h": [
        -14.471011452848522,
        -14.352796712443599,
        -14.226001869912512
    ],
    "phase0": [
        0.01987039912438393,
        1.8811464204928874,
        4.533777045577463
    ],
    "psi": [
        null,
        1.5264301166449552,
        null
    ]
}