{
    "cos_gwtheta": [
        0.10631111342081401,
        0.2528790312896515,
        0.37339906985553906
    ],
    "cos_inc": [
        null,
        -0.1815021544689952,
        null
    ],
    "gwphi": [
        2.7653951412928457,
        3.232230746699236,
        3.46132599750052
    ],
    "log10_Mc": [
        null,
        8.742479050317792,
        null
    ],
    "log10_fgw": [
        -7.678953704450822,
        -7.655981071034453,
        -7.635056952699797
    ],
    "log10_h": [
        null,
        -14.2885068522011,
        null
    ],
    "phase0": [
        null,
        5.966717850976309,
        null
    ],
    "psi": [
        null,
        0.009919212573065406,
        null
    ]
}