{
    "cos_gwtheta": [
        -0.8401169052521048,
        -0.8024141409169795,
        -0.7695166308598604
    ],
    "cos_inc": [
        -0.1041357242829124,
        -0.09044146758366578,
        -0.07645207604176296
    ],
    "gwphi": [
        4.543696426112475,
        4.556442383329852,
        4.571091583027652
    ],
    "log10_Mc": [
        null,
        9.994687123261134,
        null
    ],
    "log10_fgw": [
        -7.955066120194914,
        -7.944447110990835,
        -7.934452749386995
    ],
    "log10_h": [
        -13.374474067035626,
        -13.33581016432434,
        -13.296142004399771
    ],
    "phase0": [
        2.2324173070765876,
        2.46582181564301,
        3.290342911073159
    ],
    "psi": [
        1.5242422433797433,
        1.5576972570556977,
        1.589587123893011
    ]
}