{
    "cos_gwtheta": [
        0.2898593640839886,
        0.3546410865636749,
        0.41382208375693286
    ],
    "cos_inc": [
        -0.1756958365522896,
        -0.1081229808164097,
        -0.04586484407099212
    ],
    "gwphi": [
        3.3620996917703603,
        3.4640025202905464,
        3.567725042177165
    ],
    "log10_Mc": [
        null,
        8.465060529778526,
        null
    ],
    "log10_fgw": [
        -7.672363489606672,
        -7.644386063030826,
        -7.622208834647532
    ],
    "log10_h": [
        -14.175595561976746,
        -14.098590940747496,
        -14.041026211642295
    ]
}