{
    "cos_gwtheta": [
        -0.0040690662780409614,
        0.002610440993212032,
        0.009606137957778815
    ],
    "cos_inc": [
        -0.052314314412446716,
        -0.018040801157462205,
        0.01757301708514747
    ],
    "gwphi": [
        3.134027586150599,
        3.160303501250419,
        3.1876941521423516
    ],
    "log10_Mc": [
        null,
        9.210755996917646,
        null
    ],
    "log10_fgw": [
        -7.664373210914964,
        -7.6536063368295455,
        -7.641762775335585
    ],
    "log10_h": [
        -12.685783130126719,
        -12.663981382554393,
        -12.663981382554393
    ],
    "phase0": [
        3.9487078390688195,
        4.176100946318264,
        4.402871911003414
    ],
    "psi": [
        1.5746667306954487,
        1.582592391489228,
        1.589999110207224
    ]
}