{
    "cos_gwtheta": [
        -0.0314980518297332,
        -0.0010554692663802268,
        0.027902109269492104
    ],
    "cos_inc": [
        -0.022564241990833178,
        0.006677314821787017,
        0.035755510981822725
    ],
    "gwphi": [
        3.0789826662977595,
        3.1608468598715405,
        3.2432426391178786
    ],
    "log10_Mc": [
        null,
        9.163077026447082,
        null
    ],
    "log10_fgw": [
        -7.670829407480769,
        -7.651049451869178,
        -7.635979009498443
    ],
    "log10_h": [
        -13.512229676689191,
        -13.459659349584262,
        -13.44803089013248
    ],
    "phase0": [
        null,
        0.04978209598446708,
        null
    ],
    "psi": [
        1.523660944877317,
        1.565076658180061,
        1.6067630624194242
    ]
}