{
    "cos_gwtheta": [
        -0.02400669336488226,
        -0.0055180576402361625,
        0.012120525867184928
    ],
    "cos_inc": [
        -0.05503962673416529,
        -0.019065951261672653,
        0.01574728306654616
    ],
    "gwphi": [
        3.0616099951487286,
        3.148351395707768,
        3.2220088978584593
    ],
    "log10_Mc": [
        null,
        8.006321442202399,
        null
    ],
    "log10_fgw": [
        -7.670794391378172,
        -7.650761705579255,
        -7.630592743006194
    ],
    "log10_h": [
        -12.713959645119665,
        -12.66502157584568,
        -12.66502157584568
    ],
    "phase0": [
        null,
        1.4821102889647881,
        null
    ],
    "psi": [
        1.530459051958819,
        1.5665179358988603,
        1.6044259933742877
    ]
}