{
    "cos_gwtheta": [
        -0.31824312565537544,
        -0.3058789586686488,
        -0.29325283899152543
    ],
    "cos_inc": [
        0.00016807102656613004,
        0.01199366562773413,
        0.022856711831132637
    ],
    "gwphi": [
        1.5343328782293393,
        1.6055786166455583,
        1.6772338133285372
    ],
    "log10_Mc": [
        null,
        9.927806423603379,
        null
    ],
    "log10_fgw": [
        -7.955448250605503,
        -7.955448250605503,
        -7.941780049188083
    ],
    "log10_h": [
        -13.49352925451313,
        -13.45365878529255,
        -13.413242145260732
    ],
    "phase0": [
        null,
        0.019755730627239274,
        null
    ],
    "psi": [
        3.085447994005628,
        3.132991878191498,
        3.132991878191498
    ]
}