{
    "cos_gwtheta": [
        -0.016090963945291997,
        0.00015415941696944602,
        0.016986455912806564
    ],
    "cos_inc": [
        -0.05251278988132091,
        -0.027654979364543975,
        0.0010905455932453956
    ],
    "gwphi": [
        3.0731107756412586,
        3.1611651907921727,
        3.2508303574397512
    ],
    "log10_Mc": [
        null,
        8.331432671512012,
        null
    ],
    "log10_fgw": [
        -7.658158168627332,
        -7.658158168627332,
        -7.643332617780582
    ],
    "log10_h": [
        -12.707322788760848,
        -12.67381668194912,
        -12.640310575137391
    ],
    "phase0": [
        null,
        4.311679385183947,
        null
    ],
    "psi": [
        1.5569420536312955,
        1.5716015494122446,
        1.5865182293297018
    ]
}