{
    "cos_gwtheta": [
        -0.01382457511349755,
        0.008328720017895419,
        0.02924502912672322
    ],
    "cos_inc": [
        0.003138820604359549,
        0.02826025141596955,
        0.05247523884777927
    ],
    "gwphi": [
        3.0577288622405465,
        3.1453844342690482,
        3.233967578488329
    ],
    "log10_Mc": [
        null,
        8.52255044496574,
        null
    ],
    "log10_fgw": [
        null,
        -7.6538557034123595,
        null
    ],
    "log10_h": [
        -12.697858093007833,
        -12.674645333832192,
        -12.64822639244997
    ],
    "phase0": [
        6.093927683410255,
        6.280650321141252,
        6.280650321141252
    ],
    "psi": [
        1.5495788356158506,
        1.5679154956899075,
        1.58487690625841
    ]
}