{
    "cos_gwtheta": [
        -0.026344429022835847,
        -0.001432369048386506,
        0.02265478827790235
    ],
    "cos_inc": [
        0.03180143320433765,
        0.050039119238908636,
        0.06521831134221617
    ],
    "gwphi": [
        3.0667602043314752,
        3.1456521913825903,
        3.2250882611030236
    ],
    "log10_Mc": [
        null,
        9.201252519638013,
        null
    ],
    "log10_fgw": [
        -7.649916024046135,
        -7.649916024046135,
        -7.636440208868699
    ],
    "log10_h": [
        -12.721355220864137,
        -12.663715083839008,
        -12.615383291923528
    ],
    "phase0": [
        0.20271577172017846,
        0.45527005917771174,
        0.6017901038095631
    ],
    "psi": [
        3.088211830847834,
        3.1300255354684374,
        3.1300255354684374
    ]
}