{
    "cos_gwtheta": [
        -0.29061301163384723,
        -0.07392497381352592,
        0.053099048357007295
    ],
    "cos_inc": [
        -0.09043625334135819,
        -0.01460127724855631,
        0.05613884256927704
    ],
    "gwphi": [
        3.0437668605545096,
        3.2456244091428257,
        3.4152838211465024
    ],
    "log10_Mc": [
        null,
        8.493921534498666,
        null
    ],
    "log10_fgw": [
        -7.67808458636546,
        -7.645541584423553,
        -7.619624103835087
    ],
    "log10_h": [
        -14.351700265261414,
        -14.262407840577195,
        -14.177844298197124
    ],
    "phase0": [
        null,
        0.681158259289044,
        null
    ],
    "psi": [
        null,
        1.7066876914330815,
        null
    ]
}