{
    "cos_gwtheta": [
        -0.03859174620792705,
        -0.014866191933456618,
        0.008562792912582884
    ],
    "cos_inc": [
        -0.02950565016915674,
        0.0030924415081020618,
        0.028467092415968343
    ],
    "gwphi": [
        3.0856514821734176,
        3.1877453726307032,
        3.2684423399382587
    ],
    "log10_Mc": [
        null,
        8.675471519313557,
        null
    ],
    "log10_fgw": [
        -7.679628120304599,
        -7.660422792626602,
        -7.641085014412895
    ],
    "log10_h": [
        -13.511513238902351,
        -13.480138097738005,
        -13.442952745246927
    ],
    "phase0": [
        4.102456608108437,
        5.365858201936384,
        6.088426488668433
    ],
    "psi": [
        1.5002592130478702,
        1.5398921657035969,
        1.5719211216288644
    ]
}