{
    "cos_gwtheta": [
        -0.012962180821110503,
        -0.0025026374865181333,
        0.007218585142102996
    ],
    "cos_inc": [
        0.03277008644588956,
        0.03277008644588956,
        0.047620463042942554
    ],
    "gwphi": [
        3.117325866414343,
        3.138669578380587,
        3.157175687021839
    ],
    "log10_Mc": [
        null,
        9.621852031350333,
        null
    ],
    "log10_fgw": [
        -7.666048425192755,
        -7.652078446871158,
        -7.638012123871482
    ],
    "log10_h": [
        -12.68762586105815,
        -12.649174715928833,
        -12.649174715928833
    ],
    "phase0": [
        0.9839399149120225,
        1.2053211161344715,
        1.4093223260125582
    ],
    "psi": [
        1.552086727288723,
        1.5599329528249688,
        1.5691242455959995
    ]
}