{
    "cos_gwtheta": [
        -0.9481954753540363,
        -0.9177941781901262,
        -0.8849237401398073
    ],
    "cos_inc": [
        -0.7129388220092585,
        -0.4071064839644226,
        -0.2900085166950035
    ],
    "gwphi": [
        2.0400264167089395,
        2.1545204436893752,
        2.2604139803802012
    ],
    "log10_Mc": [
        null,
        8.6277504674602,
        null
    ],
    "log10_fgw": [
        -7.741225722351389,
        -7.741225722351389,
        -7.720856711390246
    ],
    "log10_h": [
        -14.326756259207645,
        -14.161336064184132,
        -14.071000213001078
    ],
    "phase0": [
        null,
        1.401150774240944,
        null
    ],
    "psi": [
        null,
        2.15624554180402,
        null
    ]
}