{
    "cos_gwtheta": [
        -0.11671083828775441,
        -0.05147786167702151,
        0.004172869781852273
    ],
    "cos_inc": [
        -0.1217736998630441,
        -0.050836039262329935,
        0.018273331116716363
    ],
    "gwphi": [
        3.2798266986818745,
        3.390608416234915,
        3.507882835183005
    ],
    "log10_Mc": [
        null,
        9.707781075424538,
        null
    ],
    "log10_fgw": [
        -7.678184463591633,
        -7.654489101483288,
        -7.634757020581678
    ],
    "log10_h": [
        -14.28316661081697,
        -14.221290435919165,
        -14.164465377339548
    ],
    "phase0": [
        null,
        4.554865237700531,
        null
    ],
    "psi": [
        1.6184394143207637,
        1.7085913549771365,
        1.7804355169155996
    ]
}