{
    "cos_gwtheta": [
        -0.623337063809354,
        -0.617196954649765,
        -0.610863456225307
    ],
    "cos_inc": [
        -0.4073622056475048,
        -0.39042618223900816,
        -0.3719268335928041
    ],
    "gwphi": [
        4.82421612703731,
        4.832393263165944,
        4.841162945390855
    ],
    "log10_Mc": [
        null,
        8.006297508700573,
        null
    ],
    "log10_fgw": [
        -8.033827372875637,
        -8.03149524139606,
        -8.02860018162831
    ],
    "log10_h": [
        -13.68907402342588,
        -13.655922462597777,
        -13.629253050534947
    ],
    "phase0": [
        4.45244623485973,
        5.304505618327502,
        6.10471681350508
    ],
    "psi": [
        1.9002865481823203,
        1.925097672316339,
        1.9501283639205709
    ]
}