{
    "cos_gwtheta": [
        -0.41715854135913316,
        -0.3370333851885161,
        -0.2680844847069336
    ],
    "cos_inc": [
        -0.4932243351097511,
        -0.2589740308495361,
        -0.07585450366134772
    ],
    "gwphi": [
        3.5426637111474597,
        3.70146375244425,
        3.8581674235589043
    ],
    "log10_Mc": [
        null,
        8.388776320329962,
        null
    ],
    "log10_fgw": [
        -7.6707222032253535,
        -7.649534329265765,
        -7.63198609009678
    ],
    "log10_h": [
        -14.366745376952776,
        -14.270066614002527,
        -14.191291325672694
    ]
}