{
    "cos_gwtheta": [
        null,
        -0.06646951449992411,
        null
    ],
    "cos_inc": [
        -0.6524487087525156,
        -0.09510166656275143,
        0.1357509613296195
    ],
    "gwphi": [
        3.2086551049983054,
        3.4435311196025147,
        3.748370202386701
    ],
    "log10_Mc": [
        null,
        9.468896946776631,
        null
    ],
    "log10_fgw": [
        -7.703783364305413,
        -7.659344275355227,
        -7.613516464875349
    ],
    "log10_h": [
        -14.869444066954639,
        -14.502243190261973,
        -14.321549945214668
    ],
    "phase0": [
        null,
        0.20035476582942865,
        null
    ],
    "psi": [
        null,
        1.6466384192747647,
        null
    ]
}