{
    "cos_gwtheta": [
        0.10537762907336312,
        0.13757911688185764,
        0.17448419279721084
    ],
    "cos_inc": [
        -0.04535078433080442,
        -0.014522949546972308,
        0.01762877998217771
    ],
    "gwphi": [
        3.095667810462173,
        3.1780214760118772,
        3.259860431151896
    ],
    "log10_Mc": [
        8.042093009599558,
        9.4402909087286,
        9.533557131839327
    ],
    "log10_fgw": [
        -7.6650840712970165,
        -7.646324688058046,
        -7.6271744843349305
    ],
    "log10_h": [
        -13.597324097550871,
        -13.551865962082436,
        -13.519072779779338
    ],
    "phase0": [
        2.53501323693954,
        5.906108343385341,
        6.2665831166283406
    ],
    "psi": [
        3.0467688029839324,
        3.1332963989420524,
        3.1332963989420524
    ]
}