{
    "cos_gwtheta": [
        -0.06514024383967365,
        -0.03472196774625391,
        0.003075890121308933
    ],
    "cos_inc": [
        -0.06900578681605918,
        -0.03312110390397294,
        0.002172073245826245
    ],
    "gwphi": [
        3.070863440143224,
        3.176146728490129,
        3.2663095445744466
    ],
    "log10_Mc": [
        null,
        9.478402826191283,
        null
    ],
    "log10_fgw": [
        -7.679466232695674,
        -7.64857787493256,
        -7.6187670180216465
    ],
    "log10_h": [
        -13.558684234930544,
        -13.497988863980638,
        -13.497988863980638
    ],
    "phase0": [
        null,
        2.751743655147303,
        null
    ],
    "psi": [
        null,
        3.133298220176191,
        null
    ]
}