{
    "cos_gwtheta": [
        -0.10239691811965068,
        -0.04812609438711357,
        0.005006180595789944
    ],
    "cos_inc": [
        -0.04392615192877947,
        0.0003160823984831307,
        0.036864015103613146
    ],
    "gwphi": [
        2.9015445532355373,
        3.0099087576279993,
        3.131186830937698
    ],
    "log10_Mc": [
        null,
        8.56075018596811,
        null
    ],
    "log10_fgw": [
        -7.67098166123228,
        -7.650653185849324,
        -7.629618860626682
    ],
    "log10_h": [
        -14.009063779364109,
        -13.95401349130325,
        -13.886177329886321
    ]
}