{
    "cos_gwtheta": [
        -0.023854574044242943,
        -0.006286250599359146,
        0.0121413930140244
    ],
    "cos_inc": [
        -0.007061455158769547,
        0.03170923162238082,
        0.07030912242652154
    ],
    "gwphi": [
        3.117040127347113,
        3.131231745317562,
        3.1488553231893617
    ],
    "log10_Mc": [
        null,
        8.86661663948087,
        null
    ],
    "log10_fgw": [
        -7.664274780998225,
        -7.654328735378813,
        -7.644315937775379
    ],
    "log10_h": [
        -12.693291076763625,
        -12.661893994685284,
        -12.661893994685284
    ],
    "phase0": [
        4.2807096170261385,
        4.537604140321918,
        4.80343412529755
    ],
    "psi": [
        3.122968186359473,
        3.138841951509381,
        3.138841951509381
    ]
}