{
    "cos_gwtheta": [
        -0.26953572468048015,
        -0.1496216452473974,
        -0.05523383024808981
    ],
    "cos_inc": [
        -0.06106604013604333,
        0.009821319497186343,
        0.08110580719558835
    ],
    "gwphi": [
        3.115468141306209,
        3.2381822425133473,
        3.4001399395379974
    ],
    "log10_Mc": [
        null,
        9.994691311485122,
        null
    ],
    "log10_fgw": [
        -7.68620867285887,
        -7.652917979935515,
        -7.627901852305249
    ],
    "log10_h": [
        -14.252546608432677,
        -14.182052995002541,
        -14.107982093726697
    ],
    "phase0": [
        null,
        6.266434230595832,
        null
    ],
    "psi": [
        1.5873953539211776,
        1.6775634462404876,
        1.773035543990345
    ]
}