{
    "cos_gwtheta": [
        -0.2278311844102191,
        -0.08566717269914448,
        0.2137719904293569
    ],
    "cos_inc": [
        -0.3089839082447301,
        -0.06639750748543449,
        0.40783902186777854
    ],
    "gwphi": [
        null,
        2.84286897495022,
        null
    ],
    "log10_Mc": [
        null,
        9.46894272052605,
        null
    ],
    "log10_fgw": [
        -7.7034984063601,
        -7.658695405659011,
        -7.614883621787593
    ],
    "log10_h": [
        -14.811244437100813,
        -14.429891158794666,
        -14.250539556391288
    ],
    "phase0": [
        null,
        5.96630480555674,
        null
    ],
    "psi": [
        null,
        1.6916109311090743,
        null
    ]
}