{
    "cos_gwtheta": [
        -0.13829266195638956,
        0.028618813904311313,
        0.07690391942115693
    ],
    "cos_inc": [
        -0.25667480243781826,
        -0.13268788226380868,
        -0.03214720660988424
    ],
    "gwphi": [
        2.6959200213009216,
        2.844465814421704,
        3.026715274889218
    ],
    "log10_Mc": [
        null,
        9.994718105117782,
        null
    ],
    "log10_fgw": [
        -7.684160570840152,
        -7.652872571877869,
        -7.622953422870184
    ],
    "log10_h": [
        -14.408446698509238,
        -14.303659960628387,
        -14.209301029187136
    ],
    "phase0": [
        null,
        2.903003338729705,
        null
    ],
    "psi": [
        null,
        1.8389708814945334,
        null
    ]
}