{
    "cos_gwtheta": [
        null,
        -0.07832250062959611,
        null
    ],
    "cos_inc": [
        null,
        -0.23848494201670456,
        null
    ],
    "gwphi": [
        null,
        3.3853713934682466,
        null
    ],
    "log10_Mc": [
        null,
        9.994716237758578,
        null
    ],
    "log10_fgw": [
        -7.673836081393669,
        -7.651519605866079,
        -7.625849877539006
    ],
    "log10_h": [
        -14.625251557546655,
        -14.417505357327784,
        -14.263885802647867
    ],
    "phase0": [
        null,
        3.353304104063101,
        null
    ],
    "psi": [
        null,
        0.009912981739910108,
        null
    ]
}