{
    "cos_gwtheta": [
        0.7188955521239853,
        0.7409920088744306,
        0.7661088446051527
    ],
    "cos_inc": [
        0.08249583029906893,
        0.10006241740287863,
        0.11680557073619724
    ],
    "gwphi": [
        4.047950081812926,
        4.109200703468874,
        4.178326405052015
    ],
    "log10_Mc": [
        null,
        8.665913071271747,
        null
    ],
    "log10_fgw": [
        -7.9485356145282395,
        -7.914763748445571,
        -7.883384056210425
    ],
    "log10_h": [
        -13.292216032211256,
        -13.252947738738325,
        -13.252947738738325
    ],
    "phase0": [
        1.11918538399528,
        1.893691252902188,
        2.7149291734326026
    ],
    "psi": [
        1.0088106449340484,
        1.039881411431892,
        1.0701345261797923
    ]
}