{
    "cos_gwtheta": [
        -0.05486926227470679,
        -0.004438135608714644,
        0.040910784494037955
    ],
    "cos_inc": [
        0.061758223149700586,
        0.10057217246709194,
        0.14012543510481457
    ],
    "gwphi": [
        2.9154746800051416,
        3.015142952739725,
        3.108581958428397
    ],
    "log10_Mc": [
        null,
        8.14966676212053,
        null
    ],
    "log10_fgw": [
        -7.680349755813804,
        -7.654907061114457,
        -7.6301520068123905
    ],
    "log10_h": [
        -13.985534822531935,
        -13.93448907020577,
        -13.879153758860598
    ]
}