{
    "cos_gwtheta": [
        -0.015498076624281931,
        0.013440181169377508,
        0.03995247723183193
    ],
    "cos_inc": [
        -0.06332606687801401,
        -0.03954437342013806,
        -0.014303680363619398
    ],
    "gwphi": [
        3.0662713884353217,
        3.1393507986894935,
        3.2061147043537987
    ],
    "log10_Mc": [
        null,
        9.459280972266061,
        null
    ],
    "log10_fgw": [
        -7.6686651433937305,
        -7.651093516649177,
        -7.63340235502881
    ],
    "log10_h": [
        -13.523334196172089,
        -13.48082729127421,
        -13.441883839481543
    ],
    "phase0": [
        3.3697688475636034,
        4.57123672233455,
        5.373040206218765
    ],
    "psi": [
        1.5155271071524115,
        1.5516700428059576,
        1.582769778135753
    ]
}