{
    "cos_gwtheta": [
        0.7383383610180237,
        0.7475509398417225,
        0.7568831625462485
    ],
    "cos_inc": [
        0.02662769745541521,
        0.03565834784746874,
        0.047036967341456126
    ],
    "gwphi": [
        0.8745813395237243,
        0.8745813395237243,
        0.9705983949973914
    ],
    "log10_Mc": [
        null,
        8.771078923569597,
        null
    ],
    "log10_fgw": [
        -7.980124906575734,
        -7.966142743236313,
        -7.940654424648827
    ],
    "log10_h": [
        -13.5421571021887,
        -13.50948968520242,
        -13.50948968520242
    ],
    "phase0": [
        0.9188421167505568,
        1.700663040248805,
        2.348663763063049
    ],
    "psi": [
        0.47306700349835973,
        0.5078942950889067,
        0.5429507135978126
    ]
}