{
    "cos_gwtheta": [
        -0.03717944262497963,
        -0.004261515781326497,
        0.02083613009946983
    ],
    "cos_inc": [
        -0.03973494862405724,
        -0.008273651993700781,
        0.026275870072764218
    ],
    "gwphi": [
        3.088958042860131,
        3.1575588246682225,
        3.2395814985692013
    ],
    "log10_Mc": [
        null,
        8.598902825644828,
        null
    ],
    "log10_fgw": [
        -7.661707034108548,
        -7.661707034108548,
        -7.6495676902812875
    ],
    "log10_h": [
        -13.459075716955812,
        -13.406521162473158,
        -13.406521162473158
    ],
    "phase0": [
        null,
        5.0206972142000055,
        null
    ],
    "psi": [
        0.009915866853981173,
        0.009915866853981173,
        0.06778753023351669
    ]
}