{
    "cos_gwtheta": [
        -0.019508818222834234,
        -0.009679277510220824,
        -0.009679277510220824
    ],
    "cos_inc": [
        -0.03297223158353091,
        -0.01637960626920032,
        0.002464875337789385
    ],
    "gwphi": [
        3.08824210059733,
        3.1397148199634697,
        3.193274271195804
    ],
    "log10_Mc": [
        null,
        8.417535340416984,
        null
    ],
    "log10_fgw": [
        -7.676953931412089,
        -7.65479267342326,
        -7.6324806585773635
    ],
    "log10_h": [
        -12.686834412713434,
        -12.654312544731539,
        -12.62244111410928
    ],
    "phase0": [
        0.03766594725152116,
        0.2585912711754888,
        0.44937962824838884
    ],
    "psi": [
        3.090186818171044,
        3.1332944112960988,
        3.1332944112960988
    ]
}