{
    "cos_gwtheta": [
        null,
        0.11477461783578324,
        null
    ],
    "cos_inc": [
        -0.06645853420494596,
        3.684401837489304e-05,
        0.06830806320314942
    ],
    "gwphi": [
        2.821153687747014,
        2.9650852440067794,
        3.094379692850298
    ],
    "log10_Mc": [
        null,
        9.335031483090393,
        null
    ],
    "log10_fgw": [
        -7.676064965713867,
        -7.6473275901184365,
        -7.6211858484477535
    ],
    "log10_h": [
        -14.330144737061033,
        -14.239187902489224,
        -14.15461400367684
    ],
    "phase0": [
        null,
        3.803897179223117,
        null
    ],
    "psi": [
        null,
        3.1332942039677896,
        null
    ]
}