{
    "cos_gwtheta": [
        -0.013479588861019187,
        0.01130689075403779,
        0.03470779076328412
    ],
    "cos_inc": [
        0.009909234423716828,
        0.026681652648043785,
        0.042691688225810376
    ],
    "gwphi": [
        3.0605903210325724,
        3.1315033161191383,
        3.208818178817686
    ],
    "log10_Mc": [
        null,
        9.994697544667373,
        null
    ],
    "log10_fgw": [
        -7.667000032035557,
        -7.647935671287059,
        -7.630250968224308
    ],
    "log10_h": [
        -12.715132962531438,
        -12.6638852977172,
        -12.612637632902963
    ],
    "phase0": [
        1.1329699248076164,
        1.359712362260373,
        1.5987510273407195
    ],
    "psi": [
        1.5589242166493271,
        1.5734442310189043,
        1.5895888623808818
    ]
}