{
    "cos_gwtheta": [
        -0.0014571119089945572,
        0.015793895687261694,
        0.02943627414348482
    ],
    "cos_inc": [
        -0.046974170878788524,
        -0.01736767875582379,
        0.005824073407165287
    ],
    "gwphi": [
        3.08317064480085,
        3.1353316578234907,
        3.1888653290835696
    ],
    "log10_Mc": [
        null,
        8.006319166043328,
        null
    ],
    "log10_fgw": [
        -7.655399417458079,
        -7.6484190287621985,
        -7.639328289995471
    ],
    "log10_h": [
        -13.506226279970925,
        -13.472265204915137,
        -13.44030184015675
    ],
    "phase0": [
        null,
        5.094638967005762,
        null
    ],
    "psi": [
        null,
        0.009870525787168986,
        null
    ]
}