{
    "cos_gwtheta": [
        null,
        -0.2550333003637627,
        null
    ],
    "cos_inc": [
        null,
        0.0307321919347725,
        null
    ],
    "gwphi": [
        null,
        4.039138603151839,
        null
    ],
    "log10_Mc": [
        null,
        8.857240442268514,
        null
    ],
    "log10_fgw": [
        -7.68278359667387,
        -7.652251040790718,
        -7.6246732483801285
    ],
    "log10_h": [
        -14.20048721030256,
        -14.123013239625962,
        -14.048444542849737
    ]
}