{
    "cos_gwtheta": [
        -0.0338341952404666,
        -0.015010125010879283,
        0.005392010986457807
    ],
    "cos_inc": [
        -0.03087697419250235,
        0.0010431783759726754,
        0.026136477504947186
    ],
    "gwphi": [
        3.0621226986199614,
        3.144802913633243,
        3.2297177290522896
    ],
    "log10_Mc": [
        null,
        9.182179910442226,
        null
    ],
    "log10_fgw": [
        -7.684210769574301,
        -7.663680115159565,
        -7.643007870024727
    ],
    "log10_h": [
        -13.467088874048898,
        -13.411426580170613,
        -13.411426580170613
    ],
    "phase0": [
        0.020027216297340847,
        2.422493863957385,
        3.876092379065269
    ],
    "psi": [
        null,
        0.009867096662225301,
        null
    ]
}