{
    "cos_gwtheta": [
        -0.005927228969781512,
        0.013855284744271557,
        0.03112573322479409
    ],
    "cos_inc": [
        -0.04245138687912453,
        -0.013943604951758948,
        0.009888297400218682
    ],
    "gwphi": [
        3.086682419580657,
        3.139711681664057,
        3.192740943747457
    ],
    "log10_Mc": [
        null,
        9.794028855960155,
        null
    ],
    "log10_fgw": [
        -7.659308452955056,
        -7.651299900530601,
        -7.640870157838287
    ],
    "log10_h": [
        -13.56792857622607,
        -13.511395927487623,
        -13.463238485969688
    ],
    "phase0": [
        2.743922011596334,
        2.940275393523753,
        4.938716480696149
    ],
    "psi": [
        null,
        3.133297874516294,
        null
    ]
}