{
    "cos_gwtheta": [
        -0.13189196779861811,
        -0.029803189801115404,
        0.05435107314277188
    ],
    "cos_inc": [
        null,
        -0.26733897271164797,
        null
    ],
    "gwphi": [
        3.2015102153356136,
        3.3998550797987237,
        3.6447252828396004
    ],
    "log10_Mc": [
        null,
        8.417388806770479,
        null
    ],
    "log10_fgw": [
        -7.680605201925453,
        -7.652695633403786,
        -7.624786064882119
    ],
    "log10_h": [
        -14.731075850747281,
        -14.46474106673841,
        -14.372674721648924
    ],
    "phase0": [
        null,
        3.2036405040403073,
        null
    ],
    "psi": [
        null,
        3.133268183566532,
        null
    ]
}