{
    "cos_gwtheta": [
        0.009898328722839467,
        0.013668835397748103,
        0.01819344340763849
    ],
    "cos_inc": [
        -0.03320527223228831,
        -0.022732437076222967,
        -0.010602030888262393
    ],
    "gwphi": [
        3.1273240787964096,
        3.1347889168178735,
        3.14064074963872
    ],
    "log10_Mc": [
        null,
        8.484346339386889,
        null
    ],
    "log10_fgw": [
        -7.64818669639727,
        -7.64818669639727,
        -7.637578195212799
    ],
    "log10_h": [
        -12.681434014427914,
        -12.658331029751967,
        -12.658331029751967
    ],
    "phase0": [
        0.6242068607986674,
        0.8300655695231385,
        1.0535346102623873
    ],
    "psi": [
        1.5623289352416878,
        1.5679774251855114,
        1.5724529060355699
    ]
}