{
    "cos_gwtheta": [
        -0.16972421114425362,
        -0.10496368050532989,
        -0.05681319951154795
    ],
    "cos_inc": [
        0.08791077376882572,
        0.14684382133528473,
        0.20577686890174385
    ],
    "gwphi": [
        3.2153252489044504,
        3.3420492695386956,
        3.452082809406479
    ],
    "log10_Mc": [
        null,
        9.296866475190967,
        null
    ],
    "log10_fgw": [
        -7.687048257934203,
        -7.6606278449230425,
        -7.6309527433525375
    ],
    "log10_h": [
        -14.102061634225224,
        -14.035200897725337,
        -13.982016220964063
    ]
}