{
    "cos_gwtheta": [
        -0.06600131656254343,
        -0.008548524086619436,
        0.05387098175755023
    ],
    "cos_inc": [
        0.03438430202794773,
        0.07553328517813984,
        0.11249116819266414
    ],
    "gwphi": [
        2.9194225418571893,
        3.0273348412255046,
        3.140202297197467
    ],
    "log10_Mc": [
        null,
        9.994686069434842,
        null
    ],
    "log10_fgw": [
        -7.662608431011029,
        -7.654233893922999,
        -7.64701968426283
    ],
    "log10_h": [
        -13.942393859689675,
        -13.903658797963832,
        -13.860773551053075
    ]
}