{
    "cos_gwtheta": [
        -0.09563690998815566,
        0.755861170437544,
        0.911763668114739
    ],
    "cos_inc": [
        0.03794876090254684,
        0.8704481978207801,
        0.9947166831501081
    ],
    "gwphi": [
        null,
        3.4734060864464977,
        null
    ],
    "log10_Mc": [
        null,
        8.359930629828783,
        null
    ],
    "log10_fgw": [
        null,
        -7.470368146952628,
        null
    ],
    "log10_h": [
        -15.356256654040868,
        -14.608078832515123,
        -14.295281325210572
    ],
    "phase0": [
        null,
        0.019811116114125872,
        null
    ],
    "psi": [
        null,
        2.0970758055214467,
        null
    ]
}