{
    "cos_gwtheta": [
        0.13075933462956701,
        0.19604154646883298,
        0.25957512763383295
    ],
    "cos_inc": [
        0.0069899533005772785,
        0.04691691678699628,
        0.09288787015897415
    ],
    "gwphi": [
        3.1278182485399046,
        3.2410575119388705,
        3.332727391833271
    ],
    "log10_Mc": [
        null,
        8.388724024449937,
        null
    ],
    "log10_fgw": [
        -7.674486060263671,
        -7.65274361142318,
        -7.630701266736613
    ],
    "log10_h": [
        -14.043065789491145,
        -13.994203165032303,
        -13.948417076187537
    ]
}