{
    "cos_gwtheta": [
        -0.7361452146108346,
        -0.7268062688006192,
        -0.7158537878504189
    ],
    "cos_inc": [
        0.061156615612667053,
        0.08460929055893462,
        0.10671540043651673
    ],
    "gwphi": [
        3.357871105590014,
        3.3805412684889755,
        3.400188743001409
    ],
    "log10_Mc": [
        null,
        8.235830751986391,
        null
    ],
    "log10_fgw": [
        -7.820427000861729,
        -7.819866932562901,
        -7.81844619433593
    ],
    "log10_h": [
        -13.234514902187735,
        -13.213696256416661,
        -13.193707038763955
    ],
    "phase0": [
        null,
        6.2665987656943205,
        null
    ],
    "psi": [
        0.736994798425704,
        0.7580892163693584,
        0.7780849667117808
    ]
}