{
    "cos_gwtheta": [
        -0.0208473422940485,
        0.006256504103351879,
        0.034482995026088425
    ],
    "cos_inc": [
        -0.06539331775508817,
        -0.02893853922995926,
        0.011161717147682548
    ],
    "gwphi": [
        3.037799875202775,
        3.1287135056643183,
        3.2196271361258617
    ],
    "log10_Mc": [
        null,
        8.159305101857191,
        null
    ],
    "log10_fgw": [
        -7.66158702722153,
        -7.653899487530929,
        -7.644083090695239
    ],
    "log10_h": [
        -13.561718993125389,
        -13.515179249784694,
        -13.474743079341142
    ],
    "phase0": [
        0.019825775412370815,
        3.0527443578029136,
        3.584364072244593
    ],
    "psi": [
        null,
        0.009865817060477103,
        null
    ]
}