{
    "cos_gwtheta": [
        0.10400470324634226,
        0.1548024201744329,
        0.21075145487551272
    ],
    "cos_inc": [
        0.017914645212626867,
        0.05520232240906031,
        0.09202195344821651
    ],
    "gwphi": [
        3.1085552977677957,
        3.2170698298381666,
        3.322713607091861
    ],
    "log10_Mc": [
        null,
        9.93744260822066,
        null
    ],
    "log10_fgw": [
        -7.677711418776594,
        -7.657530201640928,
        -7.630461743736741
    ],
    "log10_h": [
        -14.015004168393927,
        -13.940183327672226,
        -13.877832627070807
    ]
}