{
    "cos_gwtheta": [
        -0.4896443644056885,
        -0.4000129183383072,
        -0.07024799368600754
    ],
    "cos_inc": [
        -0.1741889916699495,
        -0.04755827178462013,
        0.06714490776614146
    ],
    "gwphi": [
        3.264953253185622,
        3.4162074178697392,
        3.5811553752413077
    ],
    "log10_Mc": [
        null,
        8.809303569703415,
        null
    ],
    "log10_fgw": [
        -7.679336498888727,
        -7.651514938712143,
        -7.621611493080168
    ],
    "log10_h": [
        -14.43174340002139,
        -14.340544039756248,
        -14.252594062873476
    ],
    "phase0": [
        null,
        1.1311112290225078,
        null
    ],
    "psi": [
        null,
        1.481488159400791,
        null
    ]
}