{
    "cos_gwtheta": [
        -0.7232765607468293,
        -0.7193713203821231,
        -0.7161036702810424
    ],
    "cos_inc": [
        -0.049674459860557296,
        -0.03622111850085774,
        -0.022131470455226343
    ],
    "gwphi": [
        1.8641886798471776,
        1.8755525792875463,
        1.885620216434337
    ],
    "log10_Mc": [
        null,
        9.70789814809284,
        null
    ],
    "log10_fgw": [
        -7.822783470841797,
        -7.822783470841797,
        -7.807009014709407
    ],
    "log10_h": [
        -13.1200868328979,
        -13.095462198559348,
        -13.095462198559348
    ],
    "phase0": [
        0.019745996474189717,
        0.019745996474189717,
        0.7906628989484759
    ],
    "psi": [
        2.5830876693423,
        2.59322422789665,
        2.601294109464191
    ]
}