{
    "cos_gwtheta": [
        -0.04763791442101811,
        -0.01270420575503961,
        0.022957288508146823
    ],
    "cos_inc": [
        0.054548964269749756,
        0.0978020366856599,
        0.1419430020837148
    ],
    "gwphi": [
        3.076175350374684,
        3.1814333743569687,
        3.2733829125483895
    ],
    "log10_Mc": [
        null,
        8.837925819127456,
        null
    ],
    "log10_fgw": [
        -7.659441589653639,
        -7.6501880027629445,
        -7.6427080200263
    ],
    "log10_h": [
        -14.07159686833841,
        -14.028136491936658,
        -13.990465239032439
    ]
}