{
    "cos_gwtheta": [
        0.001000309857661641,
        0.009813056130629494,
        0.018395403808225685
    ],
    "cos_inc": [
        -0.020673217041155878,
        -0.009381793456453477,
        -0.009381793456453477
    ],
    "gwphi": [
        3.132585159186766,
        3.1539538894993586,
        3.1712523854666954
    ],
    "log10_Mc": [
        8.37061370191582,
        9.488017135719174,
        9.859092915658142
    ],
    "log10_fgw": [
        -7.675375357459629,
        -7.65072876587196,
        -7.628649527574672
    ],
    "log10_h": [
        -12.700467993110138,
        -12.66750047723878,
        -12.636061256805167
    ],
    "phase0": [
        null,
        2.5261954193284226,
        null
    ],
    "psi": [
        1.5798022187976586,
        1.584474574053806,
        1.5886690747951202
    ]
}