{
    "cos_gwtheta": [
        -0.02470604391934006,
        -0.0048256457344162396,
        0.02173213810040553
    ],
    "cos_inc": [
        -0.060517864177085934,
        -0.030062036071223153,
        -0.003957040551912261
    ],
    "gwphi": [
        3.0797879075558763,
        3.126977893992116,
        3.188937265496186
    ],
    "log10_Mc": [
        null,
        9.621840770072623,
        null
    ],
    "log10_fgw": [
        -7.671834475084581,
        -7.653775576638486,
        -7.635592134065177
    ],
    "log10_h": [
        -12.700551776341191,
        -12.665718748848844,
        -12.630885721356497
    ],
    "phase0": [
        5.138004467480051,
        5.366996382704999,
        5.576239508526562
    ],
    "psi": [
        1.5463698268235897,
        1.5739611101595599,
        1.5950603268282428
    ]
}