{
    "cos_gwtheta": [
        -0.0503150599193396,
        -0.006694377865566703,
        0.0591296243326942
    ],
    "cos_inc": [
        -0.0044892016699621395,
        0.03945217611680729,
        0.08786546403231854
    ],
    "gwphi": [
        2.869537673616295,
        2.974224362759161,
        3.0903522201143616
    ],
    "log10_Mc": [
        null,
        9.564374969516898,
        null
    ],
    "log10_fgw": [
        -7.6762921298874875,
        -7.658500474613426,
        -7.640708819339365
    ],
    "log10_h": [
        -14.066971991342449,
        -14.019085237862955,
        -13.965993402483516
    ]
}