{
    "cos_gwtheta": [
        null,
        -0.5620732370733437,
        null
    ],
    "cos_inc": [
        -0.08772031374428291,
        0.029151163037123284,
        0.13926476531076126
    ],
    "gwphi": [
        null,
        0.019758731710098076,
        null
    ],
    "log10_Mc": [
        null,
        8.723189380771029,
        null
    ],
    "log10_fgw": [
        -7.655591058962584,
        -7.626551652961089,
        -7.59598385717004
    ],
    "log10_h": [
        -14.457896007871184,
        -14.342033573709335,
        -14.246698725838511
    ],
    "phase0": [
        null,
        6.266111424844177,
        null
    ],
    "psi": [
        null,
        1.7515228279396156,
        null
    ]
}