{
    "cos_gwtheta": [
        -0.02092959388646276,
        0.0038928508632994907,
        0.02945405884966179
    ],
    "cos_inc": [
        0.0467565844851725,
        0.07500228476428605,
        0.10993775616213708
    ],
    "gwphi": [
        3.066357640087135,
        3.1422874821786766,
        3.2019160022392663
    ],
    "log10_Mc": [
        null,
        8.0063557068694,
        null
    ],
    "log10_fgw": [
        -7.675570436279236,
        -7.65241549745659,
        -7.6332626468255125
    ],
    "log10_h": [
        -13.510761772651122,
        -13.470473049799624,
        -13.426826933377168
    ],
    "phase0": [
        4.569717498613374,
        5.756068237460898,
        6.266467686454277
    ],
    "psi": [
        3.075823265032915,
        3.133299039532685,
        3.133299039532685
    ]
}