{
    "cos_gwtheta": [
        0.8250707568727365,
        0.8571701330828727,
        0.8954239009723961
    ],
    "cos_inc": [
        -0.048147482241284845,
        -0.0072295129796314805,
        0.028477205479830126
    ],
    "gwphi": [
        2.6367574749437814,
        2.7128494216312893,
        2.785633022810644
    ],
    "log10_Mc": [
        null,
        8.407788338185165,
        null
    ],
    "log10_fgw": [
        -7.665288914250109,
        -7.648645027647229,
        -7.6318863556195
    ],
    "log10_h": [
        -13.0152259198406,
        -12.949756263785368,
        -12.879295647403056
    ],
    "phase0": [
        4.437642012861661,
        4.8368958711721435,
        5.2023892929343125
    ],
    "psi": [
        0.4224356965087867,
        0.4224356965087867,
        0.46575827335805775
    ]
}