{
    "cos_gwtheta": [
        -0.08366852602226182,
        0.2012902068524397,
        0.44568258836186614
    ],
    "cos_inc": [
        -0.21734801542137439,
        0.010312188769081354,
        0.2172940862033732
    ],
    "gwphi": [
        3.071008991631784,
        3.413863889500676,
        4.038371900190824
    ],
    "log10_Mc": [
        null,
        9.124692781588237,
        null
    ],
    "log10_fgw": [
        -7.713197248663253,
        -7.661517782210851,
        -7.608248178329144
    ],
    "log10_h": [
        -14.687527311553858,
        -14.436575040366083,
        -14.23895529468609
    ],
    "phase0": [
        null,
        0.38131678711752154,
        null
    ],
    "psi": [
        null,
        1.6316773003161538,
        null
    ]
}