{
    "cos_gwtheta": [
        -0.08141151820911252,
        -0.04305326149534128,
        -0.0010690999180793526
    ],
    "cos_inc": [
        -0.06418965497060658,
        -0.029386280799979847,
        -0.00031972654758816166
    ],
    "gwphi": [
        3.079796169080897,
        3.1713446275218184,
        3.2646096195585073
    ],
    "log10_Mc": [
        null,
        8.885679825171803,
        null
    ],
    "log10_fgw": [
        -7.683587166066918,
        -7.658497267726946,
        -7.636283918241239
    ],
    "log10_h": [
        -13.529558551543058,
        -13.489280354749623,
        -13.453697162490393
    ],
    "phase0": [
        0.1753201295330472,
        0.7706795885406086,
        3.2227109385979835
    ],
    "psi": [
        0.009866181556838789,
        0.009866181556838789,
        0.14231292163013257
    ]
}