{
    "cos_gwtheta": [
        -0.06936878387563417,
        -0.02901258276406482,
        0.015582715102921418
    ],
    "cos_inc": [
        -0.03608917511908627,
        0.0052442098439495766,
        0.05024004663915316
    ],
    "gwphi": [
        3.137699469684646,
        3.192639709343043,
        3.264585261276659
    ],
    "log10_Mc": [
        null,
        9.994660245133016,
        null
    ],
    "log10_fgw": [
        -7.662087978380448,
        -7.662087978380448,
        -7.650529247589505
    ],
    "log10_h": [
        -14.017702315817749,
        -13.973802715713482,
        -13.928944609056721
    ]
}