{
    "cos_gwtheta": [
        -0.1755862201356505,
        -0.06805251898588516,
        0.0015281111698454142
    ],
    "cos_inc": [
        -0.1526422562588825,
        -0.06347567033818047,
        0.01758486231700329
    ],
    "gwphi": [
        3.218790667221869,
        3.339239024841828,
        3.461869417925917
    ],
    "log10_Mc": [
        null,
        8.914528922234869,
        null
    ],
    "log10_fgw": [
        -7.682388546001745,
        -7.655763562478134,
        -7.628036855498374
    ],
    "log10_h": [
        -14.333873332736157,
        -14.2457355361356,
        -14.170645328759896
    ],
    "phase0": [
        null,
        3.5936777659331667,
        null
    ],
    "psi": [
        null,
        0.11516782258332779,
        null
    ]
}