{
    "cos_gwtheta": [
        -0.06504303151842084,
        -0.033344080416881416,
        -0.0018294255426763995
    ],
    "cos_inc": [
        -0.00980928455564467,
        0.02726233666029776,
        0.05699686617725164
    ],
    "gwphi": [
        3.0780433617710026,
        3.1734193574702187,
        3.271852276108513
    ],
    "log10_Mc": [
        null,
        9.92788161528198,
        null
    ],
    "log10_fgw": [
        -7.671282415760653,
        -7.65026038859301,
        -7.632032428327395
    ],
    "log10_h": [
        -13.551058296983886,
        -13.502648195724582,
        -13.457984114205582
    ],
    "phase0": [
        0.6592723402355917,
        2.358693573213703,
        2.8353300717435403
    ],
    "psi": [
        3.06145066422874,
        3.133296750243665,
        3.133296750243665
    ]
}