{
    "cos_gwtheta": [
        -0.042108186478739706,
        -0.010904078299358244,
        0.021692034705869168
    ],
    "cos_inc": [
        0.047147907866345706,
        0.08732912146209659,
        0.13404225647981693
    ],
    "gwphi": [
        2.8502860030080246,
        2.9429357297109364,
        3.0164672588402315
    ],
    "log10_Mc": [
        null,
        9.096052871928807,
        null
    ],
    "log10_fgw": [
        -7.681483878399448,
        -7.658339636908059,
        -7.628964253476681
    ],
    "log10_h": [
        -14.017145500231178,
        -13.951584784733887,
        -13.877365106812427
    ]
}