{
    "cos_gwtheta": [
        -0.016943318120897444,
        0.018548922256632183,
        0.04910152093213438
    ],
    "cos_inc": [
        null,
        -0.0028297307317194653,
        null
    ],
    "gwphi": [
        3.1031698347213643,
        3.140238950393882,
        3.1752169877464116
    ],
    "log10_Mc": [
        null,
        8.42694634546081,
        null
    ],
    "log10_fgw": [
        -7.669423546770987,
        -7.653147631442357,
        -7.636462259124326
    ],
    "log10_h": [
        -12.686299780155615,
        -12.657566628337282,
        -12.657566628337282
    ],
    "phase0": [
        null,
        5.484506608198318,
        null
    ],
    "psi": [
        3.072073154494727,
        3.1332985790523282,
        3.1332985790523282
    ]
}