{
    "cos_gwtheta": [
        -0.0072646107502329915,
        0.0052029744309957104,
        0.01853267986411794
    ],
    "cos_inc": [
        -0.012152803660833822,
        0.015115718552571988,
        0.04507521335282727
    ],
    "gwphi": [
        3.0730669157577633,
        3.125889560617858,
        3.1713041516256224
    ],
    "log10_Mc": [
        null,
        8.790193013093429,
        null
    ],
    "log10_fgw": [
        -7.653290959155719,
        -7.650780623459986,
        -7.647768220625107
    ],
    "log10_h": [
        -13.507235656932222,
        -13.46436917018733,
        -13.42355207723104
    ],
    "phase0": [
        3.362107474592697,
        6.146555313804274,
        6.266504603714219
    ],
    "psi": [
        0.009865019248639525,
        0.009865019248639525,
        0.06546769209411686
    ]
}