{
    "cos_gwtheta": [
        0.08303999495793657,
        0.13635110915724513,
        0.1835413176521885
    ],
    "cos_inc": [
        -0.06921008016682129,
        -0.030998931438378396,
        0.012240000017491037
    ],
    "gwphi": [
        3.1302389131771795,
        3.2259594109589482,
        3.3363609666827063
    ],
    "log10_Mc": [
        null,
        9.994581252811546,
        null
    ],
    "log10_fgw": [
        -7.657713209343049,
        -7.657713209343049,
        -7.6408651395289615
    ],
    "log10_h": [
        -14.022344640529807,
        -13.953183358320285,
        -13.894604130219323
    ]
}