{
    "cos_gwtheta": [
        -0.03630846210095029,
        -0.010795349167704638,
        0.023159602603747276
    ],
    "cos_inc": [
        0.006838711764410754,
        0.0375030430952652,
        0.07146670121488252
    ],
    "gwphi": [
        3.0605816865229207,
        3.1539440514191734,
        3.232120971422662
    ],
    "log10_Mc": [
        null,
        9.755688753370817,
        null
    ],
    "log10_fgw": [
        -7.682148190993181,
        -7.663224439491793,
        -7.643775028226477
    ],
    "log10_h": [
        -13.547470411074261,
        -13.48155291078817,
        -13.431455610570744
    ],
    "phase0": [
        4.055442406176409,
        5.635325056998252,
        6.26627858698246
    ],
    "psi": [
        1.53083364307232,
        1.5706164302601862,
        1.6141371974522818
    ]
}