{
    "cos_gwtheta": [
        0.01477697540341849,
        0.04680542399988785,
        0.07580630780365605
    ],
    "cos_inc": [
        0.03058340250609659,
        0.060752594687125794,
        0.09130610778765846
    ],
    "gwphi": [
        3.0022077708989414,
        3.0825919590083473,
        3.164047936292545
    ],
    "log10_Mc": [
        null,
        9.268015696278969,
        null
    ],
    "log10_fgw": [
        -7.668500529404739,
        -7.657385753103653,
        -7.637587557817343
    ],
    "log10_h": [
        -13.578951969574387,
        -13.51582321341235,
        -13.434864197876303
    ],
    "phase0": [
        1.2181744091608075,
        2.6626449810615185,
        4.06464949205032
    ],
    "psi": [
        3.0845567108443745,
        3.1332869683005646,
        3.1332869683005646
    ]
}