{
    "cos_gwtheta": [
        -0.04917996828462967,
        -0.023648619423112582,
        0.004125347919483824
    ],
    "cos_inc": [
        -0.07552887902910033,
        -0.0429162337282778,
        -0.015991840514808064
    ],
    "gwphi": [
        3.110067107515929,
        3.2004248690651553,
        3.287215876869017
    ],
    "log10_Mc": [
        null,
        9.535674247365879,
        null
    ],
    "log10_fgw": [
        -7.677426247577249,
        -7.66058761642274,
        -7.64363285677751
    ],
    "log10_h": [
        -13.533477202846903,
        -13.498437360743361,
        -13.458044209429554
    ],
    "phase0": [
        0.8394069800888653,
        2.512202647973831,
        3.8601836230655993
    ],
    "psi": [
        1.5158509162352465,
        1.5556122485358648,
        1.606352456173221
    ]
}