{
    "cos_gwtheta": [
        -0.046195470916592485,
        -0.017512391850097564,
        0.013530687392754648
    ],
    "cos_inc": [
        0.004886198089404603,
        0.03648899688650631,
        0.0626741730326763
    ],
    "gwphi": [
        3.053818336497584,
        3.1596061085241196,
        3.2425041287086556
    ],
    "log10_Mc": [
        null,
        8.130565704624987,
        null
    ],
    "log10_fgw": [
        -7.6762017634815525,
        -7.649240173574127,
        -7.622092641667341
    ],
    "log10_h": [
        -13.593610328816053,
        -13.528027449007894,
        -13.444825288057245
    ],
    "phase0": [
        3.770266705104359,
        4.0038062794619265,
        5.919202470214177
    ],
    "psi": [
        3.0497486915199308,
        3.1165140779801983,
        3.131214713531083
    ]
}