{
    "cos_gwtheta": [
        -0.05089878071187944,
        -0.045084541753605996,
        -0.03902534105483528
    ],
    "cos_inc": [
        -0.04419472177082495,
        -0.02427580396794038,
        -0.009977570891612216
    ],
    "gwphi": [
        6.243787407828783,
        6.264497869424396,
        6.274962102651653
    ],
    "log10_Mc": [
        8.52154825617282,
        9.908588673334682,
        9.994694551561361
    ],
    "log10_fgw": [
        -8.055555152723691,
        -8.05373222203869,
        -8.051994741229548
    ],
    "log10_h": [
        -13.498629846228226,
        -13.462185846530875,
        -13.462185846530875
    ],
    "phase0": [
        1.2518577069339318,
        1.8166849890159185,
        2.3898889468914937
    ],
    "psi": [
        2.7093376496110517,
        2.7165134423216677,
        2.7257971241410273
    ]
}