{
    "cos_gwtheta": [
        -0.018114467342473906,
        0.012913746168165874,
        0.03961244151453036
    ],
    "cos_inc": [
        0.008065020618977403,
        0.03952737837637499,
        0.06417289195300302
    ],
    "gwphi": [
        3.0285740474269978,
        3.1164409721963735,
        3.2109280077360447
    ],
    "log10_Mc": [
        null,
        8.178351573976228,
        null
    ],
    "log10_fgw": [
        -7.673758908121879,
        -7.656696814684972,
        -7.633492367610777
    ],
    "log10_h": [
        -13.552196475329943,
        -13.499491040009406,
        -13.487724245147147
    ],
    "phase0": [
        null,
        0.2898586769359278,
        null
    ],
    "psi": [
        0.009877527260830452,
        0.009877527260830452,
        0.06110601282804687
    ]
}