{
    "cos_gwtheta": [
        -0.03160622129924413,
        -0.00564112613222735,
        0.02146643322213819
    ],
    "cos_inc": [
        0.024344826574747014,
        0.05038783684957038,
        0.08307630491865903
    ],
    "gwphi": [
        2.9950324296225976,
        3.0159197027036773,
        3.0393424251182983
    ],
    "log10_Mc": [
        null,
        9.34482867685079,
        null
    ],
    "log10_fgw": [
        -7.648869256935623,
        -7.6468854678092395,
        -7.645228792847313
    ],
    "log10_h": [
        -13.53539395440773,
        -13.503155385188604,
        -13.465412670005234
    ],
    "phase0": [
        1.53696265707729,
        2.513009487810834,
        4.137256325135177
    ],
    "psi": [
        1.556138428069134,
        1.5724835755410012,
        1.5905532110488911
    ]
}