{
    "cos_gwtheta": [
        -0.7630321058563682,
        -0.5635837884151436,
        -0.2915545777874313
    ],
    "cos_inc": [
        -0.9936368272892357,
        -0.9268256507559015,
        -0.26328726953049597
    ],
    "gwphi": [
        3.127054366009964,
        3.413159043846136,
        3.6486644227636833
    ],
    "log10_Mc": [
        null,
        9.287133703401924,
        null
    ],
    "log10_fgw": [
        -7.702674254844059,
        -7.651791509986442,
        -7.593157096966922
    ],
    "log10_h": [
        -14.99210788149435,
        -14.710391860104341,
        -14.454873150676477
    ],
    "phase0": [
        null,
        5.635334775339784,
        null
    ],
    "psi": [
        null,
        1.8416030752539378,
        null
    ]
}