{
    "cos_gwtheta": [
        0.056170186122427634,
        0.06851794496378633,
        0.08245896301048161
    ],
    "cos_inc": [
        -0.08181349392476511,
        -0.043232872050140814,
        -0.007904256617055738
    ],
    "gwphi": [
        3.0717817597456083,
        3.0717817597456083,
        3.1372150187645733
    ],
    "log10_Mc": [
        null,
        8.006401667493694,
        null
    ],
    "log10_fgw": [
        -7.658291272620373,
        -7.648644758097844,
        -7.648644758097844
    ],
    "log10_h": [
        -12.729579074269317,
        -12.6702089485146,
        -12.607576727938197
    ],
    "phase0": [
        null,
        6.266639329943365,
        null
    ],
    "psi": [
        1.5539685243279897,
        1.5844771456196889,
        1.6183920692886167
    ]
}