{
    "cos_gwtheta": [
        null,
        0.17575408700068906,
        null
    ],
    "cos_inc": [
        -0.07373515105995165,
        -0.033008671962447944,
        0.009340376023402652
    ],
    "gwphi": [
        3.068683046954868,
        3.192619586239977,
        3.2931253370035227
    ],
    "log10_Mc": [
        null,
        8.082649654700747,
        null
    ],
    "log10_fgw": [
        -7.666410442948013,
        -7.650812542348447,
        -7.63444910061516
    ],
    "log10_h": [
        -14.008069326081285,
        -13.956089845537432,
        -13.909000420654499
    ]
}