{
    "cos_gwtheta": [
        -0.03713250130517387,
        -0.003735285184735093,
        0.03237715175850353
    ],
    "cos_inc": [
        0.004851770468639494,
        0.028383102526411852,
        0.05329863058758244
    ],
    "gwphi": [
        3.0655900470687265,
        3.1530655172499276,
        3.2378631669153775
    ],
    "log10_Mc": [
        8.50883444862609,
        9.774746310607672,
        9.99468010252593
    ],
    "log10_fgw": [
        -7.678256311609604,
        -7.65144810354798,
        -7.624367730937507
    ],
    "log10_h": [
        -12.73650587047012,
        -12.658586043597719,
        -12.578668272446539
    ],
    "phase0": [
        null,
        2.639861609779524,
        null
    ],
    "psi": [
        1.5536866119115396,
        1.5818560085040274,
        1.6096920394563674
    ]
}