{
    "cos_gwtheta": [
        -0.03280747618603275,
        0.0007548905751216806,
        0.034317257336276
    ],
    "cos_inc": [
        -0.05993037087242059,
        -0.029877980517611036,
        -0.0015847544762537247
    ],
    "gwphi": [
        3.0815854401202585,
        3.140387764294812,
        3.1908339687182448
    ],
    "log10_Mc": [
        null,
        8.159262352599391,
        null
    ],
    "log10_fgw": [
        -7.6911805961826785,
        -7.6570782049580215,
        -7.62282150427081
    ],
    "log10_h": [
        -12.696023949266353,
        -12.665980981984724,
        -12.665980981984724
    ],
    "phase0": [
        3.160427852978284,
        3.4478398663948377,
        3.73099041668001
    ],
    "psi": [
        3.089565995679125,
        3.13329830491576,
        3.13329830491576
    ]
}