{
    "cos_gwtheta": [
        -0.10009045558065244,
        0.0228994452090453,
        0.11380502405360449
    ],
    "cos_inc": [
        -0.44086560740362735,
        -0.11465431188616737,
        0.08612168352677263
    ],
    "gwphi": [
        3.097808083191924,
        3.2974889344044325,
        3.5295168393959138
    ],
    "log10_Mc": [
        null,
        9.9469639452463,
        null
    ],
    "log10_fgw": [
        -7.685774137350858,
        -7.650928762410509,
        -7.623761181948543
    ],
    "log10_h": [
        -14.654296379311178,
        -14.444972302874742,
        -14.284925725317708
    ],
    "phase0": [
        1.8861415307216438,
        4.554696445546298,
        6.266269588481588
    ],
    "psi": [
        null,
        1.7067128988966986,
        null
    ]
}