{
    "cos_gwtheta": [
        -0.027786721889965338,
        -0.004622061599268423,
        0.01773920006862978
    ],
    "cos_inc": [
        0.006922656851890974,
        0.03403757044185374,
        0.06909328015459149
    ],
    "gwphi": [
        3.066407443832725,
        3.1387023390162776,
        3.2268282331451337
    ],
    "log10_Mc": [
        null,
        9.640910373732073,
        null
    ],
    "log10_fgw": [
        -7.677765179625437,
        -7.661141773115145,
        -7.642091591931817
    ],
    "log10_h": [
        -13.511550243086063,
        -13.455282093860616,
        -13.384946907328805
    ],
    "phase0": [
        2.957969768921388,
        4.496061319215798,
        5.423036137473589
    ],
    "psi": [
        0.0098652304083029,
        0.0098652304083029,
        0.09857960129703436
    ]
}