{
    "cos_gwtheta": [
        0.0670432162256348,
        0.09341565615756076,
        0.12154625875161507
    ],
    "cos_inc": [
        -0.08884567214630834,
        -0.05734794630477391,
        -0.021888242369964672
    ],
    "gwphi": [
        3.0818471030201353,
        3.136405258796487,
        3.188690158082157
    ],
    "log10_Mc": [
        null,
        9.994665779909592,
        null
    ],
    "log10_fgw": [
        -7.6461104871356085,
        -7.6461104871356085,
        -7.632909565590498
    ],
    "log10_h": [
        -13.53065573783687,
        -13.490746903089716,
        -13.460178433921683
    ],
    "phase0": [
        null,
        0.4401906414465597,
        null
    ],
    "psi": [
        1.5233078252009327,
        1.5638085373140949,
        1.6023336049339323
    ]
}