{
    "cos_gwtheta": [
        -0.06851145792097835,
        -0.04592034640026171,
        -0.020217884191063185
    ],
    "cos_inc": [
        0.028657525954541012,
        0.04856106801891427,
        0.07024701683532096
    ],
    "gwphi": [
        3.1051015478308273,
        3.1715766794476545,
        3.23720499410121
    ],
    "log10_Mc": [
        null,
        8.254914076807324,
        null
    ],
    "log10_fgw": [
        -7.6683287192041,
        -7.649958896027889,
        -7.634459357722961
    ],
    "log10_h": [
        -13.56484475048222,
        -13.516128439565781,
        -13.462215722151589
    ],
    "phase0": [
        2.8267381439360166,
        3.325537707195943,
        4.964272192248891
    ],
    "psi": [
        1.542028621720402,
        1.5630468795722567,
        1.5807022161678148
    ]
}