{
    "cos_gwtheta": [
        -0.10221084558503513,
        -0.0766997378975881,
        -0.04723852321337507
    ],
    "cos_inc": [
        -0.011641356362909971,
        0.012403161489550452,
        0.044058893626243045
    ],
    "gwphi": [
        3.1403593755543917,
        3.23349970961709,
        3.3278819148006242
    ],
    "log10_Mc": [
        null,
        8.866817347891516,
        null
    ],
    "log10_fgw": [
        -7.674234027824455,
        -7.6550546478058505,
        -7.635342507231174
    ],
    "log10_h": [
        -13.563135898173186,
        -13.523524819792433,
        -13.49509112491516
    ],
    "phase0": [
        null,
        5.996043726930399,
        null
    ],
    "psi": [
        1.5513782027723722,
        1.5795228677478912,
        1.6070053053122215
    ]
}