{
    "cos_gwtheta": [
        -0.004872139846625573,
        0.013528975097986923,
        0.03477318076365543
    ],
    "cos_inc": [
        -0.00046101644858009827,
        0.02333027764858503,
        0.044705268439006796
    ],
    "gwphi": [
        3.067902021983789,
        3.1146040361814773,
        3.176317412085565
    ],
    "log10_Mc": [
        null,
        8.054230680056678,
        null
    ],
    "log10_fgw": [
        -7.6520467194739625,
        -7.643791953884517,
        -7.635814193851765
    ],
    "log10_h": [
        -13.549096691580214,
        -13.509937423157709,
        -13.478655019073063
    ],
    "phase0": [
        2.960046024129321,
        4.526210339872936,
        5.773398981903921
    ],
    "psi": [
        1.5731838342105664,
        1.6094798065226548,
        1.6383149400817025
    ]
}