{
    "cos_gwtheta": [
        -0.15941754215938808,
        -0.1333384188886385,
        -0.11061918266504067
    ],
    "cos_inc": [
        -0.19749160731942417,
        -0.1694119030344332,
        -0.13642315953877948
    ],
    "gwphi": [
        1.6393327857245275,
        1.7024520568890247,
        1.775603530092912
    ],
    "log10_Mc": [
        null,
        8.646619953026825,
        null
    ],
    "log10_fgw": [
        -8.005866315179397,
        -7.986407970884232,
        -7.964908541523142
    ],
    "log10_h": [
        -13.504422719396462,
        -13.429627459907877,
        -13.357260617935156
    ],
    "phase0": [
        null,
        0.019794792889625525,
        null
    ],
    "psi": [
        0.13986147781395167,
        0.14575075100084653,
        0.15190085446874604
    ]
}