{
    "cos_gwtheta": [
        null,
        -0.07773343342819894,
        null
    ],
    "cos_inc": [
        0.07252143663694866,
        0.15568074038880508,
        0.26451595820229457
    ],
    "gwphi": [
        2.9342690030508316,
        3.044107311543658,
        3.1792454551387643
    ],
    "log10_Mc": [
        null,
        8.006288360398731,
        null
    ],
    "log10_fgw": [
        -7.678411276174147,
        -7.6642277622539146,
        -7.647187846224745
    ],
    "log10_h": [
        -14.39095904350784,
        -14.27928442980887,
        -14.185828635263206
    ],
    "phase0": [
        1.8324054110859365,
        4.284993409564843,
        6.2665545738987944
    ],
    "psi": [
        1.5623239472064145,
        1.6535587109881722,
        1.7592293551151446
    ]
}