{
    "cos_gwtheta": [
        -0.023812794619431754,
        -0.0063098119382641316,
        0.009526220011363717
    ],
    "cos_inc": [
        -0.05001959602739159,
        -0.03396090990557987,
        -0.015624395965071425
    ],
    "gwphi": [
        3.088379918611529,
        3.1515931689624264,
        3.218965185783778
    ],
    "log10_Mc": [
        null,
        9.526182348681033,
        null
    ],
    "log10_fgw": [
        -7.6790470688331425,
        -7.650868243342706,
        -7.625624712174189
    ],
    "log10_h": [
        -12.690078016262689,
        -12.667505208444897,
        -12.667505208444897
    ],
    "phase0": [
        3.759360701701456,
        3.7983310009547675,
        4.117260346568074
    ],
    "psi": [
        3.0889416087560595,
        3.133298810205043,
        3.133298810205043
    ]
}