{
    "cos_gwtheta": [
        0.001130257625735931,
        0.016851823519025033,
        0.035176960834132576
    ],
    "cos_inc": [
        -0.05297414644552667,
        -0.023759644041612238,
        0.004715250706506913
    ],
    "gwphi": [
        3.03961662757208,
        3.1254260099280975,
        3.2135545647802237
    ],
    "log10_Mc": [
        null,
        8.006320726940764,
        null
    ],
    "log10_fgw": [
        -7.65841591589543,
        -7.652453159628106,
        -7.6473621513530805
    ],
    "log10_h": [
        -13.523920049810627,
        -13.48696005067346,
        -13.460429358223514
    ],
    "phase0": [
        null,
        4.43416667677596,
        null
    ],
    "psi": [
        0.00988144588487741,
        0.00988144588487741,
        0.08108165489486358
    ]
}