{
    "cos_gwtheta": [
        -0.024454081624531943,
        0.006497783001637281,
        0.03238688910159293
    ],
    "cos_inc": [
        -0.027060204379455888,
        0.014846488263534408,
        0.05628582002203031
    ],
    "gwphi": [
        3.0916526318397963,
        3.1458042678372546,
        3.2040251019154464
    ],
    "log10_Mc": [
        null,
        8.149661828105357,
        null
    ],
    "log10_fgw": [
        -7.654843767976004,
        -7.652358212879691,
        -7.649844886218057
    ],
    "log10_h": [
        -12.671071835190254,
        -12.649868114592746,
        -12.649868114592746
    ],
    "phase0": [
        3.810789439524002,
        4.052585991425509,
        4.296896892220273
    ],
    "psi": [
        1.5508921515950842,
        1.5660323389291626,
        1.5798908172825783
    ]
}