{
    "cos_gwtheta": [
        -0.1953360251328662,
        -0.05334609787844413,
        0.03200628517128523
    ],
    "cos_inc": [
        -0.04169361728813048,
        0.049786215482524376,
        0.148012933967284
    ],
    "gwphi": [
        null,
        2.880501121687581,
        null
    ],
    "log10_Mc": [
        null,
        8.732953997565625,
        null
    ],
    "log10_fgw": [
        -7.687944325835028,
        -7.658477775980204,
        -7.6280290077968855
    ],
    "log10_h": [
        -14.428479246850673,
        -14.332654185942802,
        -14.243409386728176
    ],
    "phase0": [
        null,
        0.5908422470574526,
        null
    ],
    "psi": [
        1.5002096060367374,
        1.7519630440601157,
        1.969045723249009
    ]
}