{
    "cos_gwtheta": [
        -0.15916315489321464,
        -0.059230448998124796,
        0.016512197136645645
    ],
    "cos_inc": [
        -0.17661800576324782,
        -0.06750775444365509,
        0.03505588179676211
    ],
    "gwphi": [
        3.2770984413022313,
        3.4180306610066298,
        3.5770471035934515
    ],
    "log10_Mc": [
        null,
        9.25874372228824,
        null
    ],
    "log10_fgw": [
        -7.677912548976327,
        -7.645931462842305,
        -7.618293487170928
    ],
    "log10_h": [
        -14.387184562422584,
        -14.307664917410412,
        -14.244649349664916
    ],
    "phase0": [
        null,
        4.854666969775199,
        null
    ],
    "psi": [
        1.3217254776373872,
        1.4208422832619525,
        1.5302447951305762
    ]
}