{
    "cos_gwtheta": [
        -0.2449695613532431,
        -0.19249389154038787,
        -0.1314678729720833
    ],
    "cos_inc": [
        -0.022067560894284743,
        0.019521019871901135,
        0.06299999067291373
    ],
    "gwphi": [
        2.7902958160940847,
        2.8596288494405324,
        2.9296622164571464
    ],
    "log10_Mc": [
        null,
        9.851323829942189,
        null
    ],
    "log10_fgw": [
        -7.666959919908035,
        -7.65948743070837,
        -7.644234308424518
    ],
    "log10_h": [
        -14.060301333188587,
        -14.01258986365713,
        -13.969737895652024
    ]
}