{
    "cos_gwtheta": [
        -0.0011622389768314312,
        0.007897279286577399,
        0.007897279286577399
    ],
    "cos_inc": [
        0.01203520978056754,
        0.03559212572295166,
        0.05488442757231797
    ],
    "gwphi": [
        3.076793760467261,
        3.132117284759464,
        3.1881470668085896
    ],
    "log10_Mc": [
        null,
        8.149689583848934,
        null
    ],
    "log10_fgw": [
        -7.666430101241991,
        -7.652439311384781,
        -7.6368537164661285
    ],
    "log10_h": [
        -12.706777047881834,
        -12.668692421644524,
        -12.668692421644524
    ],
    "phase0": [
        1.5249437003731443,
        1.7317468019029776,
        1.9755311639416748
    ],
    "psi": [
        1.544799491689587,
        1.5673513600182591,
        1.592632435342121
    ]
}