{
    "cos_gwtheta": [
        0.09419129047894326,
        0.14998196701252509,
        0.2090544480480825
    ],
    "cos_inc": [
        0.0034498715961064352,
        0.0446712831967877,
        0.08386955803179141
    ],
    "gwphi": [
        3.099257803804253,
        3.19819696571745,
        3.28353785419234
    ],
    "log10_Mc": [
        null,
        9.51679915246599,
        null
    ],
    "log10_fgw": [
        -7.657883138455047,
        -7.640203940922192,
        -7.622280892388884
    ],
    "log10_h": [
        -14.101114649981472,
        -14.022701509640559,
        -13.946594638133202
    ]
}