{
    "cos_gwtheta": [
        0.006175444387244489,
        0.04987651202558885,
        0.10122036727781425
    ],
    "cos_inc": [
        0.0467348483465142,
        0.09964292128025998,
        0.15073284737779458
    ],
    "gwphi": [
        2.9695815095472273,
        3.0769228325845166,
        3.1913416054923966
    ],
    "log10_Mc": [
        null,
        9.994707868857187,
        null
    ],
    "log10_fgw": [
        -7.682906667700415,
        -7.655350170317995,
        -7.630298809061249
    ],
    "log10_h": [
        -14.116750940427323,
        -14.046080041656447,
        -13.975009872271047
    ]
}