{
    "cos_gwtheta": [
        0.8810376693957493,
        0.9209096980559912,
        0.9658563485457183
    ],
    "cos_inc": [
        -0.16035480626791443,
        -0.12632032558467632,
        -0.0853325639016369
    ],
    "gwphi": [
        2.494038184502016,
        2.5712502720640393,
        2.6433148871219276
    ],
    "log10_Mc": [
        null,
        9.124906886929661,
        null
    ],
    "log10_fgw": [
        -7.6823331093125065,
        -7.658582237426348,
        -7.630433055931641
    ],
    "log10_h": [
        -13.808193903193612,
        -13.760690588127517,
        -13.710611792124103
    ],
    "phase0": [
        null,
        6.115765150207596,
        null
    ],
    "psi": [
        2.1916423188737126,
        2.2618148119782946,
        2.338818255739075
    ]
}