{
    "cos_gwtheta": [
        0.1953288560565869,
        0.23609087199561096,
        0.2820688804955527
    ],
    "cos_inc": [
        0.08325810877942841,
        0.11689343097872351,
        0.15510738342504315
    ],
    "gwphi": [
        3.1789354283209446,
        3.2621965845187626,
        3.3653935105104247
    ],
    "log10_Mc": [
        null,
        9.602775390251596,
        null
    ],
    "log10_fgw": [
        -7.680238552419471,
        -7.65353894913508,
        -7.6272026057593205
    ],
    "log10_h": [
        -13.933835414494542,
        -13.863352464319751,
        -13.806332549571607
    ]
}