{
    "cos_gwtheta": [
        -0.012962106009992147,
        0.16991502063519026,
        0.2534368252285526
    ],
    "cos_inc": [
        0.010637591184344819,
        0.15340579730137427,
        0.36020097050709965
    ],
    "gwphi": [
        3.2970921839807907,
        3.4412019585241373,
        3.6158804731221332
    ],
    "log10_Mc": [
        null,
        8.799712877407984,
        null
    ],
    "log10_fgw": [
        -7.685382833763118,
        -7.658061018447009,
        -7.625195646400098
    ],
    "log10_h": [
        -14.596579214614628,
        -14.4171958765143,
        -14.288133059231727
    ],
    "phase0": [
        null,
        3.2028166913695353,
        null
    ],
    "psi": [
        null,
        1.6617396951289876,
        null
    ]
}