{
    "cos_gwtheta": [
        -0.06714152445630928,
        -0.03691162115081714,
        -0.004924165327564012
    ],
    "cos_inc": [
        -0.00028733150362447724,
        0.03539847072258051,
        0.07934835346432756
    ],
    "gwphi": [
        3.104592252777604,
        3.2061166137011257,
        3.310680626149304
    ],
    "log10_Mc": [
        null,
        8.4650552346027,
        null
    ],
    "log10_fgw": [
        -7.691789958022338,
        -7.663232769194832,
        -7.634084741977792
    ],
    "log10_h": [
        -13.492797286494618,
        -13.437361314341048,
        -13.437361314341048
    ],
    "phase0": [
        4.359122663976346,
        5.635959717071232,
        6.266257460012886
    ],
    "psi": [
        3.0792478841879403,
        3.1332881047184884,
        3.1332881047184884
    ]
}