{
    "cos_gwtheta": [
        -0.01479920260453721,
        -0.00786582143479267,
        0.00013707066007204172
    ],
    "cos_inc": [
        -0.04751683701573679,
        -0.04751683701573679,
        -0.029023057116310973
    ],
    "gwphi": [
        3.090192651529141,
        3.1450583736226676,
        3.207624547939847
    ],
    "log10_Mc": [
        null,
        8.436623268445056,
        null
    ],
    "log10_fgw": [
        -7.6603186258780696,
        -7.6510950942655125,
        -7.6409492094917
    ],
    "log10_h": [
        -12.72859901022252,
        -12.654347406631594,
        -12.579702937413202
    ],
    "phase0": [
        0.03208550295378111,
        0.35186672070977165,
        0.6379867576493421
    ],
    "psi": [
        0.009866085589261324,
        0.009866085589261324,
        0.05578505097597353
    ]
}