{
    "cos_gwtheta": [
        0.8272354348195252,
        0.8580479649967667,
        0.8878925622888592
    ],
    "cos_inc": [
        -0.001460327281679441,
        0.017635671935458008,
        0.03576233109081173
    ],
    "gwphi": [
        2.6418719104613055,
        2.7159996425961115,
        2.78816632361624
    ],
    "log10_Mc": [
        null,
        9.965865365279617,
        null
    ],
    "log10_fgw": [
        -7.677364154355444,
        -7.652631027203209,
        -7.627627592650404
    ],
    "log10_h": [
        -12.973627131238722,
        -12.938788338236783,
        -12.938788338236783
    ],
    "phase0": [
        3.3301032883708954,
        3.634231705328104,
        4.079173203210582
    ],
    "psi": [
        0.4261290553055952,
        0.43770240265388616,
        0.4621752100674598
    ]
}