{
    "cos_gwtheta": [
        -0.41688917437244344,
        -0.29610088450498184,
        -0.20353247783572181
    ],
    "cos_inc": [
        null,
        0.30377222682210403,
        null
    ],
    "gwphi": [
        3.155994476420648,
        3.267358558437405,
        3.370916746854857
    ],
    "log10_Mc": [
        null,
        9.057866926119084,
        null
    ],
    "log10_fgw": [
        -7.682630311175154,
        -7.66328168276126,
        -7.640376321183049
    ],
    "log10_h": [
        -14.51523059772338,
        -14.282950876264866,
        -14.218449748400573
    ]
}