{
    "cos_gwtheta": [
        0.07342996820487213,
        0.19220384359749143,
        0.3015073767661144
    ],
    "cos_inc": [
        0.10197000007730528,
        0.18337354119130322,
        0.2951545013063782
    ],
    "gwphi": [
        3.1293908980477534,
        3.2553521109248598,
        3.4016894023556152
    ],
    "log10_Mc": [
        null,
        8.962232435877311,
        null
    ],
    "log10_fgw": [
        -7.681537027131205,
        -7.654795498775766,
        -7.630592723112299
    ],
    "log10_h": [
        -14.339033034342059,
        -14.236860662169248,
        -14.158609599354355
    ],
    "phase0": [
        null,
        4.494687450842898,
        null
    ],
    "psi": [
        null,
        1.4964676233661014,
        null
    ]
}