{
    "cos_gwtheta": [
        0.07575508206819315,
        0.12433023102081442,
        0.17438632963662537
    ],
    "cos_inc": [
        -0.12598620685440243,
        -0.08319232242049979,
        -0.03187838859704184
    ],
    "gwphi": [
        3.0666748755371405,
        3.1668624289084573,
        3.2759952995450705
    ],
    "log10_Mc": [
        null,
        9.16280137291896,
        null
    ],
    "log10_fgw": [
        -7.680908589725626,
        -7.65054090896968,
        -7.627584388398222
    ],
    "log10_h": [
        -14.048320847064529,
        -13.991267356175136,
        -13.931296357228899
    ]
}