{
    "cos_gwtheta": [
        -0.031963039562232815,
        -0.013967857449033838,
        0.0081894756291227
    ],
    "cos_inc": [
        -0.07290227966361718,
        -0.05355848551768838,
        -0.027582533378869845
    ],
    "gwphi": [
        3.0825397517151263,
        3.1735106447495713,
        3.2644815377840164
    ],
    "log10_Mc": [
        null,
        8.89521001678179,
        null
    ],
    "log10_fgw": [
        -7.660212018041263,
        -7.652321920343977,
        -7.642323781277186
    ],
    "log10_h": [
        -13.52554938404367,
        -13.487166883920853,
        -13.456148468123926
    ],
    "phase0": [
        1.3860958224998863,
        3.2633961252009778,
        3.518908878546983
    ],
    "psi": [
        1.5302021060438467,
        1.5491641579582414,
        1.567336124376203
    ]
}