{
    "cos_gwtheta": [
        null,
        -0.026389782747506807,
        null
    ],
    "cos_inc": [
        -0.16217280186191663,
        -0.09876458477274219,
        -0.043734630602257574
    ],
    "gwphi": [
        3.1582017764742054,
        3.260308730627962,
        3.395659809389919
    ],
    "log10_Mc": [
        null,
        8.044521940064664,
        null
    ],
    "log10_fgw": [
        -7.675282481486685,
        -7.648538658304796,
        -7.622158696662797
    ],
    "log10_h": [
        -14.03913393254795,
        -13.977443406451755,
        -13.92327611524534
    ]
}