{
    "cos_gwtheta": [
        0.862724463628078,
        0.8987233632231348,
        0.9279951957221455
    ],
    "cos_inc": [
        -0.02153703532023321,
        0.010289223167099903,
        0.04840450279264863
    ],
    "gwphi": [
        2.5672463138148083,
        2.658242966298042,
        2.7492396187812753
    ],
    "log10_Mc": [
        null,
        8.49377220948916,
        null
    ],
    "log10_fgw": [
        -7.668570533004808,
        -7.646621666354195,
        -7.626810676325394
    ],
    "log10_h": [
        -13.808198176826068,
        -13.760051198965854,
        -13.702033083385349
    ],
    "phase0": [
        0.3234574818482884,
        2.092067205464957,
        3.8875403053145887
    ],
    "psi": [
        0.42139047703650845,
        0.47785189450836957,
        0.5343133119802307
    ]
}