{
    "cos_gwtheta": [
        0.029779760223651808,
        0.18149236412753078,
        0.3155867301587014
    ],
    "cos_inc": [
        -0.0037620893373750963,
        0.0755072537253989,
        0.17267612586686365
    ],
    "gwphi": [
        3.6458304161786677,
        3.8230331149842325,
        3.9711066030272386
    ],
    "log10_Mc": [
        null,
        8.006285626082672,
        null
    ],
    "log10_fgw": [
        -7.675817000577263,
        -7.649188471576308,
        -7.6249045929276384
    ],
    "log10_h": [
        -14.395609044046559,
        -14.29449974500796,
        -14.195966479065886
    ],
    "phase0": [
        null,
        0.7410873101853679,
        null
    ],
    "psi": [
        null,
        1.421616135284175,
        null
    ]
}