{
    "cos_gwtheta": [
        -0.03638413508556193,
        -0.0046520892154920945,
        0.026157513460680182
    ],
    "cos_inc": [
        -0.05695109968498824,
        -0.02535984954248449,
        0.012404403501427907
    ],
    "gwphi": [
        3.102660122775189,
        3.159618373894012,
        3.2324629399507376
    ],
    "log10_Mc": [
        8.417743635002832,
        8.627720482611366,
        9.882610525468808
    ],
    "log10_fgw": [
        -7.668188676649243,
        -7.646018406115284,
        -7.6243005900820195
    ],
    "log10_h": [
        -13.573189531619917,
        -13.526009673033244,
        -13.47910898520744
    ],
    "phase0": [
        null,
        6.266473246536528,
        null
    ],
    "psi": [
        null,
        0.009868487281065272,
        null
    ]
}