{
    "cos_gwtheta": [
        -0.26234352692600293,
        -0.14939503700217882,
        -0.058798875206887424
    ],
    "cos_inc": [
        -0.08705617398838672,
        -0.007645948490932142,
        0.07567611077487002
    ],
    "gwphi": [
        3.169342528648345,
        3.350053187979732,
        3.567402778240851
    ],
    "log10_Mc": [
        null,
        8.312147531119166,
        null
    ],
    "log10_fgw": [
        -7.687047997379142,
        -7.6557275837673275,
        -7.630559394257833
    ],
    "log10_h": [
        -14.40672797773096,
        -14.31410950963849,
        -14.235480289330821
    ],
    "phase0": [
        null,
        6.025484570034524,
        null
    ],
    "psi": [
        1.530085122400259,
        1.6218214130397424,
        1.71697837892341
    ]
}