{
    "cos_gwtheta": [
        -0.24179532412167193,
        -0.0664572399981177,
        0.01922833957357395
    ],
    "cos_inc": [
        0.040662462416080736,
        0.1921108685441375,
        0.7418566577176353
    ],
    "gwphi": [
        3.1351132470900125,
        3.3181309389278524,
        3.5721146745395487
    ],
    "log10_Mc": [
        8.528088531716755,
        9.545249872215173,
        9.994670132142137
    ],
    "log10_fgw": [
        -7.69024155863716,
        -7.659112247389142,
        -7.627784660273304
    ],
    "log10_h": [
        -14.769238165451366,
        -14.466775955732222,
        -14.353206274405421
    ],
    "phase0": [
        null,
        1.6116117401053258,
        null
    ],
    "psi": [
        null,
        3.043172093054658,
        null
    ]
}