{
    "cos_gwtheta": [
        -0.030151561392093074,
        -0.013654316183401072,
        0.004253877628665914
    ],
    "cos_inc": [
        -0.030551549011038737,
        -0.0006628101402599285,
        0.029418759303878717
    ],
    "gwphi": [
        3.059370695973775,
        3.1443055604730272,
        3.230895000254732
    ],
    "log10_Mc": [
        null,
        9.296894755819594,
        null
    ],
    "log10_fgw": [
        -7.664257180936454,
        -7.664257180936454,
        -7.641808468842315
    ],
    "log10_h": [
        -12.729483361321343,
        -12.677675415950759,
        -12.625867470580173
    ],
    "phase0": [
        4.500278963403506,
        4.753154954788413,
        4.984755321898148
    ],
    "psi": [
        1.5515818321099153,
        1.5636111361664122,
        1.574619771999934
    ]
}