{
    "cos_gwtheta": [
        -0.0990558886573315,
        -0.06892981391677555,
        -0.04028231953158423
    ],
    "cos_inc": [
        -0.07466565897873678,
        -0.0485769231881531,
        -0.020196609253802067
    ],
    "gwphi": [
        3.142850342366021,
        3.2269679501273614,
        3.3035365418075555
    ],
    "log10_Mc": [
        null,
        9.6695619204775,
        null
    ],
    "log10_fgw": [
        -7.687478787886958,
        -7.661498132820627,
        -7.635338300822806
    ],
    "log10_h": [
        -13.471608911382178,
        -13.399874943069703,
        -13.338452732702144
    ],
    "phase0": [
        3.5371343468926906,
        4.705341804123663,
        6.1028177837095905
    ],
    "psi": [
        0.009887111807914262,
        0.009887111807914262,
        0.06017726744568832
    ]
}