{
    "cos_gwtheta": [
        -0.13023175224908234,
        -0.06475439512980263,
        -0.011380428265904907
    ],
    "cos_inc": [
        -0.06218248412478289,
        -0.005463177868670677,
        0.04716298257514473
    ],
    "gwphi": [
        3.0639482774600273,
        3.174560797259998,
        3.2722685230833055
    ],
    "log10_Mc": [
        null,
        8.761569859467931,
        null
    ],
    "log10_fgw": [
        -7.668792069814546,
        -7.639578711909028,
        -7.612987065610414
    ],
    "log10_h": [
        -14.172399277992124,
        -14.100990994645711,
        -14.01891250804064
    ]
}