{
    "cos_gwtheta": [
        -0.038991238410345685,
        -0.0008700774250074428,
        0.029556904278886353
    ],
    "cos_inc": [
        0.029830103667520258,
        0.06209055364143923,
        0.09664168645374305
    ],
    "gwphi": [
        2.9019133252971514,
        2.9891461709371585,
        3.086008616420543
    ],
    "log10_Mc": [
        null,
        8.073107394344788,
        null
    ],
    "log10_fgw": [
        -7.671340163887576,
        -7.645655185563335,
        -7.619795479495392
    ],
    "log10_h": [
        -13.575496821435193,
        -13.514477637531535,
        -13.439803811076011
    ],
    "phase0": [
        2.7923587475141676,
        4.494790078800866,
        6.26656815422438
    ],
    "psi": [
        1.5465484632273105,
        1.587147241029365,
        1.6282441633443283
    ]
}