{
    "cos_gwtheta": [
        -0.018598381789142526,
        0.20114590909664654,
        0.2538845389092359
    ],
    "cos_inc": [
        0.02272270385793551,
        0.12545731182565278,
        0.26609214033576767
    ],
    "gwphi": [
        3.2718098256408146,
        3.4049188511400854,
        3.5481752014532013
    ],
    "log10_Mc": [
        null,
        8.532082783825638,
        null
    ],
    "log10_fgw": [
        -7.687113602972683,
        -7.656511175550343,
        -7.63165829509826
    ],
    "log10_h": [
        -14.511701688785902,
        -14.364280904517248,
        -14.248589759246812
    ],
    "phase0": [
        null,
        5.39567113897186,
        null
    ],
    "psi": [
        null,
        0.039854990247533306,
        null
    ]
}