{
    "cos_gwtheta": [
        -0.04776333930483434,
        -0.014138908943808981,
        0.018450923559954036
    ],
    "cos_inc": [
        -0.057418039708822866,
        -0.026231960853465575,
        0.010624314157411274
    ],
    "gwphi": [
        3.058889492812768,
        3.1410687975973595,
        3.2359801073485785
    ],
    "log10_Mc": [
        null,
        9.994701435779213,
        null
    ],
    "log10_fgw": [
        -7.674826762025111,
        -7.653709215284244,
        -7.634511445519818
    ],
    "log10_h": [
        -13.550453292634447,
        -13.495248754586731,
        -13.446559037799306
    ],
    "phase0": [
        null,
        6.2665929966042135,
        null
    ],
    "psi": [
        0.009871549540280756,
        0.009871549540280756,
        0.07515755543143547
    ]
}