{
    "cos_gwtheta": [
        -0.005419483979991924,
        0.009603393967395707,
        0.027327014017684503
    ],
    "cos_inc": [
        -0.0002078341036868825,
        0.02089824645156249,
        0.04286579968253634
    ],
    "gwphi": [
        3.0811341352093247,
        3.142456661415104,
        3.199598106288671
    ],
    "log10_Mc": [
        8.514384664387185,
        9.679285585963541,
        9.994671871661748
    ],
    "log10_fgw": [
        -7.648473129591113,
        -7.646761511554997,
        -7.6448053766565796
    ],
    "log10_h": [
        -13.597647074264675,
        -13.537078497818626,
        -13.46575102950387
    ],
    "phase0": [
        null,
        5.005179459507365,
        null
    ],
    "psi": [
        null,
        0.009866252512858244,
        null
    ]
}