{
    "cos_gwtheta": [
        0.17923402263184796,
        0.37331015873138795,
        0.50355592629819
    ],
    "cos_inc": [
        -0.030418209548272457,
        0.13443285242252379,
        0.6140718891819452
    ],
    "gwphi": [
        3.140246374012015,
        3.4432098258951878,
        3.793647963021909
    ],
    "log10_Mc": [
        null,
        8.29305355239727,
        null
    ],
    "log10_fgw": [
        -7.7084066438444765,
        -7.651599746500812,
        -7.596183227763461
    ],
    "log10_h": [
        -14.859802181818836,
        -14.412920922713406,
        -14.225702113967088
    ],
    "phase0": [
        null,
        2.902694627577865,
        null
    ],
    "psi": [
        null,
        3.0732844801213828,
        null
    ]
}