{
    "cos_gwtheta": [
        0.822172694300152,
        0.8407854860990264,
        0.8601427895698556
    ],
    "cos_inc": [
        -0.016099035674639994,
        0.01494059946745252,
        0.04210028021678358
    ],
    "gwphi": [
        2.7204573519475437,
        2.758880637572127,
        2.758880637572127
    ],
    "log10_Mc": [
        null,
        8.044543715190127,
        null
    ],
    "log10_fgw": [
        -7.679232613346837,
        -7.655490151142905,
        -7.631259830126562
    ],
    "log10_h": [
        -13.02441518120531,
        -12.954526936007408,
        -12.896149695900924
    ],
    "phase0": [
        5.047645106461195,
        5.475050602027567,
        5.8621026531987095
    ],
    "psi": [
        1.9161769187791686,
        1.9667517538116677,
        2.023185868512566
    ]
}