{
    "cos_gwtheta": [
        -0.5672382846544166,
        -0.5626603285772513,
        -0.5574164879797712
    ],
    "cos_inc": [
        -0.21767391270631842,
        -0.20482336593642242,
        -0.19408162684158625
    ],
    "gwphi": [
        1.3935198593253644,
        1.435355382950863,
        1.472900083640413
    ],
    "log10_Mc": [
        null,
        8.47481715852232,
        null
    ],
    "log10_fgw": [
        -8.021108331110346,
        -8.018841558651584,
        -8.01699234954049
    ],
    "log10_h": [
        -13.574875235973101,
        -13.556862227168113,
        -13.537378768664757
    ],
    "phase0": [
        null,
        6.1465518858065185,
        null
    ],
    "psi": [
        2.751949820714706,
        2.7671737645235606,
        2.779504470142497
    ]
}