{
    "cos_gwtheta": [
        -0.03201097642576367,
        0.01903395992337198,
        0.07080191236810451
    ],
    "cos_inc": [
        -0.024662452364159426,
        0.0283181183281197,
        0.08186684527447152
    ],
    "gwphi": [
        3.2519979385592626,
        3.344460334610249,
        3.45206743346269
    ],
    "log10_Mc": [
        null,
        9.851343557868766,
        null
    ],
    "log10_fgw": [
        -7.6588490558852245,
        -7.653240985128284,
        -7.642842687266459
    ],
    "log10_h": [
        -14.1239911707239,
        -14.082625024422587,
        -14.04703089853541
    ]
}