{
    "cos_gwtheta": [
        -0.09562534980640669,
        -0.04211234797678287,
        0.005520104201233944
    ],
    "cos_inc": [
        -0.05684255501712565,
        -0.0028053815474462507,
        0.05457227173672252
    ],
    "gwphi": [
        3.118175406895422,
        3.2420508301687225,
        3.3572549738128923
    ],
    "log10_Mc": [
        null,
        8.962245753688853,
        null
    ],
    "log10_fgw": [
        -7.679714865536765,
        -7.652554096630794,
        -7.625026290307177
    ],
    "log10_h": [
        -14.183929494577937,
        -14.10774456399174,
        -14.04692466142293
    ],
    "phase0": [
        null,
        4.6153169483820555,
        null
    ],
    "psi": [
        1.5938710020330373,
        1.6578995162430912,
        1.7323942298913269
    ]
}