{
    "cos_gwtheta": [
        null,
        0.7270523033650438,
        null
    ],
    "cos_inc": [
        -0.21137824835213914,
        0.057880273673371896,
        0.32236611879444266
    ],
    "gwphi": [
        2.853519684517415,
        3.563734925022602,
        3.961005719183815
    ],
    "log10_Mc": [
        null,
        9.010173325559112,
        null
    ],
    "log10_fgw": [
        -7.701160726904627,
        -7.665564007045275,
        -7.6262098556452145
    ],
    "log10_h": [
        -14.673502323565332,
        -14.426282181422204,
        -14.255794039485178
    ],
    "phase0": [
        1.685228371433784,
        3.3532062442374655,
        6.266232768912959
    ],
    "psi": [
        null,
        3.133237066989633,
        null
    ]
}