{
    "cos_gwtheta": [
        0.1544817952601948,
        0.20639802111258498,
        0.25703060401807554
    ],
    "cos_inc": [
        0.018019601321492162,
        0.0546482569175325,
        0.09856619720930238
    ],
    "gwphi": [
        3.184623236179436,
        3.2731888744103173,
        3.3454960862992973
    ],
    "log10_Mc": [
        null,
        8.48416401393119,
        null
    ],
    "log10_fgw": [
        -7.681572579573276,
        -7.652454652768318,
        -7.6286958535961755
    ],
    "log10_h": [
        -14.047629083353682,
        -13.99295773200488,
        -13.938574124610547
    ]
}