{
    "cos_gwtheta": [
        null,
        0.01150689143596495,
        null
    ],
    "cos_inc": [
        0.008701518196072539,
        0.07432674930412808,
        0.12436873155374903
    ],
    "gwphi": [
        2.9260906472458443,
        3.0631763822317923,
        3.1882278733067606
    ],
    "log10_Mc": [
        null,
        9.172570951769856,
        null
    ],
    "log10_fgw": [
        -7.653926937121297,
        -7.653926937121297,
        -7.635068793225612
    ],
    "log10_h": [
        -14.12228016149328,
        -14.077655717879253,
        -14.028254245053283
    ]
}