{
    "cos_gwtheta": [
        -0.17076151930924843,
        0.036584386079721254,
        0.22721194691925595
    ],
    "cos_inc": [
        -0.5127603573257005,
        -0.18311676682580946,
        -0.00560111490198123
    ],
    "gwphi": [
        3.549279698022648,
        3.7416068452800277,
        3.901263034830224
    ],
    "log10_Mc": [
        null,
        9.832036498202035,
        null
    ],
    "log10_fgw": [
        -7.681195376367423,
        -7.64862073526604,
        -7.623135868992606
    ],
    "log10_h": [
        -14.617258096381892,
        -14.409433321136746,
        -14.301519906488
    ],
    "phase0": [
        null,
        3.833689177175294,
        null
    ],
    "psi": [
        null,
        1.4814378010930576,
        null
    ]
}