{
    "cos_gwtheta": [
        -0.01465894970768189,
        0.01399696552938029,
        0.04117703963835345
    ],
    "cos_inc": [
        null,
        0.015136654883304568,
        null
    ],
    "gwphi": [
        3.0571105844894055,
        3.1458479105526056,
        3.23852911777417
    ],
    "log10_Mc": [
        null,
        9.994704743855216,
        null
    ],
    "log10_fgw": [
        -7.683676364709773,
        -7.654646839500163,
        -7.623794204011689
    ],
    "log10_h": [
        -12.779314732496218,
        -12.696461107883497,
        -12.613607483270776
    ],
    "phase0": [
        3.0081785039456186,
        3.4110264895705136,
        3.7677278019194915
    ],
    "psi": [
        1.5199679409759888,
        1.5668289271240554,
        1.6131407610906998
    ]
}