{
    "cos_gwtheta": [
        -0.32645961423928593,
        -0.2506875145648768,
        -0.1834003114685916
    ],
    "cos_inc": [
        -0.028142046100693596,
        0.22995334496135222,
        0.734213677575642
    ],
    "gwphi": [
        3.473976682796602,
        3.7723111246673695,
        4.070021435906608
    ],
    "log10_Mc": [
        null,
        8.006282163406006,
        null
    ],
    "log10_fgw": [
        -7.6858433918009466,
        -7.658401649410619,
        -7.626162399609395
    ],
    "log10_h": [
        -14.675392670490986,
        -14.467217998855293,
        -14.364412813870588
    ],
    "phase0": [
        null,
        1.7615393430103008,
        null
    ],
    "psi": [
        null,
        3.028002284129566,
        null
    ]
}