{
    "cos_gwtheta": [
        0.027349891080427943,
        0.03558994459418931,
        0.043353143159237634
    ],
    "cos_inc": [
        -0.06504441398536663,
        -0.04208044115556578,
        -0.018681132347948798
    ],
    "gwphi": [
        3.0873578604015783,
        3.1014180557310946,
        3.1154782510606114
    ],
    "log10_Mc": [
        null,
        8.006281999660668,
        null
    ],
    "log10_fgw": [
        -7.657540707856998,
        -7.656069607490787,
        -7.654818816841255
    ],
    "log10_h": [
        -13.519323788945233,
        -13.478695217286404,
        -13.447169221791574
    ],
    "phase0": [
        2.2659707339271384,
        3.481787141226715,
        4.3857120892036665
    ],
    "psi": [
        1.5966256722596843,
        1.6137929147161891,
        1.6291842355392623
    ]
}