{
    "cos_gwtheta": [
        -0.029524109121746966,
        -0.0019150709548509948,
        0.029854233237193606
    ],
    "cos_inc": [
        -0.012595246743396182,
        0.019962310016945373,
        0.0484011397172438
    ],
    "gwphi": [
        3.04673962419957,
        3.1254179615873987,
        3.2153360614592033
    ],
    "log10_Mc": [
        null,
        8.55117834746739,
        null
    ],
    "log10_fgw": [
        -7.6778084265970445,
        -7.657932219888577,
        -7.637918935892465
    ],
    "log10_h": [
        -13.538072604230345,
        -13.50054806663373,
        -13.456681353668671
    ],
    "phase0": [
        null,
        1.2811544531660053,
        null
    ],
    "psi": [
        1.5334610945923,
        1.5847505883780104,
        1.6227755579087957
    ]
}