{
    "cos_gwtheta": [
        0.1564839758380142,
        0.18912030372419764,
        0.22064402952335216
    ],
    "cos_inc": [
        0.009545434122405605,
        0.04525234070967521,
        0.07583007839490619
    ],
    "gwphi": [
        3.1370661172747685,
        3.2399848236466102,
        3.32693338592627
    ],
    "log10_Mc": [
        null,
        8.111481549636666,
        null
    ],
    "log10_fgw": [
        -7.676913678454199,
        -7.655136057037743,
        -7.633654729790219
    ],
    "log10_h": [
        -13.52568874314095,
        -13.463251730746018,
        -13.381991795496731
    ],
    "phase0": [
        3.65954143023406,
        5.695963210967019,
        6.0414053105821495
    ],
    "psi": [
        1.531937709133089,
        1.5709613098586148,
        1.6200118079927828
    ]
}