{
    "cos_gwtheta": [
        0.21648265786876175,
        0.2751885748740055,
        0.32746683673268984
    ],
    "cos_inc": [
        -0.07721695332935741,
        -0.029587510690992525,
        0.010849566448290271
    ],
    "gwphi": [
        3.239133895095458,
        3.3224531816609293,
        3.4121489442390636
    ],
    "log10_Mc": [
        null,
        9.163083968368694,
        null
    ],
    "log10_fgw": [
        -7.671451558936724,
        -7.653644781148435,
        -7.630089358562352
    ],
    "log10_h": [
        -14.128708288584876,
        -14.062829721620382,
        -14.003599450404597
    ]
}