{
    "cos_gwtheta": [
        0.11563581695940661,
        0.1752832869280624,
        0.2386940042133524
    ],
    "cos_inc": [
        -0.11120016643499397,
        -0.06313863850127466,
        -0.021969655271228183
    ],
    "gwphi": [
        3.130752025636028,
        3.230095004653853,
        3.3369464646439546
    ],
    "log10_Mc": [
        null,
        9.019460002088104,
        null
    ],
    "log10_fgw": [
        -7.684107395206776,
        -7.659815203409422,
        -7.6310244575755215
    ],
    "log10_h": [
        -14.085679304529943,
        -14.036462194018265,
        -13.989696510466938
    ]
}