{
    "cos_gwtheta": [
        -0.15353091007417186,
        -0.08321611033414333,
        0.012474002810688778
    ],
    "cos_inc": [
        -0.06785939847947231,
        -0.01701862398774301,
        0.048714902627826184
    ],
    "gwphi": [
        2.866566612873451,
        2.9771638343211815,
        3.0741490900522686
    ],
    "log10_Mc": [
        null,
        9.182157313518653,
        null
    ],
    "log10_fgw": [
        -7.664019633468645,
        -7.6447958305579204,
        -7.626469138449695
    ],
    "log10_h": [
        -14.072138872608106,
        -14.023212322187067,
        -13.96677724175092
    ]
}