{
    "cos_gwtheta": [
        -0.02827535688081817,
        -0.012803006144632034,
        0.002859189385863159
    ],
    "cos_inc": [
        -0.06009769627500372,
        -0.029733334438703185,
        0.0010013244931619258
    ],
    "gwphi": [
        3.0887308534925584,
        3.1499613040602465,
        3.2026028678967204
    ],
    "log10_Mc": [
        null,
        8.00628979274763,
        null
    ],
    "log10_fgw": [
        -7.679457037036265,
        -7.653917308265866,
        -7.628201443434982
    ],
    "log10_h": [
        -12.690447549698774,
        -12.64977946237531,
        -12.64977946237531
    ],
    "phase0": [
        0.011838170067742501,
        0.011838170067742501,
        0.12579522447476396
    ],
    "psi": [
        3.0901909996336148,
        3.133298537389699,
        3.133298537389699
    ]
}