{
    "cos_gwtheta": [
        0.2290592805671471,
        0.24291697461884845,
        0.25580463008693066
    ],
    "cos_inc": [
        -0.366746121656505,
        -0.3225675809062254,
        -0.2843177620748145
    ],
    "gwphi": [
        2.132478438770401,
        2.147834739163166,
        2.1618720935099267
    ],
    "log10_Mc": [
        null,
        9.994711412402845,
        null
    ],
    "log10_fgw": [
        -7.953691721064953,
        -7.95122788925009,
        -7.9491746960710365
    ],
    "log10_h": [
        -13.436497329918076,
        -13.417900683176194,
        -13.402227526751812
    ],
    "phase0": [
        1.3158788774279806,
        1.8707723018796985,
        2.2257898787587562
    ],
    "psi": [
        2.8904355721301096,
        2.9023984872098914,
        2.916789518716757
    ]
}