{
    "cos_gwtheta": [
        0.5862298262035834,
        0.6505344270912479,
        0.7433754162147759
    ],
    "cos_inc": [
        -0.3217422452098847,
        -0.19449351715578211,
        -0.09554427294574908
    ],
    "gwphi": [
        3.23537305934043,
        3.4422274065397316,
        3.6329793195259135
    ],
    "log10_Mc": [
        null,
        8.14971093053332,
        null
    ],
    "log10_fgw": [
        -7.683887066611335,
        -7.652705159246647,
        -7.627722064791807
    ],
    "log10_h": [
        -14.3978778603392,
        -14.261121609815069,
        -14.159727133832797
    ],
    "phase0": [
        null,
        4.434974461535535,
        null
    ],
    "psi": [
        null,
        0.19026084137032276,
        null
    ]
}