{
    "cos_gwtheta": [
        -0.1437366223495642,
        -0.047693144711111746,
        0.02751445451404011
    ],
    "cos_inc": [
        -0.25817918342176327,
        -0.1325984124411338,
        -0.024106164093944393
    ],
    "gwphi": [
        3.1790482483168105,
        3.3215847050350504,
        3.4769128950485166
    ],
    "log10_Mc": [
        null,
        8.245406683003033,
        null
    ],
    "log10_fgw": [
        -7.684722523839728,
        -7.660901077084526,
        -7.63058287212336
    ],
    "log10_h": [
        -14.445547643674747,
        -14.356537000127885,
        -14.271584592608995
    ],
    "phase0": [
        null,
        0.08042544543769932,
        null
    ],
    "psi": [
        null,
        3.0130056405306407,
        null
    ]
}