{
    "cos_gwtheta": [
        -0.08301328051662532,
        -0.05605665639431845,
        -0.029716183680521424
    ],
    "cos_inc": [
        -0.03961971226991601,
        -0.011198879247944604,
        0.026103464093392814
    ],
    "gwphi": [
        2.9046066722824415,
        2.9598072715501926,
        3.0247712421170023
    ],
    "log10_Mc": [
        null,
        9.067369393924128,
        null
    ],
    "log10_fgw": [
        -7.676208928611409,
        -7.654602326275552,
        -7.633579686164988
    ],
    "log10_h": [
        -13.435789000838625,
        -13.383185457089635,
        -13.371708320271672
    ],
    "phase0": [
        4.0101058125602975,
        4.222760033218877,
        5.8646902270925825
    ],
    "psi": [
        1.5813635167092188,
        1.6085294185858154,
        1.6375986639059952
    ]
}