{
    "cos_gwtheta": [
        0.8629737638494274,
        0.8688590481987051,
        0.8762607861839932
    ],
    "cos_inc": [
        -0.022441329784623987,
        -0.0031167230557762604,
        0.018481366817641898
    ],
    "gwphi": [
        2.5781186547601944,
        2.6826123483809874,
        2.7939478909888558
    ],
    "log10_Mc": [
        null,
        8.646797799058774,
        null
    ],
    "log10_fgw": [
        -7.671185048799501,
        -7.650887566855581,
        -7.630492029443333
    ],
    "log10_h": [
        -12.973533500798421,
        -12.938494176707108,
        -12.909112243484703
    ],
    "phase0": [
        2.6877441852457027,
        3.039417095447572,
        3.38047671227467
    ],
    "psi": [
        2.023272103630066,
        2.0475959504769827,
        2.0693943706020885
    ]
}