{
    "cos_gwtheta": [
        -0.08106918513347938,
        -0.04973663995350808,
        -0.022513281026647625
    ],
    "cos_inc": [
        -0.097191343001935,
        -0.0686518785801623,
        -0.03826574293109852
    ],
    "gwphi": [
        3.1025198077858303,
        3.1849434010794515,
        3.2554503302824283
    ],
    "log10_Mc": [
        null,
        9.679303890115081,
        null
    ],
    "log10_fgw": [
        -7.66224200212196,
        -7.6501492437773955,
        -7.637893069779527
    ],
    "log10_h": [
        -13.568015958259732,
        -13.532232176746797,
        -13.489812992039411
    ],
    "phase0": [
        null,
        0.5610518465022097,
        null
    ],
    "psi": [
        1.5423727247184462,
        1.5828861358052588,
        1.6344486590066565
    ]
}