{
    "cos_gwtheta": [
        0.11886929094048271,
        0.1395551492945446,
        0.16317616322587192
    ],
    "cos_inc": [
        -0.040765023462233485,
        -0.018760170721253355,
        0.001410944291311722
    ],
    "gwphi": [
        3.168358106825763,
        3.2525473962053826,
        3.3286415616061924
    ],
    "log10_Mc": [
        8.516765957252307,
        8.818832898828404,
        9.994686635194082
    ],
    "log10_fgw": [
        -7.6767548273069455,
        -7.6595174314909045,
        -7.64192092326203
    ],
    "log10_h": [
        -13.457742457983855,
        -13.398020768822198,
        -13.398020768822198
    ],
    "phase0": [
        null,
        6.266559822787078,
        null
    ],
    "psi": [
        1.4789095778512023,
        1.5109729960112939,
        1.548039217004875
    ]
}