{
    "cos_gwtheta": [
        -0.10122592467818448,
        -0.04569327380060417,
        0.0035418599671475093
    ],
    "cos_inc": [
        -0.14680570520119107,
        -0.0944669544128599,
        -0.043286995154897645
    ],
    "gwphi": [
        3.0751588095478457,
        3.176036528744641,
        3.2657056124751254
    ],
    "log10_Mc": [
        null,
        9.526396522563891,
        null
    ],
    "log10_fgw": [
        -7.673849207752102,
        -7.64857839978856,
        -7.6167487561703595
    ],
    "log10_h": [
        -14.13742027211015,
        -14.08510002957058,
        -14.029895994135128
    ]
}