{
    "cos_gwtheta": [
        -0.02540386997150501,
        -0.002685966210457913,
        0.019665519747991578
    ],
    "cos_inc": [
        -0.014591985907774045,
        0.0055081645911958105,
        0.022030277828568937
    ],
    "gwphi": [
        3.076928299157479,
        3.1336525290951776,
        3.191794864781318
    ],
    "log10_Mc": [
        null,
        8.168752562420103,
        null
    ],
    "log10_fgw": [
        -7.663101304525249,
        -7.650826424751175,
        -7.638297581947294
    ],
    "log10_h": [
        -12.728548484981552,
        -12.682950341607784,
        -12.682950341607784
    ],
    "phase0": [
        1.20582472303377,
        1.4411245742445287,
        1.5751853932054716
    ],
    "psi": [
        null,
        1.5714241218841898,
        null
    ]
}