{
    "cos_gwtheta": [
        null,
        -0.03269653823803753,
        null
    ],
    "cos_inc": [
        -0.10961886648260699,
        -0.06042719569276511,
        -0.006906657873417266
    ],
    "gwphi": [
        3.0494139680402643,
        3.1865155998658947,
        3.30172705518155
    ],
    "log10_Mc": [
        8.50702304470624,
        9.507292247643937,
        9.99469976581497
    ],
    "log10_fgw": [
        -7.678416693710387,
        -7.657411729982426,
        -7.631155525322474
    ],
    "log10_h": [
        -14.1131757563079,
        -14.058415538979325,
        -14.00528387829993
    ]
}