{
    "cos_gwtheta": [
        -0.030922729732814958,
        -0.002779570312935853,
        0.031768584009398526
    ],
    "cos_inc": [
        -0.013862165027652917,
        0.016956067444016343,
        0.04347007750344123
    ],
    "gwphi": [
        3.071315256706454,
        3.1636941430134833,
        3.2439033556752754
    ],
    "log10_Mc": [
        null,
        9.287176115528831,
        null
    ],
    "log10_fgw": [
        -7.66933403072638,
        -7.651568699826543,
        -7.634161060152877
    ],
    "log10_h": [
        -13.577974289424843,
        -13.530804984461032,
        -13.477937374199577
    ],
    "phase0": [
        null,
        2.272988221295504,
        null
    ],
    "psi": [
        1.497690974571126,
        1.5400996860222167,
        1.592363943092223
    ]
}