{
    "cos_gwtheta": [
        -0.1573334489849788,
        -0.057841156698204,
        0.02872497163005283
    ],
    "cos_inc": [
        -0.3207892656671735,
        -0.1724559503103933,
        -0.03007979621292156
    ],
    "gwphi": [
        3.1189705820550286,
        3.2959883158137724,
        3.5130971739429633
    ],
    "log10_Mc": [
        8.48793289578887,
        9.239433736946465,
        9.959514325946637
    ],
    "log10_fgw": [
        -7.676483194932659,
        -7.654141415259093,
        -7.626088203187774
    ],
    "log10_h": [
        -14.453651140263839,
        -14.333413139099646,
        -14.239425929612626
    ],
    "phase0": [
        null,
        2.512962386746073,
        null
    ],
    "psi": [
        null,
        3.102970808567649,
        null
    ]
}