{
    "cos_gwtheta": [
        -0.19954714622600356,
        -0.08561438583346415,
        -0.0035827983508357475
    ],
    "cos_inc": [
        -0.06455346528818051,
        -0.006217457640812607,
        0.059645776799763905
    ],
    "gwphi": [
        2.762858012870287,
        2.8884634273042478,
        3.0158980468027807
    ],
    "log10_Mc": [
        null,
        9.468890447369919,
        null
    ],
    "log10_fgw": [
        -7.690964493644473,
        -7.665302298386483,
        -7.631941444551096
    ],
    "log10_h": [
        -14.294118482410306,
        -14.217845587431956,
        -14.15343282089528
    ],
    "phase0": [
        null,
        5.936073351584858,
        null
    ],
    "psi": [
        2.9120963978104957,
        3.0432906163488003,
        3.1332523662036382
    ]
}