{
    "cos_gwtheta": [
        -0.07395486060826656,
        -0.042711605145225984,
        -0.015846003518657503
    ],
    "cos_inc": [
        -0.08592946421358827,
        -0.05203161886277807,
        -0.017852463592044177
    ],
    "gwphi": [
        3.128705672451054,
        3.181661765551644,
        3.233749725978454
    ],
    "log10_Mc": [
        null,
        9.994708301642348,
        null
    ],
    "log10_fgw": [
        -7.664218836476945,
        -7.657922860908966,
        -7.652725020614472
    ],
    "log10_h": [
        -13.952019452908555,
        -13.921532789508007,
        -13.88920403164217
    ]
}