{
    "cos_gwtheta": [
        -0.2758063667271109,
        -0.21461632529490882,
        -0.12471251037510389
    ],
    "cos_inc": [
        -0.1320515522625758,
        -0.029598110531922517,
        0.07861337346653885
    ],
    "gwphi": [
        3.5697641283007906,
        3.735322344589524,
        3.888432574691135
    ],
    "log10_Mc": [
        null,
        8.226332098701105,
        null
    ],
    "log10_fgw": [
        -7.679998875801989,
        -7.64637699627554,
        -7.619479492654381
    ],
    "log10_h": [
        -14.406435396520777,
        -14.324735368178484,
        -14.256294532980048
    ],
    "phase0": [
        0.020008778586581115,
        3.683944154459783,
        4.616639042128783
    ],
    "psi": [
        1.232540268558256,
        1.3314736795064968,
        1.4438270799524484
    ]
}