{
    "cos_gwtheta": [
        -0.4103903268828384,
        -0.3341007569001294,
        -0.22659294856132484
    ],
    "cos_inc": [
        -0.06609906740518978,
        0.002036877756310118,
        0.06412063294644488
    ],
    "gwphi": [
        3.2571492027363873,
        3.3767573282893637,
        3.5056135047871577
    ],
    "log10_Mc": [
        null,
        8.694525094882621,
        null
    ],
    "log10_fgw": [
        -7.67331723572331,
        -7.647255226487267,
        -7.62354720518222
    ],
    "log10_h": [
        -14.220743146349172,
        -14.164521168282118,
        -14.100454263042915
    ],
    "phase0": [
        1.7883801223448295,
        5.996246413505308,
        6.266109572320826
    ],
    "psi": [
        1.381365495486094,
        1.4635166262023742,
        1.5348120717882887
    ]
}