{
    "cos_gwtheta": [
        -0.03336436343914517,
        -0.011580437988951031,
        0.009411344717599746
    ],
    "cos_inc": [
        -0.02244305735631169,
        0.009343989221795246,
        0.04907779744442875
    ],
    "gwphi": [
        3.1412358256703703,
        3.1412358256703703,
        3.176823786117172
    ],
    "log10_Mc": [
        null,
        9.564571497199754,
        null
    ],
    "log10_fgw": [
        -7.649447781066247,
        -7.649447781066247,
        -7.637549474373066
    ],
    "log10_h": [
        -12.702147844002353,
        -12.673966954733356,
        -12.673966954733356
    ],
    "phase0": [
        0.002166423266899043,
        0.02521862708720787,
        0.1689357790945338
    ],
    "psi": [
        null,
        3.1332989667147384,
        null
    ]
}