{
    "cos_gwtheta": [
        -0.14981709536357313,
        -0.09722189964622308,
        -0.0536693867013297
    ],
    "cos_inc": [
        -0.020308753574794336,
        0.01796842759703554,
        0.06087447718964467
    ],
    "gwphi": [
        3.215455326488234,
        3.300931523430465,
        3.4143411180662357
    ],
    "log10_Mc": [
        null,
        8.493704540892312,
        null
    ],
    "log10_fgw": [
        -7.67960989066087,
        -7.654091373692834,
        -7.621949730183478
    ],
    "log10_h": [
        -13.991325868971536,
        -13.950309154845897,
        -13.898676350005388
    ]
}