{
    "cos_gwtheta": [
        -0.13811060901918581,
        -0.1093966682594677,
        -0.07482659484480714
    ],
    "cos_inc": [
        -0.048754925913680025,
        -0.023239213724840835,
        0.010343966288410833
    ],
    "gwphi": [
        3.139143489771981,
        3.2301199724074614,
        3.308099814666445
    ],
    "log10_Mc": [
        null,
        9.573838746835314,
        null
    ],
    "log10_fgw": [
        -7.678523163731502,
        -7.661201974282622,
        -7.643761328354784
    ],
    "log10_h": [
        -13.56427324442115,
        -13.507296588708064,
        -13.437563965298018
    ],
    "phase0": [
        3.1501869722265963,
        4.34448334499581,
        5.945415145941153
    ],
    "psi": [
        1.4774628534232153,
        1.5099730264837627,
        1.5541471547645065
    ]
}