{
    "cos_gwtheta": [
        0.14344623078735919,
        0.17715632324193153,
        0.20289198522337926
    ],
    "cos_inc": [
        -0.002445027418631618,
        0.028559490289928435,
        0.053226067914418085
    ],
    "gwphi": [
        3.2078932827662423,
        3.3052413155758904,
        3.3779726044566623
    ],
    "log10_Mc": [
        null,
        8.207027633701038,
        null
    ],
    "log10_fgw": [
        -7.678345716675083,
        -7.653438951587798,
        -7.630720647031196
    ],
    "log10_h": [
        -13.535505302687508,
        -13.4947443162768,
        -13.447255788419664
    ],
    "phase0": [
        null,
        3.323216610292162,
        null
    ],
    "psi": [
        0.009871502044170142,
        0.009871502044170142,
        0.08109255334302655
    ]
}