{
    "cos_gwtheta": [
        -0.43648996144252483,
        -0.3682876146155542,
        -0.29937185411884537
    ],
    "cos_inc": [
        null,
        -0.7883417556359723,
        null
    ],
    "gwphi": [
        3.4748471962841845,
        3.5735191334723293,
        3.6459202537862927
    ],
    "log10_Mc": [
        null,
        9.488185695127422,
        null
    ],
    "log10_fgw": [
        -7.6516213052533235,
        -7.647047031479651,
        -7.6411180922989
    ],
    "log10_h": [
        -14.726421892541403,
        -14.644698609278795,
        -14.45894939235053
    ],
    "phase0": [
        null,
        6.116454130607404,
        null
    ],
    "psi": [
        null,
        0.295403091919055,
        null
    ]
}