{
    "cos_gwtheta": [
        0.15875478915002095,
        0.24897410687489918,
        0.3510904774865744
    ],
    "cos_inc": [
        -0.6880902452810534,
        -0.24952482415264,
        -0.12569458759873497
    ],
    "gwphi": [
        3.1356229517508782,
        3.2952711107747663,
        3.4369044969905116
    ],
    "log10_Mc": [
        null,
        8.00631741387663,
        null
    ],
    "log10_fgw": [
        -7.674741866449126,
        -7.648815224818446,
        -7.614835611166115
    ],
    "log10_h": [
        -14.72618491573842,
        -14.442816688312744,
        -14.323172325621904
    ],
    "phase0": [
        null,
        4.764610201580084,
        null
    ],
    "psi": [
        null,
        3.0583286621392376,
        null
    ]
}