{
    "cos_gwtheta": [
        0.11009469512306347,
        0.14421400161404874,
        0.1808251675678587
    ],
    "cos_inc": [
        -0.059351669979729293,
        -0.03249935540397009,
        0.001878448607033678
    ],
    "gwphi": [
        3.1171793775782293,
        3.222770746027248,
        3.3144843917658244
    ],
    "log10_Mc": [
        null,
        8.512807033161309,
        null
    ],
    "log10_fgw": [
        -7.6716778778405175,
        -7.655036018838702,
        -7.633655852759981
    ],
    "log10_h": [
        -13.596992685297566,
        -13.559527897349863,
        -13.521269363894795
    ],
    "phase0": [
        2.2221061475202517,
        3.7738424280511578,
        5.1481660259448745
    ],
    "psi": [
        1.6275774909627596,
        1.6673907007871895,
        1.6985212425116107
    ]
}