{
    "cos_gwtheta": [
        0.9018774687948619,
        0.9062689186622092,
        0.9106710533224209
    ],
    "cos_inc": [
        -0.7119116921460873,
        -0.6699061189976638,
        -0.634852172391409
    ],
    "gwphi": [
        2.63503647031838,
        2.6892194321663,
        2.7380436395457446
    ],
    "log10_Mc": [
        null,
        9.860859514583408,
        null
    ],
    "log10_fgw": [
        -7.920116791165607,
        -7.918786803572208,
        -7.917626015583886
    ],
    "log10_h": [
        -13.678963468173091,
        -13.656598076586265,
        -13.63496798554476
    ],
    "phase0": [
        1.1360443818361936,
        1.7430818692481442,
        2.3997578564825366
    ],
    "psi": [
        0.8163301688520233,
        0.9038713065537222,
        0.9921170006956762
    ]
}