{
    "cos_gwtheta": [
        -0.0291760809614926,
        0.17384173059346086,
        0.2534106711452583
    ],
    "cos_inc": [
        -0.014662403173144822,
        0.1118262617435275,
        0.24127487981737605
    ],
    "gwphi": [
        3.2376908445663366,
        3.3736691509781753,
        3.524414332294467
    ],
    "log10_Mc": [
        null,
        8.245375007123203,
        null
    ],
    "log10_fgw": [
        -7.681681238856534,
        -7.651842819958809,
        -7.624682207885237
    ],
    "log10_h": [
        -14.51316126710183,
        -14.378328057510398,
        -14.277293039123219
    ],
    "phase0": [
        null,
        3.1431458812062303,
        null
    ],
    "psi": [
        null,
        1.676712637659843,
        null
    ]
}