{
    "cos_gwtheta": [
        -0.007975710624661514,
        0.0258116124985861,
        0.05352079283775746
    ],
    "cos_inc": [
        0.013316681225226779,
        0.05703304554355393,
        0.09306950802217528
    ],
    "gwphi": [
        3.041975204711659,
        3.129997029426929,
        3.2064115805533726
    ],
    "log10_Mc": [
        null,
        8.46511122895995,
        null
    ],
    "log10_fgw": [
        -7.661831792036704,
        -7.661831792036704,
        -7.644069605265383
    ],
    "log10_h": [
        -13.536641834600346,
        -13.469838544776918,
        -13.417099105442633
    ],
    "phase0": [
        3.6612995490996494,
        4.464426414594761,
        5.9152164141616765
    ],
    "psi": [
        1.5605373557762188,
        1.6002467802539315,
        1.6328652360749096
    ]
}