{
    "cos_gwtheta": [
        -0.03477420987677493,
        -0.004094190014841792,
        0.026418179465332092
    ],
    "cos_inc": [
        -0.06590416161129387,
        -0.021035092204857442,
        0.01901333338105271
    ],
    "gwphi": [
        3.048709293974451,
        3.1393905658711367,
        3.231608808477936
    ],
    "log10_Mc": [
        null,
        9.029268696173439,
        null
    ],
    "log10_fgw": [
        -7.678015347021251,
        -7.653846281407208,
        -7.629407170367311
    ],
    "log10_h": [
        -12.714602867085398,
        -12.673434506341774,
        -12.673434506341774
    ],
    "phase0": [
        1.4456037205229044,
        1.7811207670131726,
        2.085125162728112
    ],
    "psi": [
        3.0891066399767917,
        3.1331450777373693,
        3.1331450777373693
    ]
}