{
    "cos_gwtheta": [
        -0.007997894915780845,
        0.013060500982812862,
        0.03386364359778721
    ],
    "cos_inc": [
        0.013027154973966781,
        0.020035895620330035,
        0.02881957707973326
    ],
    "gwphi": [
        3.089489776047171,
        3.14372685868148,
        3.200366850040094
    ],
    "log10_Mc": [
        null,
        8.00631919476915,
        null
    ],
    "log10_fgw": [
        -7.655959447261394,
        -7.646518881726648,
        -7.646518881726648
    ],
    "log10_h": [
        -12.71296762666655,
        -12.667303236148744,
        -12.622511413602615
    ],
    "phase0": [
        4.061734623697203,
        4.282239601433503,
        4.510595722832845
    ],
    "psi": [
        3.0586408298889056,
        3.1332983652812505,
        3.1332983652812505
    ]
}