{
    "cos_gwtheta": [
        -0.07100413746718148,
        -0.042468551511180674,
        -0.013380663891515376
    ],
    "cos_inc": [
        -0.006647976591373839,
        0.02061419145288923,
        0.041321521278859574
    ],
    "gwphi": [
        3.134478195317013,
        3.2231069877451373,
        3.31855337959081
    ],
    "log10_Mc": [
        null,
        8.12103242895212,
        null
    ],
    "log10_fgw": [
        -7.678715043839846,
        -7.659193756614403,
        -7.639537839821887
    ],
    "log10_h": [
        -13.544147638272634,
        -13.482494965141923,
        -13.43515451970227
    ],
    "phase0": [
        0.01981487697641325,
        1.2211907082005602,
        2.929231021547839
    ],
    "psi": [
        1.5255474950426664,
        1.5618864691257106,
        1.6097009087086638
    ]
}