{
    "cos_gwtheta": [
        -0.005273509572312762,
        0.025329105135662666,
        0.04934859923785262
    ],
    "cos_inc": [
        -0.09390583974612665,
        -0.0670804289080148,
        -0.03903568121362522
    ],
    "gwphi": [
        3.065111227506616,
        3.1259025120217094,
        3.1779046951611267
    ],
    "log10_Mc": [
        null,
        8.656173590423649,
        null
    ],
    "log10_fgw": [
        -7.662241936601731,
        -7.662241936601731,
        -7.647969075404417
    ],
    "log10_h": [
        -13.524845113829782,
        -13.466827382617641,
        -13.40604690230016
    ],
    "phase0": [
        1.472398316207568,
        3.138390678849337,
        4.4451125057810135
    ],
    "psi": [
        0.012618436512996,
        0.012618436512996,
        0.08293333487753501
    ]
}