{
    "cos_gwtheta": [
        -0.17016988681305567,
        -0.15903965747994647,
        -0.14780392834273193
    ],
    "cos_inc": [
        -0.08281631655881794,
        -0.07211080806471615,
        -0.06446401628321485
    ],
    "gwphi": [
        2.350396528716905,
        2.3548299780095263,
        2.359245693504977
    ],
    "log10_Mc": [
        null,
        9.870382437757765,
        null
    ],
    "log10_fgw": [
        -7.89015952865496,
        -7.889390489187606,
        -7.888599296319957
    ],
    "log10_h": [
        -13.18823772473519,
        -13.177878753534578,
        -13.164500351266522
    ],
    "phase0": [
        0.4564242880513929,
        1.0405502081735385,
        1.5734479727341697
    ],
    "psi": [
        1.0524393376042023,
        1.0661688037872286,
        1.0802503075646914
    ]
}