{
    "cos_gwtheta": [
        null,
        -0.01058240968822377,
        null
    ],
    "cos_inc": [
        -0.010181367406722264,
        0.06465824346869731,
        0.1349680884227098
    ],
    "gwphi": [
        2.834015941519131,
        2.9426829293656285,
        3.079134090241059
    ],
    "log10_Mc": [
        null,
        9.994713704258054,
        null
    ],
    "log10_fgw": [
        -7.6822079824575935,
        -7.658440577034198,
        -7.629352110695116
    ],
    "log10_h": [
        -14.329522009402197,
        -14.251529483607799,
        -14.179980784730885
    ],
    "phase0": [
        0.02146865358569775,
        1.4023999213945242,
        4.385361357421188
    ],
    "psi": [
        null,
        2.9824902073342243,
        null
    ]
}