{
    "cos_gwtheta": [
        -0.01883576395573605,
        0.010941110467967863,
        0.04071798489167178
    ],
    "cos_inc": [
        -0.05047847256338822,
        -0.01651743000839956,
        0.009768800669755606
    ],
    "gwphi": [
        3.0467055273927133,
        3.1408266308828954,
        3.2312567107067958
    ],
    "log10_Mc": [
        null,
        8.006292188589573,
        null
    ],
    "log10_fgw": [
        -7.684011821027384,
        -7.657130260563275,
        -7.630063310027001
    ],
    "log10_h": [
        -13.543523801007794,
        -13.49967006266525,
        -13.476410621334399
    ],
    "phase0": [
        2.919300095801628,
        4.6447362244749115,
        6.2664712679346675
    ],
    "psi": [
        0.009776886689970376,
        0.009776886689970376,
        0.06914919205183376
    ]
}