{
    "cos_gwtheta": [
        -0.7630303672643701,
        -0.7630303672643701,
        -0.7401230053555936
    ],
    "cos_inc": [
        -0.2645077779313658,
        -0.24466022284753086,
        -0.22233172337821647
    ],
    "gwphi": [
        3.282717977498634,
        3.3053981906722063,
        3.3314226712038124
    ],
    "log10_Mc": [
        null,
        9.994685245203806,
        null
    ],
    "log10_fgw": [
        -7.857657368346839,
        -7.856128159836543,
        -7.8542123536691495
    ],
    "log10_h": [
        -13.357162202988562,
        -13.2919392634218,
        -13.241614964872827
    ],
    "phase0": [
        4.226100997207115,
        4.762887871509216,
        5.293493851775951
    ],
    "psi": [
        0.29579250356537545,
        0.3445340234407617,
        0.396817314656574
    ]
}