{
    "cos_gwtheta": [
        -0.073056297664429,
        -0.03414586014044285,
        0.004224154640154576
    ],
    "cos_inc": [
        -0.09702492055476963,
        -0.05618791991565819,
        -0.018647179417820348
    ],
    "gwphi": [
        3.0759173981891754,
        3.1559684944832513,
        3.2458217658337447
    ],
    "log10_Mc": [
        null,
        8.035170122499869,
        null
    ],
    "log10_fgw": [
        -7.692022820154492,
        -7.668273861252614,
        -7.641255118154103
    ],
    "log10_h": [
        -14.019249457679996,
        -13.955462324023827,
        -13.87627829603686
    ]
}