{
    "cos_gwtheta": [
        -0.40849116248358647,
        -0.2735846467112628,
        -0.11797818936540794
    ],
    "cos_inc": [
        -0.09326929209689827,
        0.02225526638373876,
        0.1278890236245953
    ],
    "gwphi": [
        3.122481519595637,
        3.2609675664696662,
        3.3976705311951028
    ],
    "log10_Mc": [
        null,
        8.474587038480845,
        null
    ],
    "log10_fgw": [
        -7.666351470837227,
        -7.645855606929644,
        -7.622016446072598
    ],
    "log10_h": [
        -14.423030978204425,
        -14.322244234247073,
        -14.24642087363101
    ],
    "phase0": [
        null,
        4.584581477353668,
        null
    ],
    "psi": [
        null,
        2.953048725619811,
        null
    ]
}