{
    "cos_gwtheta": [
        -0.02144508329613487,
        -0.004312398521231553,
        0.010688218815017136
    ],
    "cos_inc": [
        -0.041539857857484264,
        -0.02156953684904095,
        0.0024784936846864447
    ],
    "gwphi": [
        3.0412478100182145,
        3.131151126993311,
        3.2242845032609257
    ],
    "log10_Mc": [
        null,
        8.398217869911216,
        null
    ],
    "log10_fgw": [
        -7.665049781766199,
        -7.654318986683967,
        -7.643514186118409
    ],
    "log10_h": [
        -12.694550205439873,
        -12.66787738242281,
        -12.66787738242281
    ],
    "phase0": [
        1.4690748960025974,
        1.7401345251670663,
        2.0442838343923047
    ],
    "psi": [
        3.089565044277557,
        3.1332974602158474,
        3.1332974602158474
    ]
}