{
    "cos_gwtheta": [
        -0.01489933995860171,
        -0.0011793329462533864,
        0.01528467546856449
    ],
    "cos_inc": [
        0.007302595203335678,
        0.017832893683006168,
        0.026792374157421944
    ],
    "gwphi": [
        3.090262996190619,
        3.1312197731983282,
        3.170362009452531
    ],
    "log10_Mc": [
        null,
        9.239360580376069,
        null
    ],
    "log10_fgw": [
        -7.6521721261078,
        -7.65131884662687,
        -7.650301474938068
    ],
    "log10_h": [
        -12.683855126027876,
        -12.661237382960193,
        -12.661237382960193
    ],
    "phase0": [
        5.464836114015201,
        5.697467031881539,
        5.906276543758365
    ],
    "psi": [
        null,
        3.1332988115062284,
        null
    ]
}