{
    "cos_gwtheta": [
        null,
        -0.30108582140059015,
        null
    ],
    "cos_inc": [
        -0.07107386272833716,
        9.04110542014891e-05,
        0.06851759738356544
    ],
    "gwphi": [
        2.574724976662251,
        2.700814927450684,
        2.837412374138154
    ],
    "log10_Mc": [
        null,
        9.92789793095101,
        null
    ],
    "log10_fgw": [
        -7.686597815512142,
        -7.655686787268724,
        -7.629026025408775
    ],
    "log10_h": [
        -14.371386026790976,
        -14.283426552633948,
        -14.205051040552142
    ],
    "phase0": [
        1.7877776368225786,
        3.9243370933989654,
        6.266431070798051
    ],
    "psi": [
        null,
        3.133268565186948,
        null
    ]
}