{
    "cos_gwtheta": [
        null,
        -0.7069548270870292,
        null
    ],
    "cos_inc": [
        -0.9935759764463652,
        -0.6207374990974277,
        0.31006618755343984
    ],
    "gwphi": [
        null,
        1.8821321077901136,
        null
    ],
    "log10_Mc": [
        null,
        8.331528638293907,
        null
    ],
    "log10_fgw": [
        null,
        -6.945117480323494,
        null
    ],
    "log10_h": [
        -15.991720373702476,
        -15.702021817562635,
        -14.503675620148732
    ],
    "phase0": [
        null,
        0.710692204662941,
        null
    ],
    "psi": [
        null,
        1.9468343944620632,
        null
    ]
}