{
    "cos_gwtheta": [
        -0.1785777482566273,
        0.2184174599533637,
        0.3189050139036709
    ],
    "cos_inc": [
        -0.40007140906478844,
        0.13456833226703402,
        0.5002070397081725
    ],
    "gwphi": [
        3.2993272819049615,
        3.524222599906284,
        3.7870949636914717
    ],
    "log10_Mc": [
        null,
        9.401902672994362,
        null
    ],
    "log10_fgw": [
        -7.692134553374768,
        -7.655034687859022,
        -7.612473420820653
    ],
    "log10_h": [
        -14.753346537971494,
        -14.452484706288764,
        -14.264175502285905
    ],
    "phase0": [
        null,
        0.019890692993826772,
        null
    ],
    "psi": [
        null,
        3.133290918612656,
        null
    ]
}