{
    "cos_gwtheta": [
        -0.1011750635329729,
        -0.06780542649194932,
        -0.041660143861869
    ],
    "cos_inc": [
        -0.029694144549894497,
        0.007707379697726391,
        0.03858761253806975
    ],
    "gwphi": [
        3.104348777855355,
        3.1899209064186307,
        3.2914271554729986
    ],
    "log10_Mc": [
        null,
        8.694527679958894,
        null
    ],
    "log10_fgw": [
        -7.677498728554496,
        -7.654875869180678,
        -7.633012166161687
    ],
    "log10_h": [
        -13.546284026441791,
        -13.488332108869923,
        -13.420059986798954
    ],
    "phase0": [
        null,
        2.1013780049346797,
        null
    ],
    "psi": [
        0.009865112318577897,
        0.009865112318577897,
        0.06078215972925373
    ]
}