{
    "cos_gwtheta": [
        -0.9373530884451616,
        -0.9373530884451616,
        -0.9268899195718635
    ],
    "cos_inc": [
        -0.6522204785184913,
        -0.604180056255688,
        -0.5598350510900236
    ],
    "gwphi": [
        5.158618323831369,
        5.197092031220661,
        5.23012311658903
    ],
    "log10_Mc": [
        null,
        8.656375200913939,
        null
    ],
    "log10_fgw": [
        -8.042639399641875,
        -8.029412525494934,
        -8.015153767549295
    ],
    "log10_h": [
        -13.897272869933156,
        -13.870184458375759,
        -13.844953279048886
    ],
    "phase0": [
        2.802238660334074,
        3.355354285412129,
        4.1599809777426575
    ],
    "psi": [
        1.3369888024839969,
        1.4031803711538033,
        1.4667648320860684
    ]
}