{
    "cos_gwtheta": [
        0.10007162368011535,
        0.261167339630368,
        0.3743108252485652
    ],
    "cos_inc": [
        -0.10997744868060844,
        0.029557401154881147,
        0.1611415472960409
    ],
    "gwphi": [
        2.5952262240180506,
        2.81844486655773,
        2.969335680788464
    ],
    "log10_Mc": [
        null,
        8.073219599958916,
        null
    ],
    "log10_fgw": [
        -7.681962196448413,
        -7.653191135259355,
        -7.621070019000339
    ],
    "log10_h": [
        -14.508506828140797,
        -14.389226894436597,
        -14.307397829209394
    ],
    "phase0": [
        null,
        5.245688274191695,
        null
    ],
    "psi": [
        null,
        3.058282330490012,
        null
    ]
}