{
    "cos_gwtheta": [
        0.051038775240231926,
        0.08453456517008151,
        0.12078883191768353
    ],
    "cos_inc": [
        -0.08578353607029676,
        -0.047263524895392206,
        -0.014442903129019413
    ],
    "gwphi": [
        3.037041401367963,
        3.110245082905731,
        3.202522963154044
    ],
    "log10_Mc": [
        null,
        9.172578159831254,
        null
    ],
    "log10_fgw": [
        -7.674275394855954,
        -7.653267882394955,
        -7.63211937991744
    ],
    "log10_h": [
        -13.523424168350843,
        -13.458447692367864,
        -13.458447692367864
    ],
    "phase0": [
        2.4673918526259935,
        3.7539182281301327,
        4.820217167982209
    ],
    "psi": [
        1.526384884838305,
        1.5724960748488477,
        1.6094836604188019
    ]
}