{
    "cos_gwtheta": [
        -0.06401046595824933,
        -0.041221927866200825,
        -0.013539207096665451
    ],
    "cos_inc": [
        -0.0715392304070065,
        -0.044501252326751506,
        -0.012169124692320676
    ],
    "gwphi": [
        3.117376589663178,
        3.1704036164997955,
        3.2301053739871763
    ],
    "log10_Mc": [
        null,
        9.994675877152844,
        null
    ],
    "log10_fgw": [
        -7.668394985718969,
        -7.652962504209609,
        -7.638342258569163
    ],
    "log10_h": [
        -13.551278075867279,
        -13.50453936103091,
        -13.463248717249087
    ],
    "phase0": [
        null,
        6.2665429993410084,
        null
    ],
    "psi": [
        1.5335727425654035,
        1.5606126231997486,
        1.596139473668231
    ]
}