{
    "cos_gwtheta": [
        -0.03113239097482784,
        -0.014126579092804348,
        0.0029731875509982353
    ],
    "cos_inc": [
        -0.0431005313545757,
        -0.00022261801807565984,
        0.04173910058901198
    ],
    "gwphi": [
        3.103857802282504,
        3.1369782945548472,
        3.173576438515786
    ],
    "log10_Mc": [
        null,
        8.245118302780195,
        null
    ],
    "log10_fgw": [
        -7.650753945655882,
        -7.649432355483482,
        -7.647899677991878
    ],
    "log10_h": [
        -12.70936960142933,
        -12.660025818810485,
        -12.660025818810485
    ],
    "phase0": [
        2.6041651143201543,
        2.8673084157652813,
        3.192356652154693
    ],
    "psi": [
        3.0876921182604913,
        3.1332988196426124,
        3.1332988196426124
    ]
}