{
    "cos_gwtheta": [
        null,
        0.11918182641638198,
        null
    ],
    "cos_inc": [
        -0.13804730819850808,
        -0.09570898780840087,
        -0.054351477929261316
    ],
    "gwphi": [
        3.0844965122498396,
        3.146905146734354,
        3.2181644602912165
    ],
    "log10_Mc": [
        null,
        9.640991808044884,
        null
    ],
    "log10_fgw": [
        null,
        -7.664830307481088,
        null
    ],
    "log10_h": [
        -14.028239268859194,
        -13.984141619923044,
        -13.945871160310599
    ]
}