{
    "cos_gwtheta": [
        -0.14167494328612862,
        -0.08785685475472571,
        -0.029569443992341182
    ],
    "cos_inc": [
        0.007623597684335959,
        0.06247045751599756,
        0.11557307092191715
    ],
    "gwphi": [
        3.374022014371711,
        3.5111463774078073,
        3.6301819946816956
    ],
    "log10_Mc": [
        null,
        8.111283993561647,
        null
    ],
    "log10_fgw": [
        -7.6735540210465105,
        -7.656813841468551,
        -7.635345519567048
    ],
    "log10_h": [
        -14.11259356771144,
        -14.063503053453518,
        -14.018820667006514
    ]
}