{
    "cos_gwtheta": [
        -0.01775652116082821,
        -0.0004439908764550804,
        0.018649256808596415
    ],
    "cos_inc": [
        -0.06310157459441468,
        -0.019555844133918643,
        0.022656853761460094
    ],
    "gwphi": [
        3.0860936627362285,
        3.1551044372521186,
        3.2200557544435444
    ],
    "log10_Mc": [
        null,
        8.589418958878191,
        null
    ],
    "log10_fgw": [
        -7.677227466497978,
        -7.653230703597182,
        -7.629068445779828
    ],
    "log10_h": [
        -12.753866250154916,
        -12.672504487493713,
        -12.59114272483251
    ],
    "phase0": [
        5.233323146056935,
        5.51569149196321,
        5.784940954541982
    ],
    "psi": [
        0.009864549044309247,
        0.009864549044309247,
        0.08233547003517117
    ]
}