{
    "cos_gwtheta": [
        -0.014874679137248409,
        0.013312164088344042,
        0.03937169839125029
    ],
    "cos_inc": [
        0.030705862042486043,
        0.05457219909085087,
        0.07903519456542485
    ],
    "gwphi": [
        3.0046647347295004,
        3.037376885123967,
        3.078216277852463
    ],
    "log10_Mc": [
        null,
        8.006282612783384,
        null
    ],
    "log10_fgw": [
        -7.653815567121402,
        -7.653815567121402,
        -7.647104595953778
    ],
    "log10_h": [
        -13.56084243328788,
        -13.502671580832798,
        -13.457236358796877
    ],
    "phase0": [
        1.890925534356303,
        2.842371816300248,
        4.38979955128065
    ],
    "psi": [
        1.53941032338198,
        1.5664548126228215,
        1.5972928727526496
    ]
}