{
    "cos_gwtheta": [
        -0.2802291315853489,
        -0.16068706871663951,
        -0.07326950156997758
    ],
    "cos_inc": [
        -0.12170353802226275,
        -0.04795555922825245,
        0.036825581747538916
    ],
    "gwphi": [
        3.177313004434133,
        3.2956551453529848,
        3.4424985348700945
    ],
    "log10_Mc": [
        null,
        9.430743812604206,
        null
    ],
    "log10_fgw": [
        -7.685273155502556,
        -7.661435398306091,
        -7.635430572273584
    ],
    "log10_h": [
        -14.351142644237198,
        -14.273873022336662,
        -14.192223745753505
    ],
    "phase0": [
        null,
        5.335495317191454,
        null
    ],
    "psi": [
        1.5213402045372837,
        1.6092642251471942,
        1.6953436858841695
    ]
}