{
    "cos_gwtheta": [
        0.07885461578819197,
        0.09304038973650264,
        0.10491499826626838
    ],
    "cos_inc": [
        -0.0718623504870406,
        -0.04537299527101857,
        -0.017451783016292688
    ],
    "gwphi": [
        3.0512162214354333,
        3.1381351531880135,
        3.233504536638761
    ],
    "log10_Mc": [
        null,
        8.57047311959968,
        null
    ],
    "log10_fgw": [
        -7.6568977094152615,
        -7.6568977094152615,
        -7.640430481113936
    ],
    "log10_h": [
        -12.704900608126886,
        -12.651909497565155,
        -12.59229449818321
    ],
    "phase0": [
        4.968621633740117,
        5.19109546110049,
        5.4102698884788225
    ],
    "psi": [
        3.090191174397721,
        3.1332988800150297,
        3.1332988800150297
    ]
}