{
    "cos_gwtheta": [
        -0.024855987462986007,
        0.0006967608741943465,
        0.025568102589049846
    ],
    "cos_inc": [
        -0.03015698489883556,
        -0.003545814745642084,
        0.022887947606530012
    ],
    "gwphi": [
        3.09369104020793,
        3.1751490992217106,
        3.2599095119792927
    ],
    "log10_Mc": [
        null,
        8.580004484766308,
        null
    ],
    "log10_fgw": [
        -7.67369256394906,
        -7.650943780074843,
        -7.628194996200626
    ],
    "log10_h": [
        -12.73057683482911,
        -12.671146361538266,
        -12.620413030680227
    ],
    "phase0": [
        5.1500155253184055,
        5.371020823904845,
        5.585328992231091
    ],
    "psi": [
        1.5447119546385517,
        1.562508975875709,
        1.5862836225665675
    ]
}