{
    "cos_gwtheta": [
        -0.0008002725711551417,
        0.015289333532181607,
        0.03243399577344207
    ],
    "cos_inc": [
        -0.025469622893807123,
        -0.006137256676871136,
        0.016975181146728316
    ],
    "gwphi": [
        3.063540990475233,
        3.1501250035843693,
        3.2208765114392635
    ],
    "log10_Mc": [
        null,
        9.535727412492893,
        null
    ],
    "log10_fgw": [
        -7.650865643954693,
        -7.650865643954693,
        -7.641792110778611
    ],
    "log10_h": [
        -13.584216209472912,
        -13.524460988791445,
        -13.448059670920143
    ],
    "phase0": [
        1.7447456395754941,
        2.542268068779344,
        4.347154380759865
    ],
    "psi": [
        0.009867745979728492,
        0.009867745979728492,
        0.061721884991569484
    ]
}