{
    "cos_gwtheta": [
        null,
        -0.161255225050844,
        null
    ],
    "cos_inc": [
        -0.2087324167618262,
        -0.008572314645022172,
        0.41361244890621074
    ],
    "gwphi": [
        3.100027291323848,
        3.279272850449779,
        3.5298444971171703
    ],
    "log10_Mc": [
        null,
        8.092201026757742,
        null
    ],
    "log10_fgw": [
        -7.6898303325784765,
        -7.664990011524845,
        -7.631360038406082
    ],
    "log10_h": [
        -14.60422264408047,
        -14.381070064803257,
        -14.2551100914175
    ],
    "phase0": [
        null,
        0.7712080532122466,
        null
    ],
    "psi": [
        null,
        0.2200892502855521,
        null
    ]
}