{
    "cos_gwtheta": [
        -0.023143056589358446,
        -0.009602034765749445,
        0.0014425975596522589
    ],
    "cos_inc": [
        -0.004491439609756176,
        0.017372638126391005,
        0.039673997417261075
    ],
    "gwphi": [
        3.064591152433557,
        3.1373829004460148,
        3.2125849712403416
    ],
    "log10_Mc": [
        null,
        8.570257943888516,
        null
    ],
    "log10_fgw": [
        -7.668819553251408,
        -7.648191350143198,
        -7.629711918192093
    ],
    "log10_h": [
        -12.7395568940169,
        -12.684304249534955,
        -12.654998979533481
    ],
    "phase0": [
        6.230152859993993,
        6.276782198862608,
        6.276782198862608
    ],
    "psi": [
        1.5353622316365678,
        1.5492545321492015,
        1.565254629980993
    ]
}