{
    "cos_gwtheta": [
        -0.06344507621060869,
        0.13435441976626628,
        0.36912949991570265
    ],
    "cos_inc": [
        -0.23629466969924384,
        0.019416069698290905,
        0.29560752928085365
    ],
    "gwphi": [
        2.707682690133017,
        3.3534203340327213,
        3.6394433910018362
    ],
    "log10_Mc": [
        null,
        9.086455343418157,
        null
    ],
    "log10_fgw": [
        -7.683082938389911,
        -7.64821788098904,
        -7.613352823588168
    ],
    "log10_h": [
        -14.628299267649536,
        -14.3791369045078,
        -14.257236141249495
    ],
    "phase0": [
        null,
        0.41112258743458063,
        null
    ],
    "psi": [
        null,
        1.6017148535348018,
        null
    ]
}