{
    "cos_gwtheta": [
        -0.0430563022878544,
        -0.00731273516238895,
        0.021512722196857292
    ],
    "cos_inc": [
        -0.0015056500571707376,
        0.03240776392234357,
        0.06227469100657512
    ],
    "gwphi": [
        3.0725389335446063,
        3.1592236715047495,
        3.239604064885973
    ],
    "log10_Mc": [
        null,
        8.847490906445731,
        null
    ],
    "log10_fgw": [
        -7.684011140153921,
        -7.656577902296981,
        -7.631976482541403
    ],
    "log10_h": [
        -13.524322073104944,
        -13.480635578724472,
        -13.45832758159402
    ],
    "phase0": [
        0.31582112519625977,
        1.8815850100700175,
        3.3074481728808625
    ],
    "psi": [
        1.5173546254309942,
        1.5658408924757312,
        1.6134347742374364
    ]
}