{
    "cos_gwtheta": [
        -0.0457833529699172,
        0.0012678306689657415,
        0.06763677669617052
    ],
    "cos_inc": [
        0.008352537044887032,
        0.04705458677554042,
        0.08367027263931226
    ],
    "gwphi": [
        2.964050915986613,
        3.097022163489921,
        3.216574294272712
    ],
    "log10_Mc": [
        null,
        9.72705800763975,
        null
    ],
    "log10_fgw": [
        -7.673921553050014,
        -7.650649450224736,
        -7.624865969396731
    ],
    "log10_h": [
        -14.049437937377137,
        -14.003703408858085,
        -13.958342223428986
    ]
}