{
    "cos_gwtheta": [
        -0.02663480657523387,
        0.002663439144881319,
        0.03196168486499651
    ],
    "cos_inc": [
        -0.040613801051406134,
        -0.02105159501301579,
        0.0032285548346334125
    ],
    "gwphi": [
        3.1488693308209106,
        3.1488693308209106,
        3.165403412435573
    ],
    "log10_Mc": [
        null,
        8.235647661387572,
        null
    ],
    "log10_fgw": [
        -7.66896112209888,
        -7.650999864681206,
        -7.632914736522721
    ],
    "log10_h": [
        -12.69351243367296,
        -12.665313879117587,
        -12.665313879117587
    ],
    "phase0": [
        2.3640604303690678,
        2.561207890763183,
        2.770418569887708
    ],
    "psi": [
        1.5566058519443673,
        1.5730208938504135,
        1.5876738691111778
    ]
}