{
    "cos_gwtheta": [
        -0.32549126422065366,
        -0.2567675143008815,
        -0.17707929145943646
    ],
    "cos_inc": [
        0.03542873702618432,
        0.1034655708387957,
        0.17584098535829829
    ],
    "gwphi": [
        2.7315228159098743,
        2.848617584867902,
        2.96571235382593
    ],
    "log10_Mc": [
        null,
        8.07333009502688,
        null
    ],
    "log10_fgw": [
        -7.683195572535131,
        -7.660396984109789,
        -7.63133313474313
    ],
    "log10_h": [
        -14.31411769026979,
        -14.214952593695633,
        -14.144976443676443
    ],
    "phase0": [
        null,
        1.431626876065688,
        null
    ],
    "psi": [
        null,
        0.009902677133231109,
        null
    ]
}