{
    "cos_gwtheta": [
        -0.020321525353022063,
        -0.0021843661047781238,
        0.01845447028115471
    ],
    "cos_inc": [
        0.0025806709012179407,
        0.02128306574205341,
        0.04088833481658416
    ],
    "gwphi": [
        3.0888066080979653,
        3.133533326586387,
        3.1809984155945084
    ],
    "log10_Mc": [
        null,
        9.49758934379027,
        null
    ],
    "log10_fgw": [
        -7.677827437469592,
        -7.6551844027301685,
        -7.632385209130473
    ],
    "log10_h": [
        -12.704908787427515,
        -12.664222241164891,
        -12.664222241164891
    ],
    "phase0": [
        2.4327514670287043,
        2.5063824527478955,
        2.7911994167999437
    ],
    "psi": [
        0.009812453932385425,
        0.009812453932385425,
        0.051973246341883474
    ]
}