{
    "cos_gwtheta": [
        -0.05753842189951963,
        -0.03394841813200977,
        -0.0038794696677894036
    ],
    "cos_inc": [
        -0.0562841740884521,
        -0.03312623374808088,
        -0.011708485456408013
    ],
    "gwphi": [
        3.0863451176580883,
        3.1610474494620715,
        3.2380134882904175
    ],
    "log10_Mc": [
        null,
        9.516797657817907,
        null
    ],
    "log10_fgw": [
        -7.653440625633353,
        -7.652583598375871,
        -7.65132851023484
    ],
    "log10_h": [
        -13.569173429014429,
        -13.515801188677903,
        -13.462428948341376
    ],
    "phase0": [
        null,
        5.365631789902153,
        null
    ],
    "psi": [
        null,
        3.133298939063039,
        null
    ]
}