{
    "cos_gwtheta": [
        -0.023986866964910925,
        -0.0026179376309094504,
        0.017116210223988126
    ],
    "cos_inc": [
        -0.04462803747008404,
        -0.0287481589048613,
        -0.0287481589048613
    ],
    "gwphi": [
        3.0623868258635047,
        3.1339904204800586,
        3.203512515253108
    ],
    "log10_Mc": [
        null,
        8.293165902581027,
        null
    ],
    "log10_fgw": [
        -7.670999309267476,
        -7.653037720350497,
        -7.634830082270272
    ],
    "log10_h": [
        -12.68146442571133,
        -12.657450269973175,
        -12.657450269973175
    ],
    "phase0": [
        0.019728109766456055,
        0.019728109766456055,
        0.1334264270573526
    ],
    "psi": [
        3.1157031020806683,
        3.137860773046098,
        3.137860773046098
    ]
}