{
    "cos_gwtheta": [
        null,
        -0.9005298462646099,
        null
    ],
    "cos_inc": [
        null,
        0.0015443391831687636,
        null
    ],
    "gwphi": [
        null,
        1.4233387101016721,
        null
    ],
    "log10_Mc": [
        null,
        8.981542232983015,
        null
    ],
    "log10_fgw": [
        -7.679585175776318,
        -7.646829973918045,
        -7.617801411792151
    ],
    "log10_h": [
        -14.600647538897306,
        -14.386423779865519,
        -14.242942354042631
    ],
    "phase0": [
        null,
        2.3318380571620114,
        null
    ],
    "psi": [
        null,
        1.4511698292005983,
        null
    ]
}