{
    "cos_gwtheta": [
        -0.09644712155878166,
        -0.013009559907128487,
        0.08832137160921483
    ],
    "cos_inc": [
        0.014283451872335706,
        0.09849839320125808,
        0.20489582490353275
    ],
    "gwphi": [
        2.837111620652812,
        2.9641405634442397,
        3.201549024486472
    ],
    "log10_Mc": [
        null,
        8.828581227371995,
        null
    ],
    "log10_fgw": [
        -7.675503556093142,
        -7.658281764683862,
        -7.636881156241447
    ],
    "log10_h": [
        -14.34221641726057,
        -14.256438575339711,
        -14.178147577476782
    ],
    "phase0": [
        null,
        1.1611987257790926,
        null
    ],
    "psi": [
        1.4817081933720528,
        1.560841501452779,
        1.6454322790563138
    ]
}