{
    "cos_gwtheta": [
        -0.006913913701553448,
        0.003742085537222023,
        0.012180651408391002
    ],
    "cos_inc": [
        -0.006285259208924865,
        0.015252255332813158,
        0.04442117266493084
    ],
    "gwphi": [
        3.1208799407903047,
        3.143323791301746,
        3.160479148301871
    ],
    "log10_Mc": [
        null,
        9.937395877311939,
        null
    ],
    "log10_fgw": [
        -7.651859409533662,
        -7.651124912769002,
        -7.65035192709091
    ],
    "log10_h": [
        -12.696348281777643,
        -12.67883792199287,
        -12.67883792199287
    ],
    "phase0": [
        5.383107683641714,
        5.667676916953227,
        5.9284990654265055
    ],
    "psi": [
        0.0076110612278844705,
        0.01220172251107956,
        0.015764623805499627
    ]
}