{
    "cos_gwtheta": [
        -0.01637523700528462,
        -8.21024709956597e-05,
        0.017068565459834845
    ],
    "cos_inc": [
        -0.04502998461166663,
        0.023045431793733417,
        0.09023904228714663
    ],
    "gwphi": [
        3.156720957162869,
        3.156720957162869,
        3.1713368180732013
    ],
    "log10_Mc": [
        null,
        8.18786896216913,
        null
    ],
    "log10_fgw": [
        -7.661624365180571,
        -7.651552992456143,
        -7.641428332045342
    ],
    "log10_h": [
        -12.697916566267292,
        -12.672125663513322,
        -12.672125663513322
    ],
    "phase0": [
        null,
        6.266596612692527,
        null
    ],
    "psi": [
        3.0879916336024387,
        3.1332854700758825,
        3.1332854700758825
    ]
}