{
    "cos_gwtheta": [
        -0.028411003869532214,
        0.014648683422859077,
        0.057082047990997475
    ],
    "cos_inc": [
        -0.09931581978595727,
        -0.05122170648736635,
        -0.0010770689783703435
    ],
    "gwphi": [
        3.053164305648304,
        3.160206677485408,
        3.24474270447471
    ],
    "log10_Mc": [
        null,
        9.163036677612153,
        null
    ],
    "log10_fgw": [
        -7.676886946503347,
        -7.649476697393549,
        -7.625229169334881
    ],
    "log10_h": [
        -14.028945031120642,
        -13.980927322428203,
        -13.92612177009861
    ]
}