{
    "cos_gwtheta": [
        -0.02790094368491558,
        -0.015574441104400816,
        -0.002367474053849239
    ],
    "cos_inc": [
        -0.023150011845752383,
        -0.01013916417275501,
        0.002595695822330324
    ],
    "gwphi": [
        3.155965972652976,
        3.2053514764239575,
        3.2471919726743725
    ],
    "log10_Mc": [
        8.134002108120427,
        8.206976363838113,
        9.62112597327728
    ],
    "log10_fgw": [
        -7.6469409183263926,
        -7.645042937618094,
        -7.643379653448995
    ],
    "log10_h": [
        -13.539593962847537,
        -13.522244777730211,
        -13.506296872949285
    ],
    "phase0": [
        1.7469983552517843,
        2.903079222087694,
        4.164712582978313
    ],
    "psi": [
        0.009864808097035388,
        0.009864808097035388,
        0.06203136308495522
    ]
}