{
    "cos_gwtheta": [
        -0.38915383322864927,
        -0.3242501867194848,
        -0.2447572479114304
    ],
    "cos_inc": [
        -0.08095482376899499,
        -0.022036162124249414,
        0.0355606064707743
    ],
    "gwphi": [
        2.677532442663052,
        2.7946548696069446,
        2.9009102672467653
    ],
    "log10_Mc": [
        8.536242119532988,
        9.028992450387985,
        9.994608110852825
    ],
    "log10_fgw": [
        -7.678759724789417,
        -7.650721212022912,
        -7.628256620469025
    ],
    "log10_h": [
        -14.290278146732508,
        -14.190140767420544,
        -14.110030863970977
    ],
    "phase0": [
        null,
        1.0724509675096332,
        null
    ],
    "psi": [
        null,
        3.118276465485574,
        null
    ]
}