{
    "cos_gwtheta": [
        -0.006560366431559217,
        0.028242931699721474,
        0.06837132462704498
    ],
    "cos_inc": [
        -0.0876410643327653,
        -0.05795287223387002,
        -0.026712356365097834
    ],
    "gwphi": [
        2.965132205199512,
        3.0469844283303225,
        3.148715048507186
    ],
    "log10_Mc": [
        null,
        8.00631920657094,
        null
    ],
    "log10_fgw": [
        -7.675843567272164,
        -7.6489763351952185,
        -7.62192381186257
    ],
    "log10_h": [
        -13.515781594632326,
        -13.46467255243985,
        -13.453208842041537
    ],
    "phase0": [
        3.548296590578757,
        4.554060888498067,
        6.266358988247648
    ],
    "psi": [
        1.5307654058361295,
        1.5696026419407936,
        1.622373848250948
    ]
}