{
    "cos_gwtheta": [
        -0.09634013236165662,
        -0.009049012383949728,
        0.2299576532497719
    ],
    "cos_inc": [
        -0.11941664336445612,
        -0.018610108983229123,
        0.08060578974701205
    ],
    "gwphi": [
        2.933599551825321,
        3.293438740859766,
        3.485852751662907
    ],
    "log10_Mc": [
        null,
        8.675477164528772,
        null
    ],
    "log10_fgw": [
        -7.682869262270173,
        -7.648588616921588,
        -7.614307971573002
    ],
    "log10_h": [
        -14.472201558913515,
        -14.334327354611151,
        -14.218513022997165
    ],
    "phase0": [
        null,
        2.2127239391206257,
        null
    ],
    "psi": [
        null,
        1.6766468069757796,
        null
    ]
}