{
    "cos_gwtheta": [
        null,
        -0.06748095020719147,
        null
    ],
    "cos_inc": [
        -0.146555100292996,
        -0.017248638498184476,
        0.10234000638259988
    ],
    "gwphi": [
        3.354395717921777,
        3.529076052303835,
        3.7087472533825223
    ],
    "log10_Mc": [
        null,
        9.335029512481892,
        null
    ],
    "log10_fgw": [
        -7.678494878578471,
        -7.647346987232922,
        -7.620327129680157
    ],
    "log10_h": [
        -14.499561242378702,
        -14.396475315922522,
        -14.305266680992814
    ],
    "phase0": [
        null,
        5.815869869698295,
        null
    ],
    "psi": [
        1.287141608083473,
        1.496425984485472,
        1.7356973760137275
    ]
}