{
    "cos_gwtheta": [
        -0.0003415309904514219,
        0.02385919860721053,
        0.043411200485547585
    ],
    "cos_inc": [
        -0.009505291011324357,
        0.018819494310910123,
        0.05174245906857233
    ],
    "gwphi": [
        3.0442064717272506,
        3.138139739760891,
        3.2272559171261395
    ],
    "log10_Mc": [
        null,
        9.91829896872069,
        null
    ],
    "log10_fgw": [
        -7.666840270119066,
        -7.643444474070803,
        -7.6226146685568645
    ],
    "log10_h": [
        -13.56439439904884,
        -13.528971272408468,
        -13.487245871703244
    ],
    "phase0": [
        0.3074410198603257,
        0.5603999707756124,
        2.5697060080459266
    ],
    "psi": [
        1.5313874929756142,
        1.5618720204580354,
        1.5916084613764712
    ]
}