{
    "cos_gwtheta": [
        -0.04204170532747353,
        -0.015977905419210625,
        0.014824767199645539
    ],
    "cos_inc": [
        null,
        -0.00898967821892882,
        null
    ],
    "gwphi": [
        3.052625606356394,
        3.133905528559585,
        3.2165035035552605
    ],
    "log10_Mc": [
        null,
        8.981280798606248,
        null
    ],
    "log10_fgw": [
        -7.676441005029222,
        -7.653943169050078,
        -7.631290175581423
    ],
    "log10_h": [
        -12.715344771484062,
        -12.679950719433858,
        -12.679950719433858
    ],
    "phase0": [
        4.861751576580858,
        5.1452837388632755,
        5.384241152780387
    ],
    "psi": [
        1.5328695782215487,
        1.582088405945116,
        1.6318393291035325
    ]
}