{
    "cos_gwtheta": [
        0.058605996585791575,
        0.10617316689127165,
        0.15919886493672497
    ],
    "cos_inc": [
        0.0293221464360941,
        0.08790810347929978,
        0.142240294664583
    ],
    "gwphi": [
        2.8982528824351412,
        2.993017781090991,
        3.106486278165759
    ],
    "log10_Mc": [
        null,
        9.650492382542382,
        null
    ],
    "log10_fgw": [
        -7.679776214773678,
        -7.651171102694686,
        -7.623339101752964
    ],
    "log10_h": [
        -14.124993207753494,
        -14.062081183962883,
        -14.005371754067122
    ]
}