{
    "cos_gwtheta": [
        -0.014704948698360809,
        0.004066089079200086,
        0.0221268713732857
    ],
    "cos_inc": [
        -0.06653953834780868,
        -0.04773367363017722,
        -0.02763085272512278
    ],
    "gwphi": [
        3.0844712685923117,
        3.1331661991519963,
        3.1903151107116257
    ],
    "log10_Mc": [
        null,
        9.99467201177255,
        null
    ],
    "log10_fgw": [
        -7.658116964209258,
        -7.648194453582662,
        -7.6369777024395535
    ],
    "log10_h": [
        -13.564424977801977,
        -13.528624296525926,
        -13.482921299152247
    ],
    "phase0": [
        1.498040554075086,
        2.933694128118408,
        4.2301517252001375
    ],
    "psi": [
        1.4900380457459315,
        1.5144894332725833,
        1.5395161475645684
    ]
}