{
    "cos_gwtheta": [
        -0.06782122965653137,
        -0.04951210328759087,
        -0.026156230547724424
    ],
    "cos_inc": [
        -0.10730234539572,
        -0.08610767212389013,
        -0.06491299885206023
    ],
    "gwphi": [
        3.1859749537520177,
        3.2200208931634107,
        3.261187551928821
    ],
    "log10_Mc": [
        null,
        8.54161098716855,
        null
    ],
    "log10_fgw": [
        -7.662827020908979,
        -7.6570333806220265,
        -7.65053622687166
    ],
    "log10_h": [
        -13.47190160761658,
        -13.442825801885885,
        -13.413749996155191
    ],
    "phase0": [
        null,
        5.395638548822504,
        null
    ],
    "psi": [
        null,
        3.1332985265298334,
        null
    ]
}