{
    "cos_gwtheta": [
        0.05994103898062076,
        0.07962028763305803,
        0.10164929731862216
    ],
    "cos_inc": [
        0.007433951144301787,
        0.03713684457183897,
        0.06683973799937637
    ],
    "gwphi": [
        3.0501915400166766,
        3.106422433788557,
        3.1629783616284826
    ],
    "log10_Mc": [
        null,
        9.994569606325596,
        null
    ],
    "log10_fgw": [
        -7.667186304330443,
        -7.651450043925606,
        -7.635151774220596
    ],
    "log10_h": [
        -12.673328298262826,
        -12.645968884182412,
        -12.645968884182412
    ],
    "phase0": [
        6.160141568390967,
        6.266643919625803,
        6.266643919625803
    ],
    "psi": [
        1.5384925943886059,
        1.5724236558440803,
        1.6043350112605381
    ]
}