{
    "cos_gwtheta": [
        -0.3692448891686363,
        -0.29208400581633065,
        -0.19788505938876955
    ],
    "cos_inc": [
        0.01344017451293611,
        0.08274657232623928,
        0.16206607577262577
    ],
    "gwphi": [
        2.6259542019184936,
        2.7500633159196215,
        2.8766179297040226
    ],
    "log10_Mc": [
        null,
        9.688839126648762,
        null
    ],
    "log10_fgw": [
        -7.678296829329343,
        -7.653702197633617,
        -7.62581673493635
    ],
    "log10_h": [
        -14.3657868366438,
        -14.268522749117315,
        -14.189945974703557
    ],
    "phase0": [
        null,
        0.020731183033135196,
        null
    ],
    "psi": [
        null,
        1.661388401431719,
        null
    ]
}