{
    "cos_gwtheta": [
        -0.03802756048067135,
        -0.006943146109036458,
        0.025343427934429563
    ],
    "cos_inc": [
        -0.08620414064304294,
        -0.02421302850702567,
        0.038141667864393436
    ],
    "gwphi": [
        3.0854496645156195,
        3.160518257726562,
        3.2351810747579854
    ],
    "log10_Mc": [
        null,
        8.503447959109748,
        null
    ],
    "log10_fgw": [
        -7.665741550823066,
        -7.649935916561962,
        -7.634130282300857
    ],
    "log10_h": [
        -12.70882920749322,
        -12.677541313368799,
        -12.677541313368799
    ],
    "phase0": [
        2.760795856463019,
        2.91876188109177,
        3.133144343087932
    ],
    "psi": [
        0.010345978508709117,
        0.010345978508709117,
        0.05500783730698803
    ]
}