{
    "cos_gwtheta": [
        -0.29199214708360843,
        -0.22105594579709764,
        -0.11118193836962176
    ],
    "cos_inc": [
        -0.3054336427462828,
        -0.12142194565927622,
        0.002238648203052973
    ],
    "gwphi": [
        3.3265887234424723,
        3.526238085875891,
        3.704287955882302
    ],
    "log10_Mc": [
        8.006372436735743,
        8.752070940170936,
        9.492201561447146
    ],
    "log10_fgw": [
        -7.6775156831337075,
        -7.652342903996192,
        -7.6246883015634275
    ],
    "log10_h": [
        -14.493768588956982,
        -14.375644368508055,
        -14.288029052678388
    ],
    "phase0": [
        0.943537346235278,
        3.473493031396531,
        5.498706940357712
    ],
    "psi": [
        null,
        1.586408443206701,
        null
    ]
}