{
    "cos_gwtheta": [
        -0.04835924043009532,
        -8.050009461280094e-05,
        0.04333143173930898
    ],
    "cos_inc": [
        -0.052564256850054725,
        -0.01112836103297643,
        0.01889510585143206
    ],
    "gwphi": [
        3.0384646633333903,
        3.1270872015716513,
        3.2249412542097313
    ],
    "log10_Mc": [
        null,
        9.468918087373297,
        null
    ],
    "log10_fgw": [
        -7.68800127592872,
        -7.66339090332653,
        -7.638610804016739
    ],
    "log10_h": [
        -13.493040816445456,
        -13.435961265260094,
        -13.381120127846705
    ],
    "phase0": [
        null,
        1.8394070545586878,
        null
    ],
    "psi": [
        1.5421492860644779,
        1.5686144883464008,
        1.5982555149021545
    ]
}