{
    "cos_gwtheta": [
        -0.20867273253783114,
        -0.00926163361854282,
        0.20247597390791983
    ],
    "cos_inc": [
        -0.07096208036436957,
        0.07749387950231823,
        0.3682449762693384
    ],
    "gwphi": [
        2.841957787510748,
        3.2323169672887806,
        3.507129829852515
    ],
    "log10_Mc": [
        null,
        9.526219667327247,
        null
    ],
    "log10_fgw": [
        -7.6913206301874855,
        -7.6584080201770135,
        -7.620736960526474
    ],
    "log10_h": [
        -14.673844238466538,
        -14.421447447385116,
        -14.269877572845358
    ],
    "phase0": [
        null,
        5.395655518704749,
        null
    ],
    "psi": [
        null,
        3.1332468359445587,
        null
    ]
}