{
    "cos_gwtheta": [
        -0.225264547155134,
        -0.15698053605202966,
        -0.08968614829824562
    ],
    "cos_inc": [
        -0.20857232631213962,
        -0.12029864515888511,
        -0.04387121558896778
    ],
    "gwphi": [
        3.3607044068801857,
        3.4924426972079035,
        3.613715796247905
    ],
    "log10_Mc": [
        null,
        9.354138165725848,
        null
    ],
    "log10_fgw": [
        -7.681192961362658,
        -7.651539131646292,
        -7.623823460734917
    ],
    "log10_h": [
        -14.338813238536025,
        -14.262904650646867,
        -14.199878721276757
    ],
    "phase0": [
        null,
        5.095032948473122,
        null
    ],
    "psi": [
        1.5913849543903507,
        1.6778583633960673,
        1.7699307701071902
    ]
}