{
    "cos_gwtheta": [
        -0.014892174997588825,
        0.004955306589727926,
        0.021456410467555254
    ],
    "cos_inc": [
        -0.04063662747763319,
        -0.014361582433281672,
        0.009539211552845206
    ],
    "gwphi": [
        3.091364914241418,
        3.1693579454320577,
        3.2384656945883203
    ],
    "log10_Mc": [
        null,
        9.478447586913548,
        null
    ],
    "log10_fgw": [
        -7.671801370956275,
        -7.654442485767662,
        -7.63672195713762
    ],
    "log10_h": [
        -13.499411580550873,
        -13.45619681265882,
        -13.415491289354051
    ],
    "phase0": [
        null,
        5.557564481495046,
        null
    ],
    "psi": [
        0.00966763971722058,
        0.00966763971722058,
        0.06470346673161453
    ]
}