{
    "cos_gwtheta": [
        0.2703857163011657,
        0.32552562644838023,
        0.37747717444422524
    ],
    "cos_inc": [
        -0.02441154882707164,
        0.013165732224541205,
        0.046339425652918265
    ],
    "gwphi": [
        3.295762572235462,
        3.3904248046934944,
        3.4911551289757594
    ],
    "log10_Mc": [
        null,
        9.50729503065535,
        null
    ],
    "log10_fgw": [
        -7.684654339891147,
        -7.663173110557498,
        -7.635314641265421
    ],
    "log10_h": [
        -14.013017348799542,
        -13.939471132933424,
        -13.878973439237102
    ]
}