{
    "cos_gwtheta": [
        0.08818991668140508,
        0.1383450231204737,
        0.18217140950413935
    ],
    "cos_inc": [
        -0.10317480087185116,
        -0.057175677301240735,
        -0.017490158926596333
    ],
    "gwphi": [
        3.1521006679315815,
        3.220929303904976,
        3.29611135242976
    ],
    "log10_Mc": [
        null,
        9.18215299666083,
        null
    ],
    "log10_fgw": [
        -7.66806286303647,
        -7.651047398056569,
        -7.636779772141746
    ],
    "log10_h": [
        -14.029179552559773,
        -13.977644351580377,
        -13.93769939660438
    ]
}