{
    "cos_gwtheta": [
        -0.7588935455304947,
        -0.7519949547906075,
        -0.7438028782869915
    ],
    "cos_inc": [
        0.49606479708630663,
        0.519570810665543,
        0.5461078628378916
    ],
    "gwphi": [
        3.5897372414189075,
        3.6162340406513125,
        3.6468602111926645
    ],
    "log10_Mc": [
        null,
        9.803394400043866,
        null
    ],
    "log10_fgw": [
        -7.903950991217841,
        -7.899887344848067,
        -7.89644156283861
    ],
    "log10_h": [
        -13.517608226748695,
        -13.475979549203721,
        -13.433703793769448
    ],
    "phase0": [
        0.01974803183651974,
        0.01974803183651974,
        0.43016376785886073
    ],
    "psi": [
        2.9071100864155404,
        2.996067991778962,
        3.0897078921615115
    ]
}