{
    "cos_gwtheta": [
        -0.5456176429174482,
        -0.5456176429174482,
        -0.5310602908329529
    ],
    "cos_inc": [
        0.26310847797551595,
        0.2772915486274421,
        0.29389970389860953
    ],
    "gwphi": [
        2.7524543124086094,
        2.760410626717391,
        2.768869756428587
    ],
    "log10_Mc": [
        null,
        9.134449688630797,
        null
    ],
    "log10_fgw": [
        -7.911631925919877,
        -7.907818384636013,
        -7.903701780468663
    ],
    "log10_h": [
        -13.308274240710638,
        -13.255227869132083,
        -13.255227869132083
    ],
    "phase0": [
        2.2244380626839986,
        2.666107308299411,
        3.079852260198359
    ],
    "psi": [
        1.9514380934833246,
        1.965277058981227,
        1.9766683162958267
    ]
}