{
    "cos_gwtheta": [
        0.0002834566657349269,
        0.034766887497774235,
        0.06130750561007403
    ],
    "cos_inc": [
        -0.014112652678510806,
        0.022894898075086823,
        0.057964880726401824
    ],
    "gwphi": [
        3.0112090833392733,
        3.10469285556806,
        3.185636121766156
    ],
    "log10_Mc": [
        null,
        9.82262124194044,
        null
    ],
    "log10_fgw": [
        -7.67630608118946,
        -7.654580888044536,
        -7.634014371867341
    ],
    "log10_h": [
        -13.510100880853495,
        -13.46781546816801,
        -13.431353794954177
    ],
    "phase0": [
        null,
        0.020056973520247007,
        null
    ],
    "psi": [
        1.4833640417540015,
        1.5322987403326822,
        1.5779107124646625
    ]
}