{
    "cos_gwtheta": [
        -0.20335320939541235,
        -0.05767637166846884,
        0.029961885290768042
    ],
    "cos_inc": [
        0.032556447641950204,
        0.10323869273565434,
        0.17982753212688252
    ],
    "gwphi": [
        2.889787121409443,
        2.9987630170106767,
        3.200524103723818
    ],
    "log10_Mc": [
        null,
        9.545458384085666,
        null
    ],
    "log10_fgw": [
        -7.674234617245643,
        -7.650918763327971,
        -7.621597310673929
    ],
    "log10_h": [
        -14.259095286929849,
        -14.191991355822505,
        -14.126866891709478
    ],
    "phase0": [
        null,
        4.074331329097336,
        null
    ],
    "psi": [
        null,
        3.1029806065777974,
        null
    ]
}