{
    "cos_gwtheta": [
        -0.3588738745865412,
        -0.2706119629405248,
        -0.16023564771136023
    ],
    "cos_inc": [
        0.01716915106590955,
        0.13934915215359533,
        0.2933936975249495
    ],
    "gwphi": [
        3.2837415949745052,
        3.5389734032167968,
        3.7145971950787544
    ],
    "log10_Mc": [
        null,
        9.994718401324523,
        null
    ],
    "log10_fgw": [
        -7.6717772992701745,
        -7.642621865186529,
        -7.620796940243913
    ],
    "log10_h": [
        -14.455491124783947,
        -14.332834473583857,
        -14.24329119946494
    ],
    "phase0": [
        null,
        2.302524611490254,
        null
    ],
    "psi": [
        null,
        1.7819880334412184,
        null
    ]
}