{
    "cos_gwtheta": [
        -0.018480486373394056,
        -0.0012812578301242272,
        0.016596887629327317
    ],
    "cos_inc": [
        -0.010430408152481085,
        0.01599870149366389,
        0.04739435523438651
    ],
    "gwphi": [
        3.069007911784312,
        3.1441210898905534,
        3.21630778053811
    ],
    "log10_Mc": [
        null,
        9.526404538982934,
        null
    ],
    "log10_fgw": [
        -7.650008447759882,
        -7.650008447759882,
        -7.634526821599754
    ],
    "log10_h": [
        -12.718458756175504,
        -12.668098445429191,
        -12.617408982325058
    ],
    "phase0": [
        4.1602163364925975,
        4.55917755130488,
        4.944557107740574
    ],
    "psi": [
        1.5462668604748449,
        1.5892141683195227,
        1.6286936811208412
    ]
}