{
    "cos_gwtheta": [
        -0.05286004941486622,
        -0.022768931251988755,
        0.0011077168555118089
    ],
    "cos_inc": [
        -0.026311235061754812,
        -0.0003909481477832877,
        0.03341050708462534
    ],
    "gwphi": [
        3.1220132207339306,
        3.1770217888529784,
        3.2514694750291326
    ],
    "log10_Mc": [
        null,
        9.44028963664056,
        null
    ],
    "log10_fgw": [
        -7.653534958463705,
        -7.653534958463705,
        -7.635341464454756
    ],
    "log10_h": [
        -13.601182756515696,
        -13.565161418280127,
        -13.524716406927912
    ],
    "phase0": [
        0.019777397542158046,
        2.0020294466936646,
        2.9928431088286436
    ],
    "psi": [
        1.461549850034094,
        1.5123018011939364,
        1.5537200601864516
    ]
}