{
    "cos_gwtheta": [
        -0.04105415437810187,
        -0.015767774860026347,
        0.009202524914073223
    ],
    "cos_inc": [
        -0.05596889131538835,
        -0.034413526100522174,
        -0.010582872335197863
    ],
    "gwphi": [
        3.0928453522354125,
        3.1441055476412574,
        3.200691477634722
    ],
    "log10_Mc": [
        null,
        9.8799757503676,
        null
    ],
    "log10_fgw": [
        -7.6602461503892805,
        -7.659255998859445,
        -7.6582229407633164
    ],
    "log10_h": [
        -13.532915883768846,
        -13.50054774447408,
        -13.467771603423497
    ],
    "phase0": [
        0.019822624386796748,
        1.4610583259577354,
        2.356286223812593
    ],
    "psi": [
        1.5291711128886925,
        1.56028248469344,
        1.5882158131417883
    ]
}