{
    "cos_gwtheta": [
        -0.05166737697720891,
        -0.013031890671133084,
        0.022059055606862277
    ],
    "cos_inc": [
        -0.09922749693366273,
        -0.05133200560400908,
        -0.009423450690562163
    ],
    "gwphi": [
        3.099621907809986,
        3.205216191623092,
        3.2883436065397933
    ],
    "log10_Mc": [
        null,
        8.512992982636346,
        null
    ],
    "log10_fgw": [
        -7.679366271667275,
        -7.656557709744585,
        -7.62782936839158
    ],
    "log10_h": [
        -14.033430179985782,
        -13.953859385314345,
        -13.891493086788085
    ]
}