{
    "cos_gwtheta": [
        -0.029901265896927542,
        -0.010881241443949197,
        0.012142998683340456
    ],
    "cos_inc": [
        -0.014533833548833308,
        0.009337660991910135,
        0.031733950813843614
    ],
    "gwphi": [
        3.0741273369672335,
        3.149150445308284,
        3.2447354426020674
    ],
    "log10_Mc": [
        null,
        9.11532429531007,
        null
    ],
    "log10_fgw": [
        -7.661916848008966,
        -7.6607549627388485,
        -7.6593842418809635
    ],
    "log10_h": [
        -13.526972989701648,
        -13.497463569533831,
        -13.461931818719519
    ],
    "phase0": [
        2.047086046823252,
        3.472320555776128,
        4.87881841474277
    ],
    "psi": [
        1.5574446856602786,
        1.5727948657922566,
        1.5858223212990012
    ]
}