{
    "cos_gwtheta": [
        null,
        -0.023442876661367018,
        null
    ],
    "cos_inc": [
        -0.015621846906159753,
        0.03679003882996057,
        0.08509850290702514
    ],
    "gwphi": [
        2.9079829053638515,
        3.0252360999116967,
        3.1851814832436296
    ],
    "log10_Mc": [
        null,
        8.417353628914002,
        null
    ],
    "log10_fgw": [
        -7.672337703220296,
        -7.654049212979935,
        -7.63193924716696
    ],
    "log10_h": [
        -14.178033939077855,
        -14.114675901788937,
        -14.064197203227602
    ]
}