{
    "cos_gwtheta": [
        -0.01905410352712955,
        -0.0026782465067552996,
        0.012359505465261655
    ],
    "cos_inc": [
        0.0005828456077233701,
        0.02372008116928348,
        0.054912502444868116
    ],
    "gwphi": [
        3.084547040833584,
        3.131127558312151,
        3.1798674375281344
    ],
    "log10_Mc": [
        null,
        9.994658637873389,
        null
    ],
    "log10_fgw": [
        -7.651283097398334,
        -7.651283097398334,
        -7.637135640933198
    ],
    "log10_h": [
        -13.513319527282125,
        -13.49496838690959,
        -13.477729436862663
    ],
    "phase0": [
        null,
        0.4708345911063917,
        null
    ],
    "psi": [
        1.5716748365585258,
        1.5837034458758223,
        1.5970722902145449
    ]
}