{
    "cos_gwtheta": [
        0.014061751001967382,
        0.022815562318064975,
        0.033114163866415025
    ],
    "cos_inc": [
        0.009809457161932156,
        0.04430513934239788,
        0.08713404811702108
    ],
    "gwphi": [
        3.099265589309999,
        3.139988696502011,
        3.175409315778397
    ],
    "log10_Mc": [
        null,
        8.474790301665108,
        null
    ],
    "log10_fgw": [
        -7.669948533382136,
        -7.652424709527047,
        -7.635718664118528
    ],
    "log10_h": [
        -13.548196382449811,
        -13.509111678587736,
        -13.470925473665018
    ],
    "phase0": [
        3.4289889826328395,
        4.975100695088482,
        5.744096055909855
    ],
    "psi": [
        1.5740554319866358,
        1.599149346120789,
        1.6310170775672288
    ]
}