{
    "cos_gwtheta": [
        0.08901026645312393,
        0.16494509652216116,
        0.2398937599669254
    ],
    "cos_inc": [
        -0.24247616935216243,
        -0.145085365559953,
        -0.06812481185042707
    ],
    "gwphi": [
        3.1000958432783188,
        3.2454784716274054,
        3.3657754699868456
    ],
    "log10_Mc": [
        null,
        9.258742370481283,
        null
    ],
    "log10_fgw": [
        -7.680324645102489,
        -7.652600693473309,
        -7.623336522309174
    ],
    "log10_h": [
        -14.335970070909474,
        -14.251068748989027,
        -14.175897690929126
    ],
    "phase0": [
        null,
        5.606148139199813,
        null
    ],
    "psi": [
        null,
        3.1332649732661384,
        null
    ]
}