{
    "cos_gwtheta": [
        -0.03036513185620182,
        -0.009994678190797468,
        0.014347373359056892
    ],
    "cos_inc": [
        -0.010503643384354167,
        0.019124243330876478,
        0.054224797018984194
    ],
    "gwphi": [
        3.070620560459671,
        3.16566999946332,
        3.2451557876359622
    ],
    "log10_Mc": [
        null,
        9.841792159479906,
        null
    ],
    "log10_fgw": [
        -7.6722082007626184,
        -7.648425261630051,
        -7.624642322497484
    ],
    "log10_h": [
        -13.566996013707085,
        -13.507797051940795,
        -13.460638556974427
    ],
    "phase0": [
        2.264215533255677,
        3.473863685622677,
        4.865146312880697
    ],
    "psi": [
        1.5139102835195701,
        1.5617898009192537,
        1.602944666998757
    ]
}