{
    "cos_gwtheta": [
        -0.06375065244804756,
        -0.011441356578921758,
        0.03632788719590263
    ],
    "cos_inc": [
        -0.052017159667243296,
        -0.0035715660129590487,
        0.043136934641769153
    ],
    "gwphi": [
        2.9554097578633773,
        3.1183964732573775,
        3.2243666345029465
    ],
    "log10_Mc": [
        null,
        9.698190000536881,
        null
    ],
    "log10_fgw": [
        -7.6716151475652925,
        -7.653322447151539,
        -7.632924112157786
    ],
    "log10_h": [
        -14.073709286084272,
        -14.020556105591613,
        -13.977483700709628
    ]
}