{
    "cos_gwtheta": [
        null,
        0.19183226394287867,
        null
    ],
    "cos_inc": [
        -0.10553388046639811,
        -0.05163234568845765,
        0.0012457422266104468
    ],
    "gwphi": [
        3.163530266108231,
        3.26032408451458,
        3.365510430528416
    ],
    "log10_Mc": [
        null,
        9.134164432382525,
        null
    ],
    "log10_fgw": [
        -7.675979385074216,
        -7.65124534969512,
        -7.6215275907694915
    ],
    "log10_h": [
        -14.08123902088656,
        -14.011152632241188,
        -13.952169037836669
    ]
}