{
    "cos_gwtheta": [
        0.7562928087424483,
        0.8418370964996134,
        0.9240305711418662
    ],
    "cos_inc": [
        0.49656397709623323,
        0.7585326328680199,
        0.994966437716203
    ],
    "gwphi": [
        0.8459337223099939,
        1.1244013874351273,
        1.3036378133174515
    ],
    "log10_Mc": [
        null,
        9.77475575287962,
        null
    ],
    "log10_fgw": [
        -7.684503908336136,
        -7.663066842158501,
        -7.636830432806767
    ],
    "log10_h": [
        -14.77208934218959,
        -14.667282453536325,
        -14.502805737574759
    ]
}