{
    "cos_gwtheta": [
        -0.9810715505298995,
        -0.9655494006363621,
        -0.9508356960497799
    ],
    "cos_inc": [
        -0.007666530652266856,
        0.005196817351786676,
        0.016690104621680746
    ],
    "gwphi": [
        1.609547836512799,
        1.630152120777626,
        1.6488556408113804
    ],
    "log10_Mc": [
        null,
        8.637266571214937,
        null
    ],
    "log10_fgw": [
        -7.6592821555482935,
        -7.654043333501954,
        -7.654043333501954
    ],
    "log10_h": [
        -12.963665681584967,
        -12.942837476008323,
        -12.92293684233995
    ],
    "phase0": [
        1.166745518106064,
        1.779743403780601,
        2.389730494338858
    ],
    "psi": [
        3.0798789240945843,
        3.1332947459613525,
        3.1332947459613525
    ]
}