{
    "cos_gwtheta": [
        -0.02753810212079888,
        0.006334813368147563,
        0.04059484789125345
    ],
    "cos_inc": [
        0.0070175756552001145,
        0.03907778997536693,
        0.07533636569460311
    ],
    "gwphi": [
        3.054306911833693,
        3.1505667360856418,
        3.233726110883183
    ],
    "log10_Mc": [
        null,
        8.493884663878234,
        null
    ],
    "log10_fgw": [
        -7.673362805630443,
        -7.647103818864278,
        -7.620663735637656
    ],
    "log10_h": [
        -13.551590427378084,
        -13.505743675328326,
        -13.454283035272477
    ],
    "phase0": [
        0.019860612192305657,
        0.9206382057384781,
        2.6678468944684672
    ],
    "psi": [
        3.0757464128421,
        3.1346135054311435,
        3.1346135054311435
    ]
}