{
    "cos_gwtheta": [
        -0.03532107066282145,
        -0.017902343713024238,
        0.0015523383348011732
    ],
    "cos_inc": [
        -0.025575419360939877,
        -0.005706042291527158,
        0.010479686220073114
    ],
    "gwphi": [
        3.058488629370797,
        3.137494325436702,
        3.217500093604706
    ],
    "log10_Mc": [
        null,
        8.866570877127376,
        null
    ],
    "log10_fgw": [
        -7.665552928786995,
        -7.648730784884796,
        -7.633337973471019
    ],
    "log10_h": [
        -12.702044316743336,
        -12.660587925214289,
        -12.62742281199105
    ],
    "phase0": [
        0.5918205512330036,
        0.8139057808590984,
        1.0691226065133286
    ],
    "psi": [
        1.5518528397764837,
        1.5732746193868685,
        1.5896352093090855
    ]
}