{
    "cos_gwtheta": [
        -0.19742106619898636,
        -0.07450158454986533,
        -0.007888387196537283
    ],
    "cos_inc": [
        -0.03488180104103755,
        0.0468092368394355,
        0.13285965725181326
    ],
    "gwphi": [
        3.138338415355582,
        3.2616024347325494,
        3.4223290482338893
    ],
    "log10_Mc": [
        null,
        8.168750176879088,
        null
    ],
    "log10_fgw": [
        -7.671856065447072,
        -7.647608115055082,
        -7.625522402277665
    ],
    "log10_h": [
        -14.317854336072145,
        -14.236776395788972,
        -14.16905468232739
    ],
    "phase0": [
        0.1971768586481303,
        2.481679921329153,
        4.729960682852303
    ],
    "psi": [
        null,
        1.6466768688116182,
        null
    ]
}