{
    "cos_gwtheta": [
        -0.10951718788853038,
        -0.07804833449108084,
        -0.04835738241552101
    ],
    "cos_inc": [
        0.004114268932583931,
        0.03153161673029692,
        0.060561749692581324
    ],
    "gwphi": [
        3.1016875503115626,
        3.1652521707047923,
        3.231885427944592
    ],
    "log10_Mc": [
        null,
        9.99471852586868,
        null
    ],
    "log10_fgw": [
        -7.682128831428395,
        -7.656158439688963,
        -7.630008941799605
    ],
    "log10_h": [
        -13.534356265995042,
        -13.491359711515921,
        -13.4679070454364
    ],
    "phase0": [
        0.12657113967879946,
        1.8214908887968462,
        2.4518535968175277
    ],
    "psi": [
        2.9561063923593047,
        3.0032539614218443,
        3.0595363719902506
    ]
}