{
    "cos_gwtheta": [
        -0.9553619513115676,
        -0.9553619513115676,
        -0.9175266067775459
    ],
    "cos_inc": [
        null,
        0.24112010135289408,
        null
    ],
    "gwphi": [
        null,
        1.827261620231892,
        null
    ],
    "log10_Mc": [
        null,
        8.646837563635728,
        null
    ],
    "log10_fgw": [
        -7.683734192360797,
        -7.668065363265246,
        -7.649055386789026
    ],
    "log10_h": [
        null,
        -14.152469538301549,
        null
    ]
}