{
    "cos_gwtheta": [
        -0.0563379584889635,
        -0.02297622737064592,
        0.011805151880366016
    ],
    "cos_inc": [
        0.00456670753913524,
        0.05045530792124875,
        0.09885042849230119
    ],
    "gwphi": [
        3.1005444602115553,
        3.2048963940954955,
        3.2986958852271275
    ],
    "log10_Mc": [
        null,
        9.717483503768964,
        null
    ],
    "log10_fgw": [
        -7.667147557516499,
        -7.649265019461202,
        -7.631012497859934
    ],
    "log10_h": [
        -14.067132535541404,
        -13.997515847551556,
        -13.944458468840844
    ]
}