{
    "cos_gwtheta": [
        -0.06136268180555349,
        -0.033209274420591295,
        0.0004236552070816524
    ],
    "cos_inc": [
        -0.030628712567466354,
        -0.0028244747175111273,
        0.03207871747711355
    ],
    "gwphi": [
        3.0947794837169162,
        3.169337590915375,
        3.2382330570607865
    ],
    "log10_Mc": [
        null,
        9.134399979312354,
        null
    ],
    "log10_fgw": [
        -7.670701702010113,
        -7.6506478014441806,
        -7.630455598115724
    ],
    "log10_h": [
        -13.600907487472739,
        -13.539313698184161,
        -13.492402149365535
    ],
    "phase0": [
        1.2864196836854687,
        3.203497083889206,
        4.006183450543426
    ],
    "psi": [
        3.059264132758166,
        3.133120121474608,
        3.133120121474608
    ]
}