{
    "cos_gwtheta": [
        -0.02958054508070962,
        0.010975361461959876,
        0.07058311247351123
    ],
    "cos_inc": [
        -0.04310461227945439,
        0.0026898839444677858,
        0.04577998078508749
    ],
    "gwphi": [
        2.955084378622353,
        3.0972846112816916,
        3.211902902261417
    ],
    "log10_Mc": [
        null,
        9.99471392319888,
        null
    ],
    "log10_fgw": [
        -7.679971371577308,
        -7.654909152881356,
        -7.628802675073073
    ],
    "log10_h": [
        -14.087627753237728,
        -14.036338207334078,
        -13.98381771232874
    ]
}