{
    "cos_gwtheta": [
        0.14869790593956234,
        0.20193391255836257,
        0.2520705626274382
    ],
    "cos_inc": [
        -0.03891793285855338,
        0.008162333419822976,
        0.0562275425073705
    ],
    "gwphi": [
        3.2521494373395186,
        3.3487546331245177,
        3.462135581470984
    ],
    "log10_Mc": [
        null,
        9.516828288440124,
        null
    ],
    "log10_fgw": [
        -7.666964332153891,
        -7.647023742613959,
        -7.621795875544499
    ],
    "log10_h": [
        -14.098672447676682,
        -14.031277519971805,
        -13.977714739001117
    ]
}