{
    "cos_gwtheta": [
        -0.11725312493196072,
        -0.04154905567893652,
        0.02800735133776333
    ],
    "cos_inc": [
        -0.0285569254160164,
        0.02471114486143311,
        0.07354020928242844
    ],
    "gwphi": [
        3.199321700553507,
        3.299147994673035,
        3.4091837961456983
    ],
    "log10_Mc": [
        null,
        8.101939918676756,
        null
    ],
    "log10_fgw": [
        -7.672617943784931,
        -7.653094600415694,
        -7.627668850911573
    ],
    "log10_h": [
        -14.109392024708745,
        -14.046539399055092,
        -13.965153306862542
    ]
}