{
    "cos_gwtheta": [
        -0.804470202525032,
        -0.79775617729783,
        -0.7913219031217613
    ],
    "cos_inc": [
        0.05682807164518153,
        0.06292126850746405,
        0.06986843614211194
    ],
    "gwphi": [
        1.9162437827018965,
        1.959744822944815,
        1.998258482777717
    ],
    "log10_Mc": [
        null,
        8.30263576614067,
        null
    ],
    "log10_fgw": [
        -7.964800263504686,
        -7.963375629586952,
        -7.962165156323519
    ],
    "log10_h": [
        -13.477564422716705,
        -13.469907843042497,
        -13.463932848623841
    ],
    "phase0": [
        null,
        3.4542877071950624,
        null
    ],
    "psi": [
        3.019240331279657,
        3.0729020793172523,
        3.1328035654987545
    ]
}