{
    "cos_gwtheta": [
        -0.059393782851339894,
        -0.02032337601788181,
        0.01624251755702122
    ],
    "cos_inc": [
        -0.22858898219140467,
        -0.1803283743338422,
        -0.1339062658232344
    ],
    "gwphi": [
        3.071370096551017,
        3.1675160245284646,
        3.241762046688827
    ],
    "log10_Mc": [
        null,
        8.426969843435893,
        null
    ],
    "log10_fgw": [
        -7.662570117567497,
        -7.662570117567497,
        -7.647040992561496
    ],
    "log10_h": [
        -14.116086198973822,
        -14.03811703794531,
        -13.968903772005564
    ]
}