{
    "cos_gwtheta": [
        -0.05096265103391506,
        -0.016219800022701403,
        0.019770230255581445
    ],
    "cos_inc": [
        0.10261420075355376,
        0.14839943777513342,
        0.19066273348736074
    ],
    "gwphi": [
        3.065833284445159,
        3.16669033497868,
        3.2544180653244053
    ],
    "log10_Mc": [
        null,
        8.417336410926197,
        null
    ],
    "log10_fgw": [
        -7.683055975497108,
        -7.656795204793456,
        -7.630353325326331
    ],
    "log10_h": [
        -13.98962824939799,
        -13.939070430352483,
        -13.886659706944052
    ]
}