{
    "cos_gwtheta": [
        -0.08846890709311572,
        -0.06157512499710516,
        -0.025716748869091144
    ],
    "cos_inc": [
        -0.03089043309012851,
        0.0013662676846111221,
        0.03111196780023917
    ],
    "gwphi": [
        2.8371063070585376,
        2.911519961230246,
        3.0122301698836855
    ],
    "log10_Mc": [
        8.521331241861947,
        8.780646168319326,
        9.99469342753887
    ],
    "log10_fgw": [
        -7.652138289165004,
        -7.652138289165004,
        -7.637513112562389
    ],
    "log10_h": [
        -13.499820839500831,
        -13.456948963149594,
        -13.433956224994741
    ],
    "phase0": [
        null,
        0.8907049105846633,
        null
    ],
    "psi": [
        1.5188200745023632,
        1.5540341040185597,
        1.599309284825098
    ]
}