{
    "cos_gwtheta": [
        -0.656029984341713,
        -0.6478457969178395,
        -0.6361946967657974
    ],
    "cos_inc": [
        -0.09658419173404476,
        -0.05664949059215518,
        -0.013657587448972719
    ],
    "gwphi": [
        4.519930328248408,
        4.567884190515592,
        4.620488124275352
    ],
    "log10_Mc": [
        null,
        9.478467627132419,
        null
    ],
    "log10_fgw": [
        -7.928111072793138,
        -7.927228023440663,
        -7.926141193468387
    ],
    "log10_h": [
        -13.447911985093334,
        -13.425254074520595,
        -13.414212656170427
    ],
    "phase0": [
        2.5495831870437775,
        3.1605014666987246,
        3.7771948009891676
    ],
    "psi": [
        3.0435823045030985,
        3.120421690908403,
        3.120421690908403
    ]
}