{
    "cos_gwtheta": [
        -0.8078196119951147,
        -0.7923832455538272,
        -0.7767694496132146
    ],
    "cos_inc": [
        0.04072534061017881,
        0.04072534061017881,
        0.06444341338966655
    ],
    "gwphi": [
        3.07665847103485,
        3.0918193550289814,
        3.109234934591471
    ],
    "log10_Mc": [
        null,
        8.006308533298226,
        null
    ],
    "log10_fgw": [
        -7.890845499124021,
        -7.884861327281378,
        -7.877662975644575
    ],
    "log10_h": [
        -13.226321711512043,
        -13.188086268312214,
        -13.188086268312214
    ],
    "phase0": [
        null,
        2.329210115806881,
        null
    ],
    "psi": [
        0.3011254300122479,
        0.3122511765773617,
        0.3255239970410062
    ]
}