{
    "cos_gwtheta": [
        -0.05892409654844322,
        -0.029421604211170016,
        0.0010325814273055567
    ],
    "cos_inc": [
        -0.035722729747019066,
        -0.010575686107125448,
        0.017052973681441874
    ],
    "gwphi": [
        3.120711503133223,
        3.18105590348349,
        3.2333053232989655
    ],
    "log10_Mc": [
        null,
        9.698419085409556,
        null
    ],
    "log10_fgw": [
        -7.670715894613638,
        -7.653445730193255,
        -7.636175565772872
    ],
    "log10_h": [
        -13.570633795288021,
        -13.518467712926222,
        -13.451679319599373
    ],
    "phase0": [
        2.619952400308278,
        3.055465642490141,
        4.918563838987336
    ],
    "psi": [
        0.03710393457163798,
        0.03710393457163798,
        0.11276652502380598
    ]
}