{
    "cos_gwtheta": [
        -0.019973354167641788,
        0.004068132059284357,
        0.024886178792097535
    ],
    "cos_inc": [
        -0.0663395184064759,
        -0.03575540887699935,
        -0.002637704475258351
    ],
    "gwphi": [
        3.0762765685837685,
        3.1552983072253546,
        3.222027775411583
    ],
    "log10_Mc": [
        null,
        9.153569784335579,
        null
    ],
    "log10_fgw": [
        -7.652119860883355,
        -7.652119860883355,
        -7.648907118492619
    ],
    "log10_h": [
        -12.71264413968466,
        -12.681935648561169,
        -12.681935648561169
    ],
    "phase0": [
        2.0473134271415456,
        2.3533964946973374,
        2.662403922771178
    ],
    "psi": [
        1.5581696446950228,
        1.5702411451277833,
        1.5829791701243159
    ]
}