{
    "cos_gwtheta": [
        -0.23730188015263876,
        -0.1715222532187286,
        -0.10205896717651952
    ],
    "cos_inc": [
        -0.1819241880932354,
        -0.1243928016105238,
        -0.07157710254442784
    ],
    "gwphi": [
        2.779225376067229,
        2.852376148378702,
        2.93837290997414
    ],
    "log10_Mc": [
        null,
        9.554990158749824,
        null
    ],
    "log10_fgw": [
        -7.659931650058377,
        -7.644694161821033,
        -7.631091144640291
    ],
    "log10_h": [
        -14.214489897790017,
        -14.148135196431959,
        -14.08409250557418
    ],
    "phase0": [
        null,
        3.474039431107378,
        null
    ],
    "psi": [
        1.5363890247698926,
        1.6020144540937995,
        1.664399121475785
    ]
}