{
    "cos_gwtheta": [
        -0.02597964291036403,
        0.008621103462430724,
        0.03418721050455131
    ],
    "cos_inc": [
        -0.008175922960674376,
        0.0011291682945021586,
        0.010679130372183376
    ],
    "gwphi": [
        3.086988560695316,
        3.1180676139311334,
        3.1561503974736143
    ],
    "log10_Mc": [
        null,
        8.684978516918221,
        null
    ],
    "log10_fgw": [
        -7.665174420892996,
        -7.648210870206545,
        -7.63113032951536
    ],
    "log10_h": [
        -12.68956399751295,
        -12.6548953692326,
        -12.618327090087572
    ],
    "phase0": [
        2.549345315303318,
        2.76983653268413,
        2.973544953991337
    ],
    "psi": [
        0.013604052240197086,
        0.013604052240197086,
        0.056031801342950646
    ]
}