{
    "cos_gwtheta": [
        -0.027288699563572272,
        0.0005498569720768787,
        0.02524281389917804
    ],
    "cos_inc": [
        -0.044555594118049546,
        -0.002948560644868481,
        0.03512930481049825
    ],
    "gwphi": [
        3.0285030815697183,
        3.1206399557055695,
        3.2156205605246257
    ],
    "log10_Mc": [
        null,
        8.790207819942205,
        null
    ],
    "log10_fgw": [
        -7.656488578133434,
        -7.656488578133434,
        -7.641468049575859
    ],
    "log10_h": [
        -12.72022589734943,
        -12.680243947491368,
        -12.680243947491368
    ],
    "phase0": [
        6.074514486853481,
        6.268882936816263,
        6.268882936816263
    ],
    "psi": [
        3.087692201841804,
        3.133298889703051,
        3.133298889703051
    ]
}