{
    "cos_gwtheta": [
        -0.04067379605819066,
        -0.00883856737446631,
        0.017175362349948542
    ],
    "cos_inc": [
        -0.06287273012029782,
        -0.03299930836438303,
        -0.002349953575847108
    ],
    "gwphi": [
        3.0936214734378904,
        3.165641294369287,
        3.2326470771345734
    ],
    "log10_Mc": [
        null,
        9.344610295259548,
        null
    ],
    "log10_fgw": [
        -7.680640913834748,
        -7.652818111052317,
        -7.624803426871385
    ],
    "log10_h": [
        -13.572765597759258,
        -13.511123186636915,
        -13.43098805217787
    ],
    "phase0": [
        0.9060403066995651,
        2.122183736815801,
        3.1534383865959272
    ],
    "psi": [
        3.0842550973784455,
        3.133297884995069,
        3.133297884995069
    ]
}