{
    "cos_gwtheta": [
        -0.0015161987655816916,
        0.013307304559693048,
        0.02455572767122509
    ],
    "cos_inc": [
        -0.004982104682787647,
        0.008910700292805274,
        0.022615764660619986
    ],
    "gwphi": [
        3.1058052145929267,
        3.1410646989062223,
        3.1850074890578672
    ],
    "log10_Mc": [
        null,
        9.583654354710875,
        null
    ],
    "log10_fgw": [
        -7.670173293409966,
        -7.654059398257572,
        -7.637834372793782
    ],
    "log10_h": [
        -12.700420102901477,
        -12.672257933006609,
        -12.648846008636175
    ],
    "phase0": [
        null,
        0.5767529246707979,
        null
    ],
    "psi": [
        1.5651601398383956,
        1.5809771462876114,
        1.5938129368615825
    ]
}