{
    "cos_gwtheta": [
        -0.18568416722377634,
        -0.10338081737367444,
        -0.03688279466106281
    ],
    "cos_inc": [
        -0.19545942685262496,
        -0.11666013897280358,
        -0.04620658847926873
    ],
    "gwphi": [
        3.0959403891702357,
        3.2036204267122925,
        3.3245348822762777
    ],
    "log10_Mc": [
        null,
        9.163052809283444,
        null
    ],
    "log10_fgw": [
        -7.673853011350698,
        -7.648303913881384,
        -7.619696121644616
    ],
    "log10_h": [
        -14.230626343602976,
        -14.152972541863514,
        -14.091779022288279
    ]
}