{
    "cos_gwtheta": [
        -0.0573061609074943,
        -0.033672550604571305,
        -0.003894201622888227
    ],
    "cos_inc": [
        0.04683271069978734,
        0.0718566666202729,
        0.10223057173755212
    ],
    "gwphi": [
        3.0769060185392036,
        3.156020208763553,
        3.2475666288803
    ],
    "log10_Mc": [
        null,
        9.430555894323838,
        null
    ],
    "log10_fgw": [
        -7.6704487781382875,
        -7.655437307007343,
        -7.637286181783653
    ],
    "log10_h": [
        -13.590236011736046,
        -13.526366921897022,
        -13.45677163779657
    ],
    "phase0": [
        null,
        2.4471830195016913,
        null
    ],
    "psi": [
        3.02198477725164,
        3.070677493232691,
        3.1153383282726352
    ]
}