{
    "cos_gwtheta": [
        -0.019665620987216692,
        0.00025952579365484674,
        0.01714191616956573
    ],
    "cos_inc": [
        -0.010559569119615662,
        0.0067132582351533965,
        0.028950730578119546
    ],
    "gwphi": [
        3.090908807314568,
        3.1247508833462354,
        3.158171688721907
    ],
    "log10_Mc": [
        null,
        9.99465033369638,
        null
    ],
    "log10_fgw": [
        -7.658103854349246,
        -7.654530139219809,
        -7.649698073692682
    ],
    "log10_h": [
        -13.523411004776836,
        -13.475884066935127,
        -13.418172785270196
    ],
    "phase0": [
        2.5029136887711165,
        3.213924150925417,
        4.594230801184685
    ],
    "psi": [
        null,
        0.009868647343258825,
        null
    ]
}