{
    "cos_gwtheta": [
        -0.7308467517407246,
        -0.7079834000149505,
        -0.6803447912831603
    ],
    "cos_inc": [
        -0.08886201292353912,
        -0.06702220103106421,
        -0.06702220103106421
    ],
    "gwphi": [
        4.594292782496765,
        4.623971041635604,
        4.649289782482863
    ],
    "log10_Mc": [
        null,
        8.006342890761175,
        null
    ],
    "log10_fgw": [
        -8.017245030168134,
        -8.016361552263787,
        -8.015383656873478
    ],
    "log10_h": [
        -13.405618725301233,
        -13.374500159850243,
        -13.350335463773776
    ],
    "phase0": [
        4.655754693885801,
        5.381475452128276,
        5.484619229185573
    ],
    "psi": [
        1.5964919096166101,
        1.6104779337173174,
        1.6232984558096324
    ]
}