{
    "cos_gwtheta": [
        null,
        -0.19066121528747082,
        null
    ],
    "cos_inc": [
        -0.33904703899530286,
        -0.03777293213857558,
        0.3265400472419686
    ],
    "gwphi": [
        2.648699569512185,
        3.3233522946174423,
        3.889935648016024
    ],
    "log10_Mc": [
        null,
        9.994671516020698,
        null
    ],
    "log10_fgw": [
        null,
        -7.660910698622981,
        null
    ],
    "log10_h": [
        -14.995633196886418,
        -14.482508151547629,
        -14.232245640019142
    ],
    "phase0": [
        null,
        2.542392366462065,
        null
    ],
    "psi": [
        null,
        1.7216790549218532,
        null
    ]
}