{
    "cos_gwtheta": [
        -0.03261359805928221,
        -0.005774018612929588,
        0.024374550080233703
    ],
    "cos_inc": [
        -0.036072427502457205,
        -0.0034729903514446603,
        0.03494777486224887
    ],
    "gwphi": [
        3.084332032929167,
        3.175120598395841,
        3.2653381665954297
    ],
    "log10_Mc": [
        null,
        8.36953152154696,
        null
    ],
    "log10_fgw": [
        -7.6829826020749525,
        -7.65783926299898,
        -7.631816786193078
    ],
    "log10_h": [
        -13.563470684422118,
        -13.516887084570257,
        -13.481766464786658
    ],
    "phase0": [
        null,
        6.2657694254750975,
        null
    ],
    "psi": [
        1.503611538967117,
        1.5417838622208326,
        1.5902232241427887
    ]
}