{
    "cos_gwtheta": [
        -0.06770083294266788,
        -0.043219666823190006,
        -0.02279819156774615
    ],
    "cos_inc": [
        -0.0029718727607782047,
        0.027399129635463537,
        0.052881141402066345
    ],
    "gwphi": [
        3.1446496142180633,
        3.1620730545521556,
        3.1797151991582235
    ],
    "log10_Mc": [
        null,
        8.006281273378102,
        null
    ],
    "log10_fgw": [
        -7.6549580533629396,
        -7.6536267896568235,
        -7.651930081011774
    ],
    "log10_h": [
        -13.510212010460563,
        -13.45792413696014,
        -13.446567494751903
    ],
    "phase0": [
        1.2457908778266693,
        2.6327133796287607,
        3.944700852067389
    ],
    "psi": [
        3.069618156178008,
        3.1330240948555783,
        3.1330240948555783
    ]
}