{
    "cos_gwtheta": [
        -0.4667228292611808,
        -0.37300641143437707,
        -0.2893521774163459
    ],
    "cos_inc": [
        -0.14630087569199968,
        -0.02963955765038173,
        0.08228424493776942
    ],
    "gwphi": [
        3.400838645783126,
        3.5510569687728917,
        3.7006596428979455
    ],
    "log10_Mc": [
        null,
        8.006413722072233,
        null
    ],
    "log10_fgw": [
        -7.683575658717299,
        -7.654236679932471,
        -7.624306983453989
    ],
    "log10_h": [
        -14.49634825283514,
        -14.395218617561731,
        -14.311221532264053
    ],
    "phase0": [
        1.253220966588831,
        3.773726647020707,
        5.805123046714502
    ],
    "psi": [
        null,
        0.28000150704603194,
        null
    ]
}