{
    "cos_gwtheta": [
        -0.6960181973541908,
        -0.17165646839373405,
        0.2242495620803917
    ],
    "cos_inc": [
        null,
        0.17260522903349806,
        null
    ],
    "gwphi": [
        null,
        3.863714059037653,
        null
    ],
    "log10_Mc": [
        null,
        9.774969919607353,
        null
    ],
    "log10_fgw": [
        null,
        -7.652465547559056,
        null
    ],
    "log10_h": [
        -15.302558408210777,
        -14.860088271640127,
        -14.35536103042637
    ],
    "phase0": [
        null,
        0.8909727737374185,
        null
    ],
    "psi": [
        null,
        2.1871042991960348,
        null
    ]
}