{
    "cos_gwtheta": [
        null,
        0.2201643207106836,
        null
    ],
    "cos_inc": [
        -0.07832674648663018,
        0.004453452145609327,
        0.06842878129933083
    ],
    "gwphi": [
        null,
        3.4725492698254175,
        null
    ],
    "log10_Mc": [
        null,
        8.149656601601825,
        null
    ],
    "log10_fgw": [
        -7.658409838892619,
        -7.647536214571361,
        -7.632763083596963
    ],
    "log10_h": [
        -14.293767752116574,
        -14.217799479155122,
        -14.121246254810568
    ]
}