{
    "cos_gwtheta": [
        -0.018310858346379022,
        0.00561298207077876,
        0.028090876089097327
    ],
    "cos_inc": [
        -0.015443421835420468,
        0.006488454639069219,
        0.025928072423275994
    ],
    "gwphi": [
        3.0794785213515494,
        3.1729909972700674,
        3.243394068220216
    ],
    "log10_Mc": [
        null,
        9.994640286387616,
        null
    ],
    "log10_fgw": [
        -7.662425459819099,
        -7.662425459819099,
        -7.6446172547786535
    ],
    "log10_h": [
        -13.570476130424645,
        -13.5170776593463,
        -13.446670786368928
    ],
    "phase0": [
        0.572563583412769,
        2.212278687414548,
        2.720746532998338
    ],
    "psi": [
        1.5580324755057642,
        1.5784120216447097,
        1.5956624248725573
    ]
}