{
    "cos_gwtheta": [
        -0.2923743394964876,
        -0.2594287341368191,
        -0.22195763353543796
    ],
    "cos_inc": [
        -0.19519263579541724,
        -0.1376828156729608,
        -0.08524739144366233
    ],
    "gwphi": [
        3.6008983419345295,
        3.705281602184416,
        3.815883439640679
    ],
    "log10_Mc": [
        null,
        8.618019184446963,
        null
    ],
    "log10_fgw": [
        -7.658923412442357,
        -7.658923412442357,
        -7.6460050199655765
    ],
    "log10_h": [
        -14.14143836869891,
        -14.082635816618774,
        -14.019754474798976
    ]
}