{
    "cos_gwtheta": [
        -0.50140608107874,
        -0.3954692045642735,
        -0.2766560226171094
    ],
    "cos_inc": [
        -0.293125714054409,
        -0.15476490153465017,
        -0.03543365635285245
    ],
    "gwphi": [
        null,
        3.584376456223006,
        null
    ],
    "log10_Mc": [
        null,
        9.526212270464024,
        null
    ],
    "log10_fgw": [
        -7.67318836726429,
        -7.645732647341794,
        -7.616969512184894
    ],
    "log10_h": [
        -14.463632590833639,
        -14.351248307918262,
        -14.238455354883193
    ],
    "phase0": [
        null,
        0.1098315747599626,
        null
    ],
    "psi": [
        null,
        0.2950943051772392,
        null
    ]
}