{
    "cos_gwtheta": [
        0.1539951400720776,
        0.2190577616042737,
        0.2690918339374837
    ],
    "cos_inc": [
        -0.005063171395053634,
        0.03444369640273914,
        0.08163245516121398
    ],
    "gwphi": [
        3.1496453430960942,
        3.251243506711856,
        3.371701209681442
    ],
    "log10_Mc": [
        null,
        9.564494983305591,
        null
    ],
    "log10_fgw": [
        -7.653578422899859,
        -7.653578422899859,
        -7.637087549196029
    ],
    "log10_h": [
        -14.062005210300768,
        -14.012052548793953,
        -13.965127321317855
    ]
}