{
    "cos_gwtheta": [
        -0.2336945343528355,
        0.16281817446488722,
        0.9729449426310871
    ],
    "cos_inc": [
        -0.9935642717938427,
        -0.15246759923110154,
        0.19232238427334125
    ],
    "gwphi": [
        null,
        3.6839908106637402,
        null
    ],
    "log10_Mc": [
        null,
        9.143979452340169,
        null
    ],
    "log10_fgw": [
        null,
        -7.651785605248847,
        null
    ],
    "log10_h": [
        null,
        -14.808997470942225,
        null
    ],
    "phase0": [
        null,
        1.2810986266222328,
        null
    ],
    "psi": [
        null,
        0.5502561623282615,
        null
    ]
}