{
    "cos_gwtheta": [
        0.07172134065723434,
        0.09674220216187746,
        0.12363962827936881
    ],
    "cos_inc": [
        -0.07961056973707858,
        -0.030612826535077686,
        0.0183849166669231
    ],
    "gwphi": [
        3.0770440666485475,
        3.1483385854268446,
        3.2239539841310996
    ],
    "log10_Mc": [
        null,
        8.140118666799799,
        null
    ],
    "log10_fgw": [
        -7.676061517939485,
        -7.652562619324579,
        -7.62892549189429
    ],
    "log10_h": [
        -12.69397350932384,
        -12.648755980923323,
        -12.648755980923323
    ],
    "phase0": [
        null,
        6.2665841436944465,
        null
    ],
    "psi": [
        3.094658958234465,
        3.1340828618955534,
        3.1340828618955534
    ]
}