{
    "cos_gwtheta": [
        0.18360127167691076,
        0.20841807461388118,
        0.23652112086213972
    ],
    "cos_inc": [
        -0.03113116138598382,
        -0.00919190026363681,
        0.017165684279182858
    ],
    "gwphi": [
        3.306310626306222,
        3.324392094554508,
        3.3418173804873312
    ],
    "log10_Mc": [
        null,
        8.580009509729265,
        null
    ],
    "log10_fgw": [
        -7.652947601994726,
        -7.649928106315145,
        -7.646637897229808
    ],
    "log10_h": [
        -13.50698232053488,
        -13.471204236832461,
        -13.441931259257757
    ],
    "phase0": [
        null,
        4.073736017716233,
        null
    ],
    "psi": [
        null,
        3.133292776719939,
        null
    ]
}