{
    "cos_gwtheta": [
        -0.16689697493852473,
        -0.10198709990475141,
        -0.00928535308927625
    ],
    "cos_inc": [
        -0.1643383851328314,
        -0.10305963690949205,
        -0.04623752492057742
    ],
    "gwphi": [
        2.8128432429432713,
        2.9366715559100594,
        3.059267746359765
    ],
    "log10_Mc": [
        null,
        8.771110524530137,
        null
    ],
    "log10_fgw": [
        -7.677425442121659,
        -7.655425766552813,
        -7.638602485235461
    ],
    "log10_h": [
        -14.252494738603064,
        -14.187324891608318,
        -14.12315509341656
    ],
    "phase0": [
        null,
        1.0716990719521222,
        null
    ],
    "psi": [
        null,
        0.009868033501911753,
        null
    ]
}