{
    "cos_gwtheta": [
        -0.10166416919044996,
        -0.05890275797785527,
        -0.01578049097443701
    ],
    "cos_inc": [
        0.003692585407566562,
        0.03977268098376152,
        0.0845818319412941
    ],
    "gwphi": [
        3.08226232962764,
        3.1754048982829994,
        3.272781220059057
    ],
    "log10_Mc": [
        null,
        9.994543596747157,
        null
    ],
    "log10_fgw": [
        -7.6875118391671675,
        -7.664156579682984,
        -7.637391793266802
    ],
    "log10_h": [
        -14.004257780787702,
        -13.957221006007398,
        -13.903770125575232
    ]
}