{
    "cos_gwtheta": [
        0.05603888206238705,
        0.08111876020811792,
        0.10286523682815041
    ],
    "cos_inc": [
        -0.054866700561439274,
        -0.026771492834724464,
        0.0005843673202347022
    ],
    "gwphi": [
        3.072711143937015,
        3.116464017240286,
        3.116464017240286
    ],
    "log10_Mc": [
        null,
        8.10197264996611,
        null
    ],
    "log10_fgw": [
        -7.659389228045757,
        -7.652398062063744,
        -7.6447577163834
    ],
    "log10_h": [
        -12.696653925658998,
        -12.654580730177164,
        -12.612985639189443
    ],
    "phase0": [
        5.676712481295147,
        5.893903702100513,
        6.085143766008179
    ],
    "psi": [
        3.0914399023862504,
        3.1332980837011526,
        3.1332980837011526
    ]
}