{
    "cos_gwtheta": [
        -0.08217301924050535,
        -0.04049788716359115,
        -0.007184326172172573
    ],
    "cos_inc": [
        0.026551831198807108,
        0.0720313765617554,
        0.12175987598975413
    ],
    "gwphi": [
        3.146851077106046,
        3.22854088139145,
        3.329754035128712
    ],
    "log10_Mc": [
        null,
        9.210779499253153,
        null
    ],
    "log10_fgw": [
        -7.6674077455904275,
        -7.648828441625673,
        -7.63505789868709
    ],
    "log10_h": [
        -14.106494534747059,
        -14.058492957108005,
        -14.013976642531855
    ]
}