{
    "cos_gwtheta": [
        0.10485582454788889,
        0.13563496106051454,
        0.1662537895704702
    ],
    "cos_inc": [
        0.04575491045244218,
        0.08466505799846447,
        0.11881069768170871
    ],
    "gwphi": [
        3.0800567945054365,
        3.17484059531172,
        3.2581849718827622
    ],
    "log10_Mc": [
        null,
        9.994694579898043,
        null
    ],
    "log10_fgw": [
        -7.690427205909434,
        -7.663412593852038,
        -7.635264501568456
    ],
    "log10_h": [
        -13.52618980127482,
        -13.452527734344237,
        -13.38661956919582
    ],
    "phase0": [
        1.1510445502764524,
        2.842860476264418,
        3.3880636152040613
    ],
    "psi": [
        1.561011522009733,
        1.6092504507044767,
        1.6506759713914878
    ]
}