{
    "cos_gwtheta": [
        -0.02806714219314166,
        0.0021272334136061,
        0.028769329537207122
    ],
    "cos_inc": [
        0.012789365511781559,
        0.037324036370599556,
        0.06369880754382895
    ],
    "gwphi": [
        3.048642087145218,
        3.1467935082488836,
        3.2281023778022164
    ],
    "log10_Mc": [
        null,
        8.713878247521516,
        null
    ],
    "log10_fgw": [
        -7.646888709995282,
        -7.646888709995282,
        -7.6336377827103465
    ],
    "log10_h": [
        -13.499467337897029,
        -13.466791112159678,
        -13.436482728867063
    ],
    "phase0": [
        5.0568067391949265,
        5.6975551366899015,
        6.266624481935924
    ],
    "psi": [
        1.5255920456736152,
        1.5541583303979845,
        1.5898661863034462
    ]
}