{
    "cos_gwtheta": [
        0.10684689841187711,
        0.21824487753638144,
        0.3112414142833033
    ],
    "cos_inc": [
        -0.3786686003963011,
        -0.17331872006718052,
        -0.030466629403444356
    ],
    "gwphi": [
        3.716759087892044,
        3.8530565441183664,
        3.9998860765076323
    ],
    "log10_Mc": [
        null,
        9.421159786373417,
        null
    ],
    "log10_fgw": [
        -7.6803713653489165,
        -7.64941004463488,
        -7.624566829211642
    ],
    "log10_h": [
        -14.527174264096963,
        -14.356727771779177,
        -14.240505636305537
    ],
    "phase0": [
        null,
        2.2119961020153194,
        null
    ],
    "psi": [
        null,
        1.3460788878004144,
        null
    ]
}