{
    "cos_gwtheta": [
        0.08242011946808359,
        0.10544585002230444,
        0.12443882550770702
    ],
    "cos_inc": [
        0.0010002213042638042,
        0.03925700328409776,
        0.07771200693222102
    ],
    "gwphi": [
        3.1080158370542845,
        3.160058480670688,
        3.2078152595186813
    ],
    "log10_Mc": [
        null,
        8.436425250566522,
        null
    ],
    "log10_fgw": [
        -7.6741998011258366,
        -7.6539305939414115,
        -7.632822660942459
    ],
    "log10_h": [
        -12.741952910996119,
        -12.674967823462048,
        -12.60798273592798
    ],
    "phase0": [
        null,
        4.2238966993767955,
        null
    ],
    "psi": [
        1.5274793926075814,
        1.5528847966640986,
        1.5772253035445942
    ]
}