{
    "cos_gwtheta": [
        -0.0017214591629463732,
        0.0059153377539290924,
        0.016275747557242662
    ],
    "cos_inc": [
        0.004105803906789274,
        0.0241718823807886,
        0.03906629114499427
    ],
    "gwphi": [
        3.1197381544094016,
        3.126102370888854,
        3.139421298160285
    ],
    "log10_Mc": [
        null,
        9.679295226774114,
        null
    ],
    "log10_fgw": [
        -7.662972954864043,
        -7.651557826396863,
        -7.639499592100547
    ],
    "log10_h": [
        -12.679849548711232,
        -12.629982439333777,
        -12.629982439333777
    ],
    "phase0": [
        5.904837360881985,
        6.097907183324505,
        6.275015748585768
    ],
    "psi": [
        0.011445724287211785,
        0.011445724287211785,
        0.05484292528784487
    ]
}