{
    "cos_gwtheta": [
        0.20842162002855846,
        0.27983163084686913,
        0.35213875235385195
    ],
    "cos_inc": [
        0.02206832831217076,
        0.09423002020474369,
        0.18046720694449436
    ],
    "gwphi": [
        3.2588242691589966,
        3.3771546381693627,
        3.513974127337598
    ],
    "log10_Mc": [
        null,
        8.656359781654615,
        null
    ],
    "log10_fgw": [
        -7.675729665869225,
        -7.646590952820699,
        -7.624906329156679
    ],
    "log10_h": [
        -14.360107561589178,
        -14.254414079683214,
        -14.17088731586695
    ],
    "phase0": [
        null,
        2.7233260262687335,
        null
    ],
    "psi": [
        null,
        3.133294579691567,
        null
    ]
}