{
    "cos_gwtheta": [
        -0.4271943022943835,
        -0.30546657655188403,
        -0.20558232524931108
    ],
    "cos_inc": [
        -0.06801370611290924,
        0.13466896331274225,
        0.3705359521443583
    ],
    "gwphi": [
        3.4702744320980403,
        3.7150726018541462,
        3.94803574559151
    ],
    "log10_Mc": [
        null,
        9.707919413307472,
        null
    ],
    "log10_fgw": [
        -7.678561082430215,
        -7.643356225421199,
        -7.6159746699697415
    ],
    "log10_h": [
        -14.595845950863987,
        -14.42439603454374,
        -14.308577419742788
    ],
    "phase0": [
        null,
        1.9715481160360164,
        null
    ],
    "psi": [
        null,
        1.8569791518593448,
        null
    ]
}