{
    "cos_gwtheta": [
        -0.05142889451575103,
        -0.03616696088038915,
        -0.019378833881491087
    ],
    "cos_inc": [
        0.0008066353427087503,
        0.02993701914194169,
        0.05581261145522687
    ],
    "gwphi": [
        3.1603616942096298,
        3.192715345252874,
        3.226666707458747
    ],
    "log10_Mc": [
        null,
        8.876325446011437,
        null
    ],
    "log10_fgw": [
        -7.664763592024154,
        -7.663465420543899,
        -7.662191627870786
    ],
    "log10_h": [
        -13.523503913483399,
        -13.494652091344317,
        -13.46187368986086
    ],
    "phase0": [
        0.019804792277438574,
        1.431095409882612,
        2.4381784004003366
    ],
    "psi": [
        1.5641068450881,
        1.5784214092848199,
        1.5939937385364817
    ]
}