{
    "cos_gwtheta": [
        0.8940458563731911,
        0.8972157364193541,
        0.9008572595173684
    ],
    "cos_inc": [
        0.0008179868412947489,
        0.021490799711820996,
        0.03820235502631819
    ],
    "gwphi": [
        2.6255971900356156,
        2.6595781035175214,
        2.6595781035175214
    ],
    "log10_Mc": [
        null,
        8.646845935647042,
        null
    ],
    "log10_fgw": [
        -7.65415670202813,
        -7.65259253150189,
        -7.650784305999924
    ],
    "log10_h": [
        -13.063338103704282,
        -13.020462111928898,
        -12.98109170438672
    ],
    "phase0": [
        3.580990508286458,
        4.0188183204846455,
        4.480651421895008
    ],
    "psi": [
        2.049858807492745,
        2.0979983816860317,
        2.145235338863195
    ]
}