{
    "cos_gwtheta": [
        -0.032126319179421714,
        -0.020419678741958935,
        -0.00442358226634193
    ],
    "cos_inc": [
        -0.041103592135726674,
        -0.013336854257376185,
        0.01770790128716848
    ],
    "gwphi": [
        3.146177341041968,
        3.146177341041968,
        3.1835332560282312
    ],
    "log10_Mc": [
        null,
        8.00654902848678,
        null
    ],
    "log10_fgw": [
        -7.664946510646237,
        -7.6539583318864075,
        -7.647895888432709
    ],
    "log10_h": [
        -12.686361673316176,
        -12.662738604669252,
        -12.662738604669252
    ],
    "phase0": [
        3.0261526287969183,
        3.266569590775257,
        3.4730688070803035
    ],
    "psi": [
        1.5569242337509968,
        1.5635783174936146,
        1.5699136427335922
    ]
}