{
    "cos_gwtheta": [
        -0.323464626439505,
        -0.22702497453227044,
        -0.13276811310030245
    ],
    "cos_inc": [
        -0.06896815417757085,
        0.07750428401837195,
        0.2961198634153015
    ],
    "gwphi": [
        3.340218917235606,
        3.5453220329496915,
        3.731216095530433
    ],
    "log10_Mc": [
        null,
        8.847665450494244,
        null
    ],
    "log10_fgw": [
        -7.683437811066252,
        -7.656378993244409,
        -7.6246481493238285
    ],
    "log10_h": [
        -14.557410862255052,
        -14.431642175132328,
        -14.311413958807961
    ],
    "phase0": [
        null,
        2.482542900747126,
        null
    ],
    "psi": [
        null,
        2.997964846908603,
        null
    ]
}