{
    "cos_gwtheta": [
        0.0009765149299202636,
        0.008299849685330235,
        0.015360070617192523
    ],
    "cos_inc": [
        -0.002540330137988378,
        0.02730183927988472,
        0.05732378080268474
    ],
    "gwphi": [
        3.0838234268391678,
        3.138498808564199,
        3.1931741902892297
    ],
    "log10_Mc": [
        null,
        8.168752061353185,
        null
    ],
    "log10_fgw": [
        -7.653233384544002,
        -7.653233384544002,
        -7.6522058761875815
    ],
    "log10_h": [
        -12.678155002052632,
        -12.653344551290704,
        -12.653344551290704
    ],
    "phase0": [
        4.8400164539738135,
        5.063999149173945,
        5.2412973285929
    ],
    "psi": [
        1.564594732243697,
        1.5731939318973946,
        1.5809932060019112
    ]
}