{
    "cos_gwtheta": [
        -0.021218574097027876,
        -0.005111789617829515,
        0.01191831371686429
    ],
    "cos_inc": [
        -0.002504334176534173,
        0.010598996272866423,
        0.023874738965022346
    ],
    "gwphi": [
        3.0844995998717923,
        3.1348880918599744,
        3.1765133678502115
    ],
    "log10_Mc": [
        null,
        8.4652732334977,
        null
    ],
    "log10_fgw": [
        -7.661569465274764,
        -7.650698516009767,
        -7.650698516009767
    ],
    "log10_h": [
        -12.702082762031367,
        -12.670223244119502,
        -12.670223244119502
    ],
    "phase0": [
        2.088667362616608,
        2.334037570651409,
        2.589612210778395
    ],
    "psi": [
        1.558829557098464,
        1.5699489942085172,
        1.5791061777109139
    ]
}