{
    "cos_gwtheta": [
        -0.004716832175638008,
        0.005525788965427214,
        0.017675656801725337
    ],
    "cos_inc": [
        0.0033250380917094757,
        0.03081756437567207,
        0.05690021751686736
    ],
    "gwphi": [
        3.138040826054554,
        3.149480780629844,
        3.1593129578053634
    ],
    "log10_Mc": [
        null,
        8.914509575352668,
        null
    ],
    "log10_fgw": [
        -7.658527248985828,
        -7.652506180997648,
        -7.652506180997648
    ],
    "log10_h": [
        -12.711941880180403,
        -12.679752830447718,
        -12.640931865945987
    ],
    "phase0": [
        3.0936200845761013,
        3.3380086819415595,
        3.6025859025676423
    ],
    "psi": [
        1.5625953738243057,
        1.5712396144404202,
        1.5799953936451296
    ]
}