{
    "cos_gwtheta": [
        -0.23199956956335466,
        -0.07691581130056968,
        0.0872905209776732
    ],
    "cos_inc": [
        null,
        0.31292884822016365,
        null
    ],
    "gwphi": [
        3.0302072483560027,
        3.2364528975017333,
        3.430946657807251
    ],
    "log10_Mc": [
        null,
        8.512979067949567,
        null
    ],
    "log10_fgw": [
        -7.682737115426568,
        -7.654484030190841,
        -7.626041326933397
    ],
    "log10_h": [
        -14.803638016817903,
        -14.566763966542037,
        -14.449064866794373
    ],
    "phase0": [
        null,
        5.065365959187025,
        null
    ],
    "psi": [
        null,
        2.9980172715775257,
        null
    ]
}