{
    "cos_gwtheta": [
        0.20460355065932534,
        0.25358317529530605,
        0.3004561494093092
    ],
    "cos_inc": [
        0.008103671281570524,
        0.05843947552123685,
        0.10626744609771699
    ],
    "gwphi": [
        3.3960270228876746,
        3.4756043100962795,
        3.542883289281736
    ],
    "log10_Mc": [
        null,
        9.994705930177258,
        null
    ],
    "log10_fgw": [
        null,
        -7.651837404909651,
        null
    ],
    "log10_h": [
        -14.115716792442546,
        -14.066982368969077,
        -14.022923956276644
    ]
}