{
    "cos_gwtheta": [
        0.06708384899540065,
        0.1002907408115552,
        0.12914263042231255
    ],
    "cos_inc": [
        0.028402774018177146,
        0.05874314453944662,
        0.09046262281168294
    ],
    "gwphi": [
        3.054787307388968,
        3.144723971355401,
        3.214268019655026
    ],
    "log10_Mc": [
        null,
        8.407857909533238,
        null
    ],
    "log10_fgw": [
        -7.676569885537433,
        -7.66034043288069,
        -7.641924032702825
    ],
    "log10_h": [
        -13.572089727732113,
        -13.535035387149215,
        -13.490935502934356
    ],
    "phase0": [
        null,
        4.825207697788363,
        null
    ],
    "psi": [
        1.4892348534569835,
        1.5329956706773777,
        1.5742949419291246
    ]
}