{
    "cos_gwtheta": [
        -0.014638530999358634,
        0.004403976169961299,
        0.021413856169522405
    ],
    "cos_inc": [
        -0.04829627565997846,
        -0.021245288089035808,
        0.010364854690492531
    ],
    "gwphi": [
        3.062300311274338,
        3.1252244876189397,
        3.1881486639635415
    ],
    "log10_Mc": [
        null,
        9.53569589854182,
        null
    ],
    "log10_fgw": [
        -7.66345879217358,
        -7.648038599921804,
        -7.6325127899148795
    ],
    "log10_h": [
        -12.703883394860682,
        -12.66644895509646,
        -12.66644895509646
    ],
    "phase0": [
        1.1007499623550336,
        1.3240589321015026,
        1.560232440322496
    ],
    "psi": [
        3.1241202572217377,
        3.1348915197330087,
        3.1348915197330087
    ]
}