{
    "cos_gwtheta": [
        -0.8346322709268841,
        -0.818948172062242,
        -0.8005944393482993
    ],
    "cos_inc": [
        -0.23796766555577265,
        -0.21319062574826586,
        -0.18562411788296018
    ],
    "gwphi": [
        1.5529350733974314,
        1.563759195378026,
        1.5762121900838557
    ],
    "log10_Mc": [
        null,
        8.378942748128727,
        null
    ],
    "log10_fgw": [
        -7.944228566689145,
        -7.926061021060989,
        -7.911237195487095
    ],
    "log10_h": [
        -13.542161239448877,
        -13.50212483097258,
        -13.50212483097258
    ],
    "phase0": [
        null,
        0.01973009220190733,
        null
    ],
    "psi": [
        1.8997549561601401,
        1.927245178415375,
        1.9627362862523574
    ]
}