{
    "cos_gwtheta": [
        -0.10705740980441492,
        -0.07403079813618485,
        -0.03967552967670418
    ],
    "cos_inc": [
        -0.019024820595129888,
        0.016445323847542603,
        0.04998774304876541
    ],
    "gwphi": [
        3.112800301001838,
        3.1965042922726057,
        3.292791236479502
    ],
    "log10_Mc": [
        null,
        9.277604714757077,
        null
    ],
    "log10_fgw": [
        -7.680230005245092,
        -7.657591553781313,
        -7.635564952357096
    ],
    "log10_h": [
        -13.510175583597487,
        -13.4695003261671,
        -13.42084952806409
    ],
    "phase0": [
        0.24464148667860974,
        0.5001385069254852,
        2.5416159205362163
    ],
    "psi": [
        3.028214749632269,
        3.0845092910073078,
        3.128092161749273
    ]
}