{
    "cos_gwtheta": [
        -0.03385780285304241,
        -0.011979503017591875,
        0.015549483530325925
    ],
    "cos_inc": [
        -0.0627949427451413,
        -0.02871747407385772,
        -0.0020647052806750388
    ],
    "gwphi": [
        3.055993395961421,
        3.1411107495107835,
        3.213561830210539
    ],
    "log10_Mc": [
        null,
        8.25488478944688,
        null
    ],
    "log10_fgw": [
        -7.67510886501952,
        -7.651611338834195,
        -7.628274754609045
    ],
    "log10_h": [
        -13.511025785123412,
        -13.472974263338948,
        -13.438816385644056
    ],
    "phase0": [
        0.21720137357036037,
        1.37107842356372,
        2.169483875589445
    ],
    "psi": [
        3.039636768493769,
        3.0959283480950677,
        3.1256206098627857
    ]
}