{
    "cos_gwtheta": [
        -0.23266058968351727,
        -0.14786402162373846,
        -0.09357759128742915
    ],
    "cos_inc": [
        0.009181917282400087,
        0.05506226825278465,
        0.10411296942060128
    ],
    "gwphi": [
        3.232846285819867,
        3.344380247163428,
        3.46070668340847
    ],
    "log10_Mc": [
        null,
        9.78432371241593,
        null
    ],
    "log10_fgw": [
        -7.657712426946748,
        -7.651324478591696,
        -7.645310094467933
    ],
    "log10_h": [
        -14.132235848260425,
        -14.08798022090866,
        -14.04360498375324
    ]
}