{
    "cos_gwtheta": [
        null,
        -0.030323188749176166,
        null
    ],
    "cos_inc": [
        -0.101270291492632,
        -0.01406868270917927,
        0.11526404043032357
    ],
    "gwphi": [
        null,
        3.4671972752836195,
        null
    ],
    "log10_Mc": [
        null,
        8.3314646516197,
        null
    ],
    "log10_fgw": [
        -7.68827354346824,
        -7.6635752410516425,
        -7.641655497656911
    ],
    "log10_h": [
        -14.396561259295781,
        -14.305815484990468,
        -14.212665849114153
    ],
    "phase0": [
        null,
        0.14125416199225702,
        null
    ],
    "psi": [
        null,
        3.088295576443796,
        null
    ]
}