{
    "cos_gwtheta": [
        0.008174922161655968,
        0.013542921132662533,
        0.019452644770467927
    ],
    "cos_inc": [
        null,
        -0.020597953407144765,
        null
    ],
    "gwphi": [
        3.045894792273669,
        3.1298227919915007,
        3.2260931446090133
    ],
    "log10_Mc": [
        null,
        8.283502144905373,
        null
    ],
    "log10_fgw": [
        -7.6532847338602785,
        -7.650844636408331,
        -7.647526103873681
    ],
    "log10_h": [
        -12.714621788462345,
        -12.672877342273148,
        -12.672877342273148
    ],
    "phase0": [
        1.0707562591952327,
        1.2937710058091942,
        1.5156717926498595
    ],
    "psi": [
        1.5451697386334895,
        1.5672183604959358,
        1.590629537642016
    ]
}