{
    "cos_gwtheta": [
        -0.03994016369732711,
        -0.00846100936494587,
        0.023213667665152204
    ],
    "cos_inc": [
        -0.026011426226303036,
        -0.0007541099141453733,
        0.018583522887350323
    ],
    "gwphi": [
        3.04623662434323,
        3.1332997799720297,
        3.2197825145633043
    ],
    "log10_Mc": [
        null,
        9.220538669250926,
        null
    ],
    "log10_fgw": [
        -7.6713158313570995,
        -7.645612963303751,
        -7.619555572932426
    ],
    "log10_h": [
        -13.573068739109395,
        -13.534933580391312,
        -13.49309386339776
    ],
    "phase0": [
        null,
        5.39568420242118,
        null
    ],
    "psi": [
        1.536402729860831,
        1.5808109061426945,
        1.6208058475145593
    ]
}