{
    "cos_gwtheta": [
        null,
        0.9946740076354293,
        null
    ],
    "cos_inc": [
        -0.6091147991006864,
        -0.056890015066616395,
        0.7150713142888967
    ],
    "gwphi": [
        0.01989494299511392,
        2.843018443737167,
        4.421068889161912
    ],
    "log10_Mc": [
        null,
        8.646836221805684,
        null
    ],
    "log10_fgw": [
        null,
        -7.652112022624436,
        null
    ],
    "log10_h": [
        null,
        -14.663982836881162,
        null
    ],
    "phase0": [
        null,
        6.266484636023227,
        null
    ],
    "psi": [
        null,
        1.7066951800826067,
        null
    ]
}