{
    "cos_gwtheta": [
        0.01997401976968094,
        0.08730484752646439,
        0.19296856542206542
    ],
    "cos_inc": [
        -0.1776955579042917,
        -0.06638113520979894,
        0.04115654814327352
    ],
    "gwphi": [
        null,
        2.9057367711413438,
        null
    ],
    "log10_Mc": [
        null,
        8.054028427909882,
        null
    ],
    "log10_fgw": [
        -7.6838984127906444,
        -7.653755857516949,
        -7.623810312408442
    ],
    "log10_h": [
        -14.495571687169761,
        -14.37548143606429,
        -14.27774841255824
    ],
    "phase0": [
        null,
        3.0228058584893054,
        null
    ],
    "psi": [
        1.2142192076707459,
        1.5115731559874257,
        1.7633245029866316
    ]
}