{
    "cos_gwtheta": [
        -0.015203432204658363,
        -0.005471574627260778,
        0.006466170667680182
    ],
    "cos_inc": [
        -0.025421846082681554,
        -0.01031104828552408,
        0.004094578947766062
    ],
    "gwphi": [
        3.071195073465665,
        3.1313047578001063,
        3.185985180323695
    ],
    "log10_Mc": [
        null,
        9.134266689746966,
        null
    ],
    "log10_fgw": [
        -7.661027545243515,
        -7.650501063377688,
        -7.639901985085201
    ],
    "log10_h": [
        -12.692789150126764,
        -12.669149437320048,
        -12.669149437320048
    ],
    "phase0": [
        5.314848373452373,
        5.6026839333527905,
        5.858676513741448
    ],
    "psi": [
        1.5671057414050695,
        1.572891195986628,
        1.5778646569427048
    ]
}