{
    "cos_gwtheta": [
        -0.001005353390627295,
        0.004106884476462513,
        0.010055670358167082
    ],
    "cos_inc": [
        -0.004982649983534371,
        0.015870619385044304,
        0.039124265083819054
    ],
    "gwphi": [
        3.0911329179159797,
        3.14845247726715,
        3.2102122841736924
    ],
    "log10_Mc": [
        null,
        8.159239230780473,
        null
    ],
    "log10_fgw": [
        -7.651216166309467,
        -7.651216166309467,
        -7.639244624044835
    ],
    "log10_h": [
        -12.69343106283489,
        -12.649285171323342,
        -12.607199421415665
    ],
    "phase0": [
        4.477980507013319,
        4.676425793920801,
        4.888159827719409
    ],
    "psi": [
        1.5163631439883567,
        1.5716441666652838,
        1.6275498336662437
    ]
}