{
    "cos_gwtheta": [
        -0.9752287502907494,
        -0.9588375066436036,
        -0.9420918577284113
    ],
    "cos_inc": [
        -0.08989651609903881,
        -0.06849631425033231,
        -0.04739471986928223
    ],
    "gwphi": [
        1.9575598367036118,
        1.9575598367036118,
        2.0169965603920006
    ],
    "log10_Mc": [
        8.500846223066063,
        9.832193182709888,
        9.994659271735879
    ],
    "log10_fgw": [
        -7.950638679776318,
        -7.937077186893759,
        -7.924761885249056
    ],
    "log10_h": [
        -13.430991674426478,
        -13.414243831757219,
        -13.401682949755273
    ],
    "phase0": [
        null,
        4.708662304690426,
        null
    ],
    "psi": [
        1.7614164293531713,
        1.8175600941449457,
        1.8623643980674454
    ]
}