{
    "cos_gwtheta": [
        -0.03230402728402848,
        -0.02273730122489498,
        -0.01218937249302987
    ],
    "cos_inc": [
        -0.06255071980743893,
        -0.04340009211468454,
        -0.025799226200534486
    ],
    "gwphi": [
        3.0623008724514906,
        3.157680369886547,
        3.236775562881472
    ],
    "log10_Mc": [
        null,
        8.761352203684186,
        null
    ],
    "log10_fgw": [
        -7.676990801124881,
        -7.660203326709841,
        -7.643300076609179
    ],
    "log10_h": [
        -13.420539514775653,
        -13.363114861063735,
        -13.363114861063735
    ],
    "phase0": [
        4.493652080411808,
        5.98686460036559,
        6.1833091605474495
    ],
    "psi": [
        3.0648191223758428,
        3.1306154995064475,
        3.1306154995064475
    ]
}