{
    "cos_gwtheta": [
        -0.009501553877092561,
        -0.0018431961558352805,
        0.006261612912401154
    ],
    "cos_inc": [
        null,
        -0.029550477761876248,
        null
    ],
    "gwphi": [
        3.120270632803807,
        3.148970346749539,
        3.1751623187000133
    ],
    "log10_Mc": [
        8.273955764347225,
        9.698398970715969,
        9.765812937902762
    ],
    "log10_fgw": [
        -7.664881422362788,
        -7.654163799860235,
        -7.654163799860235
    ],
    "log10_h": [
        -12.738774954100391,
        -12.69336948038926,
        -12.647964006678128
    ],
    "phase0": [
        0.973097347811654,
        1.2626277064322178,
        1.5748996055305984
    ],
    "psi": [
        3.075509194550101,
        3.133298497571137,
        3.133298497571137
    ]
}