{
    "cos_gwtheta": [
        -0.015825175008767456,
        0.002650086362220083,
        0.019541753901408776
    ],
    "cos_inc": [
        -0.02591605626456084,
        -0.005314292674617471,
        0.020205311256151104
    ],
    "gwphi": [
        3.034698188434876,
        3.1347999207294976,
        3.231922434801065
    ],
    "log10_Mc": [
        null,
        8.876147566628752,
        null
    ],
    "log10_fgw": [
        -7.682427388047053,
        -7.651894431251107,
        -7.6213614744551625
    ],
    "log10_h": [
        -12.696525034540004,
        -12.67068828873223,
        -12.67068828873223
    ],
    "phase0": [
        3.5582072228303927,
        3.796266491150181,
        4.043182530444663
    ],
    "psi": [
        3.089418864998469,
        3.133322161482461,
        3.133322161482461
    ]
}