{
    "cos_gwtheta": [
        -0.5843852596514324,
        -0.563318530232651,
        -0.5436816693264566
    ],
    "cos_inc": [
        -0.06278852743003421,
        -0.03395147611767635,
        -0.0017646663195395873
    ],
    "gwphi": [
        4.106984874191433,
        4.165576943579059,
        4.236031211063567
    ],
    "log10_Mc": [
        null,
        9.946973220860936,
        null
    ],
    "log10_fgw": [
        -7.903551488848233,
        -7.881359639483213,
        -7.858089019662948
    ],
    "log10_h": [
        -13.250077055505068,
        -13.215177152007495,
        -13.215177152007495
    ],
    "phase0": [
        0.012555058492864105,
        0.012555058492864105,
        0.43885894736253717
    ],
    "psi": [
        0.447143990267813,
        0.5058571794989668,
        0.5639457603340444
    ]
}