{
    "cos_gwtheta": [
        -0.07677458535347048,
        -0.04426940812301494,
        -0.01514627245410971
    ],
    "cos_inc": [
        -0.06143974836231991,
        -0.02731348337522621,
        0.0036926659559046726
    ],
    "gwphi": [
        3.1604947868250943,
        3.2460116151112164,
        3.3538371812111096
    ],
    "log10_Mc": [
        null,
        9.937406949222579,
        null
    ],
    "log10_fgw": [
        -7.685068535373737,
        -7.662411169680955,
        -7.636088641890812
    ],
    "log10_h": [
        -13.552607316090413,
        -13.505851929109546,
        -13.443857749334919
    ],
    "phase0": [
        null,
        0.20023004060395488,
        null
    ],
    "psi": [
        null,
        0.009866502268072343,
        null
    ]
}