{
    "cos_gwtheta": [
        0.9609647549101168,
        0.9947505598076102,
        0.9947505598076102
    ],
    "cos_inc": [
        -0.06986202694451593,
        0.011669038224718764,
        0.09240853965444629
    ],
    "gwphi": [
        1.9137527696484518,
        2.81485033164132,
        4.787405313261442
    ],
    "log10_Mc": [
        null,
        9.420964290808664,
        null
    ],
    "log10_fgw": [
        -7.677796926711179,
        -7.648559666028891,
        -7.6187376601329575
    ],
    "log10_h": [
        -14.402638336045847,
        -14.309943639012163,
        -14.229102980802493
    ],
    "phase0": [
        null,
        5.124652914512576,
        null
    ],
    "psi": [
        null,
        1.601398565684601,
        null
    ]
}