{
    "cos_gwtheta": [
        -0.058053800124634236,
        -0.00471011613475647,
        0.05922795805520176
    ],
    "cos_inc": [
        -0.011711657154956145,
        0.03723851619087726,
        0.07867199625139543
    ],
    "gwphi": [
        2.880646227123628,
        3.0004049064269065,
        3.1166584536530157
    ],
    "log10_Mc": [
        null,
        9.679254186689183,
        null
    ],
    "log10_fgw": [
        -7.680209735864221,
        -7.653332544605022,
        -7.626455353345823
    ],
    "log10_h": [
        -14.125152875204838,
        -14.05224089459807,
        -13.961343958774965
    ]
}