{
    "cos_gwtheta": [
        -0.1346777723498831,
        -0.0758191391863523,
        -0.011476782436157129
    ],
    "cos_inc": [
        -0.07561409999356239,
        -0.02934159155605709,
        0.018492858094528608
    ],
    "gwphi": [
        2.863635730076863,
        2.9717276282899903,
        3.0722647164129526
    ],
    "log10_Mc": [
        null,
        8.57026488328983,
        null
    ],
    "log10_fgw": [
        -7.683769239287563,
        -7.654378678249381,
        -7.626921706753183
    ],
    "log10_h": [
        -14.139367891830927,
        -14.080523140051573,
        -14.016651449678005
    ],
    "phase0": [
        null,
        3.9244212060598094,
        null
    ],
    "psi": [
        1.5920013066980747,
        1.6478977995430468,
        1.7128585885250414
    ]
}