{
    "cos_gwtheta": [
        -0.013124052142523657,
        0.0017876121150913749,
        0.019124667547137708
    ],
    "cos_inc": [
        0.014954643914955268,
        0.04382264213214915,
        0.06883038477378811
    ],
    "gwphi": [
        3.075969618948608,
        3.1336340558632045,
        3.188360177521006
    ],
    "log10_Mc": [
        8.00628784735766,
        9.229890279631519,
        9.486224350036364
    ],
    "log10_fgw": [
        -7.6692255075510065,
        -7.653907824166846,
        -7.63869363864339
    ],
    "log10_h": [
        -13.522435920036264,
        -13.479069910821506,
        -13.447785973825784
    ],
    "phase0": [
        null,
        0.01980167625733307,
        null
    ],
    "psi": [
        0.009865327140657023,
        0.009865327140657023,
        0.10795094478874467
    ]
}