{
    "cos_gwtheta": [
        -0.1546889913401962,
        -0.018495533136608344,
        0.20577632212419017
    ],
    "cos_inc": [
        -0.19931702002728346,
        0.038690150939460155,
        0.1927883610474186
    ],
    "gwphi": [
        2.939884805580519,
        3.2328498960227954,
        3.4358640844955883
    ],
    "log10_Mc": [
        null,
        9.153600304156253,
        null
    ],
    "log10_fgw": [
        -7.69914453853416,
        -7.662450302022667,
        -7.627137031401392
    ],
    "log10_h": [
        -14.594367686692717,
        -14.420466943923083,
        -14.262856668860206
    ],
    "phase0": [
        null,
        4.0144875460680955,
        null
    ],
    "psi": [
        null,
        0.009936110005668335,
        null
    ]
}