{
    "cos_gwtheta": [
        -0.07233934401981501,
        -0.02856930666694002,
        0.016835296396208288
    ],
    "cos_inc": [
        -0.034099275099070514,
        0.004369563153017508,
        0.04573806257988611
    ],
    "gwphi": [
        3.0509179024719892,
        3.1492634151407795,
        3.2398604934780897
    ],
    "log10_Mc": [
        null,
        8.006377920456838,
        null
    ],
    "log10_fgw": [
        -7.685378412151735,
        -7.660114366897891,
        -7.634501852054338
    ],
    "log10_h": [
        -14.002784726747663,
        -13.957370365732666,
        -13.913506738996231
    ]
}