{
    "cos_gwtheta": [
        -0.013614681203117263,
        0.008382321337400467,
        0.032059650460874445
    ],
    "cos_inc": [
        -0.05300603907270662,
        -0.030856568842400955,
        -0.0005288326809055333
    ],
    "gwphi": [
        3.1336851190668,
        3.1336851190668,
        3.165985683632471
    ],
    "log10_Mc": [
        null,
        9.191710996478479,
        null
    ],
    "log10_fgw": [
        -7.658891042414981,
        -7.649540798430072,
        -7.641143445551905
    ],
    "log10_h": [
        -12.726086845826156,
        -12.68173039409885,
        -12.625457283698534
    ],
    "phase0": [
        1.5333048088851637,
        1.831072029382815,
        2.164467039881645
    ],
    "psi": [
        1.5652929463032554,
        1.5774739972958485,
        1.5916324916313946
    ]
}