{
    "cos_gwtheta": [
        -0.03213728384681447,
        -0.014488157679599545,
        0.001303165733171796
    ],
    "cos_inc": [
        -0.059538448833266755,
        -0.034868054480095056,
        -0.014806415115977412
    ],
    "gwphi": [
        3.1097722067407885,
        3.1607387041021036,
        3.2054897749559412
    ],
    "log10_Mc": [
        null,
        8.006293871390161,
        null
    ],
    "log10_fgw": [
        -7.656623473283112,
        -7.656623473283112,
        -7.641581699284144
    ],
    "log10_h": [
        -13.52054127976348,
        -13.476653874409045,
        -13.45515800239871
    ],
    "phase0": [
        null,
        2.5746140262081916,
        null
    ],
    "psi": [
        1.5112690221477685,
        1.536509891372578,
        1.5625202992932659
    ]
}