{
    "cos_gwtheta": [
        -0.046932060837677314,
        0.14281570314889047,
        0.2487351930249685
    ],
    "cos_inc": [
        -0.028077959288184906,
        0.12078960424637608,
        0.24951858491551882
    ],
    "gwphi": [
        3.2362043641205953,
        3.3960647522017093,
        3.5633605071703167
    ],
    "log10_Mc": [
        null,
        8.00630452646661,
        null
    ],
    "log10_fgw": [
        -7.663573742795991,
        -7.641360370694617,
        -7.623720339908231
    ],
    "log10_h": [
        -14.408957936283688,
        -14.321311113355573,
        -14.238844362704533
    ],
    "phase0": [
        null,
        5.3956312204096974,
        null
    ],
    "psi": [
        1.4708655782486777,
        1.5666934873174112,
        1.6760466568252754
    ]
}