{
    "cos_gwtheta": [
        -0.018382326836547946,
        0.10708936034471017,
        0.17448331554475394
    ],
    "cos_inc": [
        -0.0942684404986397,
        -0.009931248184812391,
        0.06438381141010707
    ],
    "gwphi": [
        2.8351002526850215,
        2.9773439731305626,
        3.1587202454890693
    ],
    "log10_Mc": [
        null,
        9.83222496598279,
        null
    ],
    "log10_fgw": [
        -7.67850299310414,
        -7.648967697860348,
        -7.6224423690108285
    ],
    "log10_h": [
        -14.341984360707599,
        -14.25847702090564,
        -14.181728760826555
    ],
    "phase0": [
        null,
        5.666021686185701,
        null
    ],
    "psi": [
        1.4441612015888685,
        1.5351075088616508,
        1.6088477580017444
    ]
}