{
    "cos_gwtheta": [
        -0.02473489074004076,
        0.0011990585505868845,
        0.03103157538163559
    ],
    "cos_inc": [
        -0.05069883511624462,
        -0.0226864782245616,
        0.005148585269072803
    ],
    "gwphi": [
        3.1464824503350526,
        3.1464824503350526,
        3.1874170204900163
    ],
    "log10_Mc": [
        null,
        9.430656234281464,
        null
    ],
    "log10_fgw": [
        -7.651056374303632,
        -7.651056374303632,
        -7.637320246397119
    ],
    "log10_h": [
        -12.677838861445057,
        -12.639636306477401,
        -12.639636306477401
    ],
    "phase0": [
        3.199262307727326,
        3.524227432381882,
        3.837032571726785
    ],
    "psi": [
        1.5403405085573023,
        1.5731770536496708,
        1.6049938302609095
    ]
}