{
    "cos_gwtheta": [
        -0.03228501258480465,
        -0.011312920141162364,
        0.01408806138995733
    ],
    "cos_inc": [
        -0.15772042786982332,
        -0.12430211668657132,
        -0.08506376254443837
    ],
    "gwphi": [
        3.0921130224199285,
        3.1571058314146865,
        3.2133355650393645
    ],
    "log10_Mc": [
        null,
        8.092246616996512,
        null
    ],
    "log10_fgw": [
        -7.670158273045568,
        -7.658242486999977,
        -7.644120073908905
    ],
    "log10_h": [
        -13.564112871917608,
        -13.519025634667432,
        -13.482955844867293
    ],
    "phase0": [
        null,
        0.1704487247616022,
        null
    ],
    "psi": [
        3.041145902732686,
        3.133296227295676,
        3.133296227295676
    ]
}