{
    "cos_gwtheta": [
        0.12283028900471493,
        0.1759868035251565,
        0.22991932555684536
    ],
    "cos_inc": [
        -0.0005527967211701457,
        0.03920353997083681,
        0.07818790896008654
    ],
    "gwphi": [
        3.097378166241192,
        3.188467335913608,
        3.2960625967347172
    ],
    "log10_Mc": [
        null,
        8.570268552122155,
        null
    ],
    "log10_fgw": [
        -7.686081453302713,
        -7.6562413064197825,
        -7.629844253407959
    ],
    "log10_h": [
        -14.024356055686349,
        -13.954570935012875,
        -13.8740136145039
    ]
}