{
    "cos_gwtheta": [
        -0.04026782928811379,
        0.00021900056236456855,
        0.039930962855896035
    ],
    "cos_inc": [
        -0.04411523056673028,
        -0.023652615203207383,
        -0.002098660353629933
    ],
    "gwphi": [
        3.0528241755021295,
        3.130107040131197,
        3.2087457444905993
    ],
    "log10_Mc": [
        8.524766123280223,
        9.440097318596859,
        9.99470490142069
    ],
    "log10_fgw": [
        -7.649020235326915,
        -7.649020235326915,
        -7.636319105238832
    ],
    "log10_h": [
        -12.713506185345922,
        -12.667703180158174,
        -12.622743175065905
    ],
    "phase0": [
        0.1567132053456561,
        0.4297316232995205,
        0.7137611253280496
    ],
    "psi": [
        1.5333135091550225,
        1.5863874677296061,
        1.639773626060511
    ]
}