{
    "cos_gwtheta": [
        -0.011799562624676074,
        0.01348237373874761,
        0.04366747351810807
    ],
    "cos_inc": [
        0.0009077272699502537,
        0.032868278547969476,
        0.06464723578463627
    ],
    "gwphi": [
        3.041060125061115,
        3.1123918013835388,
        3.2121446924906776
    ],
    "log10_Mc": [
        null,
        9.994710077080093,
        null
    ],
    "log10_fgw": [
        -7.673541197848366,
        -7.653816199061419,
        -7.632987703838838
    ],
    "log10_h": [
        -13.545697776236045,
        -13.511077080105625,
        -13.469119547709157
    ],
    "phase0": [
        2.3200565042862125,
        2.6634941823064007,
        4.624835539872603
    ],
    "psi": [
        1.507698321463593,
        1.5714218202869112,
        1.6335834686488737
    ]
}