{
    "cos_gwtheta": [
        0.11649309018888843,
        0.1937806769145236,
        0.2718767112000504
    ],
    "cos_inc": [
        0.05954175617506574,
        0.1172285748734403,
        0.17948464653802243
    ],
    "gwphi": [
        3.0661303463118688,
        3.202697598945191,
        3.324697677964292
    ],
    "log10_Mc": [
        null,
        8.627729027417336,
        null
    ],
    "log10_fgw": [
        -7.670165765634028,
        -7.641246419819689,
        -7.614217227326548
    ],
    "log10_h": [
        -14.21803273762229,
        -14.155384120061878,
        -14.0872990522173
    ]
}