{
    "cos_gwtheta": [
        -0.3172460420773683,
        -0.23953866033713145,
        -0.16498690831223417
    ],
    "cos_inc": [
        -0.14700952003593126,
        -0.01822967808989462,
        0.08968305983710845
    ],
    "gwphi": [
        3.5699848803605074,
        3.7751794569062467,
        4.34211523222563
    ],
    "log10_Mc": [
        null,
        9.985166951789587,
        null
    ],
    "log10_fgw": [
        -7.687935114385051,
        -7.657300738168086,
        -7.625880865125045
    ],
    "log10_h": [
        -14.530690324121379,
        -14.413091653187136,
        -14.293257266075434
    ],
    "phase0": [
        null,
        4.374540291141726,
        null
    ],
    "psi": [
        null,
        2.982842332066891,
        null
    ]
}