{
    "cos_gwtheta": [
        null,
        0.019002728971539706,
        null
    ],
    "cos_inc": [
        -0.048438582257514295,
        -0.01005042966196279,
        0.03707057281314552
    ],
    "gwphi": [
        3.0987524568036386,
        3.171704174421497,
        3.2433871665155665
    ],
    "log10_Mc": [
        null,
        9.841735929979857,
        null
    ],
    "log10_fgw": [
        -7.6539709995680845,
        -7.6539709995680845,
        -7.639269880987313
    ],
    "log10_h": [
        -14.034971379600039,
        -13.986682647985358,
        -13.9454244596709
    ]
}