{
    "cos_gwtheta": [
        null,
        -0.31499260965695497,
        null
    ],
    "cos_inc": [
        null,
        -0.6876826420792399,
        null
    ],
    "gwphi": [
        0.7428101833423634,
        3.023003826357627,
        4.200583283092907
    ],
    "log10_Mc": [
        null,
        8.713625137254592,
        null
    ],
    "log10_fgw": [
        -7.503476053134333,
        -7.098033353803004,
        -6.505279706570687
    ],
    "log10_h": [
        null,
        -14.187379260128058,
        null
    ],
    "phase0": [
        null,
        4.524707319525908,
        null
    ],
    "psi": [
        0.9666373380885293,
        2.727729599636005,
        3.1331743948627917
    ]
}