{
    "cos_gwtheta": [
        -0.032381844127621684,
        -0.00680112463374527,
        0.018645664391576888
    ],
    "cos_inc": [
        null,
        0.024331334136492556,
        null
    ],
    "gwphi": [
        3.1312534101882035,
        3.1312534101882035,
        3.1468868481627306
    ],
    "log10_Mc": [
        null,
        8.006300376857833,
        null
    ],
    "log10_fgw": [
        -7.652151792719849,
        -7.652151792719849,
        -7.6370877936411965
    ],
    "log10_h": [
        -12.733130559806705,
        -12.667357068993567,
        -12.60123740191299
    ],
    "phase0": [
        null,
        4.883226384136941,
        null
    ],
    "psi": [
        0.009864456160282304,
        0.009864456160282304,
        0.05765769227763499
    ]
}