{
    "cos_gwtheta": [
        -0.027339794373386683,
        -0.016721584982351323,
        -0.007049552665764736
    ],
    "cos_inc": [
        0.01852054537846315,
        0.05460038539498124,
        0.0934555977204623
    ],
    "gwphi": [
        3.18648940955988,
        3.2054269030918587,
        3.224138950272266
    ],
    "log10_Mc": [
        8.301818135057685,
        9.162862588902229,
        9.799001435980449
    ],
    "log10_fgw": [
        -7.656282163936796,
        -7.656282163936796,
        -7.646328613568138
    ],
    "log10_h": [
        -13.52650035754496,
        -13.5007336093156,
        -13.47539810373443
    ],
    "phase0": [
        null,
        1.4010326757820286,
        null
    ],
    "psi": [
        0.009864545472954137,
        0.009864545472954137,
        0.0913942781450572
    ]
}