{
    "cos_gwtheta": [
        0.1598442978824478,
        0.1783563214743641,
        0.200394444798074
    ],
    "cos_inc": [
        0.018842833322965546,
        0.03506603934202441,
        0.049287232703412176
    ],
    "gwphi": [
        3.2055220570679017,
        3.2684104601244863,
        3.323665010786919
    ],
    "log10_Mc": [
        null,
        9.239433273206688,
        null
    ],
    "log10_fgw": [
        -7.657148002548093,
        -7.657148002548093,
        -7.651728376936813
    ],
    "log10_h": [
        -13.486955906033776,
        -13.454754480157247,
        -13.422948973451332
    ],
    "phase0": [
        0.5150847752549012,
        1.8211186823757397,
        2.764885891203854
    ],
    "psi": [
        1.5422246749771882,
        1.554039680685668,
        1.565398668629961
    ]
}