{
    "cos_gwtheta": [
        0.83828280016861,
        0.8717667933125446,
        0.8986701172836828
    ],
    "cos_inc": [
        -0.014432523017542472,
        -0.014432523017542472,
        0.006304642133601957
    ],
    "gwphi": [
        2.639374446957809,
        2.691799757567043,
        2.743557229824567
    ],
    "log10_Mc": [
        null,
        9.803595345877241,
        null
    ],
    "log10_fgw": [
        -7.6573125050935875,
        -7.650678289992225,
        -7.644133124757995
    ],
    "log10_h": [
        -12.961690228503734,
        -12.928673818934396,
        -12.928673818934396
    ],
    "phase0": [
        2.294688481678736,
        2.653896531330662,
        2.988477192661693
    ],
    "psi": [
        2.029268137546131,
        2.0389016383310508,
        2.0491341132580376
    ]
}