{
    "cos_gwtheta": [
        -0.16170842984477451,
        -0.07912545121430525,
        -0.005544408643081367
    ],
    "cos_inc": [
        -0.22905697023709803,
        -0.15331837666804393,
        -0.0760018957329679
    ],
    "gwphi": [
        2.8112065568405544,
        2.9420491480519813,
        3.0895556541818445
    ],
    "log10_Mc": [
        null,
        9.220386463063814,
        null
    ],
    "log10_fgw": [
        -7.6811769854617244,
        -7.654532879550083,
        -7.625261889957012
    ],
    "log10_h": [
        -14.303607153369878,
        -14.220815216781126,
        -14.157595842033686
    ],
    "phase0": [
        null,
        3.95434180189612,
        null
    ],
    "psi": [
        null,
        0.08490967743312723,
        null
    ]
}