{
    "cos_gwtheta": [
        -0.003034319852199374,
        0.010942379045701722,
        0.02491907794360293
    ],
    "cos_inc": [
        0.012721833890806958,
        0.030016902028435124,
        0.04831749738336724
    ],
    "gwphi": [
        3.125578246651659,
        3.125578246651659,
        3.138942399353176
    ],
    "log10_Mc": [
        null,
        8.71363083075667,
        null
    ],
    "log10_fgw": [
        -7.653499327114442,
        -7.650234852007765,
        -7.650234852007765
    ],
    "log10_h": [
        -12.68276269726337,
        -12.650796896089712,
        -12.650796896089712
    ],
    "phase0": [
        2.567964212407797,
        2.7908323160070463,
        3.011471738570302
    ],
    "psi": [
        1.5676596650975612,
        1.5709516943981574,
        1.5739693879237038
    ]
}