{
    "cos_gwtheta": [
        -0.0012657938979150352,
        0.02409475620423962,
        0.05602350633285158
    ],
    "cos_inc": [
        -0.01695197552532579,
        0.005864764795959321,
        0.035411622765968875
    ],
    "gwphi": [
        3.063835216059165,
        3.1241595866785006,
        3.171485888490355
    ],
    "log10_Mc": [
        null,
        8.33126096568247,
        null
    ],
    "log10_fgw": [
        -7.666598174342743,
        -7.666598174342743,
        -7.650972586966513
    ],
    "log10_h": [
        -13.533652004941146,
        -13.512841344166059,
        -13.496155318859909
    ],
    "phase0": [
        0.019828354800863958,
        0.8307324996057459,
        2.7093062772854686
    ],
    "psi": [
        1.5656123617123274,
        1.581200327045916,
        1.599168720583156
    ]
}