{
    "cos_gwtheta": [
        -0.12147771821029121,
        -0.06373931181895759,
        -0.018231208259285814
    ],
    "cos_inc": [
        0.005362616141577736,
        0.05493103111713482,
        0.10469082993429635
    ],
    "gwphi": [
        3.18174195392252,
        3.2631802608154317,
        3.376336645129793
    ],
    "log10_Mc": [
        null,
        8.589379872143498,
        null
    ],
    "log10_fgw": [
        -7.665571325456247,
        -7.647192649915717,
        -7.626989141342794
    ],
    "log10_h": [
        -14.073102373928647,
        -14.025888281479736,
        -13.97583729077209
    ]
}