{
    "cos_gwtheta": [
        0.2218538016856979,
        0.26689215765186924,
        0.3074846673209506
    ],
    "cos_inc": [
        0.013524253958773103,
        0.05149725066922306,
        0.08622632303757416
    ],
    "gwphi": [
        3.244315415485324,
        3.3220014650404543,
        3.4224384291081584
    ],
    "log10_Mc": [
        null,
        9.564550706761333,
        null
    ],
    "log10_fgw": [
        -7.682659014749904,
        -7.658723207428861,
        -7.633950483767921
    ],
    "log10_h": [
        -13.928157599039244,
        -13.878134007079918,
        -13.833112774316524
    ]
}