{
    "cos_gwtheta": [
        -0.1661955150206733,
        -0.03858006189149432,
        0.04569078397952331
    ],
    "cos_inc": [
        -0.05638244894972233,
        0.01545688650078203,
        0.08690472693520723
    ],
    "gwphi": [
        2.8897283541170267,
        3.010413641633562,
        3.21473664003365
    ],
    "log10_Mc": [
        null,
        9.736538657489628,
        null
    ],
    "log10_fgw": [
        -7.6737481276323125,
        -7.650836577812589,
        -7.629540585992974
    ],
    "log10_h": [
        -14.324932646442356,
        -14.240653925847777,
        -14.165523882159846
    ],
    "phase0": [
        0.01973816581784297,
        1.1311609863317016,
        4.5797579336259675
    ],
    "psi": [
        1.570594503456356,
        1.6408319160585145,
        1.7228245441589423
    ]
}