{
    "cos_gwtheta": [
        -0.017801777247287154,
        0.003490318330125697,
        0.0200619964917913
    ],
    "cos_inc": [
        -0.07427741862487358,
        -0.04303055923981436,
        -0.011969693065380538
    ],
    "gwphi": [
        3.049153457667469,
        3.142064212575726,
        3.2179790976836915
    ],
    "log10_Mc": [
        null,
        8.7423052519905,
        null
    ],
    "log10_fgw": [
        -7.656589699934895,
        -7.646389174291626,
        -7.635542136459699
    ],
    "log10_h": [
        -13.58527667830288,
        -13.53016479823669,
        -13.466453901422582
    ],
    "phase0": [
        null,
        3.7132446183016246,
        null
    ],
    "psi": [
        1.5510074853920357,
        1.5757641749238793,
        1.5970970669672764
    ]
}