{
    "cos_gwtheta": [
        0.09695831391416898,
        0.11610726347486411,
        0.1308945078578454
    ],
    "cos_inc": [
        -0.05665546020983925,
        -0.03680396877279102,
        -0.017217163888236797
    ],
    "gwphi": [
        3.1530644305001614,
        3.1769424387057477,
        3.203844994617375
    ],
    "log10_Mc": [
        null,
        8.971967758138732,
        null
    ],
    "log10_fgw": [
        -7.67522120353394,
        -7.650114033721778,
        -7.624833711014358
    ],
    "log10_h": [
        -12.704519929942371,
        -12.644931799645235,
        -12.584151906742155
    ],
    "phase0": [
        4.445475669536325,
        4.643615347206241,
        4.869764298682901
    ],
    "psi": [
        null,
        0.009864653947120352,
        null
    ]
}