{
    "cos_gwtheta": [
        -0.3716038418311197,
        -0.352964592983532,
        -0.3285079989542131
    ],
    "cos_inc": [
        0.25352974029528275,
        0.28440098087085486,
        0.313456266118452
    ],
    "gwphi": [
        3.806878061277892,
        3.8464843367470882,
        3.895860160165352
    ],
    "log10_Mc": [
        null,
        9.889650367799227,
        null
    ],
    "log10_fgw": [
        -7.900537393779685,
        -7.895904403249632,
        -7.895904403249632
    ],
    "log10_h": [
        -13.363996936876681,
        -13.330641464506323,
        -13.330641464506323
    ],
    "phase0": [
        null,
        3.5525798959992247,
        null
    ],
    "psi": [
        0.7038344975855149,
        0.7038344975855149,
        0.7566724526556426
    ]
}