{
    "cos_gwtheta": [
        -0.14120997368323351,
        -0.0545359440283254,
        0.08033351018805601
    ],
    "cos_inc": [
        -0.6967375175222312,
        -0.2971861238300333,
        -0.15070379469697714
    ],
    "gwphi": [
        3.5659293525979896,
        3.710750821518678,
        3.8275815863622586
    ],
    "log10_Mc": [
        null,
        8.0063014754143,
        null
    ],
    "log10_fgw": [
        -7.6687697104773145,
        -7.645513738622531,
        -7.620306216682032
    ],
    "log10_h": [
        -14.624649499337352,
        -14.415227199573053,
        -14.320754022719072
    ],
    "phase0": [
        null,
        1.4616953853125434,
        null
    ],
    "psi": [
        null,
        1.466468547998748,
        null
    ]
}