{
    "cos_gwtheta": [
        -0.018774247565815694,
        0.010739933053209194,
        0.042221725713502356
    ],
    "cos_inc": [
        -0.07923317296611254,
        -0.0420757378442671,
        -0.0070924079689125286
    ],
    "gwphi": [
        3.027434693994624,
        3.130747691352574,
        3.2213731276314768
    ],
    "log10_Mc": [
        null,
        9.268058191695198,
        null
    ],
    "log10_fgw": [
        -7.6734744591109525,
        -7.655319210789293,
        -7.636913545249404
    ],
    "log10_h": [
        -13.507517192599874,
        -13.44530899648883,
        -13.44530899648883
    ],
    "phase0": [
        3.1160889178538813,
        5.3656797782556005,
        6.2665156629263254
    ],
    "psi": [
        3.064570271138071,
        3.1332923162968322,
        3.1332923162968322
    ]
}