{
    "cos_gwtheta": [
        -0.13046908792208045,
        -0.08505255398263722,
        -0.03424761771139562
    ],
    "cos_inc": [
        -0.029444110781006394,
        0.010979785262923203,
        0.05090047928140984
    ],
    "gwphi": [
        3.1466222654344103,
        3.220177772162586,
        3.2844495741580797
    ],
    "log10_Mc": [
        null,
        8.388730715679797,
        null
    ],
    "log10_fgw": [
        -7.682028908699672,
        -7.662831626667964,
        -7.6444073895502855
    ],
    "log10_h": [
        -14.03478503156181,
        -13.977924832458863,
        -13.911071022604487
    ]
}