{
    "cos_gwtheta": [
        -0.029281889190636234,
        -0.008123238149061907,
        0.015163098472112113
    ],
    "cos_inc": [
        -0.10794391349983257,
        -0.06638683696072878,
        -0.02443208504804495
    ],
    "gwphi": [
        3.0709555173301846,
        3.1383058500654846,
        3.1957732535407137
    ],
    "log10_Mc": [
        null,
        9.8703240308921,
        null
    ],
    "log10_fgw": [
        -7.658303836484225,
        -7.6573179376367655,
        -7.656425048114539
    ],
    "log10_h": [
        -13.502179352947495,
        -13.465436911004131,
        -13.439448354507606
    ],
    "phase0": [
        3.68207370084814,
        4.735364560406804,
        6.266572091117532
    ],
    "psi": [
        1.5485942270036677,
        1.5736647478941708,
        1.596253038993535
    ]
}