{
    "cos_gwtheta": [
        -0.013228510963026685,
        0.0022051511928739,
        0.015593388243775652
    ],
    "cos_inc": [
        0.002536504837332698,
        0.0340107453094356,
        0.05983093060690925
    ],
    "gwphi": [
        3.1384405858563595,
        3.1384405858563595,
        3.1598586964671918
    ],
    "log10_Mc": [
        null,
        8.302598708575765,
        null
    ],
    "log10_fgw": [
        -7.672341089046554,
        -7.654536470277338,
        -7.636609902064498
    ],
    "log10_h": [
        -12.69336683676746,
        -12.648064779956599,
        -12.603064736857808
    ],
    "phase0": [
        0.7419640939240829,
        0.949504052662201,
        1.1573787532692514
    ],
    "psi": [
        3.0908159418198062,
        3.1332988975413403,
        3.1332988975413403
    ]
}