{
    "cos_gwtheta": [
        -0.1006084396478516,
        -0.03280424748070332,
        0.1191589168738102
    ],
    "cos_inc": [
        0.0214325324635819,
        0.1114805152910564,
        0.20680245806721154
    ],
    "gwphi": [
        2.7401735845497113,
        2.8849551815146923,
        3.019237349692136
    ],
    "log10_Mc": [
        null,
        9.870331003448996,
        null
    ],
    "log10_fgw": [
        -7.66926004424449,
        -7.652072929674061,
        -7.632737425782327
    ],
    "log10_h": [
        -14.426753931226644,
        -14.331127940381178,
        -14.242972730070514
    ],
    "phase0": [
        null,
        3.2934238079231997,
        null
    ],
    "psi": [
        null,
        1.6916844646813087,
        null
    ]
}