{
    "cos_gwtheta": [
        -0.267675196816756,
        -0.13068391043041605,
        -0.06545940504531356
    ],
    "cos_inc": [
        -0.1942375566735015,
        -0.10466235538498836,
        -0.006348110068327695
    ],
    "gwphi": [
        3.000910747973885,
        3.181933586952226,
        3.33278595276751
    ],
    "log10_Mc": [
        null,
        8.235764138840635,
        null
    ],
    "log10_fgw": [
        -7.680789022569449,
        -7.660653609604173,
        -7.635673586000637
    ],
    "log10_h": [
        -14.31270832385972,
        -14.227691614076743,
        -14.158418739438762
    ],
    "phase0": [
        null,
        5.455513096853992,
        null
    ],
    "psi": [
        1.4368357346026817,
        1.5714647015302488,
        1.6995340204172615
    ]
}