{
    "cos_gwtheta": [
        0.04106995833656857,
        0.09681223543447981,
        0.14313858734693308
    ],
    "cos_inc": [
        -0.010258679880409294,
        0.03930524619366449,
        0.08250493273293491
    ],
    "gwphi": [
        3.1019210984405525,
        3.1950500322064377,
        3.310436195425805
    ],
    "log10_Mc": [
        null,
        9.60273150509714,
        null
    ],
    "log10_fgw": [
        -7.675432388166474,
        -7.652379104877758,
        -7.627185159569375
    ],
    "log10_h": [
        -14.082486938556809,
        -14.024170739797512,
        -13.953826825044107
    ]
}