{
    "cos_gwtheta": [
        -0.02478451389199432,
        -0.00013087407628825654,
        0.021783472426561534
    ],
    "cos_inc": [
        -0.06814985992314748,
        -0.040645895070909654,
        -0.014093990540480106
    ],
    "gwphi": [
        null,
        3.145077823619486,
        null
    ],
    "log10_Mc": [
        null,
        9.679309350067836,
        null
    ],
    "log10_fgw": [
        -7.6615016398327676,
        -7.652551338844111,
        -7.641582172970795
    ],
    "log10_h": [
        -12.724251056914367,
        -12.678740554600399,
        -12.678740554600399
    ],
    "phase0": [
        0.01972976128748289,
        0.01972976128748289,
        0.13905640628951066
    ],
    "psi": [
        0.009864601269777838,
        0.009864601269777838,
        0.06234354135962945
    ]
}