{
    "cos_gwtheta": [
        0.0887801158404069,
        0.16871731472016505,
        0.2772740045568738
    ],
    "cos_inc": [
        0.0306428625275198,
        0.09511116383146845,
        0.16426806886661327
    ],
    "gwphi": [
        3.0885073891287913,
        3.2343435226552533,
        3.355565962759528
    ],
    "log10_Mc": [
        null,
        9.832044614687913,
        null
    ],
    "log10_fgw": [
        -7.675168359836432,
        -7.6519676355830475,
        -7.631116351760386
    ],
    "log10_h": [
        -14.299768575382714,
        -14.218657700394322,
        -14.149316857738633
    ],
    "phase0": [
        null,
        5.756185982664845,
        null
    ],
    "psi": [
        null,
        0.009868520622177907,
        null
    ]
}