{
    "cos_gwtheta": [
        -0.34694503193308357,
        -0.2682392719177811,
        -0.19492168129227916
    ],
    "cos_inc": [
        -0.19877808860370105,
        -0.08338954453225966,
        0.020323936058091352
    ],
    "gwphi": [
        3.4788963925117784,
        3.6883369281431717,
        3.8577373613744457
    ],
    "log10_Mc": [
        null,
        9.468926267247515,
        null
    ],
    "log10_fgw": [
        -7.673990981447605,
        -7.6456186658394625,
        -7.6178063301446395
    ],
    "log10_h": [
        -14.434404759427549,
        -14.338807917390032,
        -14.254937621309118
    ],
    "phase0": [
        null,
        5.39467532252157,
        null
    ],
    "psi": [
        null,
        0.11481971031419103,
        null
    ]
}