{
    "cos_gwtheta": [
        0.8971025934912701,
        0.9039928134405462,
        0.910228462494641
    ],
    "cos_inc": [
        -0.2637218208801241,
        -0.2478612050697223,
        -0.2310334785391741
    ],
    "gwphi": [
        1.4285462192670784,
        1.495566228111034,
        1.5617738732114266
    ],
    "log10_Mc": [
        null,
        9.612306633975574,
        null
    ],
    "log10_fgw": [
        -7.9712121051412375,
        -7.962986827698852,
        -7.962986827698852
    ],
    "log10_h": [
        -13.472071141216519,
        -13.453190254998171,
        -13.436712390662159
    ],
    "phase0": [
        4.8776770296919905,
        5.555484726782256,
        6.1362326169808075
    ],
    "psi": [
        1.653498933318871,
        1.664520776472013,
        1.675141263992127
    ]
}