{
    "cos_gwtheta": [
        -0.019808759459986298,
        -0.006514405443447793,
        0.006700815513468454
    ],
    "cos_inc": [
        0.008080037425421054,
        0.027026870886503702,
        0.047059200014627545
    ],
    "gwphi": [
        3.084849841887498,
        3.1585860795679035,
        3.2284668276963924
    ],
    "log10_Mc": [
        null,
        9.889516274749802,
        null
    ],
    "log10_fgw": [
        -7.660155875991086,
        -7.651137097339268,
        -7.642056120213987
    ],
    "log10_h": [
        -12.710734923858613,
        -12.669665767399755,
        -12.669665767399755
    ],
    "phase0": [
        null,
        4.257174958236227,
        null
    ],
    "psi": [
        1.5473245550284382,
        1.5600628825135838,
        1.5716335299792579
    ]
}