{
    "cos_gwtheta": [
        -0.042621172966030296,
        -0.014975453575524211,
        0.01697868961609983
    ],
    "cos_inc": [
        -0.008266984555646117,
        0.020941628030584747,
        0.051092453926048886
    ],
    "gwphi": [
        3.0674832207061615,
        3.149134794834533,
        3.2318537098011837
    ],
    "log10_Mc": [
        null,
        9.34460980166489,
        null
    ],
    "log10_fgw": [
        -7.68122563694994,
        -7.657314152740238,
        -7.6332377617428815
    ],
    "log10_h": [
        -13.553856046188692,
        -13.493573339226295,
        -13.419209999980712
    ],
    "phase0": [
        null,
        4.3142224146133685,
        null
    ],
    "psi": [
        3.0773829217133324,
        3.1332979526198805,
        3.1332979526198805
    ]
}