{
    "cos_gwtheta": [
        -0.004392790827159709,
        0.025593635897823153,
        0.0603778908988033
    ],
    "cos_inc": [
        -0.08150028940541493,
        -0.05657979295096427,
        -0.02915157358285836
    ],
    "gwphi": [
        2.969255983871016,
        3.046040349995839,
        3.1345624536174497
    ],
    "log10_Mc": [
        null,
        9.134287445890378,
        null
    ],
    "log10_fgw": [
        -7.672329307010913,
        -7.651587721402421,
        -7.631399244743488
    ],
    "log10_h": [
        -13.57937728339131,
        -13.539016931329346,
        -13.504215190629209
    ],
    "phase0": [
        null,
        3.7733074038601515,
        null
    ],
    "psi": [
        3.067640530622105,
        3.1333913307198085,
        3.1333913307198085
    ]
}