{
    "cos_gwtheta": [
        -0.020222318315789023,
        0.012667938662245914,
        0.03952831519430777
    ],
    "cos_inc": [
        -0.040233666216318714,
        -0.019107591629635684,
        0.0009181665723242693
    ],
    "gwphi": [
        3.093063678687578,
        3.1267987324893314,
        3.1540462759445944
    ],
    "log10_Mc": [
        null,
        9.363924397208299,
        null
    ],
    "log10_fgw": [
        -7.675823097230858,
        -7.658972227657749,
        -7.641665929177258
    ],
    "log10_h": [
        -13.489264991061777,
        -13.426518937143879,
        -13.363772883225979
    ],
    "phase0": [
        null,
        0.8906350100005412,
        null
    ],
    "psi": [
        1.5117552193970103,
        1.5342489514888897,
        1.5597601354467532
    ]
}