{
    "cos_gwtheta": [
        -0.022534423000767134,
        -0.0011450758866640154,
        0.026064501734677892
    ],
    "cos_inc": [
        -0.009524605861759294,
        0.019061978070303742,
        0.0525102259363911
    ],
    "gwphi": [
        3.066944515623857,
        3.161485576361158,
        3.2315763627698466
    ],
    "log10_Mc": [
        8.54067454457022,
        9.889667390935129,
        9.994659758694661
    ],
    "log10_fgw": [
        -7.682160163859143,
        -7.655928410194493,
        -7.624215394570064
    ],
    "log10_h": [
        -13.552872746804889,
        -13.508878938269325,
        -13.485284493468129
    ],
    "phase0": [
        1.2570363113469933,
        2.6302446820018397,
        4.332398875990824
    ],
    "psi": [
        1.4553679330088904,
        1.5068989277455036,
        1.5453288221253505
    ]
}