{
    "cos_gwtheta": [
        0.8486793494916537,
        0.8539339658776335,
        0.8584942785969972
    ],
    "cos_inc": [
        0.2477166846133756,
        0.2870887335083543,
        0.3208930179131342
    ],
    "gwphi": [
        2.7063917900945302,
        2.7063917900945302,
        2.762429015031462
    ],
    "log10_Mc": [
        null,
        9.650666565072092,
        null
    ],
    "log10_fgw": [
        -7.84837407658261,
        -7.84837407658261,
        -7.84422616434879
    ],
    "log10_h": [
        -13.375254238692511,
        -13.329671103013737,
        -13.291813922534756
    ],
    "phase0": [
        1.8539646829771046,
        2.7741518455006933,
        3.8050298088624785
    ],
    "psi": [
        2.268633833428973,
        2.316254578175609,
        2.376917947279604
    ]
}