{
    "cos_gwtheta": [
        -0.07154721417288723,
        -0.053784929092870165,
        -0.03113801561584839
    ],
    "cos_inc": [
        -0.0005642288899908587,
        0.021143178642188176,
        0.03862335418125873
    ],
    "gwphi": [
        3.1211273273423608,
        3.2163802379049415,
        3.308880174173806
    ],
    "log10_Mc": [
        null,
        9.048446997829256,
        null
    ],
    "log10_fgw": [
        -7.679844466285328,
        -7.658097567919334,
        -7.6376889402220165
    ],
    "log10_h": [
        -13.476442526573702,
        -13.440563556129383,
        -13.410349686281535
    ],
    "phase0": [
        null,
        5.906115072525188,
        null
    ],
    "psi": [
        0.009867511802424777,
        0.009867511802424777,
        0.06078451396561145
    ]
}