{
    "cos_gwtheta": [
        -0.0039825066937851095,
        0.003747222242416831,
        0.011797117465917106
    ],
    "cos_inc": [
        -0.04153289785333569,
        -0.02214561616156807,
        -0.012698006809234746
    ],
    "gwphi": [
        3.1345370081923183,
        3.1345370081923183,
        3.144739619912187
    ],
    "log10_Mc": [
        null,
        9.841783604763904,
        null
    ],
    "log10_fgw": [
        -7.648860593105899,
        -7.648514542772994,
        -7.64818904988561
    ],
    "log10_h": [
        -12.680448679629013,
        -12.647663662285542,
        -12.647663662285542
    ],
    "phase0": [
        1.3203345918122371,
        1.6414251051815971,
        1.9443996168238922
    ],
    "psi": [
        3.089869285726681,
        3.1329707849887,
        3.1329707849887
    ]
}