{
    "cos_gwtheta": [
        -0.007155488358019657,
        0.00046511942921584337,
        0.007996073007189686
    ],
    "cos_inc": [
        0.013776823130390803,
        0.03125331393460895,
        0.0449624174995944
    ],
    "gwphi": [
        3.08744363367592,
        3.149315484923587,
        3.205773549187083
    ],
    "log10_Mc": [
        null,
        9.6409308036989,
        null
    ],
    "log10_fgw": [
        -7.668093985761065,
        -7.651892285547898,
        -7.634777813491738
    ],
    "log10_h": [
        -12.704043648300404,
        -12.678240347997905,
        -12.654447694472225
    ],
    "phase0": [
        3.5178752087548864,
        3.7584661807744633,
        3.9958103110663803
    ],
    "psi": [
        3.08894151349127,
        3.1332987115102755,
        3.1332987115102755
    ]
}