{
    "cos_gwtheta": [
        0.08273173935869038,
        0.11519708671753337,
        0.14785453672347004
    ],
    "cos_inc": [
        -0.07508220660054876,
        -0.04704920716682104,
        -0.021238335736986302
    ],
    "gwphi": [
        3.085227192105652,
        3.1653266221716008,
        3.259989584976813
    ],
    "log10_Mc": [
        null,
        8.006286082116764,
        null
    ],
    "log10_fgw": [
        -7.668945236218076,
        -7.646349568879698,
        -7.6242721507921996
    ],
    "log10_h": [
        -13.520816992932064,
        -13.477066732311062,
        -13.440696033722517
    ],
    "phase0": [
        null,
        0.2297176854299029,
        null
    ],
    "psi": [
        3.0477065917793515,
        3.1332970776806315,
        3.1332970776806315
    ]
}