{
    "cos_gwtheta": [
        -0.0013092760882524312,
        0.008639604382011723,
        0.020578260946328697
    ],
    "cos_inc": [
        0.0008348779389421024,
        0.025289366655743994,
        0.05481931529490114
    ],
    "gwphi": [
        3.108733311920343,
        3.1457437922658036,
        3.1756757654413676
    ],
    "log10_Mc": [
        null,
        9.994707547415727,
        null
    ],
    "log10_fgw": [
        -7.6540100539677605,
        -7.653145585447275,
        -7.65220744063243
    ],
    "log10_h": [
        -13.523087627737928,
        -13.489496767063697,
        -13.45818878041587
    ],
    "phase0": [
        4.879254531446291,
        6.269703013763072,
        6.269703013763072
    ],
    "psi": [
        1.5423499228634874,
        1.5616584491256087,
        1.5775822138118998
    ]
}