{
    "cos_gwtheta": [
        -0.0066210255578484645,
        0.004093203333498843,
        0.01347456164506132
    ],
    "cos_inc": [
        -0.033919316508371655,
        -0.005881759331289649,
        0.02181799595209255
    ],
    "gwphi": [
        3.1017422574939735,
        3.1545846953675043,
        3.211717758538459
    ],
    "log10_Mc": [
        8.006294261652588,
        9.172578246724468,
        9.48895639169452
    ],
    "log10_fgw": [
        -7.670679966867638,
        -7.65568101625774,
        -7.640578624609152
    ],
    "log10_h": [
        -12.676557236063022,
        -12.653049853413316,
        -12.653049853413316
    ],
    "phase0": [
        0.691631261005067,
        0.7956163891641086,
        1.0419592895864398
    ],
    "psi": [
        1.5569590413779693,
        1.5725829542790248,
        1.5856710488558252
    ]
}