{
    "cos_gwtheta": [
        -0.16402356892504566,
        -0.03648215481431383,
        0.04682638939487338
    ],
    "cos_inc": [
        -0.07196712875883748,
        0.0017453031963724497,
        0.0774026542005326
    ],
    "gwphi": [
        2.9022170467809243,
        2.997937580313203,
        3.3048608394457357
    ],
    "log10_Mc": [
        null,
        9.860884794790252,
        null
    ],
    "log10_fgw": [
        -7.676139620536672,
        -7.6458141954298675,
        -7.6180158890819625
    ],
    "log10_h": [
        -14.369900122288328,
        -14.279318157788223,
        -14.211908323741634
    ],
    "phase0": [
        null,
        3.924432854883709,
        null
    ],
    "psi": [
        0.07044879446660005,
        0.23535913546009046,
        0.3802803442119457
    ]
}