{
    "cos_gwtheta": [
        0.05413226791344661,
        0.0724754348649222,
        0.09354283453196349
    ],
    "cos_inc": [
        0.037921318231029455,
        0.055208539846195614,
        0.0744165638630469
    ],
    "gwphi": [
        3.066975273850043,
        3.107331878355021,
        3.1416581856351167
    ],
    "log10_Mc": [
        null,
        8.025378631018249,
        null
    ],
    "log10_fgw": [
        -7.661705724967739,
        -7.657464132511455,
        -7.653136561829706
    ],
    "log10_h": [
        -13.538483698798306,
        -13.490908086742326,
        -13.467957037710296
    ],
    "phase0": [
        0.7684989906616196,
        1.3389425127853762,
        3.2005210450930677
    ],
    "psi": [
        2.9980507811868558,
        3.0552414765620313,
        3.1142770330783414
    ]
}