{
    "cos_gwtheta": [
        -0.07835337139275908,
        -0.05981864174126025,
        -0.04319829731198194
    ],
    "cos_inc": [
        0.034533498555100184,
        0.05481280498075025,
        0.07438878285984596
    ],
    "gwphi": [
        3.145138824641035,
        3.195169565097002,
        3.2334612491331334
    ],
    "log10_Mc": [
        null,
        8.025374886063817,
        null
    ],
    "log10_fgw": [
        -7.669119148079325,
        -7.663650976192987,
        -7.659509402219903
    ],
    "log10_h": [
        -13.505208752125792,
        -13.475087306189607,
        -13.439823174361877
    ],
    "phase0": [
        3.7771325287900037,
        5.695724262614907,
        6.266555266754218
    ],
    "psi": [
        null,
        0.009864512469775441,
        null
    ]
}