{
    "cos_gwtheta": [
        -0.013473462551339521,
        0.03503930707381786,
        0.08599651857931256
    ],
    "cos_inc": [
        0.18388456822269683,
        0.3351779399553867,
        0.5703685559340623
    ],
    "gwphi": [
        3.1850172272326196,
        3.3370272293865435,
        3.468728202912615
    ],
    "log10_Mc": [
        null,
        9.994710594502056,
        null
    ],
    "log10_fgw": [
        -7.674918870313294,
        -7.647411820424599,
        -7.6199047705359035
    ],
    "log10_h": [
        -14.440399210722216,
        -14.308807670539474,
        -14.218771353572334
    ]
}