{
    "cos_gwtheta": [
        -0.0969516422857789,
        -0.03427079715699477,
        0.01716886340780377
    ],
    "cos_inc": [
        0.006723678324053628,
        0.06894919127439725,
        0.1289865543187947
    ],
    "gwphi": [
        3.1146673772518128,
        3.1621802535204426,
        3.225320288428921
    ],
    "log10_Mc": [
        8.006281208467104,
        8.006281208467104,
        9.482028898961948
    ],
    "log10_fgw": [
        null,
        -7.6516031062092,
        null
    ],
    "log10_h": [
        -14.111126146921983,
        -14.038415824823346,
        -13.973440643373499
    ]
}