{
    "cos_gwtheta": [
        0.09645884876012795,
        0.12118389112931621,
        0.1490635078697457
    ],
    "cos_inc": [
        -0.1100518741567416,
        -0.07999409293395932,
        -0.04637390801069913
    ],
    "gwphi": [
        3.1245426780016983,
        3.1711975087374795,
        3.2225649486384915
    ],
    "log10_Mc": [
        null,
        9.344633016924504,
        null
    ],
    "log10_fgw": [
        -7.650113565316485,
        -7.647999525084692,
        -7.645858265450772
    ],
    "log10_h": [
        -13.589313361509504,
        -13.548259705498147,
        -13.505285410609067
    ],
    "phase0": [
        null,
        1.2808900635103087,
        null
    ],
    "psi": [
        3.058052334471924,
        3.133014738903573,
        3.133014738903573
    ]
}