{
    "cos_gwtheta": [
        -0.03208209741962453,
        -0.004302474088393127,
        0.03074507395159065
    ],
    "cos_inc": [
        0.0379139332454026,
        0.06947399666872633,
        0.10638322338413886
    ],
    "gwphi": [
        3.0329319329960933,
        3.1162688080076717,
        3.2151618996880784
    ],
    "log10_Mc": [
        null,
        8.331427261084684,
        null
    ],
    "log10_fgw": [
        -7.6583895160606055,
        -7.643300089026717,
        -7.627791511241887
    ],
    "log10_h": [
        -13.632754120999811,
        -13.592196262867105,
        -13.547951326722337
    ],
    "phase0": [
        2.2036425423354538,
        4.074274857972389,
        5.167298748578278
    ],
    "psi": [
        1.508825421131882,
        1.5603701234219776,
        1.6041969023745186
    ]
}