{
    "cos_gwtheta": [
        0.09539264690762694,
        0.13376537515237819,
        0.174384311879749
    ],
    "cos_inc": [
        0.04609558441840611,
        0.07640554356089302,
        0.1145882193637664
    ],
    "gwphi": [
        3.0965614156605565,
        3.1780257065988744,
        3.280548793834172
    ],
    "log10_Mc": [
        null,
        9.650647073273639,
        null
    ],
    "log10_fgw": [
        -7.668275459730763,
        -7.643675891419006,
        -7.618906670911995
    ],
    "log10_h": [
        -13.653787830590854,
        -13.594439891848374,
        -13.538710729858485
    ],
    "phase0": [
        null,
        6.266592272793613,
        null
    ],
    "psi": [
        1.508679870248789,
        1.5472985277051463,
        1.5986061726114489
    ]
}