{
    "cos_gwtheta": [
        0.002482542425540503,
        0.012582525576625841,
        0.023937536219857877
    ],
    "cos_inc": [
        -0.021438678318533855,
        0.006625171139634456,
        0.03601140093876354
    ],
    "gwphi": [
        3.0895934004095675,
        3.1425280440533023,
        3.198385459431967
    ],
    "log10_Mc": [
        null,
        8.39824756133263,
        null
    ],
    "log10_fgw": [
        -7.655196502777095,
        -7.652410293246242,
        -7.649217761492141
    ],
    "log10_h": [
        -12.694757194730958,
        -12.665890238259028,
        -12.665890238259028
    ],
    "phase0": [
        null,
        1.2213194516929946,
        null
    ],
    "psi": [
        0.00987635630248879,
        0.00987635630248879,
        0.05454576647762749
    ]
}