{
    "cos_gwtheta": [
        -0.09569281306520494,
        -0.046098887897919494,
        -0.0028979296467294136
    ],
    "cos_inc": [
        -0.10887070029912105,
        -0.0660629333482674,
        -0.0174703330256768
    ],
    "gwphi": [
        3.092749749710488,
        3.2016376923052463,
        3.2865942189451127
    ],
    "log10_Mc": [
        null,
        9.344642739792427,
        null
    ],
    "log10_fgw": [
        -7.683187586924865,
        -7.659829336661935,
        -7.630808480274659
    ],
    "log10_h": [
        -14.087559520449147,
        -14.030757067251907,
        -13.980088212287232
    ]
}