{
    "cos_gwtheta": [
        -0.012102839163097179,
        0.0035490144221960174,
        0.018990776013055766
    ],
    "cos_inc": [
        -0.02097376912173976,
        -0.00074540148476121,
        0.02004486525324456
    ],
    "gwphi": [
        3.061057698241234,
        3.1462170026656078,
        3.24117881695178
    ],
    "log10_Mc": [
        null,
        9.000410166364468,
        null
    ],
    "log10_fgw": [
        -7.678313239671592,
        -7.653352475149757,
        -7.628219567424323
    ],
    "log10_h": [
        -12.699540702336863,
        -12.645495748790339,
        -12.645495748790339
    ],
    "phase0": [
        null,
        5.966126962514177,
        null
    ],
    "psi": [
        1.5349452575327573,
        1.5757227186335283,
        1.605706145913507
    ]
}