{
    "cos_gwtheta": [
        -0.2815672521013234,
        -0.2463318643066315,
        -0.21575570134429556
    ],
    "cos_inc": [
        -0.08698401927197467,
        -0.06432987600434535,
        -0.042609924211669814
    ],
    "gwphi": [
        2.7310155960110167,
        2.760886141520344,
        2.793081939075307
    ],
    "log10_Mc": [
        null,
        8.006300854455883,
        null
    ],
    "log10_fgw": [
        -7.955087576283727,
        -7.950409190297637,
        -7.945210983646426
    ],
    "log10_h": [
        -13.091791591559227,
        -13.055365039289821,
        -13.055365039289821
    ],
    "phase0": [
        6.069770662165723,
        6.266637026170502,
        6.266637026170502
    ],
    "psi": [
        0.0584004577361832,
        0.0584004577361832,
        0.0783241808807488
    ]
}