{
    "cos_gwtheta": [
        -0.11722918371849411,
        -0.06339189797756373,
        -0.009838714008353455
    ],
    "cos_inc": [
        -0.0740887419246441,
        -0.03575282487881637,
        -0.0018767793704983493
    ],
    "gwphi": [
        0.23517008162551936,
        0.3935532545428117,
        0.5161902252391873
    ],
    "log10_Mc": [
        null,
        8.790230272793712,
        null
    ],
    "log10_fgw": [
        null,
        -7.660401606219876,
        null
    ],
    "log10_h": [
        -14.104177173444366,
        -14.049918047341894,
        -14.005071218624543
    ]
}