{
    "cos_gwtheta": [
        -0.06718142474360744,
        -0.04435942664939374,
        -0.026533288834510338
    ],
    "cos_inc": [
        -0.061037052564201597,
        -0.03684624102114202,
        -0.013515547221835664
    ],
    "gwphi": [
        3.1509490892488103,
        3.2002543778375845,
        3.2511922918763174
    ],
    "log10_Mc": [
        null,
        9.593210154589864,
        null
    ],
    "log10_fgw": [
        -7.66989848463985,
        -7.663664811207935,
        -7.656262324007537
    ],
    "log10_h": [
        -13.5534797382617,
        -13.513926160186843,
        -13.47651587944609
    ],
    "phase0": [
        null,
        5.695652976963227,
        null
    ],
    "psi": [
        3.080194433562586,
        3.1332980898791076,
        3.1332980898791076
    ]
}