{
    "cos_gwtheta": [
        0.01637204418881577,
        0.0828253820373629,
        0.11177727484272404
    ],
    "cos_inc": [
        -0.06828486809193002,
        -0.028644896107620776,
        0.006728890551022992
    ],
    "gwphi": [
        3.036617497694876,
        3.133325851793893,
        3.231213576064849
    ],
    "log10_Mc": [
        null,
        8.493891786125202,
        null
    ],
    "log10_fgw": [
        -7.687169197058121,
        -7.660532644074556,
        -7.634078533234714
    ],
    "log10_h": [
        -13.45291199448263,
        -13.388121829277416,
        -13.337994701460753
    ],
    "phase0": [
        2.817719970709748,
        4.194305594796511,
        5.404751574596941
    ],
    "psi": [
        0.009873487379739636,
        0.009873487379739636,
        0.059228536091275645
    ]
}