{
    "cos_gwtheta": [
        0.07297957350593953,
        0.10901635604441828,
        0.14100080962274697
    ],
    "cos_inc": [
        -0.013984531038021997,
        0.017837963049145866,
        0.05265943563667508
    ],
    "gwphi": [
        3.1262020461860454,
        3.1690541446243365,
        3.2081651868497607
    ],
    "log10_Mc": [
        null,
        8.379162054270312,
        null
    ],
    "log10_fgw": [
        -7.676725624726126,
        -7.65633995710889,
        -7.636295948725462
    ],
    "log10_h": [
        -13.885304410498618,
        -13.840660300977385,
        -13.789434047103661
    ]
}