{
    "cos_gwtheta": [
        -0.048683361626991495,
        -0.011861852049146027,
        0.016349652801541437
    ],
    "cos_inc": [
        -0.0816480944904382,
        -0.044604762866008785,
        -0.015310291428322187
    ],
    "gwphi": [
        3.085038661146711,
        3.1541623591327728,
        3.216332785723787
    ],
    "log10_Mc": [
        null,
        8.608444967893416,
        null
    ],
    "log10_fgw": [
        -7.665358823664501,
        -7.6473679365811105,
        -7.629621823471642
    ],
    "log10_h": [
        -13.5534444910494,
        -13.495784894019486,
        -13.44735083251436
    ],
    "phase0": [
        null,
        5.576269839888819,
        null
    ],
    "psi": [
        0.009816849292854746,
        0.009816849292854746,
        0.07045562416815687
    ]
}