{
    "cos_gwtheta": [
        -0.012742597273049605,
        0.0072940404811109305,
        0.02793523196061254
    ],
    "cos_inc": [
        0.0018717897192471744,
        0.027565503560479848,
        0.05271715592826878
    ],
    "gwphi": [
        3.061776767636825,
        3.1192547369364982,
        3.164329565492558
    ],
    "log10_Mc": [
        8.006312120537185,
        8.379175258042133,
        9.474895731456678
    ],
    "log10_fgw": [
        -7.648497286674326,
        -7.646383593156611,
        -7.643864533758786
    ],
    "log10_h": [
        -13.589460312361838,
        -13.548801342511931,
        -13.511610910374337
    ],
    "phase0": [
        3.3415880976509165,
        5.15577039916564,
        5.771943121669091
    ],
    "psi": [
        3.016618196367872,
        3.063958718740792,
        3.1091795162313423
    ]
}