{
    "cos_gwtheta": [
        -0.017203999542403314,
        0.0002696815912057726,
        0.019354411339970345
    ],
    "cos_inc": [
        0.02331218483492757,
        0.03881165420425952,
        0.0537978961110308
    ],
    "gwphi": [
        3.1072487937438362,
        3.13456147587525,
        3.162809523833082
    ],
    "log10_Mc": [
        null,
        8.962137748929587,
        null
    ],
    "log10_fgw": [
        -7.661079686736576,
        -7.6488937125078165,
        -7.642535812910203
    ],
    "log10_h": [
        -12.71543716962765,
        -12.651283435907178,
        -12.586690293051635
    ],
    "phase0": [
        0.019731528955758894,
        0.019731528955758894,
        0.22525751734998614
    ],
    "psi": [
        0.009864849553490858,
        0.009864849553490858,
        0.05515916568974986
    ]
}