{
    "cos_gwtheta": [
        -0.03152668974370165,
        -0.0005201422060695515,
        0.02414805031005751
    ],
    "cos_inc": [
        -0.06350836056850384,
        -0.024551711774815188,
        0.011860030313758152
    ],
    "gwphi": [
        3.1152654175842747,
        3.211681950421025,
        3.294486737445528
    ],
    "log10_Mc": [
        null,
        8.771149958846387,
        null
    ],
    "log10_fgw": [
        -7.673672312034753,
        -7.6488533913649315,
        -7.6238633057249725
    ],
    "log10_h": [
        -13.579452354808337,
        -13.518810845431009,
        -13.444047340719234
    ],
    "phase0": [
        3.886406457146356,
        4.9752800345996295,
        6.129748405875389
    ],
    "psi": [
        0.010658817944069528,
        0.010658817944069528,
        0.08434355273275411
    ]
}