{
    "cos_gwtheta": [
        -0.0373597204099021,
        -0.015298056975761365,
        0.01406342156526419
    ],
    "cos_inc": [
        -0.04826089158736724,
        -0.005367931112501334,
        0.029210975349615254
    ],
    "gwphi": [
        3.150231318661768,
        3.205743610001995,
        3.273872331192275
    ],
    "log10_Mc": [
        null,
        9.239406378537003,
        null
    ],
    "log10_fgw": [
        -7.67450677334873,
        -7.644058637439065,
        -7.616753534913625
    ],
    "log10_h": [
        -13.596423278899268,
        -13.544092375262824,
        -13.482645765831645
    ],
    "phase0": [
        null,
        4.044765309404765,
        null
    ],
    "psi": [
        null,
        3.1332963149760173,
        null
    ]
}