{
    "cos_gwtheta": [
        null,
        0.43846839263687165,
        null
    ],
    "cos_inc": [
        -0.033214042782152675,
        0.01727218553581167,
        0.0631104753737094
    ],
    "gwphi": [
        null,
        3.578151288071808,
        null
    ],
    "log10_Mc": [
        8.494519624249904,
        8.866778307551524,
        9.976594392757903
    ],
    "log10_fgw": [
        -7.913869854183035,
        -7.913869854183035,
        -7.896833336518801
    ],
    "log10_h": [
        null,
        -13.254271238675138,
        null
    ],
    "phase0": [
        null,
        1.7677972957123735,
        null
    ],
    "psi": [
        null,
        0.23510931733254775,
        null
    ]
}