{
    "cos_gwtheta": [
        -0.6385028084858864,
        -0.4677257724308126,
        -0.23591433582986265
    ],
    "cos_inc": [
        0.19133357318029942,
        0.9086029481874338,
        0.9947070899612318
    ],
    "gwphi": [
        null,
        6.1466287700186975,
        null
    ],
    "log10_Mc": [
        null,
        9.994704229991957,
        null
    ],
    "log10_fgw": [
        null,
        -7.898881702590714,
        null
    ],
    "log10_h": [
        -15.253543751259679,
        -15.005342282194926,
        -14.712269679776526
    ],
    "phase0": [
        null,
        2.391860339143957,
        null
    ],
    "psi": [
        0.9901162096565189,
        2.7126924546752305,
        3.1331072553633876
    ]
}