{
    "cos_gwtheta": [
        -0.010429556865781842,
        0.014342678534479236,
        0.037432848568055954
    ],
    "cos_inc": [
        -0.010619330574211938,
        0.01731873027860642,
        0.04030225817230426
    ],
    "gwphi": [
        3.0592920681428004,
        3.142232187146219,
        3.2434073677745023
    ],
    "log10_Mc": [
        null,
        8.101945336340256,
        null
    ],
    "log10_fgw": [
        -7.665214238255613,
        -7.648687431289365,
        -7.632495627167027
    ],
    "log10_h": [
        -13.544895973308353,
        -13.50972339146486,
        -13.474913413557896
    ],
    "phase0": [
        0.01980115156525427,
        1.311048399939273,
        2.5242086110386173
    ],
    "psi": [
        1.5444580694537273,
        1.5736834491387877,
        1.598909566340629
    ]
}