{
    "cos_gwtheta": [
        -0.0026804625421930073,
        0.036184367724905186,
        0.068512840174355
    ],
    "cos_inc": [
        null,
        0.03854052835657873,
        null
    ],
    "gwphi": [
        2.9701525850257675,
        3.054452672414611,
        3.1642802510550054
    ],
    "log10_Mc": [
        null,
        9.879959919595972,
        null
    ],
    "log10_fgw": [
        -7.664735321528763,
        -7.6435438627517795,
        -7.62220625598323
    ],
    "log10_h": [
        -13.583133477779164,
        -13.547354613485698,
        -13.50441997633354
    ],
    "phase0": [
        3.381401531199391,
        4.6150069814451635,
        5.705576660497883
    ],
    "psi": [
        1.5553284479716434,
        1.5936966493561373,
        1.6460439628729664
    ]
}