{
    "cos_gwtheta": [
        0.19524417851079168,
        0.22437457665850502,
        0.24941097290437764
    ],
    "cos_inc": [
        -0.06622207387923096,
        -0.04084839986289446,
        -0.016704964586743976
    ],
    "gwphi": [
        3.214377239807457,
        3.2836856275427717,
        3.3674540386185483
    ],
    "log10_Mc": [
        null,
        9.325548449298916,
        null
    ],
    "log10_fgw": [
        -7.674834187687436,
        -7.657387451228015,
        -7.641367177497981
    ],
    "log10_h": [
        -13.501688733155218,
        -13.448790587239849,
        -13.390820016373688
    ],
    "phase0": [
        0.3096618406195239,
        1.6416099013415468,
        2.603086479883382
    ],
    "psi": [
        1.4923607683819549,
        1.540519767818012,
        1.5811809589586352
    ]
}