{
    "cos_gwtheta": [
        -0.01859179855066251,
        0.012481986098702547,
        0.04565063263454172
    ],
    "cos_inc": [
        -0.07345003781080761,
        -0.053701748178907716,
        -0.0311861822928563
    ],
    "gwphi": [
        2.9463911024481853,
        3.0276673204441193,
        3.1137559460845496
    ],
    "log10_Mc": [
        null,
        9.994696275489556,
        null
    ],
    "log10_fgw": [
        -7.6643984093326125,
        -7.648866416065139,
        -7.633647147494326
    ],
    "log10_h": [
        -13.51091256139425,
        -13.479295874280096,
        -13.45313034011666
    ],
    "phase0": [
        null,
        6.055907326326483,
        null
    ],
    "psi": [
        1.5304325679974091,
        1.5484406952833294,
        1.569645531554916
    ]
}