{
    "cos_gwtheta": [
        -0.019341488365509807,
        -0.010339314107091602,
        -0.002520282751208358
    ],
    "cos_inc": [
        -0.05954727502124946,
        -0.028000464028807293,
        0.009664516368229847
    ],
    "gwphi": [
        3.068737321126701,
        3.162968774510507,
        3.2572002278943133
    ],
    "log10_Mc": [
        null,
        8.98129118415841,
        null
    ],
    "log10_fgw": [
        -7.66650436782969,
        -7.650717394522826,
        -7.634930421215962
    ],
    "log10_h": [
        -12.734680043230263,
        -12.682665526280934,
        -12.627948956503067
    ],
    "phase0": [
        null,
        0.01973572029685036,
        null
    ],
    "psi": [
        2.978360716002347,
        3.133298521167507,
        3.133298521167507
    ]
}