{
    "cos_gwtheta": [
        -0.027323526862285008,
        -0.008327450936126746,
        0.008798544976575617
    ],
    "cos_inc": [
        0.02593386888336317,
        0.04757698008002008,
        0.06721609949920875
    ],
    "gwphi": [
        3.1318046022041273,
        3.160570340510234,
        3.1942175374379835
    ],
    "log10_Mc": [
        null,
        8.006284864268602,
        null
    ],
    "log10_fgw": [
        -7.669296840372695,
        -7.654055108379682,
        -7.637058932416249
    ],
    "log10_h": [
        -13.555650718700182,
        -13.504713099727011,
        -13.446354105804108
    ],
    "phase0": [
        2.9237428820530784,
        4.1441099168336955,
        5.089692321266359
    ],
    "psi": [
        1.5136923971679201,
        1.5593052455955287,
        1.594000124984614
    ]
}