{
    "cos_gwtheta": [
        -0.06425227679807399,
        -0.018331726896932188,
        0.020382313348191072
    ],
    "cos_inc": [
        -0.11064614034083209,
        -0.0630969027763888,
        -0.013487770443810665
    ],
    "gwphi": [
        3.073185392793764,
        3.1712039682981708,
        3.2789104262652224
    ],
    "log10_Mc": [
        null,
        9.956324599958654,
        null
    ],
    "log10_fgw": [
        -7.6847853175138345,
        -7.66022669821295,
        -7.6284894055779615
    ],
    "log10_h": [
        -14.090393491462947,
        -14.019769637590786,
        -13.951761482010184
    ]
}