{
    "cos_gwtheta": [
        -0.04198341883302903,
        -0.011283755309144716,
        0.01566769348217223
    ],
    "cos_inc": [
        -0.03210453397251911,
        -0.007081613364446349,
        0.015599981338777491
    ],
    "gwphi": [
        3.076301573130861,
        3.1502822016322947,
        3.213053643997148
    ],
    "log10_Mc": [
        null,
        8.436443609033882,
        null
    ],
    "log10_fgw": [
        -7.682745664706903,
        -7.663476062948411,
        -7.640179977240384
    ],
    "log10_h": [
        -13.497056926703731,
        -13.462900107079356,
        -13.437148368723808
    ],
    "phase0": [
        null,
        3.3233781037396266,
        null
    ],
    "psi": [
        0.010077780877927328,
        0.010077780877927328,
        0.06816335686612458
    ]
}