{
    "cos_gwtheta": [
        -0.0639687110677537,
        -0.028887656021256203,
        -0.0010579922413532783
    ],
    "cos_inc": [
        -0.058155345093994726,
        -0.028572205149984597,
        -0.0008284314201099097
    ],
    "gwphi": [
        3.0904962860176677,
        3.1755413294422032,
        3.279152544318574
    ],
    "log10_Mc": [
        null,
        8.006282433452972,
        null
    ],
    "log10_fgw": [
        -7.670419940954857,
        -7.648273547824804,
        -7.626278842318929
    ],
    "log10_h": [
        -13.577627595696292,
        -13.537447899701512,
        -13.493863144724124
    ],
    "phase0": [
        null,
        5.964233477999505,
        null
    ],
    "psi": [
        null,
        0.009868262824538364,
        null
    ]
}