{
    "cos_gwtheta": [
        0.11718616297453435,
        0.18666371606424467,
        0.2439017002158713
    ],
    "cos_inc": [
        -0.1350130887862513,
        -0.0951919077898713,
        -0.051170836610279324
    ],
    "gwphi": [
        3.1420868365445593,
        3.2260697628869437,
        3.288847697860487
    ],
    "log10_Mc": [
        null,
        9.038794728339957,
        null
    ],
    "log10_fgw": [
        -7.653806299418683,
        -7.645333394642298,
        -7.635887250803762
    ],
    "log10_h": [
        -14.053300324228768,
        -14.010500153440562,
        -13.970010219143763
    ]
}