{
    "cos_gwtheta": [
        -0.22087725494647603,
        -0.11008893108454154,
        0.0028601579590974424
    ],
    "cos_inc": [
        -0.18827218793428913,
        -0.08736071641492615,
        0.007801378534571413
    ],
    "gwphi": [
        3.2350724968196665,
        3.383669882192269,
        3.547189180740363
    ],
    "log10_Mc": [
        null,
        9.411615566221297,
        null
    ],
    "log10_fgw": [
        -7.685068140055982,
        -7.6531747909139005,
        -7.629440205505839
    ],
    "log10_h": [
        -14.364319458849828,
        -14.289614865453204,
        -14.2253341688096
    ],
    "phase0": [
        0.02047958980574128,
        1.5215278180317466,
        4.487394229857411
    ],
    "psi": [
        1.2984502418981432,
        1.3917667853245599,
        1.4872679969917288
    ]
}