{
    "cos_gwtheta": [
        -0.5780521353556554,
        -0.5349800935568001,
        -0.4971724124222493
    ],
    "cos_inc": [
        -0.14906479476499956,
        -0.1269101859882965,
        -0.10403510212942413
    ],
    "gwphi": [
        2.3220214583820957,
        2.3354413001057903,
        2.351904817271972
    ],
    "log10_Mc": [
        null,
        8.541609377709275,
        null
    ],
    "log10_fgw": [
        -7.86834212457621,
        -7.859114008232793,
        -7.849999819251641
    ],
    "log10_h": [
        -13.284054712599561,
        -13.248570350941584,
        -13.248570350941584
    ],
    "phase0": [
        4.774136042560245,
        5.147192216270651,
        5.9082788952714616
    ],
    "psi": [
        1.2997902315875687,
        1.3108997834215568,
        1.3226234310855647
    ]
}