{
    "cos_gwtheta": [
        -0.2652161630464285,
        -0.20690571828129445,
        -0.11498956547394934
    ],
    "cos_inc": [
        -0.14329862112124692,
        -0.06778415453221398,
        -0.002055181168654663
    ],
    "gwphi": [
        3.5148907952646984,
        3.678576885276544,
        3.8245352399080463
    ],
    "log10_Mc": [
        null,
        9.736565376187459,
        null
    ],
    "log10_fgw": [
        -7.682324752072963,
        -7.6533848978280945,
        -7.628085276821574
    ],
    "log10_h": [
        -14.330176011772574,
        -14.255444520669686,
        -14.18915549927298
    ],
    "phase0": [
        null,
        4.404724417876849,
        null
    ],
    "psi": [
        0.20038255938177865,
        0.2956357916044813,
        0.37183837738264336
    ]
}