{
    "cos_gwtheta": [
        -0.06446302183927144,
        -0.022495358203444615,
        0.022320789389565165
    ],
    "cos_inc": [
        -0.0461329157496887,
        0.003376987788361263,
        0.04662476913978031
    ],
    "gwphi": [
        3.081941858499012,
        3.183574352480133,
        3.2786306262624763
    ],
    "log10_Mc": [
        null,
        9.813157909596743,
        null
    ],
    "log10_fgw": [
        -7.6758886773456485,
        -7.646151918226517,
        -7.620203281288166
    ],
    "log10_h": [
        -14.043722885823932,
        -13.982839197601384,
        -13.935647056491083
    ]
}