{
    "cos_gwtheta": [
        -0.02770700358616468,
        -0.010777010637797568,
        0.006152982310569544
    ],
    "cos_inc": [
        null,
        -0.03098749110278698,
        null
    ],
    "gwphi": [
        3.1293758989483877,
        3.1293758989483877,
        3.1609800632556486
    ],
    "log10_Mc": [
        null,
        9.631355439624684,
        null
    ],
    "log10_fgw": [
        -7.677866426190132,
        -7.653001520660458,
        -7.6279651330236815
    ],
    "log10_h": [
        -12.703813285199095,
        -12.652287679207234,
        -12.586653871574743
    ],
    "phase0": [
        5.778661664941503,
        6.116650586008597,
        6.26659021827496
    ],
    "psi": [
        0.0033535297060917576,
        0.0033535297060917576,
        0.019522100381744754
    ]
}