{
    "cos_gwtheta": [
        -0.11195187263716833,
        -0.06635656343100993,
        -0.027399651733794106
    ],
    "cos_inc": [
        -0.02136735298763759,
        0.024757303929470953,
        0.06652372554732511
    ],
    "gwphi": [
        3.195827312195049,
        3.304190620924391,
        3.3996674821291624
    ],
    "log10_Mc": [
        null,
        9.00992173778428,
        null
    ],
    "log10_fgw": [
        -7.676713774050778,
        -7.6574659415761595,
        -7.633036000358375
    ],
    "log10_h": [
        -14.048543372257551,
        -13.998041348333414,
        -13.952527178624006
    ]
}