{
    "cos_gwtheta": [
        null,
        -0.01964688204716103,
        null
    ],
    "cos_inc": [
        -0.02689243842942879,
        0.05278817908724387,
        0.15631620232149557
    ],
    "gwphi": [
        3.098865037290439,
        3.242677268878257,
        3.4715918697202888
    ],
    "log10_Mc": [
        null,
        9.880155498648744,
        null
    ],
    "log10_fgw": [
        -7.662064237536615,
        -7.647083885946073,
        -7.633778356272487
    ],
    "log10_h": [
        -14.272780004737989,
        -14.188173813671206,
        -14.125093534048405
    ]
}