{
    "cos_gwtheta": [
        -0.030773927893953834,
        0.010226535715798013,
        0.04323989602494871
    ],
    "cos_inc": [
        0.017009168388908535,
        0.045896431612502564,
        0.08059435123164715
    ],
    "gwphi": [
        3.0703507160101084,
        3.1227794197563137,
        3.1712189830000908
    ],
    "log10_Mc": [
        null,
        8.178317584108507,
        null
    ],
    "log10_fgw": [
        -7.660623327759864,
        -7.647283215169593,
        -7.637259288759955
    ],
    "log10_h": [
        -13.566309249962668,
        -13.52960266106983,
        -13.497760800825441
    ],
    "phase0": [
        3.6331590677786254,
        5.635292629809543,
        6.266230195379349
    ],
    "psi": [
        1.5475657531181453,
        1.5840873691402755,
        1.6169759448251257
    ]
}