{
    "cos_gwtheta": [
        -0.007075845982745577,
        0.0058171773783518566,
        0.023683224035872585
    ],
    "cos_inc": [
        -0.04990283356765668,
        -0.01582742370129183,
        0.016675274940471572
    ],
    "gwphi": [
        3.1291058432901715,
        3.1461524376054077,
        3.16299848375223
    ],
    "log10_Mc": [
        null,
        8.675485064294193,
        null
    ],
    "log10_fgw": [
        -7.65220099420776,
        -7.65220099420776,
        -7.6444897132205405
    ],
    "log10_h": [
        -12.702206275579051,
        -12.668770849865428,
        -12.629463837197218
    ],
    "phase0": [
        4.374013118417617,
        4.6049752735070015,
        4.805075015758593
    ],
    "psi": [
        1.5476038923210378,
        1.5684940175863276,
        1.593453647773427
    ]
}