{
    "cos_gwtheta": [
        -0.09190624617429377,
        -0.04588717964835676,
        -0.0073094940925713114
    ],
    "cos_inc": [
        -0.14053121222475762,
        -0.09165345971401773,
        -0.042775707203277724
    ],
    "gwphi": [
        3.1247328482797343,
        3.2213386073951282,
        3.330172943613736
    ],
    "log10_Mc": [
        null,
        8.436667738765097,
        null
    ],
    "log10_fgw": [
        -7.683754710413899,
        -7.655663220522545,
        -7.628687948772569
    ],
    "log10_h": [
        -14.067975110017809,
        -14.01596078184454,
        -13.963192622828181
    ]
}