{
    "cos_gwtheta": [
        -0.0020937795593538033,
        0.003961154800286137,
        0.0094394287447222
    ],
    "cos_inc": [
        -0.045319099930497986,
        0.001759565691722531,
        0.05034474861385396
    ],
    "gwphi": [
        3.080262799077896,
        3.156160120693467,
        3.2333889742672057
    ],
    "log10_Mc": [
        null,
        8.06358209926909,
        null
    ],
    "log10_fgw": [
        -7.671160424461206,
        -7.648116170297063,
        -7.625494746484554
    ],
    "log10_h": [
        -12.726830857274972,
        -12.678275254706104,
        -12.629155052107366
    ],
    "phase0": [
        3.8331822326628986,
        4.297670180107662,
        4.733127630837128
    ],
    "psi": [
        3.0879008748372647,
        3.1316097520927797,
        3.1316097520927797
    ]
}