{
    "cos_gwtheta": [
        -0.7319706291065766,
        -0.30542235391933426,
        0.6413358456920696
    ],
    "cos_inc": [
        -0.8659013145871037,
        -0.1906903125766911,
        0.5246834168795707
    ],
    "gwphi": [
        null,
        3.1728930063340135,
        null
    ],
    "log10_Mc": [
        null,
        9.726994564809452,
        null
    ],
    "log10_fgw": [
        null,
        -7.279636548398443,
        null
    ],
    "log10_h": [
        -15.992177983689384,
        -15.671496744860658,
        -14.910064096116335
    ],
    "phase0": [
        null,
        3.8338358613006975,
        null
    ],
    "psi": [
        null,
        0.43032530874439967,
        null
    ]
}