{
    "cos_gwtheta": [
        -0.02091514225403901,
        0.011790523441097434,
        0.04157277767745082
    ],
    "cos_inc": [
        -0.012533359172469893,
        0.023044192419015563,
        0.06116299769560718
    ],
    "gwphi": [
        3.031653496787299,
        3.107544148436453,
        3.204727860620263
    ],
    "log10_Mc": [
        null,
        9.994706916967825,
        null
    ],
    "log10_fgw": [
        -7.6654773724756025,
        -7.64637384237445,
        -7.62713856378984
    ],
    "log10_h": [
        -13.53242544203051,
        -13.48603466260743,
        -13.442543306898292
    ],
    "phase0": [
        null,
        4.4335030560803625,
        null
    ],
    "psi": [
        1.5447228763841334,
        1.5889042906712196,
        1.6328006635758088
    ]
}