{
    "cos_gwtheta": [
        null,
        -0.04696320752383687,
        null
    ],
    "cos_inc": [
        -0.0759594649090749,
        0.003367571422599913,
        0.08348002395557841
    ],
    "gwphi": [
        2.905987380885189,
        3.1529668001882234,
        3.2910562784684916
    ],
    "log10_Mc": [
        null,
        8.732938007741428,
        null
    ],
    "log10_fgw": [
        -7.684613715345453,
        -7.658224179149502,
        -7.627818843967212
    ],
    "log10_h": [
        -14.381488900002921,
        -14.289301822588852,
        -14.213164300053666
    ],
    "phase0": [
        null,
        0.019792756208181883,
        null
    ],
    "psi": [
        null,
        2.9983548115087553,
        null
    ]
}