{
    "cos_gwtheta": [
        -0.9663807559309727,
        -0.9663807559309727,
        -0.9350946476350817
    ],
    "cos_inc": [
        -0.30181185566485125,
        -0.21009921123076758,
        -0.13069432427485095
    ],
    "gwphi": [
        1.5658579521194032,
        1.6663538707011443,
        1.7855349600744654
    ],
    "log10_Mc": [
        null,
        9.908605776249647,
        null
    ],
    "log10_fgw": [
        -7.686304780891318,
        -7.666215184148134,
        -7.65120571531702
    ],
    "log10_h": [
        -14.357236995549034,
        -14.284171263892247,
        -14.213070625262905
    ]
}