{
    "cos_gwtheta": [
        -0.2857541594376103,
        -0.09962896231480645,
        0.004609059878304733
    ],
    "cos_inc": [
        0.008466053518468186,
        0.1869481363879335,
        0.42828437468651304
    ],
    "gwphi": [
        2.994639582678522,
        3.170637707943561,
        3.3716001062958387
    ],
    "log10_Mc": [
        null,
        9.096069935374212,
        null
    ],
    "log10_fgw": [
        -7.675101371895986,
        -7.646271587927627,
        -7.616865208279902
    ],
    "log10_h": [
        -14.580805753197904,
        -14.405681032549836,
        -14.281718614816272
    ],
    "phase0": [
        1.535157861915631,
        4.19363167589068,
        5.994472842641166
    ],
    "psi": [
        null,
        3.0583280937473556,
        null
    ]
}