{
    "cos_gwtheta": [
        -0.14443298918538883,
        -0.0495731766877201,
        0.02147720080057358
    ],
    "cos_inc": [
        0.08647908149244332,
        0.1860241470516547,
        0.32574346372124363
    ],
    "gwphi": [
        3.0770581624301885,
        3.2165029599176505,
        3.3711048006102717
    ],
    "log10_Mc": [
        null,
        9.62183963535644,
        null
    ],
    "log10_fgw": [
        -7.68755423168167,
        -7.660533838064247,
        -7.638262483325038
    ],
    "log10_h": [
        -14.455034144839352,
        -14.314756610832456,
        -14.209218654212846
    ],
    "phase0": [
        null,
        5.275609625257007,
        null
    ],
    "psi": [
        null,
        0.20528820921966143,
        null
    ]
}