{
    "cos_gwtheta": [
        -0.09740554319449524,
        -0.04798223734459006,
        -0.005197883026761718
    ],
    "cos_inc": [
        -0.008443344874600411,
        0.0391271036673404,
        0.08082012227359736
    ],
    "gwphi": [
        3.0867810706552494,
        3.177621660010752,
        3.2838992122632678
    ],
    "log10_Mc": [
        null,
        8.76152976664289,
        null
    ],
    "log10_fgw": [
        -7.668466949226673,
        -7.6442458007670915,
        -7.621924350225909
    ],
    "log10_h": [
        -14.086895650551256,
        -14.02045899632816,
        -13.95583755123684
    ]
}