{
    "cos_gwtheta": [
        -0.05932515607349864,
        -0.03283797905603303,
        0.002282055656013915
    ],
    "cos_inc": [
        -0.021662151696016263,
        0.005093185461152894,
        0.03202003118984231
    ],
    "gwphi": [
        3.0811965471934246,
        3.174795947869732,
        3.2560331635510558
    ],
    "log10_Mc": [
        null,
        9.516645616329745,
        null
    ],
    "log10_fgw": [
        -7.682566415911866,
        -7.655174652290127,
        -7.627593979953756
    ],
    "log10_h": [
        -13.508452830393878,
        -13.446561691127005,
        -13.446561691127005
    ],
    "phase0": [
        null,
        1.4010390270535307,
        null
    ],
    "psi": [
        null,
        3.1332985295987807,
        null
    ]
}