{
    "cos_gwtheta": [
        -0.021887690971073237,
        0.003405429059900267,
        0.026663470467691908
    ],
    "cos_inc": [
        0.0006904465228398937,
        0.03240652414151679,
        0.06510757311481119
    ],
    "gwphi": [
        3.067615338926181,
        3.137688930562272,
        3.2110545701275752
    ],
    "log10_Mc": [
        null,
        9.994705480711621,
        null
    ],
    "log10_fgw": [
        -7.672337312850079,
        -7.661131276394341,
        -7.639536310307762
    ],
    "log10_h": [
        -12.682404403883762,
        -12.644086278850622,
        -12.644086278850622
    ],
    "phase0": [
        5.5862038036605,
        5.802179980287614,
        6.048801425219927
    ],
    "psi": [
        1.5274675082209639,
        1.572224509315372,
        1.621024078250565
    ]
}