{
    "cos_gwtheta": [
        0.15911525530580906,
        0.2585373585575821,
        0.3772473498401987
    ],
    "cos_inc": [
        null,
        0.20136584723792428,
        null
    ],
    "gwphi": [
        3.149245075041928,
        3.2940679061516116,
        3.441387682625255
    ],
    "log10_Mc": [
        null,
        8.006299050903241,
        null
    ],
    "log10_fgw": [
        -7.682132480576397,
        -7.651145817973792,
        -7.617179668582476
    ],
    "log10_h": [
        -14.731127641621098,
        -14.43031562627305,
        -14.293020069631144
    ],
    "phase0": [
        1.8347225787988204,
        3.8338096572592635,
        6.266448745860815
    ],
    "psi": [
        null,
        3.0729713400545653,
        null
    ]
}