{
    "cos_gwtheta": [
        0.028645662245308845,
        0.05383232127768345,
        0.07506107674782775
    ],
    "cos_inc": [
        0.12176434815864934,
        0.13017392296836305,
        0.14892026681501658
    ],
    "gwphi": [
        6.152386528259774,
        6.2533698709372025,
        6.2533698709372025
    ],
    "log10_Mc": [
        null,
        9.019690807387407,
        null
    ],
    "log10_fgw": [
        -8.048626149493812,
        -8.046799227111658,
        -8.045055768188586
    ],
    "log10_h": [
        -13.469136807676666,
        -13.43659938414012,
        -13.43659938414012
    ],
    "phase0": [
        3.7155533810453405,
        4.338928080055454,
        4.9752001866312945
    ],
    "psi": [
        2.809721759315994,
        2.8398177074550075,
        2.8661921136198414
    ]
}