{
    "cos_gwtheta": [
        -0.05054784035549997,
        -0.03258450719998274,
        -0.013263480259455451
    ],
    "cos_inc": [
        0.00401923758028222,
        0.029834106292599527,
        0.05347181740267315
    ],
    "gwphi": [
        3.0739279031536095,
        3.173114680366172,
        3.248658097894344
    ],
    "log10_Mc": [
        null,
        8.493700411071941,
        null
    ],
    "log10_fgw": [
        -7.67972470473407,
        -7.659544289445578,
        -7.642046081252392
    ],
    "log10_h": [
        -13.480310797427805,
        -13.445850558657389,
        -13.420661348591704
    ],
    "phase0": [
        4.614754782917959,
        5.6055951394375105,
        6.2665718715924195
    ],
    "psi": [
        1.5432781407634004,
        1.5615673436330404,
        1.5772831913250427
    ]
}