{
    "cos_gwtheta": [
        -0.9619015061559748,
        0.31597551339191887,
        0.5128473231261883
    ],
    "cos_inc": [
        -0.6075193932464811,
        -0.05686936980963542,
        0.7723868951710964
    ],
    "gwphi": [
        null,
        3.4132661720665274,
        null
    ],
    "log10_Mc": [
        null,
        9.946991369323154,
        null
    ],
    "log10_fgw": [
        null,
        -6.763301747935964,
        null
    ],
    "log10_h": [
        -15.98563313379165,
        -15.941996418774826,
        -14.961988527355311
    ],
    "phase0": [
        null,
        5.666169208927146,
        null
    ],
    "psi": [
        null,
        3.133282906134272,
        null
    ]
}