{
    "cos_gwtheta": [
        -0.07226955308421412,
        -0.034177314575153384,
        0.005427612105747381
    ],
    "cos_inc": [
        -0.006939269169724649,
        0.03692876808183898,
        0.08214659109498912
    ],
    "gwphi": [
        3.0997062633250065,
        3.20755103218307,
        3.2980014834833815
    ],
    "log10_Mc": [
        null,
        9.191700455696038,
        null
    ],
    "log10_fgw": [
        -7.658108055926327,
        -7.658108055926327,
        -7.642718174725002
    ],
    "log10_h": [
        -14.072533881925377,
        -14.015976201199921,
        -13.961115250896228
    ]
}