{
    "cos_gwtheta": [
        -0.0843819215530035,
        0.1437889308649858,
        0.2662220711868337
    ],
    "cos_inc": [
        -0.17452670592853414,
        -0.06655521860538927,
        0.18074712184431374
    ],
    "gwphi": [
        3.075563351780304,
        3.2659508292416577,
        3.475689165067936
    ],
    "log10_Mc": [
        null,
        9.382816402411946,
        null
    ],
    "log10_fgw": [
        -7.693030629248309,
        -7.66630446341145,
        -7.63185740522172
    ],
    "log10_h": [
        -14.522463643604034,
        -14.38754724909686,
        -14.282213851391925
    ],
    "phase0": [
        null,
        0.1398519716277411,
        null
    ],
    "psi": [
        null,
        1.3761897097949998,
        null
    ]
}