{
    "cos_gwtheta": [
        -0.038716509636403273,
        -0.016777132443733023,
        0.012419115666512881
    ],
    "cos_inc": [
        -0.09114322754405069,
        -0.06452886339336394,
        -0.04292257851834402
    ],
    "gwphi": [
        3.1451545593363353,
        3.2460222526465596,
        3.3291616847083207
    ],
    "log10_Mc": [
        null,
        9.143780246495744,
        null
    ],
    "log10_fgw": [
        -7.651356983543817,
        -7.651356983543817,
        -7.637187326002004
    ],
    "log10_h": [
        -13.562351619674144,
        -13.516887097269361,
        -13.494843692467043
    ],
    "phase0": [
        2.8730758973291617,
        4.164367422850239,
        5.225762827717347
    ],
    "psi": [
        0.016433111623850645,
        0.05455886451281699,
        0.10767198233054942
    ]
}