{
    "cos_gwtheta": [
        -0.18381066415037817,
        -0.17311028796122807,
        -0.15988435714358284
    ],
    "cos_inc": [
        -0.0023729056829452366,
        0.03161962484710168,
        0.06426781801155346
    ],
    "gwphi": [
        2.1444990963147776,
        2.1745858324155827,
        2.1993429181213884
    ],
    "log10_Mc": [
        null,
        9.086774843076908,
        null
    ],
    "log10_fgw": [
        -7.96307650793872,
        -7.9399031615552556,
        -7.916284173895186
    ],
    "log10_h": [
        -13.425512754467645,
        -13.356690453817428,
        -13.28786815316721
    ],
    "phase0": [
        0.01980052083485612,
        0.41025827241310847,
        1.7653028534902755
    ],
    "psi": [
        3.0434273524425866,
        3.052392508675357,
        3.0597374559503985
    ]
}