{
    "cos_gwtheta": [
        -0.011693483608348432,
        0.0019400347756233227,
        0.01521477636001678
    ],
    "cos_inc": [
        -0.03726435485355517,
        -0.018019451269986664,
        0.005329144989489831
    ],
    "gwphi": [
        3.1586902049510854,
        3.1586902049510854,
        3.1970396365583675
    ],
    "log10_Mc": [
        null,
        8.006296311615372,
        null
    ],
    "log10_fgw": [
        -7.656916519171862,
        -7.652727271337895,
        -7.650541576815826
    ],
    "log10_h": [
        -12.685509261751331,
        -12.657742915826041,
        -12.657742915826041
    ],
    "phase0": [
        5.400649323480287,
        5.8161013750578885,
        6.266538862557814
    ],
    "psi": [
        1.55579302780548,
        1.564297042541827,
        1.5711502779470008
    ]
}