{
    "cos_gwtheta": [
        0.6338882225480158,
        0.6405487565940782,
        0.6486431556083903
    ],
    "cos_inc": [
        0.055790739164030295,
        0.06361753845947452,
        0.07186206018922614
    ],
    "gwphi": [
        1.268766680072521,
        1.3097347112557403,
        1.3415624645654127
    ],
    "log10_Mc": [
        null,
        9.59315931634464,
        null
    ],
    "log10_fgw": [
        -8.027322695265859,
        -8.02604450684029,
        -8.024512019146805
    ],
    "log10_h": [
        -13.65965842477272,
        -13.651973990658917,
        -13.642768272634257
    ],
    "phase0": [
        2.129143603000368,
        2.634252767647955,
        3.364613316530276
    ],
    "psi": [
        2.053954644911103,
        2.067918000966209,
        2.083410911924878
    ]
}