{
    "cos_gwtheta": [
        -0.063652972292499,
        -0.018159084229770417,
        0.0198438423447177
    ],
    "cos_inc": [
        0.00475440858163978,
        0.045278946647802853,
        0.0913732079552868
    ],
    "gwphi": [
        3.0589204312292306,
        3.1600164773759025,
        3.243701537797315
    ],
    "log10_Mc": [
        8.006338773391654,
        9.220365174336786,
        9.484448230922395
    ],
    "log10_fgw": [
        -7.686056002837551,
        -7.659954908450879,
        -7.6316324443291705
    ],
    "log10_h": [
        -14.058890186776477,
        -14.007224366874905,
        -13.963001927806612
    ]
}