{
    "cos_gwtheta": [
        0.4053631150161938,
        0.5259569290786958,
        0.6471133892410228
    ],
    "cos_inc": [
        0.45104533738251473,
        0.6275004221018172,
        0.9951607069813547
    ],
    "gwphi": [
        2.562941618692043,
        2.7072868773799454,
        2.85591356323232
    ],
    "log10_Mc": [
        null,
        8.952672406954436,
        null
    ],
    "log10_fgw": [
        -8.266660785622928,
        -8.227322555629028,
        -8.192149549987425
    ],
    "log10_h": [
        -15.410242121788606,
        -15.294600505453381,
        -15.126061994054846
    ]
}