{
    "cos_gwtheta": [
        -0.005223858938476766,
        0.012443705453440868,
        0.02975314354011696
    ],
    "cos_inc": [
        -0.027170468643654577,
        -0.0022690073180565706,
        0.02494039432552375
    ],
    "gwphi": [
        3.104412516568983,
        3.15085710748623,
        3.190296089717635
    ],
    "log10_Mc": [
        null,
        9.306162133866502,
        null
    ],
    "log10_fgw": [
        -7.6637009838733325,
        -7.651302660280955,
        -7.638989256713183
    ],
    "log10_h": [
        -12.724614049659793,
        -12.67914368611234,
        -12.67914368611234
    ],
    "phase0": [
        2.94435348093488,
        3.1587824476011725,
        3.3729262693649833
    ],
    "psi": [
        1.5548023024892075,
        1.574940282141418,
        1.5950782617936288
    ]
}