{
    "cos_gwtheta": [
        -0.0348404819949526,
        0.06481547375008834,
        0.21499283847124384
    ],
    "cos_inc": [
        -0.11169926978132949,
        -0.011116565988012583,
        0.08788215821800804
    ],
    "gwphi": [
        2.683718185137635,
        2.9328922685902543,
        3.253883443764807
    ],
    "log10_Mc": [
        null,
        8.876101092062378,
        null
    ],
    "log10_fgw": [
        -7.68644999151014,
        -7.6613655972923835,
        -7.628621846061571
    ],
    "log10_h": [
        -14.454396340144132,
        -14.356035451184415,
        -14.268899499262655
    ],
    "phase0": [
        null,
        3.293474087573282,
        null
    ],
    "psi": [
        1.3104188707329898,
        1.4435505525871477,
        1.5819701750756996
    ]
}