{
    "cos_gwtheta": [
        -0.00391630867415016,
        0.015274994999589064,
        0.032429232920249795
    ],
    "cos_inc": [
        0.01779412843711836,
        0.0434926106612189,
        0.0751632753740189
    ],
    "gwphi": [
        3.068586940102172,
        3.138670521277235,
        3.2047619997271366
    ],
    "log10_Mc": [
        null,
        8.665956321286737,
        null
    ],
    "log10_fgw": [
        -7.672768721458176,
        -7.653654994280628,
        -7.634409448294958
    ],
    "log10_h": [
        -13.565784125864532,
        -13.505931573698785,
        -13.434196529558953
    ],
    "phase0": [
        3.9942976889912014,
        5.335603658541055,
        6.266458756179286
    ],
    "psi": [
        1.5039393062206545,
        1.5448236707869778,
        1.5776262423576324
    ]
}