{
    "cos_gwtheta": [
        -0.00216556962352199,
        0.024232481685049878,
        0.04707991790533439
    ],
    "cos_inc": [
        -0.07142770765061279,
        -0.04259378777014822,
        -0.0102050010551058
    ],
    "gwphi": [
        3.0278240921404507,
        3.1208745882759175,
        3.2085221523777125
    ],
    "log10_Mc": [
        null,
        9.679124484560546,
        null
    ],
    "log10_fgw": [
        -7.673891192380962,
        -7.6495642152749594,
        -7.625069465913053
    ],
    "log10_h": [
        -13.512913444800489,
        -13.458631787002126,
        -13.446456461888474
    ],
    "phase0": [
        2.3836276526252504,
        3.6537161606506787,
        4.760284674031064
    ],
    "psi": [
        0.009865921520656957,
        0.009865921520656957,
        0.06015813296020693
    ]
}