{
    "cos_gwtheta": [
        0.04017102845142961,
        0.062402070311500135,
        0.07995289283260842
    ],
    "cos_inc": [
        0.01805705255611978,
        0.043007665256134975,
        0.0718048307474024
    ],
    "gwphi": [
        3.017389828779434,
        3.0617047172718497,
        3.1122293353619286
    ],
    "log10_Mc": [
        null,
        8.206989638868144,
        null
    ],
    "log10_fgw": [
        -7.6676887333799355,
        -7.656323846744333,
        -7.6440925786163305
    ],
    "log10_h": [
        -13.552097222664264,
        -13.522393331272328,
        -13.486449126562759
    ],
    "phase0": [
        2.4902498169685967,
        2.7832283289405693,
        5.908540685861206
    ],
    "psi": [
        1.5333180494841006,
        1.5597272746173245,
        1.5811061711537442
    ]
}