{
    "cos_gwtheta": [
        null,
        -0.06642173232722581,
        null
    ],
    "cos_inc": [
        -0.687247451946592,
        -0.0664359345851423,
        0.2863249980859697
    ],
    "gwphi": [
        null,
        3.23345112265069,
        null
    ],
    "log10_Mc": [
        null,
        9.029038508044541,
        null
    ],
    "log10_fgw": [
        null,
        -7.670417055401153,
        null
    ],
    "log10_h": [
        -15.065756901781178,
        -14.49455772042618,
        -14.297429207140052
    ],
    "phase0": [
        null,
        1.5816868025847097,
        null
    ],
    "psi": [
        null,
        3.1330682406588037,
        null
    ]
}