{
    "cos_gwtheta": [
        -0.28419717154168445,
        -0.20714716468106043,
        -0.11878348592697774
    ],
    "cos_inc": [
        -0.1095644974093174,
        -0.04058894592643114,
        0.02087637358983707
    ],
    "gwphi": [
        2.721636162376426,
        2.859399800382403,
        3.032834380372071
    ],
    "log10_Mc": [
        null,
        9.994681143126687,
        null
    ],
    "log10_fgw": [
        -7.684090836105924,
        -7.660606299815504,
        -7.628361658718338
    ],
    "log10_h": [
        -14.322862186286315,
        -14.216866748729071,
        -14.132150698257185
    ],
    "phase0": [
        null,
        3.053132799415798,
        null
    ],
    "psi": [
        1.508845307745133,
        1.5819147289402649,
        1.6552937663269018
    ]
}