{
    "cos_gwtheta": [
        0.8495286730865103,
        0.8634959507183122,
        0.8760015365049256
    ],
    "cos_inc": [
        -0.04407004654753155,
        -0.018671849548923536,
        0.00809922296312271
    ],
    "gwphi": [
        2.6293413384000215,
        2.7007568389754164,
        2.772172339550811
    ],
    "log10_Mc": [
        null,
        9.994627586405713,
        null
    ],
    "log10_fgw": [
        -7.6740506398563975,
        -7.6562332026018876,
        -7.638294558291225
    ],
    "log10_h": [
        -12.981565417031103,
        -12.946917808389639,
        -12.946917808389639
    ],
    "phase0": [
        3.8987009512665454,
        4.2687232222501015,
        4.633250112971525
    ],
    "psi": [
        2.0201849574137984,
        2.0420766250254556,
        2.070223054811872
    ]
}