{
    "cos_gwtheta": [
        -0.25698904294764535,
        -0.152609621207613,
        -0.05337298119564782
    ],
    "cos_inc": [
        -0.10660153612101919,
        -0.024156174215792636,
        0.0610505156001353
    ],
    "gwphi": [
        3.1365198733380044,
        3.2881259430058885,
        3.4488283768538457
    ],
    "log10_Mc": [
        null,
        8.388701237629093,
        null
    ],
    "log10_fgw": [
        -7.6817136764101575,
        -7.659233142389892,
        -7.6306215536368285
    ],
    "log10_h": [
        -14.353499431814585,
        -14.261490304498654,
        -14.181886902214085
    ],
    "phase0": [
        null,
        4.074206967646928,
        null
    ],
    "psi": [
        null,
        3.0729408857005227,
        null
    ]
}