{
    "cos_gwtheta": [
        -0.3362259373140227,
        -0.3362259373140227,
        -0.31491399342858284
    ],
    "cos_inc": [
        -0.09740155978633647,
        -0.07608968173435038,
        -0.05722120371380213
    ],
    "gwphi": [
        2.6055994007649548,
        2.6569786308190637,
        2.7115266239602103
    ],
    "log10_Mc": [
        null,
        8.283497552906987,
        null
    ],
    "log10_fgw": [
        -7.898370770534763,
        -7.898370770534763,
        -7.880377849396449
    ],
    "log10_h": [
        -13.138996570509168,
        -13.10315241907886,
        -13.10315241907886
    ],
    "phase0": [
        5.8912751555400344,
        6.275891294958322,
        6.275891294958322
    ],
    "psi": [
        1.6094781468044885,
        1.6435342371414305,
        1.6832663425345296
    ]
}