{
    "cos_gwtheta": [
        0.8676487478928819,
        0.895900687780678,
        0.9246294536581415
    ],
    "cos_inc": [
        0.14923484161952344,
        0.1670312698285295,
        0.18113226485752337
    ],
    "gwphi": [
        1.5551185042686515,
        1.6413965007822182,
        1.707177514698639
    ],
    "log10_Mc": [
        null,
        8.006283631221983,
        null
    ],
    "log10_fgw": [
        -7.883511731128706,
        -7.883511731128706,
        -7.8618913635853
    ],
    "log10_h": [
        -13.365987434120008,
        -13.33290117497219,
        -13.33290117497219
    ],
    "phase0": [
        null,
        4.22410994171219,
        null
    ],
    "psi": [
        0.015537283695538043,
        0.015537283695538043,
        0.09418727172236087
    ]
}