{
    "cos_gwtheta": [
        -0.025697291737713956,
        -0.00295401900207648,
        0.020532497940607963
    ],
    "cos_inc": [
        -0.048513898127544586,
        -0.02594605610417411,
        -0.0024570776716865694
    ],
    "gwphi": [
        3.076174688729932,
        3.1502500006635334,
        3.2283025105533016
    ],
    "log10_Mc": [
        null,
        8.723187440385159,
        null
    ],
    "log10_fgw": [
        -7.676213314112695,
        -7.649424944150906,
        -7.62245182681007
    ],
    "log10_h": [
        -12.711286609419933,
        -12.655835088531624,
        -12.601118024873625
    ],
    "phase0": [
        6.157455570173297,
        6.266619902312582,
        6.266619902312582
    ],
    "psi": [
        3.0895591136932454,
        3.133290907880327,
        3.133290907880327
    ]
}