{
    "cos_gwtheta": [
        0.1163411877339029,
        0.13740449841176783,
        0.16018726302251973
    ],
    "cos_inc": [
        -0.0046578790668133085,
        0.006480282760157274,
        0.01775884158494687
    ],
    "gwphi": [
        4.823755025052608,
        4.831430495187354,
        4.839386775205079
    ],
    "log10_Mc": [
        null,
        8.006311110566172,
        null
    ],
    "log10_fgw": [
        -7.823335854294355,
        -7.821341928925346,
        -7.820508402746498
    ],
    "log10_h": [
        -13.205590148553387,
        -13.1886546032127,
        -13.166663671203153
    ],
    "phase0": [
        null,
        0.019714525982026252,
        null
    ],
    "psi": [
        0.6259395268417249,
        0.6305109456801931,
        0.635838268421085
    ]
}