{
    "cos_gwtheta": [
        -0.9412878564027818,
        -0.9412878564027818,
        -0.9167081016382798
    ],
    "cos_inc": [
        0.07207793892240605,
        0.08540529450523911,
        0.10410061275337992
    ],
    "gwphi": [
        1.868609870648974,
        1.8856119623396705,
        1.9055826732144572
    ],
    "log10_Mc": [
        null,
        9.191671181913675,
        null
    ],
    "log10_fgw": [
        -7.983370408152386,
        -7.9770595786529395,
        -7.971145429864886
    ],
    "log10_h": [
        -13.469449010039302,
        -13.429853383975487,
        -13.429853383975487
    ],
    "phase0": [
        null,
        0.01974352833699287,
        null
    ],
    "psi": [
        0.43257851049560714,
        0.44342092086294116,
        0.4557797522606716
    ]
}