{
    "cos_gwtheta": [
        -0.19996612273302194,
        -0.11092640260521225,
        -0.03738037827056773
    ],
    "cos_inc": [
        -0.07884172830303815,
        0.008849603610050716,
        0.07326005094444354
    ],
    "gwphi": [
        3.059876866611945,
        3.2402575173214703,
        3.4008024951007387
    ],
    "log10_Mc": [
        null,
        8.541573001777037,
        null
    ],
    "log10_fgw": [
        -7.691049684707612,
        -7.666426083040653,
        -7.635223656500842
    ],
    "log10_h": [
        -14.271513630114088,
        -14.19178889256676,
        -14.12345340324048
    ],
    "phase0": [
        null,
        0.17083314478962494,
        null
    ],
    "psi": [
        1.6405369734481294,
        1.7182347612047384,
        1.7928370195686536
    ]
}