{
    "cos_gwtheta": [
        -0.02145593202576712,
        0.01000042756479369,
        0.03453638804543102
    ],
    "cos_inc": [
        0.0008668495739263538,
        0.033999265576050264,
        0.06713168157817417
    ],
    "gwphi": [
        3.0168502126266303,
        3.109181200603912,
        3.2174102394911896
    ],
    "log10_Mc": [
        null,
        8.302628167085343,
        null
    ],
    "log10_fgw": [
        -7.6616760625033855,
        -7.643536249443261,
        -7.625520681678068
    ],
    "log10_h": [
        -13.55697855475266,
        -13.517524975361297,
        -13.479459210320384
    ],
    "phase0": [
        0.020169571784821504,
        0.9808658425432406,
        2.98221229996195
    ],
    "psi": [
        0.009864528606989054,
        0.009864528606989054,
        0.06890323026945314
    ]
}