{
    "J0024-2029_red_noise_gamma": 2.4335330116270026,
    "J0024-2029_red_noise_log10_A": -12.407465948715046,
    "J0114+7148_red_noise_gamma": 2.1667745223234114,
    "J0114+7148_red_noise_log10_A": -12.038975494547095,
    "J0234+0837_red_noise_gamma": 2.1698301997096476,
    "J0234+0837_red_noise_log10_A": -13.730512950623211,
    "J0354-4032_red_noise_gamma": 2.1292351525090827,
    "J0354-4032_red_noise_log10_A": -12.514726271124571,
    "J0444+4032_red_noise_gamma": 1.9861533749276588,
    "J0444+4032_red_noise_log10_A": -13.563654996418425,
    "J0604-0837_red_noise_gamma": 1.8517839164483085,
    "J0604-0837_red_noise_log10_A": -13.718995345490933,
    "J0724-7148_red_noise_gamma": 2.163640566613979,
    "J0724-7148_red_noise_log10_A": -13.169691592439733,
    "J0814+2029_red_noise_gamma": 2.065336878868254,
    "J0814+2029_red_noise_log10_A": -13.483457563014845,
    "J0934-2644_red_noise_gamma": 1.9269426956221933,
    "J0934-2644_red_noise_log10_A": -13.203203158087915,
    "J1024+5812_red_noise_gamma": 1.6851429522919783,
    "J1024+5812_red_noise_log10_A": -12.365316441563895,
    "J1144+0251_red_noise_gamma": 2.2736595522352188,
    "J1144+0251_red_noise_log10_A": -13.076008563435243,
    "J1304-4835_red_noise_gamma": 2.0252952234462267,
    "J1304-4835_red_noise_log10_A": -12.855166574078837,
    "J1354+3322_red_noise_gamma": 2.068741086784843,
    "J1354+3322_red_noise_log10_A": -13.455919815230697,
    "J1514-1428_red_noise_gamma": 1.8419768399142913,
    "J1514-1428_red_noise_log10_A": -12.119505321491037,
    "J1724+1428_red_noise_gamma": 2.693544346467833,
    "J1724+1428_red_noise_log10_A": -13.315269597221908,
    "J1844-3322_red_noise_gamma": 1.2930146620099108,
    "J1844-3322_red_noise_log10_A": -13.783064198004578,
    "J1934+4835_red_noise_gamma": 1.8767630868563459,
    "J1934+4835_red_noise_log10_A": -11.918834256598405,
    "J2054-0251_red_noise_gamma": 1.9014001485548477,
    "J2054-0251_red_noise_log10_A": -12.61526876483083,
    "J2214-5812_red_noise_gamma": 1.194393266734124,
    "J2214-5812_red_noise_log10_A": -12.60702423170531,
    "J2304+2644_red_noise_gamma": 2.379283237288668,
    "J2304+2644_red_noise_log10_A": -13.524363226396634,
    "gw_log10_rho_0": -7.147542983132848,
    "gw_log10_rho_1": -7.020828669242459,
    "gw_log10_rho_2": -8.662830033274043,
    "gw_log10_rho_3": -7.579422422902542,
    "gw_log10_rho_4": -7.359536815818534,
    "gw_log10_rho_5": -7.485489393430363,
    "gw_log10_rho_6": -7.455545037113366,
    "gw_log10_rho_7": -9.915469447417951,
    "gw_log10_rho_8": -9.361853261997101,
    "gw_log10_rho_9": -8.069943102631253,
    "gw_log10_rho_10": -9.19749209415779,
    "gw_log10_rho_11": -8.004769855541424,
    "gw_log10_rho_12": -7.765029835231785,
    "gw_log10_rho_13": -7.884629468212095,
    "gw_log10_rho_14": -9.498526163096331,
    "gw_log10_rho_15": -7.830953402028215,
    "gw_log10_rho_16": -8.898207531085523,
    "gw_log10_rho_17": -8.139116166414397,
    "gw_log10_rho_18": -8.079774176952276,
    "gw_log10_rho_19": -8.12398491373667
}