{
    "J0024-2029_red_noise_gamma": 2.1701399027458295,
    "J0024-2029_red_noise_log10_A": -13.955679241984814,
    "J0114+7148_red_noise_gamma": 0.8587373778646666,
    "J0114+7148_red_noise_log10_A": -11.76401005059174,
    "J0234+0837_red_noise_gamma": 1.540002256029465,
    "J0234+0837_red_noise_log10_A": -13.977654141180356,
    "J0354-4032_red_noise_gamma": 0.8229605524378422,
    "J0354-4032_red_noise_log10_A": -11.351285588437632,
    "J0444+4032_red_noise_gamma": 2.0275226831938187,
    "J0444+4032_red_noise_log10_A": -13.651594694335015,
    "J0604-0837_red_noise_gamma": 1.7189253956582347,
    "J0604-0837_red_noise_log10_A": -11.323552382072842,
    "J0724-7148_red_noise_gamma": 0.630002511584803,
    "J0724-7148_red_noise_log10_A": -13.999191489540513,
    "J0814+2029_red_noise_gamma": 2.4700266713229797,
    "J0814+2029_red_noise_log10_A": -12.826608298841972,
    "J0934-2644_red_noise_gamma": 4.341287982549269,
    "J0934-2644_red_noise_log10_A": -14.692271950831925,
    "J1024+5812_red_noise_gamma": 1.715608249665515,
    "J1024+5812_red_noise_log10_A": -12.070635263710592,
    "J1144+0251_red_noise_gamma": 1.2505353168168558,
    "J1144+0251_red_noise_log10_A": -12.638246909788297,
    "J1304-4835_red_noise_gamma": 1.6202761382233923,
    "J1304-4835_red_noise_log10_A": -12.03308914613471,
    "J1354+3322_red_noise_gamma": 2.4705945379669605,
    "J1354+3322_red_noise_log10_A": -12.006242052013262,
    "J1514-1428_red_noise_gamma": 3.285140105541543,
    "J1514-1428_red_noise_log10_A": -13.028563289488284,
    "J1724+1428_red_noise_gamma": 1.4231949589943937,
    "J1724+1428_red_noise_log10_A": -12.19169597580812,
    "J1844-3322_red_noise_gamma": 1.1560138819024113,
    "J1844-3322_red_noise_log10_A": -12.969380376196307,
    "J1934+4835_red_noise_gamma": 2.686335967779491,
    "J1934+4835_red_noise_log10_A": -11.54044761004961,
    "J2054-0251_red_noise_gamma": 1.9886575961934172,
    "J2054-0251_red_noise_log10_A": -11.318412673319797,
    "J2214-5812_red_noise_gamma": 2.0451539967430348,
    "J2214-5812_red_noise_log10_A": -12.065896566490228,
    "J2304+2644_red_noise_gamma": 1.8863080427756733,
    "J2304+2644_red_noise_log10_A": -11.60585141858981,
    "gw_log10_rho_0": -7.223951656640115,
    "gw_log10_rho_1": -8.087131756280913,
    "gw_log10_rho_2": -7.24139613489155,
    "gw_log10_rho_3": -7.660889479523966,
    "gw_log10_rho_4": -7.821992399946332,
    "gw_log10_rho_5": -7.446539759867314,
    "gw_log10_rho_6": -7.38537339153021,
    "gw_log10_rho_7": -8.055810813908925,
    "gw_log10_rho_8": -8.81363594803492,
    "gw_log10_rho_9": -8.329175641309394,
    "gw_log10_rho_10": -7.947421613654925,
    "gw_log10_rho_11": -9.291911051651905,
    "gw_log10_rho_12": -9.154576694740689,
    "gw_log10_rho_13": -8.124148123787412,
    "gw_log10_rho_14": -8.00303849449211,
    "gw_log10_rho_15": -8.580205245514122,
    "gw_log10_rho_16": -8.313514220663292,
    "gw_log10_rho_17": -9.923716234164521,
    "gw_log10_rho_18": -8.237926232381982,
    "gw_log10_rho_19": -8.157896916814947
}