{
    "B1855+09_efac": 1.0677,
    "B1855+09_log10_tnequad": -6.789707169331719,
    "B1937+21_efac": 1.9271025,
    "B1937+21_log10_tnequad": -6.87644715639009,
    "B1953+29_efac": 1.0849946,
    "B1953+29_log10_tnequad": -6.262765560812666,
    "J0023+0923_efac": 1.0739775,
    "J0023+0923_log10_tnequad": -6.38553054288324,
    "J0030+0451_efac": 1.063214,
    "J0030+0451_log10_tnequad": -6.995334449047866,
    "J0125-2327_efac": 1.0331288,
    "J0125-2327_log10_tnequad": -7.390463,
    "J0340+4130_efac": 1.02108,
    "J0340+4130_log10_tnequad": 0.8751265,
    "J0406+3039_efac": 1.02866,
    "J0406+3039_log10_tnequad": -6.813659758802162,
    "J0437-4715_efac": 0.498436,
    "J0437-4715_log10_tnequad": -7.857126,
    "J0509+0856_efac": 1.077475,
    "J0509+0856_log10_tnequad": -5.982860761664952,
    "J0557+1551_efac": 0.925924,
    "J0557+1551_log10_tnequad": -6.06734467071292,
    "J0605+3757_efac": 0.9727195,
    "J0605+3757_log10_tnequad": -5.834076539441725,
    "J0610-2100_efac": 1.027055,
    "J0610-2100_log10_tnequad": -6.172412783097724,
    "J0613-0200_efac": 1.0551885,
    "J0613-0200_log10_tnequad": -7.0349732121537825,
    "J0614-3329_efac": 0.9698925,
    "J0614-3329_log10_tnequad": -6.987457283884574,
    "J0636+5128_efac": 1.024315,
    "J0636+5128_log10_tnequad": -7.680302624341126,
    "J0636-3044_efac": 0.977329,
	"J0636-3044_log10_tnequad": -6.29828,
    "J0645+5158_efac": 1.014158,
    "J0645+5158_log10_tnequad": -7.300037249300686,
    "J0709+0458_efac": 1.0215885,
    "J0709+0458_log10_tnequad": -7.259521240013369,
    "J0711-6830_efac": 1.091887,
    "J0711-6830_log10_tnequad": -7.94825,
    "J0740+6620_efac": 1.018885,
    "J0740+6620_log10_tnequad": -7.3873798582783685,
    "J0751+1807_efac": 0.970404,
    "J0751+1807_log10_tnequad": -6.836195,
    "J0900-3144_efac": 1.08431,
    "J0900-3144_log10_tnequad": -7.31532804,
    "J0931-1902_efac": 1.005026,
    "J0931-1902_log10_tnequad": -6.427826477478205,
    "J0955-6150_efac": 1.02569,
    "J0955-6150_log10_tnequad": -6.29449,
    "J1012+5307_efac": 1.0299375,
    "J1012+5307_log10_tnequad": -6.494715412982402,
    "J1012-4235_efac": 0.8277505,
    "J1012-4235_log10_tnequad": -5.4745811898691805,
    "J1017-7156_efac": 1.0305154,
    "J1017-7156_log10_tnequad": -7.8099843,
    "J1022+1001_efac": 1.17239,
    "J1022+1001_log10_tnequad": -6.131141994293384,
    "J1024-0719_efac": 0.95519575,
    "J1024-0719_log10_tnequad": -6.606320145005191,
    "J1045-4509_efac": 1.13437049,
    "J1045-4509_log10_tnequad": -7.5965198,
    "J1101-6424_efac": 0.927055,
    "J1101-6424_log10_tnequad": -6.02342,
    "J1103-5403_efac": 1.01753,
    "J1103-5403_log10_tnequad": -8.36342,
    "J1125+7819_efac": 1.029005,
    "J1125+7819_log10_tnequad": -6.011838310643266,
    "J1125-5825_efac": 0.918831,
    "J1125-5825_log10_tnequad": -6.1745,
    "J1125-6014_efac": 1.0895257,
    "J1125-6014_log10_tnequad": -8.108963,
    "J1216-6410_efac": 0.977083,
    "J1216-6410_log10_tnequad": -8.90844,
    "J1312+0051_efac": 1.00965,
    "J1312+0051_log10_tnequad": -5.76400556566201,
    "J1327-0755_efac": 0.752808,
    "J1327-0755_log10_tnequad": -8.89625,
    "J1421-4409_efac": 0.994599,
    "J1421-4409_log10_tnequad": -5.9785,
    "J1431-5740_efac": 1.01433,
    "J1431-5740_log10_tnequad": -5.85325,
    "J1435-6100_efac": 0.939339,
    "J1435-6100_log10_tnequad": -6.60639,
    "J1446-4701_efac": 0.9757956,
    "J1446-4701_log10_tnequad": -8.768440,
    "J1453+1902_efac": 1.036859333,
    "J1453+1902_log10_tnequad": -5.851876144779087,
    "J1455-3330_efac": 0.9988055,
    "J1455-3330_log10_tnequad": -6.558966442577876,
    "J1525-5545_efac": 0.961517,
    "J1525-5545_log10_tnequad": -6.03951,
    "J1543-5149_efac": 1.0265,
    "J1543-5149_log10_tnequad": -7.68125,
    "J1545-4550_efac": 1.04070458,
    "J1545-4550_log10_tnequad": -7.3828239,
    "J1547-5709_efac": 0.930492,
    "J1547-5709_log10_tnequad": -6.46921,
    "J1600-3053_efac": 1.018155,
    "J1600-3053_log10_tnequad": -6.3496108158117135,
    "J1603-7202_efac": 1.08384325,
    "J1603-7202_log10_tnequad": -8.14158115,
    "J1614-2230_efac": 1.0284385,
    "J1614-2230_log10_tnequad": -7.082305542123751,
    "J1629-6902_efac": 1.02778,
    "J1629-6902_log10_tnequad": -6.46921,
    "J1630+3734_efac": 1.02771,
    "J1630+3734_log10_tnequad": -6.481297772478002,
    "J1640+2224_efac": 1.0641925,
    "J1640+2224_log10_tnequad": -6.758824953770966,
    "J1643-1224_efac": 1.11972,
    "J1643-1224_log10_tnequad": -5.99433391191484,
    "J1652-4838_efac": 0.835575,
    "J1652-4838_log10_tnequad": -6.08937,
    "J1653-2054_efac": 0.964878,
    "J1653-2054_log10_tnequad": -7.55159,
    "J1658-5324_efac": 0.970527,
    "J1658-5324_log10_tnequad": -8.90599,
    "J1705-1903_efac": 1.086345,
    "J1705-1903_log10_tnequad": -6.839205012994887,
    "J1708-3506_efac": 0.910044,
    "J1708-3506_log10_tnequad": -5.92097,
    "J1713+0747_efac": 1.0266626,
    "J1713+0747_log10_tnequad": -7.383030656330324,
    "J1719-1438_efac": 1.00979,
    "J1719-1438_log10_tnequad": -6.09640324898168,
    "J1721-2457_efac": 1.04759,
    "J1721-2457_log10_tnequad": -8.92417,
    "J1730-2304_efac": 1.033085,
    "J1730-2304_log10_tnequad": -7.63269659857037,
    "J1732-5049_efac": 1.03706,
    "J1732-5049_log10_tnequad": -6.64676,
    "J1737-0811_efac": 0.937943,
    "J1737-0811_log10_tnequad": -5.83884,
    "J1738+0333_efac": 1.045025,
    "J1738+0333_log10_tnequad": -7.489711657686171,
    "J1741+1351_efac": 0.9547018,
    "J1741+1351_log10_tnequad": -6.7901617333040125,
    "J1744-1134_efac": 1.0524025,
    "J1744-1134_log10_tnequad": -6.666727868112632,
    "J1745+1017_efac": 1.175755,
    "J1745+1017_log10_tnequad": -6.28514401079244,
    "J1747-4036_efac": 1.020295,
    "J1747-4036_log10_tnequad": -6.439552833426825,
    "J1751-2857_efac": 0.8830485,
    "J1751-2857_log10_tnequad": -5.350443240114559,
    "J1757-5322_efac": 1.0418,
    "J1757-5322_log10_tnequad": -6.54265,
    "J1801-1417_efac": 0.867375,
    "J1801-1417_log10_tnequad": -6.1891150,
    "J1802-2124_efac": 1.06469,
    "J1802-2124_log10_tnequad": -6.3520077344628305,
    "J1804-2717_efac": 0.905334,
    "J1804-2717_log10_tnequad": -8.1280112,
    "J1811-2405_efac": 1.0114,
    "J1811-2405_log10_tnequad": -6.771424150906434,
    "J1832-0836_efac": 1.01288,
    "J1832-0836_log10_tnequad": -6.686755570987092,
    "J1824-2452A_efac": 1.1393335,
    "J1824-2452A_log10_tnequad": -7.6484534,
    "J1825-0319_efac": 1.04073,
    "J1825-0319_log10_tnequad": -6.89024,
    "J1843-1113_efac": 1.02234,
    "J1843-1113_log10_tnequad": -7.149203653805017,
    "J1853+1303_efac": 1.030701,
    "J1853+1303_log10_tnequad": -6.563016787406387,
    "J1857+0943_efac": 0.970760,
    "J1857+0943_log10_tnequad": -7.0855814,
    "J1902-5105_efac": 1.0041350,
    "J1902-5105_log10_tnequad": -7.3052985,
    "J1903+0327_efac": 0.9746786,
    "J1903+0327_log10_tnequad": -6.273476952430567,
    "J1903-7051_efac": 0.990298,
    "J1903-7051_log10_tnequad": -6.89808,
    "J1909-3744_efac": 0.9973436,
    "J1909-3744_log10_tnequad": -7.297547266968493,
    "J1910+1256_efac": 1.0089835,
    "J1910+1256_log10_tnequad": -6.678857285458297,
    "J1911+1347_efac": 0.970907,
    "J1911+1347_log10_tnequad": -5.884289551389951,
    "J1918-0642_efac": 1.011025,
    "J1918-0642_log10_tnequad": -6.639568442922038,
    "J1923+2515_efac": 1.12808825,
    "J1923+2515_log10_tnequad": -7.244545364117114,
    "J1933-6211_efac": 1.0093097,
    "J1933-6211_log10_tnequad": -7.5810216,
    "J1939+2134_efac": 1.22262508,
    "J1939+2134_log10_tnequad": -7.86453886,
    "J1944+0907_efac": 0.9384112,
    "J1944+0907_log10_tnequad": -6.520791585083163,
    "J1946+3417_efac": 1.050495,
    "J1946+3417_log10_tnequad": -7.359412886974304,
    "J1946-5403_efac": 0.930952,