{
    "gw_log10_rho_0": -7.931655728967983,
    "gw_log10_rho_1": -7.754209696985716,
    "gw_log10_rho_2": -7.367583229958752,
    "gw_log10_rho_3": -7.277601199372718,
    "gw_log10_rho_4": -7.458192577837934,
    "gw_log10_rho_5": -7.547490308261907,
    "gw_log10_rho_6": -7.564657938062884,
    "gw_log10_rho_7": -7.805418759901297,
    "gw_log10_rho_8": -7.940072718735381,
    "gw_log10_rho_9": -7.977771896098359,
    "gw_log10_rho_10": -8.105938266911714,
    "gw_log10_rho_11": -8.982864698029559,
    "gw_log10_rho_12": -8.342385558090074,
    "gw_log10_rho_13": -8.476012490753348,
    "gw_log10_rho_14": -8.350036874019718,
    "gw_log10_rho_15": -8.261299875912826,
    "gw_log10_rho_16": -8.226840159905777,
    "gw_log10_rho_17": -8.407632764231675,
    "gw_log10_rho_18": -9.873772256746578,
    "gw_log10_rho_19": -9.788883880613167
}