{
    "gw_log10_rho_0": -7.800155583371745,
    "gw_log10_rho_1": -7.466162259761686,
    "gw_log10_rho_2": -7.14581286339892,
    "gw_log10_rho_3": -6.99033964850956,
    "gw_log10_rho_4": -7.218379655870909,
    "gw_log10_rho_5": -7.272080552873657,
    "gw_log10_rho_6": -7.486226415504946,
    "gw_log10_rho_7": -7.519231314641567,
    "gw_log10_rho_8": -7.583784883957577,
    "gw_log10_rho_9": -7.767475228535652,
    "gw_log10_rho_10": -7.782684580593306,
    "gw_log10_rho_11": -7.948765666400942,
    "gw_log10_rho_12": -7.864835926812719,
    "gw_log10_rho_13": -8.06595484113545,
    "gw_log10_rho_14": -8.41005790131555,
    "gw_log10_rho_15": -9.300490486975356,
    "gw_log10_rho_16": -8.377484439596238,
    "gw_log10_rho_17": -8.037755057961393,
    "gw_log10_rho_18": -8.281328041805992,
    "gw_log10_rho_19": -8.62827384214645
}