{
    "gw_log10_rho_0": -7.1759713329368395,
    "gw_log10_rho_1": -7.11918703177419,
    "gw_log10_rho_2": -7.244418285974955,
    "gw_log10_rho_3": -7.180038040906407,
    "gw_log10_rho_4": -7.338371798865591,
    "gw_log10_rho_5": -7.530463008642668,
    "gw_log10_rho_6": -7.600478620971709,
    "gw_log10_rho_7": -7.712915847960529,
    "gw_log10_rho_8": -8.015428326811412,
    "gw_log10_rho_9": -8.260868345734867,
    "gw_log10_rho_10": -8.084590132299917,
    "gw_log10_rho_11": -7.9703560598540015,
    "gw_log10_rho_12": -8.064179585221227,
    "gw_log10_rho_13": -8.35904437263645,
    "gw_log10_rho_14": -8.16738184709676,
    "gw_log10_rho_15": -8.307175276274872,
    "gw_log10_rho_16": -9.581516260672009,
    "gw_log10_rho_17": -8.207747833913919,
    "gw_log10_rho_18": -9.586540793784694,
    "gw_log10_rho_19": -8.39009637194071
}