{
    "cos_gwtheta": [
        -0.18466418055146772,
        0.03955866981066025,
        0.1601215716592197
    ],
    "cos_inc": [
        -0.09351735806115424,
        -0.027451908313273377,
        0.03621986571910463
    ],
    "gwphi": [
        2.982641183636402,
        3.171207100687899,
        3.3386254382569844
    ],
    "log10_Mc": [
        null,
        9.746109515221772,
        null
    ],
    "log10_fgw": [
        -7.652761367017244,
        -7.637702615417919,
        -7.6185469975746605
    ],
    "log10_h": [
        -13.633850108653712,
        -13.556655310974596,
        -13.484500723453225
    ],
    "phase0": [
        null,
        1.28208532458901,
        null
    ],
    "psi": [
        null,
        0.009877644270998208,
        null
    ]
}