{
    "cos_gwtheta": [
        -0.5968199203755088,
        -0.38873565194251175,
        -0.2170024312194424
    ],
    "cos_inc": [
        -0.06369046633201522,
        -0.017396469854181362,
        0.02702580169867269
    ],
    "gwphi": [
        3.1025159554847894,
        3.2422508435749275,
        3.3557854401481646
    ],
    "log10_Mc": [
        null,
        9.382760480272601,
        null
    ],
    "log10_fgw": [
        -7.666775773239083,
        -7.651714122452534,
        -7.6399894841156994
    ],
    "log10_h": [
        -13.624409088403082,
        -13.569122482247634,
        -13.52374139302837
    ],
    "phase0": [
        null,
        4.704720862955987,
        null
    ],
    "psi": [
        1.370175203961117,
        1.4486018874506965,
        1.5312051398835078
    ]
}