{
    "cos_gwtheta": [
        -0.9392286654876889,
        -0.8752459580649655,
        -0.6754666190028682
    ],
    "cos_inc": [
        -0.05785399311070116,
        -0.029536600135311675,
        -0.0010772653404966803
    ],
    "gwphi": [
        null,
        2.7603040007023387,
        null
    ],
    "log10_Mc": [
        null,
        8.704077541348132,
        null
    ],
    "log10_fgw": [
        -7.66954917796853,
        -7.667759091410707,
        -7.665249279329635
    ],
    "log10_h": [
        -13.537120966076206,
        -13.4516669931261,
        -13.370710597699684
    ],
    "phase0": [
        0.019787456993515175,
        1.3111271077007052,
        4.154948147864773
    ],
    "psi": [
        1.0000389180865052,
        1.0641422849439344,
        1.1509809792467984
    ]
}