{
    "cos_gwtheta": [
        -0.4136837956518807,
        -0.2372981136324136,
        -0.05912353017258676
    ],
    "cos_inc": [
        -0.325669633224133,
        -0.2197291822630315,
        -0.1338637510900561
    ],
    "gwphi": [
        2.95218980710656,
        3.0805728936185104,
        3.2029846737810677
    ],
    "log10_Mc": [
        null,
        8.790159196345336,
        null
    ],
    "log10_fgw": [
        -7.689043230199716,
        -7.671224194295868,
        -7.6581219620136265
    ],
    "log10_h": [
        -13.596930879701143,
        -13.531047559154107,
        -13.475277906234906
    ],
    "phase0": [
        null,
        3.8638492637121264,
        null
    ],
    "psi": [
        null,
        2.922941171616598,
        null
    ]
}