{
    "cos_gwtheta": [
        -0.988537786506922,
        -0.988537786506922,
        -0.952474469595863
    ],
    "cos_inc": [
        -0.051074170782253625,
        -0.023160824282084325,
        0.0034837337408046287
    ],
    "gwphi": [
        null,
        6.266596278571919,
        null
    ],
    "log10_Mc": [
        null,
        9.765148388770283,
        null
    ],
    "log10_fgw": [
        -7.65240800503924,
        -7.65240800503924,
        -7.63741704650706
    ],
    "log10_h": [
        -13.59307459830046,
        -13.539296446776731,
        -13.485807425099907
    ],
    "phase0": [
        null,
        3.9544256035817984,
        null
    ],
    "psi": [
        1.4964123326874714,
        1.659495682633273,
        1.7631250210917049
    ]
}