{
    "cos_gwtheta": [
        -0.1483102964000299,
        0.1859328835416767,
        0.36775192559494685
    ],
    "cos_inc": [
        -0.11955906886896739,
        -0.04043527494464494,
        0.022669591375366838
    ],
    "gwphi": [
        2.805706232330533,
        3.0285672094244074,
        3.1751972354749567
    ],
    "log10_Mc": [
        null,
        8.13060996867167,
        null
    ],
    "log10_fgw": [
        -7.658692433261003,
        -7.658692433261003,
        -7.641739866018829
    ],
    "log10_h": [
        -13.582296510975418,
        -13.48652184405116,
        -13.408810768531085
    ],
    "phase0": [
        null,
        1.0111841089823443,
        null
    ],
    "psi": [
        1.2987138265270173,
        1.523502957496631,
        1.7417021790892855
    ]
}