{
    "cos_gwtheta": [
        -0.17081155009767723,
        0.03200547160186118,
        0.20659669871978892
    ],
    "cos_inc": [
        0.023085392211814215,
        0.08126799172880594,
        0.15106388456256248
    ],
    "gwphi": [
        2.9096362680710124,
        3.0693996858772885,
        3.2166992909469045
    ],
    "log10_Mc": [
        null,
        8.637055626922457,
        null
    ],
    "log10_fgw": [
        -7.658264070282357,
        -7.655918652657627,
        -7.653068844145858
    ],
    "log10_h": [
        -13.551480537381208,
        -13.474428040865613,
        -13.408861630787126
    ],
    "phase0": [
        0.8842986664126701,
        1.7913399124698492,
        4.75921385187595
    ],
    "psi": [
        1.4422211423278215,
        1.564994608694679,
        1.7080380567570046
    ]
}