{
    "cos_gwtheta": [
        -0.22036920837883645,
        -0.14681642663944372,
        0.014054978559374987
    ],
    "cos_inc": [
        0.05146479334735876,
        0.10764064923505667,
        0.1634718679700693
    ],
    "gwphi": [
        2.40548534720702,
        2.463728731859094,
        2.522083056291458
    ],
    "log10_Mc": [
        null,
        8.742478404014982,
        null
    ],
    "log10_fgw": [
        -7.682042397203758,
        -7.675839345244721,
        -7.667470148157131
    ],
    "log10_h": [
        -13.345935278027556,
        -13.273194482144374,
        -13.19156680169628
    ],
    "phase0": [
        null,
        1.8215512323682237,
        null
    ],
    "psi": [
        0.5228678744766934,
        0.5934438193096293,
        0.6609208203892777
    ]
}