{
    "cos_gwtheta": [
        -0.8497237434112335,
        -0.8156386391419224,
        -0.7824665287369679
    ],
    "cos_inc": [
        -0.01918447113837418,
        0.01424804100027588,
        0.04272234159293975
    ],
    "gwphi": [
        6.102909826653534,
        6.266593881605788,
        6.266593881605788
    ],
    "log10_Mc": [
        null,
        8.637280216156656,
        null
    ],
    "log10_fgw": [
        -7.736459318276475,
        -7.736459318276475,
        -7.717623492983116
    ],
    "log10_h": [
        -13.729282706899262,
        -13.667567328239443,
        -13.594352189580901
    ],
    "phase0": [
        null,
        3.893810814659687,
        null
    ],
    "psi": [
        0.2094550390202533,
        0.2869874466470672,
        0.3526875992946886
    ]
}