{
    "cos_gwtheta": [
        0.515479927354227,
        0.6590204740855343,
        0.7705579173899408
    ],
    "cos_inc": [
        0.004248747719435286,
        0.05256186547273367,
        0.09516870947564249
    ],
    "gwphi": [
        1.8141796907553895,
        1.9656077647228667,
        2.12840790748632
    ],
    "log10_Mc": [
        null,
        9.956458440637256,
        null
    ],
    "log10_fgw": [
        -7.689668341767188,
        -7.665848286117048,
        -7.6379998387025445
    ],
    "log10_h": [
        -13.356617841617636,
        -13.23888968601018,
        -13.13355396783509
    ],
    "phase0": [
        null,
        3.682506092419091,
        null
    ],
    "psi": [
        2.3419156853199596,
        2.4252622021736796,
        2.4919394156566557
    ]
}