{
    "cos_gwtheta": [
        -0.827804901060533,
        -0.7122405585973671,
        -0.49008959944916586
    ],
    "cos_inc": [
        0.5248359831281839,
        0.7234206570360802,
        0.9948197113768718
    ],
    "gwphi": [
        1.3637111423582444,
        1.638462315800271,
        1.9440776078448156
    ],
    "log10_Mc": [
        null,
        9.994695600036057,
        null
    ],
    "log10_fgw": [
        -7.694976014213302,
        -7.6677499973373235,
        -7.639405103055482
    ],
    "log10_h": [
        -14.44896466226663,
        -14.310904889267482,
        -14.17208654608702
    ],
    "phase0": [
        null,
        4.34477734227104,
        null
    ],
    "psi": [
        null,
        1.1209763373748538,
        null
    ]
}