{
    "cos_gwtheta": [
        -0.08287344395596163,
        0.18790472557112836,
        0.4258554125658809
    ],
    "cos_inc": [
        -0.9937201430739223,
        -0.9937201430739223,
        -0.39060838438023904
    ],
    "gwphi": [
        2.561790002604211,
        2.759487966832844,
        2.9464122000408435
    ],
    "log10_Mc": [
        null,
        8.006281908337876,
        null
    ],
    "log10_fgw": [
        -7.681461791032466,
        -7.6577952173481245,
        -7.626664570424876
    ],
    "log10_h": [
        -14.254316919438953,
        -14.092649971551417,
        -13.915898480858957
    ],
    "phase0": [
        null,
        1.5516598073622672,
        null
    ],
    "psi": [
        null,
        1.9621100304032917,
        null
    ]
}