{
    "cos_gwtheta": [
        -0.5163753362667347,
        -0.06605867820520772,
        0.35674412690223023
    ],
    "cos_inc": [
        null,
        0.01982065120404708,
        null
    ],
    "gwphi": [
        null,
        2.992816177449744,
        null
    ],
    "log10_Mc": [
        null,
        9.354162173822115,
        null
    ],
    "log10_fgw": [
        -7.669860543821051,
        -7.630089458975041,
        -7.595312052943775
    ],
    "log10_h": [
        -14.37199245892584,
        -14.112499818767386,
        -13.928475668511748
    ],
    "phase0": [
        null,
        2.452699286064677,
        null
    ],
    "psi": [
        null,
        0.3104217278032881,
        null
    ]
}