{
    "cos_gwtheta": [
        -0.6102009027411066,
        -0.35655309200542373,
        -0.13500512067184967
    ],
    "cos_inc": [
        null,
        0.03879058981619177,
        null
    ],
    "gwphi": [
        2.5665734668221734,
        2.776037918742896,
        2.9439655105093676
    ],
    "log10_Mc": [
        null,
        8.427081560141508,
        null
    ],
    "log10_fgw": [
        -7.680831947341764,
        -7.653983175903825,
        -7.628877831182636
    ],
    "log10_h": [
        -14.308115618156478,
        -14.095176506727833,
        -13.964573851718264
    ],
    "phase0": [
        null,
        0.44027005225918886,
        null
    ],
    "psi": [
        null,
        0.10015791741895573,
        null
    ]
}