{
    "cos_gwtheta": [
        -0.46792616157600586,
        -0.17998306078744464,
        0.07038504745315877
    ],
    "cos_inc": [
        null,
        -0.8502932210968485,
        null
    ],
    "gwphi": [
        2.4898033005320857,
        2.6615256371643956,
        2.8436739728065246
    ],
    "log10_Mc": [
        null,
        9.994655777494517,
        null
    ],
    "log10_fgw": [
        -7.687126983339583,
        -7.654686912957676,
        -7.628695772230002
    ],
    "log10_h": [
        -14.252552042554363,
        -14.06477496262909,
        -13.918809579167178
    ],
    "phase0": [
        null,
        6.086456553453197,
        null
    ],
    "psi": [
        null,
        2.0221702461455493,
        null
    ]
}