{
    "cos_gwtheta": [
        -0.3449900538065507,
        -0.07983050736928032,
        0.13421604755080563
    ],
    "cos_inc": [
        -0.09883102512421948,
        0.057867074622239834,
        0.8312159450714529
    ],
    "gwphi": [
        2.535325743157303,
        2.7671623120893,
        2.9677670116314943
    ],
    "log10_Mc": [
        null,
        9.99470360925791,
        null
    ],
    "log10_fgw": [
        -7.683962801955383,
        -7.66299447084342,
        -7.6337402669533425
    ],
    "log10_h": [
        -14.164141950973026,
        -13.985386062599481,
        -13.84669239524997
    ],
    "phase0": [
        null,
        0.5607739685480302,
        null
    ],
    "psi": [
        null,
        1.7516687665592379,
        null
    ]
}