{
    "cos_gwtheta": [
        -0.05218031465041373,
        0.11538590187279163,
        0.28366974673228484
    ],
    "cos_inc": [
        -0.0036878510581472845,
        0.05017176494908515,
        0.10651175800928236
    ],
    "gwphi": [
        3.034678495930627,
        3.2141368545767532,
        3.3558746665010823
    ],
    "log10_Mc": [
        null,
        9.994710743153597,
        null
    ],
    "log10_fgw": [
        -7.666829877314586,
        -7.642507819324374,
        -7.6195076123118906
    ],
    "log10_h": [
        -13.551250115757599,
        -13.475085123260879,
        -13.409247587373885
    ],
    "phase0": [
        null,
        6.085996210871112,
        null
    ],
    "psi": [
        1.120053746947459,
        3.133291421664817,
        3.133291421664817
    ]
}