{
    "cos_gwtheta": [
        -0.06407771054428668,
        0.23051854680706674,
        0.44468290633159757
    ],
    "cos_inc": [
        -0.3975576322392541,
        -0.06600907125951772,
        0.08381780219985258
    ],
    "gwphi": [
        2.2586891626996044,
        2.4754204005466125,
        2.6743602681225975
    ],
    "log10_Mc": [
        null,
        8.436448884865975,
        null
    ],
    "log10_fgw": [
        -7.697759239804306,
        -7.6709105139583595,
        -7.6413959571773535
    ],
    "log10_h": [
        -13.898892502418057,
        -13.769707422693077,
        -13.59457785854708
    ],
    "phase0": [
        null,
        5.90667877407558,
        null
    ],
    "psi": [
        null,
        0.5056291164586578,
        null
    ]
}