{
    "cos_gwtheta": [
        -0.16683468773866705,
        0.1313094118081417,
        0.3460452224787134
    ],
    "cos_inc": [
        null,
        -0.09528203257274248,
        null
    ],
    "gwphi": [
        2.386455737768352,
        2.643857265654331,
        3.0170031047373613
    ],
    "log10_Mc": [
        null,
        9.784423606309122,
        null
    ],
    "log10_fgw": [
        -7.694956266109481,
        -7.6669554203417825,
        -7.641243951901004
    ],
    "log10_h": [
        -14.169524934782682,
        -14.001329697442493,
        -13.76711110761175
    ],
    "phase0": [
        null,
        1.942281130093263,
        null
    ],
    "psi": [
        null,
        0.0698598097906166,
        null
    ]
}