{
    "cos_gwtheta": [
        0.038116580553852364,
        0.22424994265679055,
        0.37844673841996124
    ],
    "cos_inc": [
        null,
        0.35802639761406996,
        null
    ],
    "gwphi": [
        2.0980586309760487,
        2.2688575610901265,
        2.4396564912042047
    ],
    "log10_Mc": [
        null,
        8.321894030424737,
        null
    ],
    "log10_fgw": [
        -7.687472910816206,
        -7.659781378716936,
        -7.631516918367336
    ],
    "log10_h": [
        -13.955325384169752,
        -13.860791546833457,
        -13.604643697174287
    ],
    "phase0": [
        null,
        3.6535265057509125,
        null
    ],
    "psi": [
        null,
        1.0612328890369256,
        null
    ]
}