{
    "cos_gwtheta": [
        0.06599446489000926,
        0.2197252094165716,
        0.3416818182963065
    ],
    "cos_inc": [
        -0.05243117668438002,
        0.014330928652690256,
        0.0757149755042742
    ],
    "gwphi": [
        2.8782258625316905,
        3.093944079894974,
        3.2921389686769262
    ],
    "log10_Mc": [
        null,
        8.21670549655664,
        null
    ],
    "log10_fgw": [
        -7.656628644986917,
        -7.637428565693432,
        -7.619428491355792
    ],
    "log10_h": [
        -13.556763223056953,
        -13.480265356659771,
        -13.408102369358431
    ],
    "phase0": [
        0.019822673626634944,
        0.4402705617494279,
        4.298020501063316
    ],
    "psi": [
        1.5559266099791866,
        1.6747101604362862,
        1.839179691838424
    ]
}