{
    "cos_gwtheta": [
        -0.3381942998478934,
        -0.019937526042260623,
        0.2131396162773549
    ],
    "cos_inc": [
        -0.16241477329283516,
        -0.09316093075329801,
        -0.01746940707628275
    ],
    "gwphi": [
        2.9844705967925043,
        3.153184094483211,
        3.283114934336118
    ],
    "log10_Mc": [
        null,
        9.153463564000967,
        null
    ],
    "log10_fgw": [
        -7.673519080928504,
        -7.6541231488469395,
        -7.634606745137539
    ],
    "log10_h": [
        -13.624750745593403,
        -13.556330662205134,
        -13.466385159323927
    ],
    "phase0": [
        null,
        5.545622494357942,
        null
    ],
    "psi": [
        1.3806282341189193,
        1.5130655587644575,
        1.6839363281249695
    ]
}