{
    "cos_gwtheta": [
        -0.41043209596188934,
        -0.13646054349196934,
        0.1707845426941128
    ],
    "cos_inc": [
        null,
        0.48817001809137617,
        null
    ],
    "gwphi": [
        2.5193178810243526,
        2.869910828907919,
        3.097461611528384
    ],
    "log10_Mc": [
        null,
        8.6754568828603,
        null
    ],
    "log10_fgw": [
        -7.688415344546026,
        -7.662053554491976,
        -7.633295238069374
    ],
    "log10_h": [
        -14.228548322088413,
        -14.069895670595866,
        -13.919593158655557
    ],
    "phase0": [
        null,
        2.1519782349713714,
        null
    ],
    "psi": [
        0.9735226790098833,
        1.4064429484097996,
        3.133126389421876
    ]
}