{
    "cos_gwtheta": [
        -0.07260159029275126,
        0.09939167145858607,
        0.23164406591131903
    ],
    "cos_inc": [
        0.027673063097135797,
        0.08569492523894073,
        0.1460769987221071
    ],
    "gwphi": [
        3.036900368662222,
        3.2047848396582226,
        3.3446019377942107
    ],
    "log10_Mc": [
        null,
        9.994632117699496,
        null
    ],
    "log10_fgw": [
        -7.672538931948017,
        -7.645917466230948,
        -7.618928807883298
    ],
    "log10_h": [
        -13.552334379588784,
        -13.48007152771375,
        -13.41516634802963
    ],
    "phase0": [
        null,
        3.683821210202826,
        null
    ],
    "psi": [
        null,
        3.1332977423219606,
        null
    ]
}