{
    "cos_gwtheta": [
        -0.10424721823232053,
        0.07884327021388238,
        0.21352040834979125
    ],
    "cos_inc": [
        -0.09875850983235379,
        -0.03993786185570136,
        0.01906433133075558
    ],
    "gwphi": [
        2.829300010683938,
        2.9834046914163985,
        3.143908182421487
    ],
    "log10_Mc": [
        null,
        9.258712663549845,
        null
    ],
    "log10_fgw": [
        -7.679708001010492,
        -7.655545968257735,
        -7.633410428574566
    ],
    "log10_h": [
        -13.503044230332623,
        -13.430496873672363,
        -13.36079959173804
    ],
    "phase0": [
        null,
        0.6500436680376166,
        null
    ],
    "psi": [
        null,
        0.009874013576621135,
        null
    ]
}