{
    "cos_gwtheta": [
        null,
        -0.11167887306729118,
        null
    ],
    "cos_inc": [
        -0.08528857757454278,
        0.019381753076912256,
        0.10975177289932603
    ],
    "gwphi": [
        1.9061481258752735,
        2.091032551000902,
        2.3432363710271553
    ],
    "log10_Mc": [
        null,
        8.771097085525696,
        null
    ],
    "log10_fgw": [
        -7.707945484181982,
        -7.677591555802926,
        -7.649961697919426
    ],
    "log10_h": [
        -13.974976976507275,
        -13.837941765630433,
        -13.596067966238103
    ],
    "phase0": [
        null,
        2.8433277465189675,
        null
    ],
    "psi": [
        0.5617543718860712,
        0.7857601786748099,
        0.9374760228849113
    ]
}