{
    "cos_gwtheta": [
        -0.9303503461754326,
        -0.9067722876670736,
        -0.8795993682202206
    ],
    "cos_inc": [
        0.011173521172209377,
        0.043791529415256436,
        0.0720410544114668
    ],
    "gwphi": [
        2.5486979183463427,
        2.637257959335623,
        2.7183189645959724
    ],
    "log10_Mc": [
        null,
        9.258725626326203,
        null
    ],
    "log10_fgw": [
        -7.79041148364628,
        -7.776788089523693,
        -7.76471672764292
    ],
    "log10_h": [
        -13.721861809541563,
        -13.684696672812196,
        -13.651320922572882
    ],
    "phase0": [
        null,
        0.01973101704854607,
        null
    ],
    "psi": [
        0.8593186912220228,
        0.9142128175339477,
        0.9648183402277534
    ]
}