{
    "cos_gwtheta": [
        -0.2651048274106431,
        -0.09151370170621598,
        0.07595532513946557
    ],
    "cos_inc": [
        0.36318649624311705,
        0.7285048686672662,
        0.994730385333701
    ],
    "gwphi": [
        2.425835601748938,
        2.567975369023001,
        2.7149243765431796
    ],
    "log10_Mc": [
        null,
        8.331215250197982,
        null
    ],
    "log10_fgw": [
        -7.690369039823438,
        -7.66661909268148,
        -7.6354472870576595
    ],
    "log10_h": [
        -14.058499568428488,
        -13.921828627173799,
        -13.75217908292494
    ],
    "phase0": [
        null,
        1.1614362494261539,
        null
    ],
    "psi": [
        null,
        1.0760349511003617,
        null
    ]
}