{
    "cos_gwtheta": [
        -0.01001564211162087,
        0.3482372748705884,
        0.5082700339401136
    ],
    "cos_inc": [
        -0.09941490624174265,
        -0.034179635886063486,
        0.024614336766428935
    ],
    "gwphi": [
        2.278861038088886,
        2.3934639963737125,
        2.869507053864531
    ],
    "log10_Mc": [
        null,
        8.254943752611263,
        null
    ],
    "log10_fgw": [
        -7.689427856361804,
        -7.67241852162435,
        -7.657960587097515
    ],
    "log10_h": [
        -13.399709082506732,
        -13.314827867768283,
        -13.241922467980556
    ],
    "phase0": [
        0.47956778465697053,
        3.713853576985138,
        4.566625473165928
    ],
    "psi": [
        1.554919625110974,
        1.966117375660028,
        2.0630238519040724
    ]
}