{
    "cos_gwtheta": [
        -0.32632393556760675,
        -0.07111209517936079,
        0.1566040371699492
    ],
    "cos_inc": [
        -0.04318422450069859,
        0.008742481261627577,
        0.06686395192191541
    ],
    "gwphi": [
        3.1311651384939316,
        3.310893528268698,
        3.462187277273129
    ],
    "log10_Mc": [
        null,
        9.373136819667826,
        null
    ],
    "log10_fgw": [
        -7.668658939445647,
        -7.642334585639573,
        -7.6152449889903
    ],
    "log10_h": [
        -13.627699164486236,
        -13.55706527048195,
        -13.484884648871729
    ],
    "phase0": [
        null,
        0.6208742638594227,
        null
    ],
    "psi": [
        1.4126377960635663,
        1.519542501463869,
        1.6249827588449894
    ]
}