{
    "cos_gwtheta": [
        -0.29961389398013233,
        -0.09631138046668875,
        0.057595381681595836
    ],
    "cos_inc": [
        -0.03853786076637067,
        0.024269962000892153,
        0.09491187879073859
    ],
    "gwphi": [
        2.944239682815402,
        3.1203991092529875,
        3.2615357417104
    ],
    "log10_Mc": [
        null,
        9.994696536472258,
        null
    ],
    "log10_fgw": [
        -7.65029269148085,
        -7.65029269148085,
        -7.635255264928672
    ],
    "log10_h": [
        -13.607880812824689,
        -13.54294553289348,
        -13.480374064009014
    ],
    "phase0": [
        null,
        2.4525620663242984,
        null
    ],
    "psi": [
        1.5008206830524533,
        1.6113884438932824,
        1.7505864266636433
    ]
}