{
    "cos_gwtheta": [
        -0.5033838464207661,
        -0.4142319740031962,
        -0.33193793792543935
    ],
    "cos_inc": [
        -0.04828860548814917,
        -0.025672614436190844,
        0.0027387243228317315
    ],
    "gwphi": [
        2.5152295635976833,
        2.6162704565143606,
        2.7111876589512396
    ],
    "log10_Mc": [
        null,
        9.736528010212231,
        null
    ],
    "log10_fgw": [
        -7.804338417902377,
        -7.799805959456561,
        -7.795956474201212
    ],
    "log10_h": [
        -13.270556882596512,
        -13.144185643296073,
        -13.04789169157821
    ],
    "phase0": [
        0.08247744345059521,
        2.8430200367103415,
        4.460364407371007
    ],
    "psi": [
        2.4062655544446967,
        2.4516792008762978,
        2.499896158816023
    ]
}