{
    "cos_gwtheta": [
        -0.9934981705938531,
        -0.9651881844061161,
        -0.7284852443364263
    ],
    "cos_inc": [
        -0.04402838238146578,
        0.12494170737146915,
        0.3662707532068372
    ],
    "gwphi": [
        null,
        1.5250643387519052,
        null
    ],
    "log10_Mc": [
        null,
        8.340977064081269,
        null
    ],
    "log10_fgw": [
        -7.700792997820187,
        -7.668260416193738,
        -7.642699102058671
    ],
    "log10_h": [
        -14.323189342919651,
        -14.10250218815862,
        -13.934801144984874
    ],
    "phase0": [
        null,
        0.7725296118121984,
        null
    ],
    "psi": [
        null,
        1.2712318128673425,
        null
    ]
}