{
    "cos_gwtheta": [
        null,
        -0.7756007129947062,
        null
    ],
    "cos_inc": [
        -0.3211432037769021,
        0.0005955250977026649,
        0.24816333563471304
    ],
    "gwphi": [
        null,
        2.187636228941321,
        null
    ],
    "log10_Mc": [
        null,
        8.159246889773927,
        null
    ],
    "log10_fgw": [
        -7.698184205588264,
        -7.6643822878257755,
        -7.639119801919073
    ],
    "log10_h": [
        null,
        -14.024409442555115,
        null
    ],
    "phase0": [
        null,
        1.5809577950086464,
        null
    ],
    "psi": [
        null,
        0.8644801901588789,
        null
    ]
}