{
    "cos_gwtheta": [
        -0.863594306287155,
        -0.8224153344042884,
        -0.7780398213250349
    ],
    "cos_inc": [
        0.04097391534562789,
        0.06906266777577108,
        0.0963818653448143
    ],
    "gwphi": [
        2.7853736414828303,
        2.9080537810520024,
        2.9914961431881197
    ],
    "log10_Mc": [
        null,
        9.230066368682428,
        null
    ],
    "log10_fgw": [
        -7.677349771060749,
        -7.66296488844145,
        -7.646807955064701
    ],
    "log10_h": [
        -13.48022398862069,
        -13.42492773006502,
        -13.33635584689178
    ],
    "phase0": [
        0.019872370580111216,
        0.8907195063086308,
        3.2633718890180408
    ],
    "psi": [
        2.6150953931193603,
        2.6679199448658846,
        2.717314330914583
    ]
}