{
    "cos_gwtheta": [
        -0.0806928555912303,
        0.18381381926914697,
        0.3609470192970887
    ],
    "cos_inc": [
        null,
        -0.37256191759120283,
        null
    ],
    "gwphi": [
        2.3133841340672836,
        2.523629947427091,
        2.7442658155168886
    ],
    "log10_Mc": [
        null,
        9.994669390722908,
        null
    ],
    "log10_fgw": [
        -7.690133841032007,
        -7.663943339561653,
        -7.641930464092706
    ],
    "log10_h": [
        -14.122484167425014,
        -13.9243164801144,
        -13.800349926849414
    ],
    "phase0": [
        0.852406550763115,
        4.493318493992986,
        5.3340574673310215
    ],
    "psi": [
        0.9095143381042814,
        1.9768920776421084,
        3.1332960553327833
    ]
}