{
    "cos_gwtheta": [
        -0.8072068656495626,
        -0.7075917268434277,
        -0.40452370338507204
    ],
    "cos_inc": [
        -0.993695040950081,
        -0.9268415402424977,
        -0.4636281154585
    ],
    "gwphi": [
        1.2811750738847671,
        1.560530525477568,
        1.9406730419587521
    ],
    "log10_Mc": [
        null,
        8.943311097105626,
        null
    ],
    "log10_fgw": [
        -7.750619052165982,
        -7.726942407332053,
        -7.706965238253425
    ],
    "log10_h": [
        -14.52243934727867,
        -14.359102157037569,
        -14.200956160129895
    ],
    "phase0": [
        null,
        0.020076865576636807,
        null
    ],
    "psi": [
        null,
        2.607855791035711,
        null
    ]
}