{
    "cos_gwtheta": [
        -0.9869403888698868,
        -0.9586599516761224,
        -0.9357802924186672
    ],
    "cos_inc": [
        -0.07342103916969334,
        -0.04315660072947203,
        -0.01717739251087491
    ],
    "gwphi": [
        0.2670401919608164,
        0.31270349754430316,
        0.35467249994794053
    ],
    "log10_Mc": [
        null,
        9.478487104889144,
        null
    ],
    "log10_fgw": [
        -7.785123425587026,
        -7.781339951806231,
        -7.778653582888702
    ],
    "log10_h": [
        -13.695140712399247,
        -13.633762372441016,
        -13.586060727799566
    ],
    "phase0": [
        null,
        1.371070265551845,
        null
    ],
    "psi": [
        1.9204935246904749,
        1.992637032421358,
        2.061515033515638
    ]
}