{
    "cos_gwtheta": [
        -0.06620087157414001,
        0.05336326845505013,
        0.17810406817824154
    ],
    "cos_inc": [
        0.012139414832434525,
        0.09399700369536101,
        0.18954768187175486
    ],
    "gwphi": [
        2.7103226384791923,
        2.827524167764258,
        2.9426244744127388
    ],
    "log10_Mc": [
        null,
        8.904734273089398,
        null
    ],
    "log10_fgw": [
        -7.668049452545966,
        -7.65159756344282,
        -7.637802501151363
    ],
    "log10_h": [
        -13.560489381831196,
        -13.476323478063664,
        -13.40278045535417
    ],
    "phase0": [
        null,
        5.215191955796013,
        null
    ],
    "psi": [
        null,
        0.3100377729593206,
        null
    ]
}