{
    "cos_gwtheta": [
        -0.4276469967901463,
        -0.10073519226759764,
        0.14526931981847857
    ],
    "cos_inc": [
        null,
        0.029149356695369333,
        null
    ],
    "gwphi": [
        2.3966757398940897,
        2.6611410425521873,
        2.8526335116990693
    ],
    "log10_Mc": [
        null,
        8.474635390559186,
        null
    ],
    "log10_fgw": [
        -7.686883963389886,
        -7.6646845220254445,
        -7.64361626238658
    ],
    "log10_h": [
        -14.2739489925556,
        -14.054176501797622,
        -13.899254909951836
    ],
    "phase0": [
        null,
        2.3019547765484187,
        null
    ],
    "psi": [
        null,
        1.9618917978046428,
        null
    ]
}