{
    "cos_gwtheta": [
        -0.9924816613040925,
        -0.9924816613040925,
        -0.9471136329493256
    ],
    "cos_inc": [
        -0.03937769020592197,
        0.005974333046503966,
        0.049023323868142676
    ],
    "gwphi": [
        null,
        6.116713374445875,
        null
    ],
    "log10_Mc": [
        null,
        9.373457499617665,
        null
    ],
    "log10_fgw": [
        -7.665581640668704,
        -7.640185648382168,
        -7.612431456811882
    ],
    "log10_h": [
        -13.698256583972707,
        -13.626172159052862,
        -13.550760760675178
    ],
    "phase0": [
        null,
        4.194591619711815,
        null
    ],
    "psi": [
        null,
        3.073324916339119,
        null
    ]
}