{
    "cos_gwtheta": [
        -0.15821968903603068,
        0.11383460301107817,
        0.3519552414265046
    ],
    "cos_inc": [
        null,
        0.2395754832903083,
        null
    ],
    "gwphi": [
        2.368934212799136,
        2.6000628777658665,
        2.8625860686531373
    ],
    "log10_Mc": [
        null,
        8.283537856160024,
        null
    ],
    "log10_fgw": [
        -7.671685248008614,
        -7.64658595222257,
        -7.615636444636771
    ],
    "log10_h": [
        -14.206021747974567,
        -14.006805034938754,
        -13.868439054275097
    ],
    "phase0": [
        null,
        4.554218616728395,
        null
    ],
    "psi": [
        null,
        2.0972714376310293,
        null
    ]
}