{
    "cos_gwtheta": [
        -0.8465262943427391,
        -0.7477848161610671,
        -0.47422236021512343
    ],
    "cos_inc": [
        0.12096475146792729,
        0.7556058457229102,
        0.9945903680582768
    ],
    "gwphi": [
        1.5293358686574154,
        2.034749320361128,
        2.696455285242294
    ],
    "log10_Mc": [
        null,
        8.006363201101308,
        null
    ],
    "log10_fgw": [
        -7.750955145242325,
        -7.729314067174089,
        -7.708574700692029
    ],
    "log10_h": [
        -14.580739159605333,
        -14.431321701719712,
        -14.24066502545766
    ],
    "phase0": [
        null,
        2.032020936461235,
        null
    ],
    "psi": [
        null,
        2.5625185188249415,
        null
    ]
}