{
    "cos_gwtheta": [
        -0.6706185841063814,
        -0.47700625367859273,
        -0.17989521886438165
    ],
    "cos_inc": [
        null,
        -0.35318891561135635,
        null
    ],
    "gwphi": [
        null,
        2.9271009862380737,
        null
    ],
    "log10_Mc": [
        null,
        9.612262607856241,
        null
    ],
    "log10_fgw": [
        -7.686087645948937,
        -7.660348558630068,
        -7.629946593173724
    ],
    "log10_h": [
        -14.40546042951301,
        -14.25086299342819,
        -14.07659372790144
    ],
    "phase0": [
        null,
        1.8220529486329602,
        null
    ],
    "psi": [
        null,
        1.7516481453823936,
        null
    ]
}