{
    "cos_gwtheta": [
        -0.21625131020637822,
        -0.011285539243012455,
        0.12372836157712386
    ],
    "cos_inc": [
        -0.02766559249807099,
        0.054175049334692416,
        0.14751396316048848
    ],
    "gwphi": [
        2.8350044215982786,
        2.9957625326924227,
        3.1243070723919786
    ],
    "log10_Mc": [
        8.28336143844622,
        8.98134683383281,
        9.764840411560206
    ],
    "log10_fgw": [
        -7.663583614075312,
        -7.640552754517684,
        -7.6224072288056135
    ],
    "log10_h": [
        -13.57932056865394,
        -13.492157376856714,
        -13.414558995486793
    ],
    "phase0": [
        null,
        0.8315095606113598,
        null
    ],
    "psi": [
        1.508782322755097,
        1.6669526926344334,
        1.8628619577832253
    ]
}