{
    "cos_gwtheta": [
        -0.2927417492334552,
        -0.04497307716094667,
        0.24143663389465686
    ],
    "cos_inc": [
        -0.9937122103884974,
        -0.7643299260288996,
        -0.27475577838792076
    ],
    "gwphi": [
        1.8095464335829508,
        2.1832035345360055,
        2.561755706680585
    ],
    "log10_Mc": [
        null,
        9.287323112612594,
        null
    ],
    "log10_fgw": [
        -7.670572288882056,
        -7.639366214910211,
        -7.614068983347236
    ],
    "log10_h": [
        -14.286448133071161,
        -14.119341704713785,
        -13.950152953261611
    ],
    "phase0": [
        null,
        6.026670296620391,
        null
    ],
    "psi": [
        null,
        0.44530725414015215,
        null
    ]
}