{
    "cos_gwtheta": [
        0.08259873557128339,
        0.3565690001257542,
        0.5851050499889852
    ],
    "cos_inc": [
        null,
        -0.46983415915840465,
        null
    ],
    "gwphi": [
        2.116726439508334,
        2.4303162427144986,
        2.7788670712781065
    ],
    "log10_Mc": [
        null,
        8.618020309875373,
        null
    ],
    "log10_fgw": [
        -7.667800681616543,
        -7.634159363612009,
        -7.606095880717036
    ],
    "log10_h": [
        -14.188041335181989,
        -13.980982326302527,
        -13.79019986322416
    ],
    "phase0": [
        null,
        0.38045988363586886,
        null
    ],
    "psi": [
        null,
        2.067184061820607,
        null
    ]
}