{
    "cos_gwtheta": [
        0.11395756921117262,
        0.3386823040460065,
        0.4667692962514587
    ],
    "cos_inc": [
        0.04621224986791672,
        0.09242217694812038,
        0.14754401853664922
    ],
    "gwphi": [
        2.9378092769916977,
        3.091606573033773,
        3.233197734469334
    ],
    "log10_Mc": [
        null,
        8.943119993585611,
        null
    ],
    "log10_fgw": [
        -7.685662281907812,
        -7.659736312819569,
        -7.639535661904979
    ],
    "log10_h": [
        -13.383533314340182,
        -13.30110645586486,
        -13.22043803703701
    ],
    "phase0": [
        null,
        0.019825595544438173,
        null
    ],
    "psi": [
        null,
        3.0882956917524598,
        null
    ]
}