{
    "cos_gwtheta": [
        -0.47209975871982834,
        -0.1882973115853266,
        -0.016272347042365798
    ],
    "cos_inc": [
        -0.9939438155981983,
        -0.9847602572201453,
        -0.5395490000174495
    ],
    "gwphi": [
        3.0658378584997075,
        3.2252667271178015,
        3.381617818349446
    ],
    "log10_Mc": [
        null,
        8.598930095808683,
        null
    ],
    "log10_fgw": [
        -7.684216165475046,
        -7.65948598213971,
        -7.626834411954775
    ],
    "log10_h": [
        -14.294409079182637,
        -14.159855518258961,
        -14.013341640808738
    ],
    "phase0": [
        null,
        1.041172541632452,
        null
    ],
    "psi": [
        null,
        1.6164425473503463,
        null
    ]
}