{
    "cos_gwtheta": [
        -0.37332359251191694,
        0.0574136445874448,
        0.4065644127702229
    ],
    "cos_inc": [
        -0.24319057032086244,
        -0.09333393069386942,
        0.27942205502731343
    ],
    "gwphi": [
        null,
        2.384766034756186,
        null
    ],
    "log10_Mc": [
        null,
        9.038762961668304,
        null
    ],
    "log10_fgw": [
        -7.701361873784355,
        -7.6757495591603995,
        -7.647210122865135
    ],
    "log10_h": [
        -13.983571855240331,
        -13.836810467149139,
        -13.634577712068836
    ],
    "phase0": [
        null,
        1.4926852591641249,
        null
    ],
    "psi": [
        null,
        2.172063223125951,
        null
    ]
}