{
    "cos_gwtheta": [
        -0.5674524219397499,
        -0.3795268784276541,
        -0.06301084846853655
    ],
    "cos_inc": [
        null,
        -0.6114716004723308,
        null
    ],
    "gwphi": [
        null,
        2.9007509395311395,
        null
    ],
    "log10_Mc": [
        null,
        9.172598596669122,
        null
    ],
    "log10_fgw": [
        -7.6942094114546205,
        -7.666728854235456,
        -7.644223225478381
    ],
    "log10_h": [
        -14.277012196113628,
        -14.123089940902403,
        -13.962310933922938
    ],
    "phase0": [
        null,
        2.032016305278933,
        null
    ],
    "psi": [
        null,
        1.9918049229021502,
        null
    ]
}