{
    "cos_gwtheta": [
        -0.25205052710974707,
        0.00246766978828572,
        0.3063433674866378
    ],
    "cos_inc": [
        -0.7617716271679372,
        -0.008937154311503215,
        0.3483907769412734
    ],
    "gwphi": [
        2.299945236623561,
        2.6242031262522705,
        2.93927849157291
    ],
    "log10_Mc": [
        null,
        8.780662541509425,
        null
    ],
    "log10_fgw": [
        -7.756944961784594,
        -7.72857662040871,
        -7.696491048093916
    ],
    "log10_h": [
        -14.226091110982708,
        -14.036531778500262,
        -13.877107519386819
    ],
    "phase0": [
        null,
        0.020099203498803012,
        null
    ],
    "psi": [
        null,
        1.571401246546472,
        null
    ]
}