{
    "cos_gwtheta": [
        -0.3667779601074369,
        -0.23076173266365185,
        -0.02286822091423424
    ],
    "cos_inc": [
        -0.15272107903735266,
        -0.07161336125274109,
        -0.004636582366164488
    ],
    "gwphi": [
        2.9488102682210284,
        3.103708998096998,
        3.2340984352710738
    ],
    "log10_Mc": [
        null,
        8.254837951079347,
        null
    ],
    "log10_fgw": [
        -7.675197209155849,
        -7.652029820675576,
        -7.633705332612084
    ],
    "log10_h": [
        -13.626940642470494,
        -13.564864562130099,
        -13.494589754197577
    ],
    "phase0": [
        null,
        3.6840848622593976,
        null
    ],
    "psi": [
        null,
        0.009889263000982099,
        null
    ]
}