{
    "cos_gwtheta": [
        -0.20632511382624297,
        0.012427402299135637,
        0.19843063185341825
    ],
    "cos_inc": [
        -0.15954880470760524,
        -0.09420189554265668,
        -0.03400266412374342
    ],
    "gwphi": [
        3.012919026223313,
        3.1579471192398905,
        3.2904960507643435
    ],
    "log10_Mc": [
        null,
        9.210979531119726,
        null
    ],
    "log10_fgw": [
        -7.6720297770070145,
        -7.66084333639267,
        -7.648704858279233
    ],
    "log10_h": [
        -13.565811968717597,
        -13.495921880580351,
        -13.435572344157077
    ],
    "phase0": [
        null,
        3.5040092537182366,
        null
    ],
    "psi": [
        null,
        3.043337669817543,
        null
    ]
}