{
    "cos_gwtheta": [
        -0.5651391678215487,
        -0.4990614635404287,
        -0.4376901484531207
    ],
    "cos_inc": [
        -0.1247358527834369,
        -0.07604663635730302,
        -0.03690432511276409
    ],
    "gwphi": [
        2.5329943177188072,
        2.6396082080052548,
        2.7405208207362763
    ],
    "log10_Mc": [
        null,
        8.952687630814106,
        null
    ],
    "log10_fgw": [
        -7.748884560229032,
        -7.726070770073669,
        -7.705611951805311
    ],
    "log10_h": [
        -13.208484372862097,
        -13.083549327918877,
        -12.970585945758916
    ],
    "phase0": [
        0.8504406571076312,
        1.7019010233666534,
        5.093374485156992
    ],
    "psi": [
        0.8779278830766639,
        0.9304031448412304,
        0.9912620283078283
    ]
}