{
    "cos_gwtheta": [
        -0.7316553881713836,
        -0.572433778971849,
        -0.4921261620779917
    ],
    "cos_inc": [
        0.042068522795390306,
        0.07240833986545503,
        0.12116402843219665
    ],
    "gwphi": [
        2.5155684732968298,
        2.6161191960593966,
        2.731034307788044
    ],
    "log10_Mc": [
        null,
        9.239413102729223,
        null
    ],
    "log10_fgw": [
        -7.749619822721259,
        -7.724439865518384,
        -7.697295514491173
    ],
    "log10_h": [
        -13.469895411343474,
        -13.237912560930637,
        -13.089762375655141
    ],
    "phase0": [
        null,
        4.945212640984791,
        null
    ],
    "psi": [
        0.8767192552091659,
        0.9280389782483665,
        0.9744477230063038
    ]
}