{
    "cos_gwtheta": [
        -0.23475043571976706,
        0.03231816792756437,
        0.1656583791962538
    ],
    "cos_inc": [
        0.08224848409858576,
        0.22480190096914354,
        0.51307219472403
    ],
    "gwphi": [
        2.1899205643567248,
        2.3706619351791485,
        2.52270450725612
    ],
    "log10_Mc": [
        null,
        8.006287479139067,
        null
    ],
    "log10_fgw": [
        -7.690812162249991,
        -7.667012224175248,
        -7.637664932113159
    ],
    "log10_h": [
        -13.922313154463366,
        -13.730188041214205,
        -13.52107795418505
    ],
    "phase0": [
        null,
        5.875908232995265,
        null
    ],
    "psi": [
        null,
        0.8045312741532998,
        null
    ]
}