{
    "cos_gwtheta": [
        0.26823282319905406,
        0.3739395107245498,
        0.4831659698003037
    ],
    "cos_inc": [
        -0.023930901307246955,
        0.02180835746871268,
        0.07072232058130701
    ],
    "gwphi": [
        2.6888647225826094,
        2.9254567593258534,
        3.086727503121541
    ],
    "log10_Mc": [
        null,
        9.554819488401687,
        null
    ],
    "log10_fgw": [
        -7.659211824904108,
        -7.652412852893301,
        -7.644739727338249
    ],
    "log10_h": [
        -13.356136112938321,
        -13.297422918933059,
        -13.238841074355102
    ],
    "phase0": [
        null,
        4.493927373748349,
        null
    ],
    "psi": [
        1.549729671876354,
        1.6914115032942103,
        1.8637806623686508
    ]
}