{
    "cos_gwtheta": [
        null,
        -0.10690229633009962,
        null
    ],
    "cos_inc": [
        null,
        -0.20026374656808676,
        null
    ],
    "gwphi": [
        null,
        2.368302359860325,
        null
    ],
    "log10_Mc": [
        null,
        8.96242799807081,
        null
    ],
    "log10_fgw": [
        -7.697231439890074,
        -7.670598662032283,
        -7.643965884174492
    ],
    "log10_h": [
        -14.22878678802872,
        -13.998955638412957,
        -13.834076770210343
    ],
    "phase0": [
        null,
        1.1911010643161766,
        null
    ],
    "psi": [
        null,
        2.3373233867198873,
        null
    ]
}