{
    "cos_gwtheta": [
        -0.31943637458712704,
        -0.11342805199117845,
        0.12111903823044734
    ],
    "cos_inc": [
        -0.0791010210188019,
        -0.006092399622501299,
        0.06975334436692004
    ],
    "gwphi": [
        2.8941930709029373,
        3.089832554140327,
        3.239547276054385
    ],
    "log10_Mc": [
        8.117046491384121,
        8.436602750800267,
        9.582789607847353
    ],
    "log10_fgw": [
        -7.670444484244778,
        -7.650395387633274,
        -7.623504139003559
    ],
    "log10_h": [
        -13.614124269677896,
        -13.546654681363478,
        -13.460410946735484
    ],
    "phase0": [
        null,
        0.2302590224776338,
        null
    ],
    "psi": [
        null,
        3.0882725837561056,
        null
    ]
}