{
    "cos_gwtheta": [
        -0.3981770487633086,
        -0.19213063503315464,
        -0.00899558500824471
    ],
    "cos_inc": [
        -0.07348451753405139,
        -0.012213722596313259,
        0.03862584609582653
    ],
    "gwphi": [
        3.035294511949223,
        3.196369918560593,
        3.331693457657293
    ],
    "log10_Mc": [
        null,
        9.994685413589828,
        null
    ],
    "log10_fgw": [
        -7.655577510765296,
        -7.649007491636571,
        -7.642356858776203
    ],
    "log10_h": [
        -13.620624809150195,
        -13.57082791537696,
        -13.51369896362484
    ],
    "phase0": [
        null,
        4.253544485974913,
        null
    ],
    "psi": [
        1.4333514064433934,
        1.5286807746166609,
        1.6512806895423302
    ]
}