{
    "cos_gwtheta": [
        -0.64455678968833,
        -0.3632637386183716,
        0.04432032203803238
    ],
    "cos_inc": [
        null,
        -0.34187812441010035,
        null
    ],
    "gwphi": [
        1.0654830905713701,
        1.3743642545840775,
        1.7172223466381824
    ],
    "log10_Mc": [
        null,
        9.698299010619742,
        null
    ],
    "log10_fgw": [
        -7.688930904838043,
        -7.658213839261153,
        -7.634040053925494
    ],
    "log10_h": [
        -14.409020900902664,
        -14.17466890014801,
        -13.960454557889996
    ],
    "phase0": [
        null,
        3.713704678511685,
        null
    ],
    "psi": [
        null,
        1.316220298582529,
        null
    ]
}