{
    "cos_gwtheta": [
        -0.9882481781309057,
        -0.9540677629438206,
        -0.9110574071667386
    ],
    "cos_inc": [
        -0.006914718672665243,
        0.020612048282674378,
        0.05270355548688932
    ],
    "gwphi": [
        2.762289264484033,
        2.8628055602264557,
        2.955460246246007
    ],
    "log10_Mc": [
        null,
        8.006285580005041,
        null
    ],
    "log10_fgw": [
        -7.656422095732267,
        -7.656422095732267,
        -7.6440941581918445
    ],
    "log10_h": [
        -13.456857842311393,
        -13.405209722282333,
        -13.35471868844537
    ],
    "phase0": [
        null,
        2.9022146645090072,
        null
    ],
    "psi": [
        2.6663617236944503,
        2.705785681067975,
        2.763014006287608
    ]
}