{
    "cos_gwtheta": [
        -0.6400805305168717,
        -0.5058734240608838,
        -0.41969705791810974
    ],
    "cos_inc": [
        0.04871288494835195,
        0.08219654539622694,
        0.12876828158919962
    ],
    "gwphi": [
        2.58077394558687,
        2.6278970252861056,
        2.6678992840530125
    ],
    "log10_Mc": [
        null,
        9.602756244308882,
        null
    ],
    "log10_fgw": [
        -7.711028178537556,
        -7.70802729851895,
        -7.69477341177011
    ],
    "log10_h": [
        -13.389082389292017,
        -13.166392997714077,
        -13.027418934619373
    ],
    "phase0": [
        null,
        0.7406743236441417,
        null
    ],
    "psi": [
        2.4784587650458976,
        2.522003472166843,
        2.5712199688707686
    ]
}