{
    "cos_gwtheta": [
        0.26433541529672966,
        0.459475824577249,
        0.6221905001835277
    ],
    "cos_inc": [
        0.07430883308048042,
        0.1388476156567966,
        0.21169687160595352
    ],
    "gwphi": [
        1.8867211161191926,
        2.020136059650893,
        2.183969610307821
    ],
    "log10_Mc": [
        null,
        8.35041154580999,
        null
    ],
    "log10_fgw": [
        -7.688475737203329,
        -7.657258730727387,
        -7.631595670188883
    ],
    "log10_h": [
        -13.525659561092343,
        -13.391625491575464,
        -13.28045437634718
    ],
    "phase0": [
        null,
        5.455577631896534,
        null
    ],
    "psi": [
        0.7534249218854454,
        0.8324724821717625,
        0.9141746247065006
    ]
}