{
    "cos_gwtheta": [
        -0.2574386936459796,
        -0.0015434535526254178,
        0.1899066356531861
    ],
    "cos_inc": [
        -0.43986972862066476,
        -0.009949472915817492,
        0.2691808224932908
    ],
    "gwphi": [
        2.2870720608270405,
        2.612629221855412,
        2.8280802132489598
    ],
    "log10_Mc": [
        null,
        9.516673960539027,
        null
    ],
    "log10_fgw": [
        -7.691677336895842,
        -7.663943386935212,
        -7.640369529468675
    ],
    "log10_h": [
        -13.936260906412887,
        -13.773937700725694,
        -13.656260768369588
    ],
    "phase0": [
        2.0876849850572223,
        4.224297566320535,
        6.266574328937427
    ],
    "psi": [
        null,
        1.7816054478948933,
        null
    ]
}