{
    "cos_gwtheta": [
        -0.3370352042982157,
        -0.24831599925230174,
        -0.16000800720775932
    ],
    "cos_inc": [
        0.0744831484488552,
        0.10957114526198347,
        0.15369843211284284
    ],
    "gwphi": [
        2.4383339273082725,
        2.5091917625882165,
        2.5705313811887653
    ],
    "log10_Mc": [
        null,
        8.55115726655128,
        null
    ],
    "log10_fgw": [
        -7.672518954727647,
        -7.668411461733303,
        -7.66408778489715
    ],
    "log10_h": [
        -13.289448637540179,
        -13.199014951243823,
        -13.116060742761452
    ],
    "phase0": [
        2.639457915501253,
        5.155187781272436,
        6.266556897539368
    ],
    "psi": [
        0.6700629094921123,
        0.7238793338784159,
        0.7650535378808678
    ]
}