{
    "cos_gwtheta": [
        -0.3142732810530665,
        -0.055907962816345136,
        0.29251162920456064
    ],
    "cos_inc": [
        null,
        0.0005026299823744917,
        null
    ],
    "gwphi": [
        2.2839793115910503,
        2.8195058551715952,
        3.168149566038106
    ],
    "log10_Mc": [
        null,
        9.516519976172798,
        null
    ],
    "log10_fgw": [
        -7.666040686356056,
        -7.634628661941212,
        -7.607508963843924
    ],
    "log10_h": [
        -14.209478449134984,
        -14.023464625359226,
        -13.878787206866969
    ],
    "phase0": [
        null,
        6.266389528576547,
        null
    ],
    "psi": [
        null,
        1.3612007912672779,
        null
    ]
}