{
    "cos_gwtheta": [
        -0.8765225417542478,
        -0.7916987136551741,
        -0.5594886865061262
    ],
    "cos_inc": [
        -0.15212566296566177,
        -0.08906865719948343,
        -0.04291548731640715
    ],
    "gwphi": [
        2.847854797046589,
        2.9501061984403165,
        3.0811977386886853
    ],
    "log10_Mc": [
        null,
        8.72315231025708,
        null
    ],
    "log10_fgw": [
        -7.700220523773034,
        -7.672216528266773,
        -7.648111823274043
    ],
    "log10_h": [
        -13.584358951941997,
        -13.532408506118472,
        -13.461920676542938
    ],
    "phase0": [
        null,
        0.680836864627581,
        null
    ],
    "psi": [
        2.6403577492505925,
        2.743127190570454,
        2.8833809265966472
    ]
}