{
    "cos_gwtheta": [
        -0.33205582788426113,
        -0.09731337111175031,
        0.11367427131007624
    ],
    "cos_inc": [
        null,
        0.36290077845875035,
        null
    ],
    "gwphi": [
        2.9570996692424742,
        3.0999788466393583,
        3.269208691998783
    ],
    "log10_Mc": [
        null,
        9.99463941989163,
        null
    ],
    "log10_fgw": [
        -7.687292306988748,
        -7.660892095114166,
        -7.631663289110164
    ],
    "log10_h": [
        -14.2546175320512,
        -14.15604018444859,
        -13.91578655587293
    ],
    "phase0": [
        null,
        1.5808810027642668,
        null
    ],
    "psi": [
        null,
        0.3401729760176006,
        null
    ]
}