{
    "cos_gwtheta": [
        -0.10354151630965602,
        0.01387286568272017,
        0.14740981953076593
    ],
    "cos_inc": [
        -0.2262795137201542,
        -0.13826476442159674,
        -0.05953508757651349
    ],
    "gwphi": [
        2.263529134064328,
        2.3909978680241375,
        2.5083500357966604
    ],
    "log10_Mc": [
        null,
        8.522555842430657,
        null
    ],
    "log10_fgw": [
        -7.7005212424555385,
        -7.671701857068934,
        -7.647863600020754
    ],
    "log10_h": [
        -13.379399529840587,
        -13.315541019335381,
        -13.252949542768771
    ],
    "phase0": [
        null,
        4.103564592357426,
        null
    ],
    "psi": [
        0.35388833313578194,
        0.4474370405595811,
        0.5364064406269704
    ]
}