{
    "cos_gwtheta": [
        -0.21912305450921588,
        -0.016571074096816685,
        0.1293277828977928
    ],
    "cos_inc": [
        0.06725850284310653,
        0.14656937063141018,
        0.24883413968025958
    ],
    "gwphi": [
        2.8847072019218976,
        3.0439584012885206,
        3.1822230084905496
    ],
    "log10_Mc": [
        null,
        8.006282309835338,
        null
    ],
    "log10_fgw": [
        -7.667800444552854,
        -7.65447611183769,
        -7.637543105678837
    ],
    "log10_h": [
        -13.640191084808835,
        -13.543974397111144,
        -13.446415150980462
    ],
    "phase0": [
        1.9226571482622914,
        4.014245431995506,
        5.999630009565445
    ],
    "psi": [
        1.4655839499003855,
        1.6023566161008203,
        1.750446738835446
    ]
}