{
    "cos_gwtheta": [
        -0.1184906902234506,
        0.05058487971639469,
        0.40302939369556046
    ],
    "cos_inc": [
        -0.03088570467844387,
        0.02858489448987822,
        0.08521560549566809
    ],
    "gwphi": [
        2.2412910990665478,
        2.3552460669836535,
        2.496843576623225
    ],
    "log10_Mc": [
        null,
        8.082804794009006,
        null
    ],
    "log10_fgw": [
        -7.6969959152617875,
        -7.671105718343392,
        -7.645215521424996
    ],
    "log10_h": [
        -13.378099026817104,
        -13.273096594877524,
        -13.17976109982012
    ],
    "phase0": [
        null,
        4.644479083481688,
        null
    ],
    "psi": [
        1.9548945937411812,
        2.0912953886053405,
        2.1855044121767726
    ]
}