{
    "cos_gwtheta": [
        -0.10698315663666524,
        0.0036507773249374598,
        0.12706260716807027
    ],
    "cos_inc": [
        -0.0699314640535682,
        0.07655411286939384,
        0.4443914285846805
    ],
    "gwphi": [
        2.4798042674925105,
        2.6208051089356594,
        2.809359175336105
    ],
    "log10_Mc": [
        null,
        9.55494993801656,
        null
    ],
    "log10_fgw": [
        -7.676753370124586,
        -7.6602030488798505,
        -7.644680697898764
    ],
    "log10_h": [
        -13.56603724629235,
        -13.452586159564323,
        -13.378640361964806
    ],
    "phase0": [
        null,
        5.1251691992442945,
        null
    ],
    "psi": [
        null,
        0.3106094115442829,
        null
    ]
}