{
    "cos_gwtheta": [
        -0.2504267457773234,
        0.1625757903609607,
        0.38254022835215606
    ],
    "cos_inc": [
        null,
        0.0770019971965723,
        null
    ],
    "gwphi": [
        2.6043684131959903,
        2.8873759045739575,
        3.2659604873383437
    ],
    "log10_Mc": [
        null,
        8.360099931544578,
        null
    ],
    "log10_fgw": [
        -7.662588242960222,
        -7.631347484584928,
        -7.604061252586252
    ],
    "log10_h": [
        -14.241247448370753,
        -14.018214485305474,
        -13.827549117787083
    ],
    "phase0": [
        null,
        0.32024973594194406,
        null
    ],
    "psi": [
        null,
        0.08486146892236791,
        null
    ]
}