{
    "cos_gwtheta": [
        -0.09601821448200254,
        0.07025328568960076,
        0.20603672008734142
    ],
    "cos_inc": [
        0.003213843335904021,
        0.07524923885454426,
        0.16161913373331682
    ],
    "gwphi": [
        2.794133124621907,
        2.9582253502554376,
        3.090119810575533
    ],
    "log10_Mc": [
        null,
        8.006322728629275,
        null
    ],
    "log10_fgw": [
        -7.6696387304900835,
        -7.650584866497558,
        -7.6311421481378385
    ],
    "log10_h": [
        -13.529804369559756,
        -13.443900824742848,
        -13.372561386662142
    ],
    "phase0": [
        null,
        5.245403127612666,
        null
    ],
    "psi": [
        1.5427499523458954,
        1.66744453079056,
        1.8341651599454238
    ]
}