{
    "cos_gwtheta": [
        -0.5657695540801971,
        -0.28921785537267175,
        -0.04147362528051346
    ],
    "cos_inc": [
        -0.5222899566728642,
        -0.27933161236719695,
        -0.1437822587741493
    ],
    "gwphi": [
        0.7928684748056721,
        1.1013060466430653,
        1.3816470785357566
    ],
    "log10_Mc": [
        null,
        8.14011776770586,
        null
    ],
    "log10_fgw": [
        -7.677340192060177,
        -7.655011867186625,
        -7.632532675253116
    ],
    "log10_h": [
        -14.151503841592096,
        -13.940506505899378,
        -13.794177257432393
    ],
    "phase0": [
        null,
        4.404783212640489,
        null
    ],
    "psi": [
        null,
        3.0883034000851453,
        null
    ]
}