{
    "cos_gwtheta": [
        -0.009729316244590946,
        0.29031616537083393,
        0.5242914060533768
    ],
    "cos_inc": [
        -0.6577040724350709,
        -0.10550260213361173,
        0.045513273155740164
    ],
    "gwphi": [
        1.8805218256240026,
        2.1077744123611906,
        2.375200939233977
    ],
    "log10_Mc": [
        null,
        9.574122100606827,
        null
    ],
    "log10_fgw": [
        -7.70585231772818,
        -7.680270625073183,
        -7.647956908035291
    ],
    "log10_h": [
        -14.062870125616913,
        -13.905920155455336,
        -13.705868394245599
    ],
    "phase0": [
        null,
        1.9418601526833712,
        null
    ],
    "psi": [
        null,
        2.1121237065072216,
        null
    ]
}