{
    "cos_gwtheta": [
        0.036333767339572276,
        0.1759196820276241,
        0.27463462364067237
    ],
    "cos_inc": [
        -0.09275060168438831,
        -0.03397677327776838,
        0.029014011427084263
    ],
    "gwphi": [
        2.8138994031504403,
        2.997675653487588,
        3.1267350576367567
    ],
    "log10_Mc": [
        null,
        8.159209245164458,
        null
    ],
    "log10_fgw": [
        -7.646569445312512,
        -7.646569445312512,
        -7.631578117020404
    ],
    "log10_h": [
        -13.491211039887169,
        -13.423375035059793,
        -13.366240183257315
    ],
    "phase0": [
        null,
        4.674619069834969,
        null
    ],
    "psi": [
        1.611145203355548,
        1.7556061944327321,
        1.9061306059118968
    ]
}