{
    "cos_gwtheta": [
        -0.3609596826451253,
        -0.2078893464117768,
        -0.07886056581281875
    ],
    "cos_inc": [
        -0.0850616571205659,
        -0.03947309604711935,
        0.0027749239131867887
    ],
    "gwphi": [
        3.270491114941648,
        3.4013663152662454,
        3.5189116340763005
    ],
    "log10_Mc": [
        null,
        8.149665485801732,
        null
    ],
    "log10_fgw": [
        -7.659383557552566,
        -7.635411573795019,
        -7.615138970246971
    ],
    "log10_h": [
        -13.600882757825758,
        -13.523629863934941,
        -13.455871739125676
    ],
    "phase0": [
        0.18169033810983637,
        1.6416840733939642,
        4.449220165121337
    ],
    "psi": [
        1.5006386776456275,
        1.5611073801777784,
        1.633165917361925
    ]
}