{
    "cos_gwtheta": [
        -0.28965227869987853,
        -0.0064784175903144225,
        0.33003841875627526
    ],
    "cos_inc": [
        -0.5511782942833399,
        -0.05682603025413557,
        0.22634276458801528
    ],
    "gwphi": [
        2.4614574660374386,
        2.9506274698149833,
        3.4459583048743605
    ],
    "log10_Mc": [
        null,
        9.851270001870017,
        null
    ],
    "log10_fgw": [
        -7.678040983176948,
        -7.6553074743839655,
        -7.635520901915999
    ],
    "log10_h": [
        -14.203299883409159,
        -14.028646971962573,
        -13.878450082462273
    ],
    "phase0": [
        null,
        3.7139413261196146,
        null
    ],
    "psi": [
        null,
        2.9229447283491754,
        null
    ]
}