{
    "cos_gwtheta": [
        0.012861701956968008,
        0.19321867464686204,
        0.440989683715969
    ],
    "cos_inc": [
        null,
        0.17176227423225932,
        null
    ],
    "gwphi": [
        2.38828853833062,
        2.5687683863371142,
        2.7713004344215726
    ],
    "log10_Mc": [
        null,
        8.924035477137172,
        null
    ],
    "log10_fgw": [
        -7.696843640231866,
        -7.67145560304518,
        -7.63909070067742
    ],
    "log10_h": [
        null,
        -13.679814865003854,
        null
    ],
    "phase0": [
        null,
        3.5029372833224452,
        null
    ],
    "psi": [
        null,
        0.625656940062876,
        null
    ]
}