{
    "cos_gwtheta": [
        -0.13441243411975612,
        -0.032287620906157,
        0.05111109234199962
    ],
    "cos_inc": [
        0.13121938564520674,
        0.177328303676202,
        0.23353296519764422
    ],
    "gwphi": [
        2.3879949815637733,
        2.4629936615768773,
        2.5398767305350343
    ],
    "log10_Mc": [
        null,
        8.828350877474564,
        null
    ],
    "log10_fgw": [
        -7.692861384843092,
        -7.672157145163417,
        -7.652686933014318
    ],
    "log10_h": [
        -13.313643290653664,
        -13.23086872183062,
        -13.139728638073333
    ],
    "phase0": [
        0.03690161326396857,
        0.7102611188049395,
        3.6404368521005748
    ],
    "psi": [
        2.1572771948133154,
        2.2336007080470175,
        2.29382128351754
    ]
}