{
    "cos_gwtheta": [
        -0.612080916868729,
        -0.42375535124834696,
        -0.25734128574026605
    ],
    "cos_inc": [
        -0.07633642544100161,
        -0.035663266070749766,
        0.006939055008763018
    ],
    "gwphi": [
        3.1744918406331633,
        3.3129079971461044,
        3.455921000185306
    ],
    "log10_Mc": [
        null,
        8.08268367761248,
        null
    ],
    "log10_fgw": [
        -7.664884365070609,
        -7.641856889857134,
        -7.6186706044697745
    ],
    "log10_h": [
        -13.603096321546111,
        -13.545514970786755,
        -13.488952758978892
    ],
    "phase0": [
        0.01993450224883298,
        0.6808771614863721,
        4.131772482495981
    ],
    "psi": [
        1.415401669096596,
        1.5191955830829897,
        1.6241146343483686
    ]
}