{
    "cos_gwtheta": [
        -0.4317316762711647,
        -0.32021792209904854,
        -0.19732521341957354
    ],
    "cos_inc": [
        -0.9936995238379713,
        -0.8509555883503912,
        -0.40807322540210156
    ],
    "gwphi": [
        2.5118614685062206,
        2.6217859341606675,
        2.754513879392367
    ],
    "log10_Mc": [
        null,
        9.889477025013923,
        null
    ],
    "log10_fgw": [
        -7.66647984330809,
        -7.653216838207773,
        -7.635841273386427
    ],
    "log10_h": [
        -13.917088866190973,
        -13.801016148585797,
        -13.647261853091406
    ],
    "phase0": [
        null,
        4.1337929233145685,
        null
    ],
    "psi": [
        null,
        0.00997733776618697,
        null
    ]
}