{
    "cos_gwtheta": [
        -0.6864009414231877,
        -0.4584466361595513,
        -0.20591291015444446
    ],
    "cos_inc": [
        -0.993701695634928,
        -0.5443074643176238,
        -0.07761354356465344
    ],
    "gwphi": [
        2.503747188896433,
        2.6949128497481167,
        2.8860785105998
    ],
    "log10_Mc": [
        null,
        8.006475075874,
        null
    ],
    "log10_fgw": [
        -7.677918618754175,
        -7.655961680176402,
        -7.626916281112891
    ],
    "log10_h": [
        -14.236825952197107,
        -13.99112184837005,
        -13.893373818910716
    ],
    "phase0": [
        null,
        1.1007462592678146,
        null
    ],
    "psi": [
        null,
        0.009945770467538913,
        null
    ]
}