{
    "cos_gwtheta": [
        -0.06621022980568037,
        0.19795274976041877,
        0.5138080533854954
    ],
    "cos_inc": [
        null,
        -0.10464866901545755,
        null
    ],
    "gwphi": [
        2.374989118680375,
        2.5558042896991253,
        2.9758899472988527
    ],
    "log10_Mc": [
        null,
        8.589568518745988,
        null
    ],
    "log10_fgw": [
        -7.700684439301878,
        -7.681027399592636,
        -7.654613252483342
    ],
    "log10_h": [
        -14.084121049067914,
        -13.852770507104621,
        -13.69260474728388
    ],
    "phase0": [
        null,
        1.5516076280181055,
        null
    ],
    "psi": [
        null,
        0.5802660549495458,
        null
    ]
}