{
    "cos_gwtheta": [
        -0.11095073242473286,
        0.10239154518938487,
        0.2501911688533909
    ],
    "cos_inc": [
        -0.09689075690242344,
        -0.00813998069649291,
        0.06630199689664473
    ],
    "gwphi": [
        2.8171146725173393,
        3.0583431166492683,
        3.2180827575062056
    ],
    "log10_Mc": [
        null,
        9.793803810902943,
        null
    ],
    "log10_fgw": [
        -7.671523669366211,
        -7.647754238746852,
        -7.620514818256054
    ],
    "log10_h": [
        -13.617246725097374,
        -13.515384507255671,
        -13.414759482343218
    ],
    "phase0": [
        null,
        4.434661056355848,
        null
    ],
    "psi": [
        1.4831513619570376,
        1.6255999000315784,
        1.8076324363990446
    ]
}