{
    "cos_gwtheta": [
        -0.29061244133880215,
        0.061518302647593504,
        0.25327073877521566
    ],
    "cos_inc": [
        0.07476512368402011,
        0.2118451491317157,
        0.5366104145134554
    ],
    "gwphi": [
        2.109076069546885,
        2.2890433179983036,
        2.456197364294605
    ],
    "log10_Mc": [
        null,
        8.006285967438115,
        null
    ],
    "log10_fgw": [
        -7.681779125445212,
        -7.657892937362644,
        -7.637715784696623
    ],
    "log10_h": [
        -13.958904519029463,
        -13.796734462073422,
        -13.634564405117379
    ],
    "phase0": [
        null,
        5.065166205976943,
        null
    ],
    "psi": [
        null,
        2.2774945009823835,
        null
    ]
}