{
    "cos_gwtheta": [
        -0.198171898885931,
        0.05174301600418796,
        0.1999658258864655
    ],
    "cos_inc": [
        -0.01825036887540077,
        0.06568479927483539,
        0.1552156453017538
    ],
    "gwphi": [
        2.8100924683293185,
        3.011302030783589,
        3.1714194994971985
    ],
    "log10_Mc": [
        null,
        8.27396487816214,
        null
    ],
    "log10_fgw": [
        -7.662630195319923,
        -7.648873252503869,
        -7.629901984588182
    ],
    "log10_h": [
        -13.610285449293594,
        -13.518084024092072,
        -13.431382333025379
    ],
    "phase0": [
        0.019933215376958163,
        1.9715057434238894,
        4.149220798728499
    ],
    "psi": [
        1.4385569888905727,
        1.5804073784503923,
        1.807473860245775
    ]
}