{
    "cos_gwtheta": [
        -0.13293648303232386,
        0.1273188119713985,
        0.26430531058609563
    ],
    "cos_inc": [
        -0.9936938750480053,
        -0.7360976994001636,
        -0.2665502790744364
    ],
    "gwphi": [
        2.5508455048885073,
        2.737239753849123,
        2.903498821594857
    ],
    "log10_Mc": [
        null,
        9.067417402588214,
        null
    ],
    "log10_fgw": [
        -7.6866350056647255,
        -7.6543298465245435,
        -7.629182117852546
    ],
    "log10_h": [
        -14.032181388917826,
        -13.857732455189447,
        -13.739782842234534
    ],
    "phase0": [
        null,
        5.9360119224210335,
        null
    ],
    "psi": [
        null,
        0.14495492611621327,
        null
    ]
}