{
    "cos_gwtheta": [
        -0.3734568028226729,
        -0.043563847805083156,
        0.31183827175747125
    ],
    "cos_inc": [
        null,
        -0.01875747541601347,
        null
    ],
    "gwphi": [
        2.5025367982240967,
        2.7689474690475313,
        2.9982489611907788
    ],
    "log10_Mc": [
        null,
        9.707962228164284,
        null
    ],
    "log10_fgw": [
        -7.646823104481842,
        -7.631842170023726,
        -7.619690967629919
    ],
    "log10_h": [
        -14.305455728096852,
        -14.075560268303276,
        -13.840988968649492
    ],
    "phase0": [
        null,
        1.85226130678429,
        null
    ],
    "psi": [
        null,
        1.9620379134960475,
        null
    ]
}