{
    "cos_gwtheta": [
        -0.9902695806427113,
        -0.9563860503397071,
        -0.9243302623352053
    ],
    "cos_inc": [
        -0.06364042798336511,
        -0.03925184980315205,
        -0.01165040503632414
    ],
    "gwphi": [
        0.019748808211255048,
        0.019748808211255048,
        0.13595079995054338
    ],
    "log10_Mc": [
        8.513601943232127,
        9.18217036187215,
        9.994713657102114
    ],
    "log10_fgw": [
        -7.679936108522354,
        -7.674817791753767,
        -7.668324404808546
    ],
    "log10_h": [
        -13.48551956173532,
        -13.430164602290318,
        -13.362157080686464
    ],
    "phase0": [
        null,
        0.9209296287037236,
        null
    ],
    "psi": [
        0.07560611706354031,
        0.19174344356558884,
        0.29258311146924926
    ]
}