{
    "cos_gwtheta": [
        -0.28905843025492806,
        -0.05069387138110548,
        0.12192724556891466
    ],
    "cos_inc": [
        -0.05163429619769161,
        0.010911481725428107,
        0.06452214851667354
    ],
    "gwphi": [
        3.014715511576769,
        3.1726132401648304,
        3.306843971403003
    ],
    "log10_Mc": [
        null,
        9.268058266675872,
        null
    ],
    "log10_fgw": [
        -7.661978899214766,
        -7.655601208180918,
        -7.647899845423064
    ],
    "log10_h": [
        -13.623045377554064,
        -13.557009014455957,
        -13.498076807779164
    ],
    "phase0": [
        0.019765319831933262,
        1.9420906994741998,
        4.143674917173045
    ],
    "psi": [
        1.4106741502438904,
        1.5254681102871595,
        1.6591522156540042
    ]
}