{
    "cos_gwtheta": [
        -0.14220322990537204,
        0.13223977445327306,
        0.35798203691111463
    ],
    "cos_inc": [
        null,
        0.2015135460726709,
        null
    ],
    "gwphi": [
        2.2831009332911867,
        2.5043727885879314,
        2.687514245843984
    ],
    "log10_Mc": [
        null,
        8.130601600283786,
        null
    ],
    "log10_fgw": [
        -7.685390392864561,
        -7.666914558399021,
        -7.647074736154144
    ],
    "log10_h": [
        -14.16394570850175,
        -13.988814080133894,
        -13.6855064049171
    ],
    "phase0": [
        null,
        6.266390104935487,
        null
    ],
    "psi": [
        null,
        2.2773778138984255,
        null
    ]
}