{
    "cos_gwtheta": [
        -0.8178279892673547,
        -0.7589917163377945,
        -0.6730263262072842
    ],
    "cos_inc": [
        0.022386124774987803,
        0.05169558125254747,
        0.08955362920272869
    ],
    "gwphi": [
        2.8583127957399186,
        2.9466187702637727,
        3.036192294661175
    ],
    "log10_Mc": [
        null,
        8.445985277479666,
        null
    ],
    "log10_fgw": [
        -7.677521631077374,
        -7.677521631077374,
        -7.659563327406097
    ],
    "log10_h": [
        -13.478286250767841,
        -13.415012101423606,
        -13.349605115584621
    ],
    "phase0": [
        null,
        5.5458596428674145,
        null
    ],
    "psi": [
        1.096209554567618,
        1.1491816436375888,
        1.1945274008181084
    ]
}