{
    "cos_gwtheta": [
        -0.3604063511530725,
        -0.10929508577333025,
        0.11641888638424436
    ],
    "cos_inc": [
        0.015283771574362226,
        0.060975873277466786,
        0.11376409683597777
    ],
    "gwphi": [
        3.113688758159378,
        3.2243185638614604,
        3.323911057161711
    ],
    "log10_Mc": [
        8.243736599515346,
        9.516832910116602,
        9.735577980666646
    ],
    "log10_fgw": [
        -7.671078751640885,
        -7.65861099723635,
        -7.649315511703975
    ],
    "log10_h": [
        -13.558613473629466,
        -13.498860849100852,
        -13.425934417589552
    ],
    "phase0": [
        null,
        4.764451398520066,
        null
    ],
    "psi": [
        1.36699039681966,
        1.482700259890639,
        1.5794757817318212
    ]
}