{
    "cos_gwtheta": [
        -0.2915546714308346,
        -0.0803022231057664,
        0.09233929084378367
    ],
    "cos_inc": [
        -0.014202364031800752,
        0.06109106395158137,
        0.16135020752945328
    ],
    "gwphi": [
        2.876342351361462,
        3.0642556364208033,
        3.1855667444970877
    ],
    "log10_Mc": [
        null,
        8.952887713838118,
        null
    ],
    "log10_fgw": [
        -7.675931040080716,
        -7.65476494967723,
        -7.637457261170214
    ],
    "log10_h": [
        -13.613088977830277,
        -13.547112458092048,
        -13.465982320746097
    ],
    "phase0": [
        null,
        0.02035183872570884,
        null
    ],
    "psi": [
        1.3986064522556072,
        1.5455736419615218,
        1.734264567728013
    ]
}