{
    "cos_gwtheta": [
        -0.39254759947849593,
        0.05787102440319991,
        0.48482413057273677
    ],
    "cos_inc": [
        -0.8680062422507697,
        -0.2386500768523787,
        0.42192533592912373
    ],
    "gwphi": [
        null,
        6.205772529012106,
        null
    ],
    "log10_Mc": [
        null,
        9.401859435475576,
        null
    ],
    "log10_fgw": [
        -7.734047704087104,
        -7.671605248785907,
        -7.606975318935943
    ],
    "log10_h": [
        -14.716626231407368,
        -14.30213881822755,
        -13.985057984939552
    ],
    "phase0": [
        null,
        2.3619710273259393,
        null
    ],
    "psi": [
        0.8920057096747405,
        1.73661120834648,
        3.1331464097375106
    ]
}