{
    "cos_gwtheta": [
        -0.05661427090954729,
        0.07650597882298316,
        0.22303542159426493
    ],
    "cos_inc": [
        -0.3278860413515625,
        -0.21408508526812853,
        -0.1409528094151381
    ],
    "gwphi": [
        2.913807999864576,
        3.038742026763674,
        3.1641457304556257
    ],
    "log10_Mc": [
        null,
        8.665920950922386,
        null
    ],
    "log10_fgw": [
        -7.684232844508952,
        -7.663527118963245,
        -7.644958758635158
    ],
    "log10_h": [
        -13.609318343925757,
        -13.517570004020204,
        -13.431416075084499
    ],
    "phase0": [
        null,
        2.602737725696273,
        null
    ],
    "psi": [
        1.4862816540938883,
        1.600574473327116,
        1.7457082120359768
    ]
}