{
    "cos_gwtheta": [
        0.02286890757499971,
        0.15534986509962279,
        0.2687993880007644
    ],
    "cos_inc": [
        0.09015672533912666,
        0.19788485332924433,
        0.371907213928665
    ],
    "gwphi": [
        2.790717813838379,
        2.911120358160568,
        3.1011455938945267
    ],
    "log10_Mc": [
        null,
        8.25493811775474,
        null
    ],
    "log10_fgw": [
        -7.671120970824591,
        -7.64971140916062,
        -7.630928787578117
    ],
    "log10_h": [
        -13.617105510548225,
        -13.501091126815032,
        -13.403371318978227
    ],
    "phase0": [
        null,
        3.4133624887569534,
        null
    ],
    "psi": [
        null,
        0.009887769417804977,
        null
    ]
}