{
    "cos_gwtheta": [
        -0.7989485610558082,
        -0.7405974889415239,
        -0.6719057205031891
    ],
    "cos_inc": [
        null,
        0.45117173723091986,
        null
    ],
    "gwphi": [
        3.0133752124913604,
        3.168252780654003,
        3.3218863522852184
    ],
    "log10_Mc": [
        null,
        9.392329669322729,
        null
    ],
    "log10_fgw": [
        -7.747461458546924,
        -7.722446236049366,
        -7.703943852545255
    ],
    "log10_h": [
        -14.069187024677378,
        -13.855035750438711,
        -13.78806987966701
    ],
    "phase0": [
        null,
        5.21512839886304,
        null
    ],
    "psi": [
        null,
        2.8177802338285245,
        null
    ]
}