{
    "cos_gwtheta": [
        0.02281382359708728,
        0.2662648543275724,
        0.5399396828704367
    ],
    "cos_inc": [
        -0.562153019191149,
        -0.1740695669389808,
        -0.012788132236780991
    ],
    "gwphi": [
        2.6195812263360168,
        2.9650079756153254,
        3.17363205191273
    ],
    "log10_Mc": [
        null,
        9.870393003762059,
        null
    ],
    "log10_fgw": [
        -7.667655486417206,
        -7.660726982923402,
        -7.647663866961125
    ],
    "log10_h": [
        -13.879313020559835,
        -13.739885947871054,
        -13.592321108293822
    ],
    "phase0": [
        null,
        4.854311817790566,
        null
    ],
    "psi": [
        null,
        2.923001740325886,
        null
    ]
}