{
    "gw_gamma": 2.0224362952322577,
    "gw_log10_A": -12.76339168477619
}