{
    "gw_gamma": 0.48935155130674435,
    "gw_log10_A": -14.455909733844392
}