{
    "gw_gamma": 0.13999982621145465,
    "gw_log10_A": -17.855920850176457
}