{
    "gw_log10_rho_0": -5.781882799865925,
    "gw_log10_rho_1": -6.103000038548876,
    "gw_log10_rho_2": -6.284117598148555,
    "gw_log10_rho_3": -6.406003673184473,
    "gw_log10_rho_4": -6.503545663800274,
    "gw_log10_rho_5": -6.585315747784278,
    "gw_log10_rho_6": -6.653404310601463,
    "gw_log10_rho_7": -6.703911722338028,
    "gw_log10_rho_8": -6.754444640775577,
    "gw_log10_rho_9": -6.798070788099534,
    "gw_log10_rho_10": -6.844333194287229,
    "gw_log10_rho_11": -6.87754801802249,
    "gw_log10_rho_12": -6.920662852524302,
    "gw_log10_rho_13": -6.960118866873474,
    "gw_log10_rho_14": -6.981112093503862,
    "gw_log10_rho_15": -7.01257345486146,
    "gw_log10_rho_16": -7.023691404843094,
    "gw_log10_rho_17": -7.072401453632085,
    "gw_log10_rho_18": -7.084938180078371,
    "gw_log10_rho_19": -7.113039814967205
}