{
    "gw_gamma": 1.5921854459162958,
    "gw_log10_A": -13.851259868867256
}