{
    "gw_log10_rho_0": -4.095395358994483,
    "gw_log10_rho_1": -4.2184416918416865,
    "gw_log10_rho_2": -4.139365426403264,
    "gw_log10_rho_3": -4.123315074932988,
    "gw_log10_rho_4": -4.1713120349281105,
    "gw_log10_rho_5": -4.156031644881291,
    "gw_log10_rho_6": -4.115993095178284,
    "gw_log10_rho_7": -4.152984658314724,
    "gw_log10_rho_8": -4.092829215370536,
    "gw_log10_rho_9": -4.093550320003023,
    "gw_log10_rho_10": -4.155635096266411,
    "gw_log10_rho_11": -4.1551041337543,
    "gw_log10_rho_12": -4.182563071830131,
    "gw_log10_rho_13": -4.154879360737278,
    "gw_log10_rho_14": -4.272510295339301,
    "gw_log10_rho_15": -4.072763363069504,
    "gw_log10_rho_16": -4.131802838534967,
    "gw_log10_rho_17": -4.132232282909146,
    "gw_log10_rho_18": -4.077332071529187,
    "gw_log10_rho_19": -4.164596147220308
}