{
    "gw_log10_rho_0": -8.341796348656757,
    "gw_log10_rho_1": -7.830793015882039,
    "gw_log10_rho_2": -7.387481847991683,
    "gw_log10_rho_3": -7.218302039801182,
    "gw_log10_rho_4": -7.428732088844075,
    "gw_log10_rho_5": -7.562077331455917,
    "gw_log10_rho_6": -7.734608060273024,
    "gw_log10_rho_7": -7.736611332954159,
    "gw_log10_rho_8": -7.890472807211324,
    "gw_log10_rho_9": -7.941458635621923,
    "gw_log10_rho_10": -8.008267905257586,
    "gw_log10_rho_11": -8.270818226690846,
    "gw_log10_rho_12": -8.24621994976405,
    "gw_log10_rho_13": -8.445668461779611,
    "gw_log10_rho_14": -8.091025197401349,
    "gw_log10_rho_15": -8.247652896507347,
    "gw_log10_rho_16": -8.192742705468843,
    "gw_log10_rho_17": -9.89859561128009,
    "gw_log10_rho_18": -9.79425361559638,
    "gw_log10_rho_19": -8.353476568975182
}