{
    "gw_log10_rho_0": -9.05324837131338,
    "gw_log10_rho_1": -9.999998555955193,
    "gw_log10_rho_2": -8.232996144150789,
    "gw_log10_rho_3": -9.40691202849492,
    "gw_log10_rho_4": -9.938114526678287,
    "gw_log10_rho_5": -9.828466051094612,
    "gw_log10_rho_6": -7.372035064398183,
    "gw_log10_rho_7": -9.999996912329957,
    "gw_log10_rho_8": -9.898017576454547,
    "gw_log10_rho_9": -9.860324534455195,
    "gw_log10_rho_10": -9.95913808553378,
    "gw_log10_rho_11": -9.656085180904489,
    "gw_log10_rho_12": -9.529582132966162,
    "gw_log10_rho_13": -8.773935326187399,
    "gw_log10_rho_14": -9.775326201633174,
    "gw_log10_rho_15": -8.530377624754165,
    "gw_log10_rho_16": -9.137399118559475,
    "gw_log10_rho_17": -9.81370911183823,
    "gw_log10_rho_18": -8.27019236537047,
    "gw_log10_rho_19": -9.346065561457653
}