{
    "J0024-2029_red_noise_gamma": 1.600772284317837,
    "J0024-2029_red_noise_log10_A": -13.462050281237628,
    "J0114+7148_red_noise_gamma": 1.7109274155986687,
    "J0114+7148_red_noise_log10_A": -13.199739502684356,
    "J0234+0837_red_noise_gamma": 1.9616265259763788,
    "J0234+0837_red_noise_log10_A": -12.008821892720794,
    "J0354-4032_red_noise_gamma": 2.2525925117395458,
    "J0354-4032_red_noise_log10_A": -13.254300440166045,
    "J0444+4032_red_noise_gamma": 2.0081007711889463,
    "J0444+4032_red_noise_log10_A": -12.576643842462044,
    "J0604-0837_red_noise_gamma": 2.3799866323805654,
    "J0604-0837_red_noise_log10_A": -13.829098942834332,
    "J0724-7148_red_noise_gamma": 1.69632207329398,
    "J0724-7148_red_noise_log10_A": -11.983548572911896,
    "J0814+2029_red_noise_gamma": 2.169999828075652,
    "J0814+2029_red_noise_log10_A": -13.841300506509967,
    "J0934-2644_red_noise_gamma": 1.680011353178625,
    "J0934-2644_red_noise_log10_A": -13.769247542986019,
    "J1024+5812_red_noise_gamma": 1.5015771816710506,
    "J1024+5812_red_noise_log10_A": -13.188231105589951,
    "J1144+0251_red_noise_gamma": 1.758649426249448,
    "J1144+0251_red_noise_log10_A": -13.318711107322697,
    "J1304-4835_red_noise_gamma": 1.9070478336071273,
    "J1304-4835_red_noise_log10_A": -12.18378624906102,
    "J1354+3322_red_noise_gamma": 0.9100268087764575,
    "J1354+3322_red_noise_log10_A": -13.791747213425694,
    "J1514-1428_red_noise_gamma": 1.9259190053047976,
    "J1514-1428_red_noise_log10_A": -12.079253060970126,
    "J1724+1428_red_noise_gamma": 2.507802766891603,
    "J1724+1428_red_noise_log10_A": -13.335050949306776,
    "J1844-3322_red_noise_gamma": 2.1906393147011616,
    "J1844-3322_red_noise_log10_A": -12.86048651383799,
    "J1934+4835_red_noise_gamma": 1.6954076597272516,
    "J1934+4835_red_noise_log10_A": -13.31834176201158,
    "J2054-0251_red_noise_gamma": 1.7645816759003599,
    "J2054-0251_red_noise_log10_A": -13.093525155027134,
    "J2214-5812_red_noise_gamma": 2.554686257373663,
    "J2214-5812_red_noise_log10_A": -12.57832766220189,
    "J2304+2644_red_noise_gamma": 1.6631661849615909,
    "J2304+2644_red_noise_log10_A": -12.645448960909112,
    "gw_log10_rho_0": -7.03269250335976,
    "gw_log10_rho_1": -7.078757456954781,
    "gw_log10_rho_2": -7.548468043404249,
    "gw_log10_rho_3": -7.329542821765716,
    "gw_log10_rho_4": -7.598309571967965,
    "gw_log10_rho_5": -7.33324850660677,
    "gw_log10_rho_6": -5.768184910949907,
    "gw_log10_rho_7": -7.53744954174531,
    "gw_log10_rho_8": -7.649492818608753,
    "gw_log10_rho_9": -7.814933065496123,
    "gw_log10_rho_10": -8.109704016530745,
    "gw_log10_rho_11": -7.852959660470381,
    "gw_log10_rho_12": -7.8657134888362785,
    "gw_log10_rho_13": -7.876263829470864,
    "gw_log10_rho_14": -8.614935977086047,
    "gw_log10_rho_15": -9.897733255417405,
    "gw_log10_rho_16": -8.2251108717451,
    "gw_log10_rho_17": -9.446885395355574,
    "gw_log10_rho_18": -8.193904422432944,
    "gw_log10_rho_19": -8.061041103769053
}