{
    "J0024-2029_red_noise_gamma": 1.6164187148626121,
    "J0024-2029_red_noise_log10_A": -13.600834545871937,
    "J0114+7148_red_noise_gamma": 1.514890615324149,
    "J0114+7148_red_noise_log10_A": -11.369143502496518,
    "J0234+0837_red_noise_gamma": 2.3327817833569133,
    "J0234+0837_red_noise_log10_A": -13.288999533516698,
    "J0354-4032_red_noise_gamma": 1.5340524461788996,
    "J0354-4032_red_noise_log10_A": -11.158314476919127,
    "J0444+4032_red_noise_gamma": 1.6099975853108919,
    "J0444+4032_red_noise_log10_A": -14.087205940416911,
    "J0604-0837_red_noise_gamma": 2.5188356829910825,
    "J0604-0837_red_noise_log10_A": -12.567266950771034,
    "J0724-7148_red_noise_gamma": 0.41970238916845926,
    "J0724-7148_red_noise_log10_A": -13.851002527491307,
    "J0814+2029_red_noise_gamma": 1.2454692434213759,
    "J0814+2029_red_noise_log10_A": -11.289338626904982,
    "J0934-2644_red_noise_gamma": 3.259862024849612,
    "J0934-2644_red_noise_log10_A": -14.134356894598735,
    "J1024+5812_red_noise_gamma": 1.7167181666703657,
    "J1024+5812_red_noise_log10_A": -11.146729834681219,
    "J1144+0251_red_noise_gamma": 2.0327490049899644,
    "J1144+0251_red_noise_log10_A": -13.48865398640235,
    "J1304-4835_red_noise_gamma": 3.023758239708836,
    "J1304-4835_red_noise_log10_A": -11.191023894589607,
    "J1354+3322_red_noise_gamma": 1.1013916993955606,
    "J1354+3322_red_noise_log10_A": -12.206665147124998,
    "J1514-1428_red_noise_gamma": 1.95639763606115,
    "J1514-1428_red_noise_log10_A": -12.148903877522075,
    "J1724+1428_red_noise_gamma": 1.6367418505656632,
    "J1724+1428_red_noise_log10_A": -11.336302768928975,
    "J1844-3322_red_noise_gamma": 0.8353842058019537,
    "J1844-3322_red_noise_log10_A": -12.136349458100636,
    "J1934+4835_red_noise_gamma": 3.416423543328782,
    "J1934+4835_red_noise_log10_A": -13.486192533824418,
    "J2054-0251_red_noise_gamma": 2.102222760726851,
    "J2054-0251_red_noise_log10_A": -11.79804279714217,
    "J2214-5812_red_noise_gamma": 2.4592224335383337,
    "J2214-5812_red_noise_log10_A": -11.987784903840714,
    "J2304+2644_red_noise_gamma": 2.100286517248618,
    "J2304+2644_red_noise_log10_A": -13.914175471576609,
    "gw_log10_rho_0": -7.757496943854674,
    "gw_log10_rho_1": -7.370269802659319,
    "gw_log10_rho_2": -9.147242702659527,
    "gw_log10_rho_3": -7.569981530554136,
    "gw_log10_rho_4": -7.6253060993613495,
    "gw_log10_rho_5": -7.70329217246161,
    "gw_log10_rho_6": -5.765373129898752,
    "gw_log10_rho_7": -7.519357065537006,
    "gw_log10_rho_8": -7.7989908358044,
    "gw_log10_rho_9": -9.999991332963239,
    "gw_log10_rho_10": -8.17614113014255,
    "gw_log10_rho_11": -7.9002789284036945,
    "gw_log10_rho_12": -8.992851137244937,
    "gw_log10_rho_13": -8.349429293284322,
    "gw_log10_rho_14": -9.704373106290836,
    "gw_log10_rho_15": -9.4857485896496,
    "gw_log10_rho_16": -8.12582169810395,
    "gw_log10_rho_17": -9.305153967025404,
    "gw_log10_rho_18": -9.400925991827888,
    "gw_log10_rho_19": -8.043395167343947
}