{
    "gw_log10_rho_0": -7.720426567702254,
    "gw_log10_rho_1": -7.551627820527181,
    "gw_log10_rho_2": -6.9628898216087975,
    "gw_log10_rho_3": -6.9187935425868945,
    "gw_log10_rho_4": -7.386372922604113,
    "gw_log10_rho_5": -7.790950635307121,
    "gw_log10_rho_6": -7.903960161290884,
    "gw_log10_rho_7": -8.058751187931056,
    "gw_log10_rho_8": -8.303375802962583,
    "gw_log10_rho_9": -8.17793066351169,
    "gw_log10_rho_10": -8.256932188920702,
    "gw_log10_rho_11": -8.240160130709034,
    "gw_log10_rho_12": -9.958152706671312,
    "gw_log10_rho_13": -8.418394306786944,
    "gw_log10_rho_14": -8.224281291454965,
    "gw_log10_rho_15": -9.771165295038767,
    "gw_log10_rho_16": -8.367526956385253,
    "gw_log10_rho_17": -8.250944411180917,
    "gw_log10_rho_18": -9.999999547761727,
    "gw_log10_rho_19": -8.193603023161446
}