{
    "gw_log10_rho_0": -8.15547919153708,
    "gw_log10_rho_1": -8.153518123109237,
    "gw_log10_rho_2": -7.788626985926484,
    "gw_log10_rho_3": -5.795504076246603,
    "gw_log10_rho_4": -7.770326639529312,
    "gw_log10_rho_5": -7.966963601263936,
    "gw_log10_rho_6": -8.166588089545497,
    "gw_log10_rho_7": -9.999998184713558,
    "gw_log10_rho_8": -8.392982141988213,
    "gw_log10_rho_9": -9.797019047117832,
    "gw_log10_rho_10": -8.343710210234047,
    "gw_log10_rho_11": -9.999999408227477,
    "gw_log10_rho_12": -8.258517255084367,
    "gw_log10_rho_13": -8.230647020805753,
    "gw_log10_rho_14": -8.409164923186308,
    "gw_log10_rho_15": -9.229071031858185,
    "gw_log10_rho_16": -8.68743860618712,
    "gw_log10_rho_17": -8.18770507151855,
    "gw_log10_rho_18": -9.32932166295403,
    "gw_log10_rho_19": -9.583233674788906
}