{
    "gw_log10_rho_0": -5.381980866744592,
    "gw_log10_rho_1": -5.7734088027960055,
    "gw_log10_rho_2": -5.9571972172559535,
    "gw_log10_rho_3": -6.08544308945031,
    "gw_log10_rho_4": -6.182918524574737,
    "gw_log10_rho_5": -6.268326171878677,
    "gw_log10_rho_6": -6.338534313260045,
    "gw_log10_rho_7": -6.408228439517052,
    "gw_log10_rho_8": -6.4574352294884765,
    "gw_log10_rho_9": -6.503484742200506,
    "gw_log10_rho_10": -6.539162697469296,
    "gw_log10_rho_11": -6.578047609240667,
    "gw_log10_rho_12": -6.618036711949673,
    "gw_log10_rho_13": -6.652572942665357,
    "gw_log10_rho_14": -6.675748147597052,
    "gw_log10_rho_15": -6.7121242126978915,
    "gw_log10_rho_16": -6.738679494338824,
    "gw_log10_rho_17": -6.753707483442925,
    "gw_log10_rho_18": -6.781501062127849,
    "gw_log10_rho_19": -6.805939843626473
}