{
    "J1603+0224": 1.0904868189933457,
    "J1349-8012": 1.1595725659891087,
    "J1048-0647": 1.7173925834793478,
    "J0359-4916": 1.5243935783577809,
    "J0850+0642": 1.3411874855137915,
    "J0034+4506": 2.0099461256380846,
    "J0544+3801": 0.7028943625954411,
    "J0101+3000": 0.1505512248208143,
    "J1710-2219": 3.8448890588174045,
    "J0421+2926": 1.996219644390028,
    "J1604-4555": 0.9175644490935095,
    "J2211+3953": 4.223319850146348,
    "J1855+6117": 3.359011876791006,
    "J0213+0745": 1.1677244317731068,
    "J0807+0357": 1.673364105150867,
    "J2355+4713": 2.150000862870265,
    "J0619+1713": 2.7696612982704796,
    "J0420+1225": 0.7735384884977361,
    "J0959-4644": 4.668457542054581,
    "J1851-0244": 5.28058167494384,
    "J0843-3531": 2.6471333371977974,
    "J1937-4836": 0.31796894549576393,
    "J2225+5948": 5.786208740607012,
    "J2151+2426": 1.3814247869255039,
    "J1901+2632": 2.6076826025554793,
    "J0231+4332": 0.8677405329902936,
    "J1819+0141": 2.4221580253295056,
    "J0659-0512": 5.164602476770995,
    "J1835+4118": 2.500119544797557,
    "J0826-4151": 4.785874781622885,
    "J0659+3040": 2.172789181565708,
    "J1743-6229": 1.6745988096451272,
    "J0557+5642": 1.336148555195759,
    "J2101+4112": 3.3458447529358084,
    "J1740-0115": 0.6446225598279435,
    "J0725-1846": 0.2720536433540839,
    "J2051+5915": 2.0364444804346755,
    "J2030+0139": 2.080069456176107,
    "J1841+6752": 2.8281013170990703,
    "J0236+5233": 2.3102914877567002,
    "J1122-2027": 0.62536093422825,
    "J0605-3310": 1.6272141992547442,
    "J1107+6252": 0.5453632713602872,
    "J0628+0913": 3.507394744566533,
    "J1058+2306": 0.3098038054060006,
    "J0512-4457": 1.2121481882915823,
    "J1617-3233": 3.4532552907430003,
    "J2132-4034": 1.3774425227139395,
    "J0853-3622": 2.2112239473022606,
    "J1753-3557": 2.2766395640137533,
    "J1805+1407": 3.422247449690377,
    "J2100+3443": 1.362296233672935,
    "J1413-3801": 4.2923185644584,
    "J0712-2942": 1.0338306192945215,
    "J1740+1132": 1.728838916776409,
    "J0712-7612": 1.923087311559026,
    "J0601+3201": 1.7004597600593314,
    "J0101+5850": 3.7145301994685003,
    "J1331-4558": 2.100149365040619,
    "J0440+0453": 1.6621124440007626,
    "J1325+5134": 4.120290378243107,
    "J1446-6046": 3.998668424541488,
    "J0807-1252": 0.9628648939113803,
    "J0641+0430": 1.1356818795880566,
    "J1829+2412": 0.9601993103304538,
    "J0229+2218": 2.59552384842858,
    "J1932+2528": 2.122807797506857,
    "J2000+0841": 0.8709597437624743,
    "J1601+6309": 1.1177810210314165,
    "J0438-1410": 1.4321886162253703,
    "J1558-4856": 4.481475284813439,
    "J0948-6052": 0.6537588060560454,
    "J1348-0727": 0.3673220476907766,
    "J2054+4026": 3.1531483457787606,
    "J0602+3225": 0.9116309468801351,
    "J2348-0653": 1.6101638135700556,
    "J0850-1237": 1.7446549847340136,
    "J1246-6340": 2.8364212057408533,
    "J1723-2104": 3.6108611151474945,
    "J1928+1700": 2.760751193028486,
    "J0415+5917": 6.413116591162773,
    "J1938-1913": 3.9498184179397513,
    "J2135+6823": 0.7449302002261111,
    "J2328-0357": 0.36316091223349156,
    "J0931+2028": 1.911536114334265,
    "J2126+4952": 2.210742566393507,
    "J0801-1054": 2.0893898355541047,
    "J1941-1825": 1.852087900020868,
    "J0738-1021": 1.132912062460261,
    "J0642-4428": 0.8507257538987649,
    "J1646-2515": 1.6414167598011737,
    "J1117-7240": 3.6390042853237925,
    "J0232+6114": 1.6670429661519028,
    "J0643-2823": 6.415568702812492,
    "J1228-3622": 1.391158977538094,
    "J2115+0330": 1.8530239438998133,
    "J1032-4650": 0.45448848389786767,
    "J0134+3145": 1.5617202789372746,
    "J1800-1509": 1.179886324289606,
    "J1801-3156": 1.6185883324548485
}