{
    "gw_gamma": 4.157634986956538e-06,
    "gw_log10_A": -17.99999937765919
}