{
    "gw_gamma": 0.13999851144974262,
    "gw_log10_A": -17.891100769806858
}