{
    "gw_log10_rho_0": -7.495720047941858,
    "gw_log10_rho_1": -7.8300073466870534,
    "gw_log10_rho_2": -7.974245820284743,
    "gw_log10_rho_3": -8.13958222096597,
    "gw_log10_rho_4": -8.424558897247904,
    "gw_log10_rho_5": -9.875258112182042,
    "gw_log10_rho_6": -8.334173449527034,
    "gw_log10_rho_7": -8.371000540867797,
    "gw_log10_rho_8": -9.720017014691074,
    "gw_log10_rho_9": -9.608151737242444,
    "gw_log10_rho_10": -8.648819103349123,
    "gw_log10_rho_11": -8.44337746609093,
    "gw_log10_rho_12": -9.940379016004965,
    "gw_log10_rho_13": -8.624613747621924,
    "gw_log10_rho_14": -8.451447321282599,
    "gw_log10_rho_15": -9.979183250014632,
    "gw_log10_rho_16": -8.416899825843387,
    "gw_log10_rho_17": -8.826196924741248,
    "gw_log10_rho_18": -8.316744676225612,
    "gw_log10_rho_19": -9.938318225494053
}