{
    "gw_log10_rho_0": -5.138241374221839,
    "gw_log10_rho_1": -5.547787046140969,
    "gw_log10_rho_2": -5.739543304089048,
    "gw_log10_rho_3": -5.873702013130518,
    "gw_log10_rho_4": -5.971866186943149,
    "gw_log10_rho_5": -6.057085361965984,
    "gw_log10_rho_6": -6.127119144075975,
    "gw_log10_rho_7": -6.184002010486193,
    "gw_log10_rho_8": -6.232655640110692,
    "gw_log10_rho_9": -6.279856673491716,
    "gw_log10_rho_10": -6.324120304115491,
    "gw_log10_rho_11": -6.366669287751464,
    "gw_log10_rho_12": -6.388622075514094,
    "gw_log10_rho_13": -6.437732480938479,
    "gw_log10_rho_14": -6.4585838270393205,
    "gw_log10_rho_15": -6.487732468018723,
    "gw_log10_rho_16": -6.514656627953739,
    "gw_log10_rho_17": -6.532067257181613,
    "gw_log10_rho_18": -6.574275859089554,
    "gw_log10_rho_19": -6.589667122108732
}