{
    "gw_log10_rho_0": -8.10004311163062,
    "gw_log10_rho_1": -7.558671296816976,
    "gw_log10_rho_2": -7.486788923472079,
    "gw_log10_rho_3": -7.9768467124069495,
    "gw_log10_rho_4": -9.177973518241219,
    "gw_log10_rho_5": -8.354892839146835,
    "gw_log10_rho_6": -8.230777540173033,
    "gw_log10_rho_7": -9.590125242464877,
    "gw_log10_rho_8": -8.214230308244373,
    "gw_log10_rho_9": -9.421524376622772,
    "gw_log10_rho_10": -9.457740980977018,
    "gw_log10_rho_11": -9.833740670275589,
    "gw_log10_rho_12": -8.211145827433876,
    "gw_log10_rho_13": -8.29175205227572,
    "gw_log10_rho_14": -8.624605125020707,
    "gw_log10_rho_15": -8.658582121624573,
    "gw_log10_rho_16": -9.385991680094339,
    "gw_log10_rho_17": -9.671572452669135,
    "gw_log10_rho_18": -9.45649602225191,
    "gw_log10_rho_19": -9.937541374880452
}