{
    "gw_log10_rho_0": -7.089813891657476,
    "gw_log10_rho_1": -7.048269491593537,
    "gw_log10_rho_2": -6.951446047924199,
    "gw_log10_rho_3": -6.809107198668353,
    "gw_log10_rho_4": -6.586306864328749,
    "gw_log10_rho_5": -5.9640295944530735,
    "gw_log10_rho_6": -5.887851901244043,
    "gw_log10_rho_7": -6.693472431935609,
    "gw_log10_rho_8": -6.892289749152147,
    "gw_log10_rho_9": -7.019908116671027,
    "gw_log10_rho_10": -7.116328717146413,
    "gw_log10_rho_11": -7.205803514995697,
    "gw_log10_rho_12": -7.261058973206394,
    "gw_log10_rho_13": -7.3335578563800095,
    "gw_log10_rho_14": -7.389403881728959,
    "gw_log10_rho_15": -7.457865444013185,
    "gw_log10_rho_16": -7.455471329827459,
    "gw_log10_rho_17": -7.491210406052142,
    "gw_log10_rho_18": -7.508510730290762,
    "gw_log10_rho_19": -7.529320307122791
}