{
    "gw_gamma": 2.2235398736122822,
    "gw_log10_A": -12.513129909331623
}