{
    "gw_gamma": 2.0426998660021356,
    "gw_log10_A": -12.724615782747035
}