{
    "J0024-2029_red_noise_gamma": 2.2111972988790987,
    "J0024-2029_red_noise_log10_A": -11.610080074166424,
    "J0114+7148_red_noise_gamma": 2.9065045558751352,
    "J0114+7148_red_noise_log10_A": -11.918576791761282,
    "J0234+0837_red_noise_gamma": 2.9165705933285966,
    "J0234+0837_red_noise_log10_A": -13.73683646460776,
    "J0354-4032_red_noise_gamma": 2.543883000432677,
    "J0354-4032_red_noise_log10_A": -12.238901195930424,
    "J0444+4032_red_noise_gamma": 2.442198597298907,
    "J0444+4032_red_noise_log10_A": -12.695379240176292,
    "J0604-0837_red_noise_gamma": 3.075936182286453,
    "J0604-0837_red_noise_log10_A": -12.105453884207693,
    "J0724-7148_red_noise_gamma": 1.1197313609858026,
    "J0724-7148_red_noise_log10_A": -13.847348342782468,
    "J0814+2029_red_noise_gamma": 1.5113679475940691,
    "J0814+2029_red_noise_log10_A": -11.865947995021857,
    "J0934-2644_red_noise_gamma": 1.5865814017200794,
    "J0934-2644_red_noise_log10_A": -12.93919799000577,
    "J1024+5812_red_noise_gamma": 1.3657079500203992,
    "J1024+5812_red_noise_log10_A": -12.533701170636402,
    "J1144+0251_red_noise_gamma": 1.7207429664904397,
    "J1144+0251_red_noise_log10_A": -13.1877960691127,
    "J1304-4835_red_noise_gamma": 1.5308287789919928,
    "J1304-4835_red_noise_log10_A": -11.6983621884642,
    "J1354+3322_red_noise_gamma": 2.5462250879256874,
    "J1354+3322_red_noise_log10_A": -11.146815029956143,
    "J1514-1428_red_noise_gamma": 1.1442198464805218,
    "J1514-1428_red_noise_log10_A": -12.744524263929247,
    "J1724+1428_red_noise_gamma": 1.7786121964785542,
    "J1724+1428_red_noise_log10_A": -13.50169988830843,
    "J1844-3322_red_noise_gamma": 1.9135989292694808,
    "J1844-3322_red_noise_log10_A": -12.937741005567272,
    "J1934+4835_red_noise_gamma": 1.0553296396096565,
    "J1934+4835_red_noise_log10_A": -13.237859592509905,
    "J2054-0251_red_noise_gamma": 2.7498349167057548,
    "J2054-0251_red_noise_log10_A": -13.62003461387169,
    "J2214-5812_red_noise_gamma": 1.1431297410659287,
    "J2214-5812_red_noise_log10_A": -12.299558673822677,
    "J2304+2644_red_noise_gamma": 1.9955383179264992,
    "J2304+2644_red_noise_log10_A": -12.62910987700933,
    "gw_log10_rho_0": -7.172418228054479,
    "gw_log10_rho_1": -7.725447513159699,
    "gw_log10_rho_2": -8.052227621344626,
    "gw_log10_rho_3": -7.763352282000021,
    "gw_log10_rho_4": -9.009181526436057,
    "gw_log10_rho_5": -7.318344108041918,
    "gw_log10_rho_6": -5.870952454067626,
    "gw_log10_rho_7": -7.828748607576632,
    "gw_log10_rho_8": -8.953244783427234,
    "gw_log10_rho_9": -9.853550378366624,
    "gw_log10_rho_10": -7.86452876291973,
    "gw_log10_rho_11": -8.9226248094918,
    "gw_log10_rho_12": -7.782304093335371,
    "gw_log10_rho_13": -7.969957381926662,
    "gw_log10_rho_14": -9.312518419239705,
    "gw_log10_rho_15": -7.9666295313185636,
    "gw_log10_rho_16": -8.079668003889351,
    "gw_log10_rho_17": -9.617536169954986,
    "gw_log10_rho_18": -8.264589152899617,
    "gw_log10_rho_19": -7.999220936892979
}