{
    "J0024-2029_red_noise_gamma": 1.3999912084806283,
    "J0024-2029_red_noise_log10_A": -17.036397455516575,
    "J0114+7148_red_noise_gamma": 1.6100018988115004,
    "J0114+7148_red_noise_log10_A": -17.264841181959973,
    "J0234+0837_red_noise_gamma": 0.8400010329975015,
    "J0234+0837_red_noise_log10_A": -16.629868178014576,
    "J0354-4032_red_noise_gamma": 2.4281504828334646e-05,
    "J0354-4032_red_noise_log10_A": -16.67499377118343,
    "J0444+4032_red_noise_gamma": 1.7027807822767784,
    "J0444+4032_red_noise_log10_A": -12.267062158666715,
    "J0604-0837_red_noise_gamma": 1.6800144021964682,
    "J0604-0837_red_noise_log10_A": -17.82424765024605,
    "J0724-7148_red_noise_gamma": 2.081004376123005,
    "J0724-7148_red_noise_log10_A": -13.00578927699879,
    "J0814+2029_red_noise_gamma": 2.0694464205770196,
    "J0814+2029_red_noise_log10_A": -12.866618055066734,
    "J0934-2644_red_noise_gamma": 2.199948763977744,
    "J0934-2644_red_noise_log10_A": -13.045915803876424,
    "J1024+5812_red_noise_gamma": 2.4941140413737575,
    "J1024+5812_red_noise_log10_A": -12.255298442244147,
    "J1144+0251_red_noise_gamma": 1.9980773225740676,
    "J1144+0251_red_noise_log10_A": -13.508211888760975,
    "J1304-4835_red_noise_gamma": 1.7982404682168411,
    "J1304-4835_red_noise_log10_A": -13.548676738077635,
    "J1354+3322_red_noise_gamma": 2.1000560682709457,
    "J1354+3322_red_noise_log10_A": -14.016035416153514,
    "J1514-1428_red_noise_gamma": 1.5748961829450492,
    "J1514-1428_red_noise_log10_A": -13.071770617546447,
    "J1724+1428_red_noise_gamma": 3.430006906750868,
    "J1724+1428_red_noise_log10_A": -14.446784012382647,
    "J1844-3322_red_noise_gamma": 1.819811224632424,
    "J1844-3322_red_noise_log10_A": -13.540479578600017,
    "J1934+4835_red_noise_gamma": 1.9845860709948249,
    "J1934+4835_red_noise_log10_A": -12.685984573619832,
    "J2054-0251_red_noise_gamma": 1.4081707021382335,
    "J2054-0251_red_noise_log10_A": -13.498806058626094,
    "J2214-5812_red_noise_gamma": 2.1000118952201636,
    "J2214-5812_red_noise_log10_A": -15.908186154615741,
    "J2304+2644_red_noise_gamma": 1.9860522871343935,
    "J2304+2644_red_noise_log10_A": -13.11629969594143,
    "gw_log10_rho_0": -6.815944352297807,
    "gw_log10_rho_1": -6.918975220622107,
    "gw_log10_rho_2": -7.13281295722293,
    "gw_log10_rho_3": -7.3617319664651255,
    "gw_log10_rho_4": -7.39236583137326,
    "gw_log10_rho_5": -7.3446524952337615,
    "gw_log10_rho_6": -5.898924703046208,
    "gw_log10_rho_7": -7.538513448357701,
    "gw_log10_rho_8": -7.642765984137861,
    "gw_log10_rho_9": -7.88619476419097,
    "gw_log10_rho_10": -7.712725429840084,
    "gw_log10_rho_11": -7.798178243160284,
    "gw_log10_rho_12": -8.07768729677855,
    "gw_log10_rho_13": -7.780385388505909,
    "gw_log10_rho_14": -8.894145887183598,
    "gw_log10_rho_15": -7.840861727865166,
    "gw_log10_rho_16": -9.833375031302136,
    "gw_log10_rho_17": -7.97885515198592,
    "gw_log10_rho_18": -7.949997582719088,
    "gw_log10_rho_19": -9.651402072924233
}