{
    "gw_log10_rho_0": -8.344210639983155,
    "gw_log10_rho_1": -9.978931209215432,
    "gw_log10_rho_2": -8.01908662373253,
    "gw_log10_rho_3": -7.931170949551547,
    "gw_log10_rho_4": -8.546857568700064,
    "gw_log10_rho_5": -9.958272520463497,
    "gw_log10_rho_6": -8.15192196257022,
    "gw_log10_rho_7": -9.313147982374243,
    "gw_log10_rho_8": -8.325503505224415,
    "gw_log10_rho_9": -8.325614412498053,
    "gw_log10_rho_10": -9.916165403924154,
    "gw_log10_rho_11": -8.535363560873314,
    "gw_log10_rho_12": -9.938640690119978,
    "gw_log10_rho_13": -9.504664950332563,
    "gw_log10_rho_14": -9.80343988194578,
    "gw_log10_rho_15": -8.767667245822274,
    "gw_log10_rho_16": -8.744997943572635,
    "gw_log10_rho_17": -8.337729475022417,
    "gw_log10_rho_18": -8.291666000370506,
    "gw_log10_rho_19": -8.421032523270993
}