{
    "gw_log10_rho_0": -8.15057375069323,
    "gw_log10_rho_1": -7.939407978699567,
    "gw_log10_rho_2": -7.685072365586518,
    "gw_log10_rho_3": -5.772920999871299,
    "gw_log10_rho_4": -7.722843845462969,
    "gw_log10_rho_5": -8.099948157651735,
    "gw_log10_rho_6": -8.18683565937515,
    "gw_log10_rho_7": -8.539803034220416,
    "gw_log10_rho_8": -8.558934175642047,
    "gw_log10_rho_9": -8.178940604959879,
    "gw_log10_rho_10": -9.810568067805491,
    "gw_log10_rho_11": -9.586467659145558,
    "gw_log10_rho_12": -9.81627728118398,
    "gw_log10_rho_13": -8.667411155983554,
    "gw_log10_rho_14": -8.832007429492428,
    "gw_log10_rho_15": -9.959102724189439,
    "gw_log10_rho_16": -8.725845595951043,
    "gw_log10_rho_17": -8.552386551875651,
    "gw_log10_rho_18": -9.91791831924612,
    "gw_log10_rho_19": -8.525275915901645
}