{
    "gw_log10_rho_0": -9.99998928774435,
    "gw_log10_rho_1": -8.839034955561623,
    "gw_log10_rho_2": -7.93974994345811,
    "gw_log10_rho_3": -8.085308613430518,
    "gw_log10_rho_4": -8.808273117986264,
    "gw_log10_rho_5": -9.89949276191192,
    "gw_log10_rho_6": -8.278976261676853,
    "gw_log10_rho_7": -8.53181683987373,
    "gw_log10_rho_8": -9.696486817177853,
    "gw_log10_rho_9": -9.916323029815757,
    "gw_log10_rho_10": -8.343360676768752,
    "gw_log10_rho_11": -8.821493318714,
    "gw_log10_rho_12": -8.579893785962966,
    "gw_log10_rho_13": -9.959246088869778,
    "gw_log10_rho_14": -9.624310789115967,
    "gw_log10_rho_15": -8.383949765431648,
    "gw_log10_rho_16": -8.943251085283688,
    "gw_log10_rho_17": -8.326889744962855,
    "gw_log10_rho_18": -9.899655051753262,
    "gw_log10_rho_19": -8.57583300287339
}