{
    "gw_log10_rho_0": -5.786950888454222,
    "gw_log10_rho_1": -6.090468694710942,
    "gw_log10_rho_2": -6.275574328596462,
    "gw_log10_rho_3": -6.413060676339654,
    "gw_log10_rho_4": -6.506859919099549,
    "gw_log10_rho_5": -6.5874515415335555,
    "gw_log10_rho_6": -6.64957393312707,
    "gw_log10_rho_7": -6.710480189867755,
    "gw_log10_rho_8": -6.767851689920043,
    "gw_log10_rho_9": -6.812280787865206,
    "gw_log10_rho_10": -6.857739766445668,
    "gw_log10_rho_11": -6.886133164562301,
    "gw_log10_rho_12": -6.924253400874732,
    "gw_log10_rho_13": -6.939841322391002,
    "gw_log10_rho_14": -6.984565925705434,
    "gw_log10_rho_15": -7.009082176591686,
    "gw_log10_rho_16": -7.03154050113515,
    "gw_log10_rho_17": -7.061902931366393,
    "gw_log10_rho_18": -7.1009225030678556,
    "gw_log10_rho_19": -7.103907455907856
}