{
    "gw_log10_rho_0": -7.212374748747473,
    "gw_log10_rho_1": -7.271339964011752,
    "gw_log10_rho_2": -7.192181977729656,
    "gw_log10_rho_3": -7.158908648772621,
    "gw_log10_rho_4": -6.956928122574229,
    "gw_log10_rho_5": -7.254963013115346,
    "gw_log10_rho_6": -7.403435230041569,
    "gw_log10_rho_7": -7.519923937717604,
    "gw_log10_rho_8": -7.628402608567332,
    "gw_log10_rho_9": -7.731821362314406,
    "gw_log10_rho_10": -8.116923540625132,
    "gw_log10_rho_11": -8.11266203405107,
    "gw_log10_rho_12": -7.9070626433862525,
    "gw_log10_rho_13": -7.957644105778613,
    "gw_log10_rho_14": -9.411919697384434,
    "gw_log10_rho_15": -9.200744033696807,
    "gw_log10_rho_16": -8.363508163174231,
    "gw_log10_rho_17": -8.380215768882264,
    "gw_log10_rho_18": -8.637473103763575,
    "gw_log10_rho_19": -8.329625393735107
}