{
    "gw_log10_rho_0": -8.14477475384219,
    "gw_log10_rho_1": -7.742939684537557,
    "gw_log10_rho_2": -7.428340436078485,
    "gw_log10_rho_3": -7.226527637958309,
    "gw_log10_rho_4": -7.297902983351801,
    "gw_log10_rho_5": -7.525081463451985,
    "gw_log10_rho_6": -7.706892494208587,
    "gw_log10_rho_7": -7.837518534021866,
    "gw_log10_rho_8": -7.841713360399813,
    "gw_log10_rho_9": -7.940865144316658,
    "gw_log10_rho_10": -8.115262508316526,
    "gw_log10_rho_11": -8.132788223244203,
    "gw_log10_rho_12": -8.439617060789482,
    "gw_log10_rho_13": -9.164485631677051,
    "gw_log10_rho_14": -8.213104439116357,
    "gw_log10_rho_15": -9.958797464463474,
    "gw_log10_rho_16": -8.600526387040535,
    "gw_log10_rho_17": -8.213926414685512,
    "gw_log10_rho_18": -9.233616393355225,
    "gw_log10_rho_19": -8.576213659323969
}