{
    "gw_log10_rho_0": -4.156322979078783,
    "gw_log10_rho_1": -4.276717042436441,
    "gw_log10_rho_2": -4.288305617827618,
    "gw_log10_rho_3": -4.001478591836933,
    "gw_log10_rho_4": -4.168000733458101,
    "gw_log10_rho_5": -4.140026498970173,
    "gw_log10_rho_6": -4.187245415808297,
    "gw_log10_rho_7": -4.200386843465546,
    "gw_log10_rho_8": -4.2396858901554655,
    "gw_log10_rho_9": -4.185266590979489,
    "gw_log10_rho_10": -4.260193866489443,
    "gw_log10_rho_11": -4.112211741659201,
    "gw_log10_rho_12": -4.036113384553426,
    "gw_log10_rho_13": -4.196831929097742,
    "gw_log10_rho_14": -4.021247248010541,
    "gw_log10_rho_15": -4.152379139714887,
    "gw_log10_rho_16": -4.229553606264485,
    "gw_log10_rho_17": -4.147050938620504,
    "gw_log10_rho_18": -4.185251188813026,
    "gw_log10_rho_19": -4.233258455591134
}