{
    "gw_gamma": 2.1279505744774574,
    "gw_log10_A": -12.455659056819595
}