{
    "gw_log10_rho_0": -5.5178047812263555,
    "gw_log10_rho_1": -5.913884559185115,
    "gw_log10_rho_2": -6.143344516811296,
    "gw_log10_rho_3": -6.288562163679512,
    "gw_log10_rho_4": -6.37648598024277,
    "gw_log10_rho_5": -6.455814161340369,
    "gw_log10_rho_6": -6.530512260695685,
    "gw_log10_rho_7": -6.585500691726252,
    "gw_log10_rho_8": -6.6465503799369605,
    "gw_log10_rho_9": -6.681279367640468,
    "gw_log10_rho_10": -6.732733048661639,
    "gw_log10_rho_11": -6.764654504564305,
    "gw_log10_rho_12": -6.8034303451780405,
    "gw_log10_rho_13": -6.837335538276289,
    "gw_log10_rho_14": -6.871205744576264,
    "gw_log10_rho_15": -6.896895198342246,
    "gw_log10_rho_16": -6.929309115492074,
    "gw_log10_rho_17": -6.951883513031463,
    "gw_log10_rho_18": -6.976890970512272,
    "gw_log10_rho_19": -6.996367387972576
}