{
    "J0024-2029_red_noise_gamma": 0.8156167718072322,
    "J0024-2029_red_noise_log10_A": -13.019285415275501,
    "J0114+7148_red_noise_gamma": 2.444573465881972,
    "J0114+7148_red_noise_log10_A": -13.80197917259029,
    "J0234+0837_red_noise_gamma": 2.5199211931888765,
    "J0234+0837_red_noise_log10_A": -13.777245131947097,
    "J0354-4032_red_noise_gamma": 2.698369595431161,
    "J0354-4032_red_noise_log10_A": -11.339290567785161,
    "J0444+4032_red_noise_gamma": 1.819640554126555,
    "J0444+4032_red_noise_log10_A": -13.864348416100665,
    "J0604-0837_red_noise_gamma": 2.709462416768101,
    "J0604-0837_red_noise_log10_A": -11.405877637195516,
    "J0724-7148_red_noise_gamma": 2.058408102581254,
    "J0724-7148_red_noise_log10_A": -12.780005188396332,
    "J0814+2029_red_noise_gamma": 2.8949881708470997,
    "J0814+2029_red_noise_log10_A": -11.780587245476825,
    "J0934-2644_red_noise_gamma": 2.756816150712965,
    "J0934-2644_red_noise_log10_A": -12.161872080019581,
    "J1024+5812_red_noise_gamma": 1.9755684935757225,
    "J1024+5812_red_noise_log10_A": -11.314548982387498,
    "J1144+0251_red_noise_gamma": 1.8798569089935062,
    "J1144+0251_red_noise_log10_A": -13.644703515997033,
    "J1304-4835_red_noise_gamma": 3.0229468969837066,
    "J1304-4835_red_noise_log10_A": -13.55332153666144,
    "J1354+3322_red_noise_gamma": 2.7998890139121904,
    "J1354+3322_red_noise_log10_A": -13.689339929612196,
    "J1514-1428_red_noise_gamma": 1.004472271525995,
    "J1514-1428_red_noise_log10_A": -12.391564439650486,
    "J1724+1428_red_noise_gamma": 2.3460961345063294,
    "J1724+1428_red_noise_log10_A": -11.182644632787504,
    "J1844-3322_red_noise_gamma": 1.5145619070924519,
    "J1844-3322_red_noise_log10_A": -11.403566456205384,
    "J1934+4835_red_noise_gamma": 2.12933110291865,
    "J1934+4835_red_noise_log10_A": -12.076541892815472,
    "J2054-0251_red_noise_gamma": 2.3100410111843988,
    "J2054-0251_red_noise_log10_A": -14.013010381038614,
    "J2214-5812_red_noise_gamma": 1.4912751616200408,
    "J2214-5812_red_noise_log10_A": -11.923502810742226,
    "J2304+2644_red_noise_gamma": 1.7550511508738218,
    "J2304+2644_red_noise_log10_A": -13.603052547758361,
    "gw_log10_rho_0": -6.721859584442038,
    "gw_log10_rho_1": -7.337328534365211,
    "gw_log10_rho_2": -7.363631639794473,
    "gw_log10_rho_3": -7.356233742588323,
    "gw_log10_rho_4": -7.440643159807689,
    "gw_log10_rho_5": -7.756486043882926,
    "gw_log10_rho_6": -6.861758332343321,
    "gw_log10_rho_7": -7.86847604962365,
    "gw_log10_rho_8": -8.468680365940791,
    "gw_log10_rho_9": -9.355731805927354,
    "gw_log10_rho_10": -8.0563843222468,
    "gw_log10_rho_11": -8.827472800486278,
    "gw_log10_rho_12": -7.7018606793528,
    "gw_log10_rho_13": -8.18909384203174,
    "gw_log10_rho_14": -8.187573654876871,
    "gw_log10_rho_15": -8.067226051103647,
    "gw_log10_rho_16": -7.874100542628181,
    "gw_log10_rho_17": -8.131380945669026,
    "gw_log10_rho_18": -9.619047525915278,
    "gw_log10_rho_19": -7.947668016628024
}