{
    "J0024-2029_red_noise_gamma": 1.9533979634117522,
    "J0024-2029_red_noise_log10_A": -12.157380342764007,
    "J0114+7148_red_noise_gamma": 1.6470900024245712,
    "J0114+7148_red_noise_log10_A": -13.142858903877542,
    "J0234+0837_red_noise_gamma": 2.453959260811487,
    "J0234+0837_red_noise_log10_A": -13.701640582413098,
    "J0354-4032_red_noise_gamma": 2.1285422848575974,
    "J0354-4032_red_noise_log10_A": -12.698738056047961,
    "J0444+4032_red_noise_gamma": 1.361513789910418,
    "J0444+4032_red_noise_log10_A": -13.464338038964812,
    "J0604-0837_red_noise_gamma": 0.8399948527116144,
    "J0604-0837_red_noise_log10_A": -13.901978148245618,
    "J0724-7148_red_noise_gamma": 1.3433994252448394,
    "J0724-7148_red_noise_log10_A": -13.523745829697988,
    "J0814+2029_red_noise_gamma": 2.265345541317054,
    "J0814+2029_red_noise_log10_A": -12.004265262825035,
    "J0934-2644_red_noise_gamma": 2.2072979164072377,
    "J0934-2644_red_noise_log10_A": -12.575284620406894,
    "J1024+5812_red_noise_gamma": 1.965166938352117,
    "J1024+5812_red_noise_log10_A": -12.023639021154395,
    "J1144+0251_red_noise_gamma": 1.8199979822565069,
    "J1144+0251_red_noise_log10_A": -13.847625757425503,
    "J1304-4835_red_noise_gamma": 2.3100031474638634,
    "J1304-4835_red_noise_log10_A": -16.32521182565373,
    "J1354+3322_red_noise_gamma": 1.6799966493936955,
    "J1354+3322_red_noise_log10_A": -13.953229799627081,
    "J1514-1428_red_noise_gamma": 1.5469216288038337,
    "J1514-1428_red_noise_log10_A": -12.25224027659644,
    "J1724+1428_red_noise_gamma": 1.9238923369522203,
    "J1724+1428_red_noise_log10_A": -12.429709954852918,
    "J1844-3322_red_noise_gamma": 2.21000627124656,
    "J1844-3322_red_noise_log10_A": -13.105103457505548,
    "J1934+4835_red_noise_gamma": 1.9600099421278623,
    "J1934+4835_red_noise_log10_A": -17.15612704821356,
    "J2054-0251_red_noise_gamma": 1.6800121807176631,
    "J2054-0251_red_noise_log10_A": -14.006633095118532,
    "J2214-5812_red_noise_gamma": 1.8601935583239393,
    "J2214-5812_red_noise_log10_A": -13.42936160093069,
    "J2304+2644_red_noise_gamma": 1.4646523585439892,
    "J2304+2644_red_noise_log10_A": -12.270561695726695,
    "gw_log10_rho_0": -6.905166058455543,
    "gw_log10_rho_1": -7.191132121760103,
    "gw_log10_rho_2": -7.591563106529059,
    "gw_log10_rho_3": -7.6122456301693715,
    "gw_log10_rho_4": -7.488919734612258,
    "gw_log10_rho_5": -7.693083603937366,
    "gw_log10_rho_6": -6.73064938294174,
    "gw_log10_rho_7": -7.652730598380355,
    "gw_log10_rho_8": -7.916612505135106,
    "gw_log10_rho_9": -7.776865433174014,
    "gw_log10_rho_10": -8.059285540044314,
    "gw_log10_rho_11": -8.254936604781108,
    "gw_log10_rho_12": -7.8112152902105745,
    "gw_log10_rho_13": -8.131623552326745,
    "gw_log10_rho_14": -7.913942251965647,
    "gw_log10_rho_15": -7.921034142049368,
    "gw_log10_rho_16": -8.092047161911486,
    "gw_log10_rho_17": -9.69496223177875,
    "gw_log10_rho_18": -8.204227687220463,
    "gw_log10_rho_19": -9.78998537333381
}