{
    "gw_gamma": 2.0240920701520912,
    "gw_log10_A": -12.753053069476472
}