{
    "gw_gamma": 1.7280038287500339,
    "gw_log10_A": -13.846765089968086
}