{
    "gw_gamma": 2.6532852791805395,
    "gw_log10_A": -13.641679048410131
}