{
    "gw_log10_rho_0": -6.0123830397178795,
    "gw_log10_rho_1": -6.4015196559340035,
    "gw_log10_rho_2": -6.607639076073441,
    "gw_log10_rho_3": -6.74285753336619,
    "gw_log10_rho_4": -6.853482297365773,
    "gw_log10_rho_5": -6.919618765708404,
    "gw_log10_rho_6": -6.988541901055087,
    "gw_log10_rho_7": -7.049659170663426,
    "gw_log10_rho_8": -7.12202215538594,
    "gw_log10_rho_9": -7.149008490488453,
    "gw_log10_rho_10": -7.205474481850266,
    "gw_log10_rho_11": -7.2444331299485025,
    "gw_log10_rho_12": -7.291127988513237,
    "gw_log10_rho_13": -7.299907631352602,
    "gw_log10_rho_14": -7.326117398184257,
    "gw_log10_rho_15": -7.363284660256034,
    "gw_log10_rho_16": -7.385554814164728,
    "gw_log10_rho_17": -7.386685227830374,
    "gw_log10_rho_18": -7.446332521181201,
    "gw_log10_rho_19": -7.458974266646968
}