{
    "gw_log10_rho_0": -5.782842379847864,
    "gw_log10_rho_1": -6.085640453052354,
    "gw_log10_rho_2": -6.267303605106803,
    "gw_log10_rho_3": -6.395972028095045,
    "gw_log10_rho_4": -6.4918242421336565,
    "gw_log10_rho_5": -6.569342307987413,
    "gw_log10_rho_6": -6.642622301866741,
    "gw_log10_rho_7": -6.702933978477164,
    "gw_log10_rho_8": -6.748473481810571,
    "gw_log10_rho_9": -6.796641381996851,
    "gw_log10_rho_10": -6.838228735891385,
    "gw_log10_rho_11": -6.868593584543247,
    "gw_log10_rho_12": -6.911613536514633,
    "gw_log10_rho_13": -6.933384795378554,
    "gw_log10_rho_14": -6.975868631760214,
    "gw_log10_rho_15": -7.006216284959804,
    "gw_log10_rho_16": -7.0268233372362365,
    "gw_log10_rho_17": -7.054332986750679,
    "gw_log10_rho_18": -7.076251467122198,
    "gw_log10_rho_19": -7.091965005316915
}