{
    "gw_log10_rho_0": -8.621000932949599,
    "gw_log10_rho_1": -8.747038109655005,
    "gw_log10_rho_2": -8.563757283323083,
    "gw_log10_rho_3": -8.354041095259358,
    "gw_log10_rho_4": -9.879888162105383,
    "gw_log10_rho_5": -9.559714441027161,
    "gw_log10_rho_6": -9.95865597139682,
    "gw_log10_rho_7": -8.276539651570138,
    "gw_log10_rho_8": -9.820170841953153,
    "gw_log10_rho_9": -8.431200769702208,
    "gw_log10_rho_10": -8.104483397062873,
    "gw_log10_rho_11": -9.216783899904716,
    "gw_log10_rho_12": -9.603128756134792,
    "gw_log10_rho_13": -9.035661959510447,
    "gw_log10_rho_14": -8.424441771470084,
    "gw_log10_rho_15": -8.359972482146372,
    "gw_log10_rho_16": -9.65058536068013,
    "gw_log10_rho_17": -9.759333813193964,
    "gw_log10_rho_18": -9.765261081721281,
    "gw_log10_rho_19": -8.380424267497036
}