{
    "gw_log10_rho_0": -6.922975451158534,
    "gw_log10_rho_1": -7.193332043483406,
    "gw_log10_rho_2": -7.372393191149329,
    "gw_log10_rho_3": -7.5806974180640845,
    "gw_log10_rho_4": -7.6476732330776045,
    "gw_log10_rho_5": -7.724332054537433,
    "gw_log10_rho_6": -7.798011375618357,
    "gw_log10_rho_7": -7.831084108393935,
    "gw_log10_rho_8": -7.895633734234035,
    "gw_log10_rho_9": -7.945333126640427,
    "gw_log10_rho_10": -7.933991603124742,
    "gw_log10_rho_11": -8.010112742303873,
    "gw_log10_rho_12": -8.067237821069943,
    "gw_log10_rho_13": -8.038247518483823,
    "gw_log10_rho_14": -8.053300994952162,
    "gw_log10_rho_15": -8.19320105792867,
    "gw_log10_rho_16": -8.244668377376176,
    "gw_log10_rho_17": -7.999238932033721,
    "gw_log10_rho_18": -9.99999343398354,
    "gw_log10_rho_19": -8.174212774947113
}