{
    "gw_log10_rho_0": -4.174959493778575,
    "gw_log10_rho_1": -4.561277618586106,
    "gw_log10_rho_2": -4.75013694478407,
    "gw_log10_rho_3": -4.878314145779514,
    "gw_log10_rho_4": -4.981302133635011,
    "gw_log10_rho_5": -5.057817699800861,
    "gw_log10_rho_6": -5.127643531671191,
    "gw_log10_rho_7": -5.188790008849831,
    "gw_log10_rho_8": -5.232864792162592,
    "gw_log10_rho_9": -5.286349791424068,
    "gw_log10_rho_10": -5.3287432357319595,
    "gw_log10_rho_11": -5.365774311216836,
    "gw_log10_rho_12": -5.4037096551170904,
    "gw_log10_rho_13": -5.437118644526097,
    "gw_log10_rho_14": -5.466800997913714,
    "gw_log10_rho_15": -5.494644370068785,
    "gw_log10_rho_16": -5.516801538562064,
    "gw_log10_rho_17": -5.542052742894338,
    "gw_log10_rho_18": -5.567739515360929,
    "gw_log10_rho_19": -5.590326396090708
}