{
    "cos_gwtheta": [
        -0.03447503380859229,
        -0.001153425152998766,
        0.03109904097888594
    ],
    "cos_inc": [
        -0.017311119019325028,
        0.009271773331133493,
        0.04215061386985841
    ],
    "gwphi": [
        3.0689698265733147,
        3.1480493756240184,
        3.2144761968266096
    ],
    "log10_Mc": [
        null,
        8.933592525753703,
        null
    ],
    "log10_fgw": [
        -7.670880829631095,
        -7.654829454490937,
        -7.638224583656291
    ],
    "log10_h": [
        -13.558871538170841,
        -13.500134396722899,
        -13.429392584030122
    ],
    "phase0": [
        1.490170075163395,
        2.747083734597033,
        4.227199323632477
    ],
    "psi": [
        0.010729242276763182,
        0.010729242276763182,
        0.07849257242196644
    ]
}