{
    "cos_gwtheta": [
        0.06920911179659495,
        0.12959042891506267,
        0.1963672749495049
    ],
    "cos_inc": [
        -0.061939498333867804,
        -0.013642888089052119,
        0.0272381008977014
    ],
    "gwphi": [
        3.098811925071287,
        3.1928588099668893,
        3.3086088221460925
    ],
    "log10_Mc": [
        null,
        9.411668857883262,
        null
    ],
    "log10_fgw": [
        -7.68297443167488,
        -7.658639166789594,
        -7.626192146942547
    ],
    "log10_h": [
        -14.071347783800027,
        -14.011957157123723,
        -13.958909218733238
    ]
}