{
    "cos_gwtheta": [
        0.9245312766320376,
        0.9281676210741917,
        0.9313647934822693
    ],
    "cos_inc": [
        -0.3016664986940337,
        -0.2843824246650166,
        -0.26815281669082025
    ],
    "gwphi": [
        1.2389819236527349,
        1.3108165727687384,
        1.38498351568721
    ],
    "log10_Mc": [
        null,
        8.388703616264516,
        null
    ],
    "log10_fgw": [
        -7.895794020529645,
        -7.884552889288784,
        -7.875681876080635
    ],
    "log10_h": [
        -13.587027952091356,
        -13.576357296091976,
        -13.566345322561693
    ],
    "phase0": [
        5.0814372927388485,
        5.756160473515539,
        6.266576064899387
    ],
    "psi": [
        0.5405049615433843,
        0.5665042207014022,
        0.5954930587548508
    ]
}