{
    "cos_gwtheta": [
        0.12338354760814652,
        0.14820047932785851,
        0.1739858766756569
    ],
    "cos_inc": [
        0.013899610912660343,
        0.03759490695984491,
        0.056267237024677064
    ],
    "gwphi": [
        3.1063961291528956,
        3.164747493337024,
        3.2322955399197375
    ],
    "log10_Mc": [
        null,
        9.746071738278738,
        null
    ],
    "log10_fgw": [
        -7.661589111210656,
        -7.6601148187128265,
        -7.65728909142532
    ],
    "log10_h": [
        -13.465822746811204,
        -13.433982436460056,
        -13.402327244192346
    ],
    "phase0": [
        0.016375384792542778,
        1.0107433538103103,
        2.063025629915956
    ],
    "psi": [
        1.5841143320581839,
        1.6059196824272692,
        1.63419629806718
    ]
}