{
    "cos_gwtheta": [
        0.08581502866724444,
        0.11678568183709481,
        0.15304878839672986
    ],
    "cos_inc": [
        -0.010931548500965782,
        0.01624327217572752,
        0.050260673598350625
    ],
    "gwphi": [
        3.064107023185267,
        3.1483546237269078,
        3.2309923975066077
    ],
    "log10_Mc": [
        null,
        9.316004175499796,
        null
    ],
    "log10_fgw": [
        -7.689206679680143,
        -7.665550495295171,
        -7.641401473735512
    ],
    "log10_h": [
        -13.43907865378958,
        -13.380961951774765,
        -13.380961951774765
    ],
    "phase0": [
        2.2897928391736686,
        3.0573522718582766,
        4.4333657001689835
    ],
    "psi": [
        1.5379204534390067,
        1.577458489972721,
        1.6302764777085992
    ]
}