{
    "cos_gwtheta": [
        null,
        0.11722108565618161,
        null
    ],
    "cos_inc": [
        0.048184343223571235,
        0.10915237462411531,
        0.17556063036501557
    ],
    "gwphi": [
        2.9443561919489176,
        3.18435502504212,
        3.287129644955238
    ],
    "log10_Mc": [
        null,
        8.264410622034445,
        null
    ],
    "log10_fgw": [
        -7.671075217136374,
        -7.650365310558008,
        -7.624828282897465
    ],
    "log10_h": [
        -14.17044871231763,
        -14.098325599460377,
        -14.021161623876543
    ]
}