{
    "cos_gwtheta": [
        0.033032977364742644,
        0.09800011307261491,
        0.16571510346299512
    ],
    "cos_inc": [
        -0.3395701998917078,
        -0.17721733409397733,
        -0.05831657349758601
    ],
    "gwphi": [
        3.083627350679839,
        3.2214032160657973,
        3.3666264255266727
    ],
    "log10_Mc": [
        null,
        8.331269086290147,
        null
    ],
    "log10_fgw": [
        -7.673651447810019,
        -7.642687168107102,
        -7.6169774328386195
    ],
    "log10_h": [
        -14.499805375886162,
        -14.370172386407214,
        -14.24274403960648
    ],
    "phase0": [
        null,
        4.074004957833439,
        null
    ],
    "psi": [
        null,
        0.19010576645532365,
        null
    ]
}