{
    "cos_gwtheta": [
        null,
        -0.8852131983733104,
        null
    ],
    "cos_inc": [
        0.00896252947313736,
        0.08046057110490135,
        0.16402733587655371
    ],
    "gwphi": [
        3.2179953218357786,
        3.4006806445091975,
        3.5197523280374083
    ],
    "log10_Mc": [
        null,
        9.459385165337512,
        null
    ],
    "log10_fgw": [
        -7.684321633805563,
        -7.664203541831025,
        -7.636360102538264
    ],
    "log10_h": [
        -14.33567613969904,
        -14.2435335860937,
        -14.167885687146105
    ],
    "phase0": [
        null,
        2.813153171898812,
        null
    ],
    "psi": [
        null,
        0.009864944051045623,
        null
    ]
}