{
    "cos_gwtheta": [
        -0.01199140250652686,
        0.0037469007307253666,
        0.020364438785701267
    ],
    "cos_inc": [
        null,
        -0.026102865186009683,
        null
    ],
    "gwphi": [
        3.099527317087495,
        3.139777849521323,
        3.1825440402322656
    ],
    "log10_Mc": [
        null,
        9.49754621638978,
        null
    ],
    "log10_fgw": [
        -7.679259389669442,
        -7.651624447497653,
        -7.6237989195177835
    ],
    "log10_h": [
        -12.72715307803293,
        -12.672227974653165,
        -12.613964881565234
    ],
    "phase0": [
        1.0459607045251091,
        1.2988098468845826,
        1.53828515030934
    ],
    "psi": [
        1.5269745259295648,
        1.5612049298948292,
        1.5954353338600937
    ]
}