{
    "cos_gwtheta": [
        0.3734490267787822,
        0.41884943944580577,
        0.45934169939207026
    ],
    "cos_inc": [
        0.32603379950499023,
        0.4480426372622306,
        0.7747054429394906
    ],
    "gwphi": [
        1.4904202627399528,
        1.5642162999093392,
        1.6398805911842795
    ],
    "log10_Mc": [
        8.018836340812747,
        8.4746246397217,
        9.508898174898604
    ],
    "log10_fgw": [
        -7.771807934881843,
        -7.741630129079537,
        -7.718036571815916
    ],
    "log10_h": [
        -14.448672206280166,
        -14.290656722009771,
        -14.204992649951095
    ],
    "phase0": [
        0.019761409449225584,
        2.3924709369328014,
        4.215421542829872
    ],
    "psi": [
        null,
        1.4065138045741685,
        null
    ]
}