{
    "cos_gwtheta": [
        -0.032257532204632566,
        -0.01285039849705788,
        0.0035070427707550866
    ],
    "cos_inc": [
        0.015176960637256487,
        0.037799255286420363,
        0.05740524398236235
    ],
    "gwphi": [
        3.0962357077343445,
        3.1490213187604295,
        3.1972452103151245
    ],
    "log10_Mc": [
        8.536315410810175,
        9.3446418043806,
        9.9946833740194
    ],
    "log10_fgw": [
        -7.656957845105611,
        -7.656957845105611,
        -7.642913817160892
    ],
    "log10_h": [
        -13.551509400924093,
        -13.501012332572735,
        -13.460133753431158
    ],
    "phase0": [
        0.019846395137825025,
        3.202842293988456,
        4.329229262708317
    ],
    "psi": [
        0.009879724025454511,
        0.009879724025454511,
        0.07485316962248842
    ]
}