{
    "cos_gwtheta": [
        0.21452186813761565,
        0.3081791627190418,
        0.4034261143513549
    ],
    "cos_inc": [
        -0.19527574264941755,
        -0.10214506167371318,
        -0.015212219361890988
    ],
    "gwphi": [
        3.3305565805045,
        3.4499839263372305,
        3.581269306507962
    ],
    "log10_Mc": [
        null,
        9.89904470612152,
        null
    ],
    "log10_fgw": [
        -7.673270116517441,
        -7.653733317254967,
        -7.634196517992494
    ],
    "log10_h": [
        -14.272828986481922,
        -14.164014021495904,
        -14.069674441760318
    ]
}