{
    "cos_gwtheta": [
        0.11764895152135468,
        0.13359501491956804,
        0.1495410783177813
    ],
    "cos_inc": [
        -0.010062473955234075,
        0.021712976223054348,
        0.050984906084265535
    ],
    "gwphi": [
        3.1282396732010254,
        3.213139157549818,
        3.306235833490908
    ],
    "log10_Mc": [
        null,
        9.841776354371355,
        null
    ],
    "log10_fgw": [
        -7.666977035477192,
        -7.660458173662531,
        -7.648099498138904
    ],
    "log10_h": [
        -13.487362133219262,
        -13.44621002535682,
        -13.424139621140089
    ],
    "phase0": [
        0.28772046475021396,
        1.4914831528704346,
        2.766459617039283
    ],
    "psi": [
        3.080510397167166,
        3.1332991508315535,
        3.1332991508315535
    ]
}