{
    "cos_gwtheta": [
        null,
        -0.001765721062960246,
        null
    ],
    "cos_inc": [
        -0.0024181991000138403,
        0.039464361230767575,
        0.07582603860885506
    ],
    "gwphi": [
        3.0304555976133614,
        3.1192873663950373,
        3.233673479620757
    ],
    "log10_Mc": [
        null,
        9.918064845636938,
        null
    ],
    "log10_fgw": [
        -7.689355922966719,
        -7.664767978243987,
        -7.633610735312891
    ],
    "log10_h": [
        -13.990915238725417,
        -13.939404303643041,
        -13.888737810119393
    ]
}