{
    "cos_gwtheta": [
        -0.3361025460424415,
        -0.2971980193757846,
        -0.2573208795424613
    ],
    "cos_inc": [
        -0.018062465649075654,
        0.010815847510356691,
        0.04782159012184484
    ],
    "gwphi": [
        2.6747854394863237,
        2.7261943785518072,
        2.788426252157392
    ],
    "log10_Mc": [
        null,
        8.006289141940602,
        null
    ],
    "log10_fgw": [
        -7.682914800360629,
        -7.660388773751793,
        -7.631052553051913
    ],
    "log10_h": [
        -13.923364308816659,
        -13.865384211638423,
        -13.798127298911671
    ]
}