{
    "cos_gwtheta": [
        -0.030223739684276718,
        0.0013764120442139038,
        0.027654432955274588
    ],
    "cos_inc": [
        -0.061503370427076154,
        -0.034422277142878765,
        -0.004105832006144533
    ],
    "gwphi": [
        3.0662566178416757,
        3.137297004169194,
        3.2175038919583283
    ],
    "log10_Mc": [
        null,
        9.994674138499455,
        null
    ],
    "log10_fgw": [
        -7.651161429610501,
        -7.651161429610501,
        -7.639487231390673
    ],
    "log10_h": [
        -12.691275666278095,
        -12.664111168437628,
        -12.664111168437628
    ],
    "phase0": [
        1.6134012143849366,
        1.8375922626509955,
        2.0863521929188145
    ],
    "psi": [
        1.5407397515952677,
        1.558748155358378,
        1.5739786670516467
    ]
}