{
    "cos_gwtheta": [
        -0.10316884667903947,
        -0.06174914387446995,
        -0.021639154992574516
    ],
    "cos_inc": [
        -0.022927411948872156,
        0.012728990523856898,
        0.05674502802607739
    ],
    "gwphi": [
        3.1789568274993805,
        3.247058772590634,
        3.328938567844858
    ],
    "log10_Mc": [
        null,
        9.822659248758022,
        null
    ],
    "log10_fgw": [
        -7.681999424674686,
        -7.658351722535375,
        -7.634047139781083
    ],
    "log10_h": [
        -14.00717870312684,
        -13.960449207610152,
        -13.90631911325598
    ]
}