{
    "cos_gwtheta": [
        -0.014507065366179961,
        0.006992337614632471,
        0.032538687038891956
    ],
    "cos_inc": [
        -0.04321253608446307,
        -0.018996886615108233,
        0.0020549091547328313
    ],
    "gwphi": [
        3.0373197689682048,
        3.125563771617344,
        3.2058816662441054
    ],
    "log10_Mc": [
        null,
        8.618184997584361,
        null
    ],
    "log10_fgw": [
        -7.6576412023491045,
        -7.652100936431049,
        -7.646652245156267
    ],
    "log10_h": [
        -13.57302782238807,
        -13.527525636659906,
        -13.490974700583182
    ],
    "phase0": [
        null,
        5.846045390537216,
        null
    ],
    "psi": [
        1.5578806185192215,
        1.592486046146612,
        1.6297534297453402
    ]
}