{
    "cos_gwtheta": [
        -0.012647443760180122,
        -0.007101147019788756,
        -0.001983427754791267
    ],
    "cos_inc": [
        null,
        -0.024205993182447316,
        null
    ],
    "gwphi": [
        3.1519507326394445,
        3.1519507326394445,
        3.173239745074631
    ],
    "log10_Mc": [
        null,
        8.006291207863342,
        null
    ],
    "log10_fgw": [
        -7.655211759050553,
        -7.6498634886807695,
        -7.6498634886807695
    ],
    "log10_h": [
        -12.716131311462773,
        -12.6795128688672,
        -12.6795128688672
    ],
    "phase0": [
        3.404200498447716,
        3.6326680410872085,
        3.8758930565766208
    ],
    "psi": [
        1.5173244552924243,
        1.5508124977626858,
        1.5793393487558713
    ]
}