{
    "cos_gwtheta": [
        -0.017088915983050137,
        -0.0015189684257460173,
        0.014342915648257543
    ],
    "cos_inc": [
        -0.0571544719436031,
        -0.039837411037775106,
        -0.020824973539768143
    ],
    "gwphi": [
        3.094360530198499,
        3.141010480241916,
        3.1924862871863766
    ],
    "log10_Mc": [
        null,
        9.994687360587228,
        null
    ],
    "log10_fgw": [
        -7.659585775179958,
        -7.650515775175806,
        -7.6414976037431055
    ],
    "log10_h": [
        -12.696233601214471,
        -12.672262995629165,
        -12.672262995629165
    ],
    "phase0": [
        3.922521838413725,
        4.2084284534783505,
        4.466463668961205
    ],
    "psi": [
        3.089526310330541,
        3.1323080270696346,
        3.1323080270696346
    ]
}