{
    "cos_gwtheta": [
        0.23093869913720835,
        0.24705250710851134,
        0.2637594613855065
    ],
    "cos_inc": [
        -0.10099430533850473,
        -0.08291229340633866,
        -0.06501669396831856
    ],
    "gwphi": [
        4.643985453331023,
        4.663641829118563,
        4.680366038352162
    ],
    "log10_Mc": [
        null,
        8.541610920642336,
        null
    ],
    "log10_fgw": [
        -7.8195074523674295,
        -7.8195074523674295,
        -7.8049815690023525
    ],
    "log10_h": [
        -13.318373119763976,
        -13.274555371554204,
        -13.274555371554204
    ],
    "phase0": [
        0.019749676701123927,
        0.019749676701123927,
        0.700083153661161
    ],
    "psi": [
        2.0804226828374732,
        2.0945500845756104,
        2.1146207380794464
    ]
}