{
    "cos_gwtheta": [
        -0.0144373521046407,
        0.012270949169927325,
        0.044208847896858416
    ],
    "cos_inc": [
        -0.11694758127459204,
        -0.0837150264611689,
        -0.04831940594983064
    ],
    "gwphi": [
        3.065873391719359,
        3.1655156843064134,
        3.242382595730713
    ],
    "log10_Mc": [
        null,
        9.105825364007151,
        null
    ],
    "log10_fgw": [
        -7.665881770551946,
        -7.642283611541943,
        -7.615969117681866
    ],
    "log10_h": [
        -13.68113254801866,
        -13.624671617773492,
        -13.58092990807806
    ],
    "phase0": [
        2.1374272565385963,
        4.073962660733705,
        5.473265662474687
    ],
    "psi": [
        1.5489527497186961,
        1.5960924353568529,
        1.6441105002305032
    ]
}