{
    "cos_gwtheta": [
        -0.11058702458550917,
        0.018415512322799588,
        0.12037226849165916
    ],
    "cos_inc": [
        null,
        -0.2982881502581085,
        null
    ],
    "gwphi": [
        3.296456590290523,
        3.468943636982518,
        3.616522806895886
    ],
    "log10_Mc": [
        null,
        8.627568852903295,
        null
    ],
    "log10_fgw": [
        -7.676076066310729,
        -7.649288218276042,
        -7.617908167721123
    ],
    "log10_h": [
        -14.762088651874247,
        -14.522611750274445,
        -14.42258409060622
    ],
    "phase0": [
        null,
        4.584727372409766,
        null
    ],
    "psi": [
        null,
        0.009880529143513074,
        null
    ]
}