{
    "cos_gwtheta": [
        0.10643355812112554,
        0.13887030998902106,
        0.16748197319324964
    ],
    "cos_inc": [
        -0.10118672615088964,
        -0.06245044276810274,
        -0.02625745071852914
    ],
    "gwphi": [
        3.1275661191208073,
        3.1741553223024574,
        3.2234690402900528
    ],
    "log10_Mc": [
        null,
        9.153539656746458,
        null
    ],
    "log10_fgw": [
        -7.656623634142721,
        -7.656623634142721,
        -7.639897074475998
    ],
    "log10_h": [
        -13.52956401386876,
        -13.480338478838124,
        -13.45717352117665
    ],
    "phase0": [
        2.570550871067462,
        3.32685635731468,
        4.741497064676432
    ],
    "psi": [
        3.0774070260482698,
        3.133229112147772,
        3.133229112147772
    ]
}