{
    "cos_gwtheta": [
        -0.026878127058926116,
        -0.0036775547083234272,
        0.019227468949915005
    ],
    "cos_inc": [
        -0.052511466517196626,
        -0.03846583421118843,
        -0.02414835095732215
    ],
    "gwphi": [
        3.1123926808425577,
        3.1360133555507996,
        3.163885751706525
    ],
    "log10_Mc": [
        null,
        8.436446129469129,
        null
    ],
    "log10_fgw": [
        -7.662268608477331,
        -7.654156937346017,
        -7.6386095676776655
    ],
    "log10_h": [
        -12.696481242834459,
        -12.655713391971386,
        -12.655713391971386
    ],
    "phase0": [
        6.165814982782569,
        6.278001542564976,
        6.278001542564976
    ],
    "psi": [
        3.0836314198549672,
        3.1332989945567244,
        3.1332989945567244
    ]
}