{
    "cos_gwtheta": [
        null,
        -0.9936700881000148,
        null
    ],
    "cos_inc": [
        -0.38109931943839226,
        -0.009066339376368693,
        0.6439300831376267
    ],
    "gwphi": [
        null,
        3.353241525512265,
        null
    ],
    "log10_Mc": [
        null,
        9.220343178723464,
        null
    ],
    "log10_fgw": [
        null,
        -7.651458493192743,
        null
    ],
    "log10_h": [
        -15.4108233603892,
        -14.46319023740984,
        -14.279284329568371
    ],
    "phase0": [
        null,
        1.6417239823682483,
        null
    ],
    "psi": [
        null,
        1.3915550123945528,
        null
    ]
}