{
    "cos_gwtheta": [
        0.12842884325050297,
        0.17031692419195033,
        0.20774543758069597
    ],
    "cos_inc": [
        0.07088635257818454,
        0.10492830447795487,
        0.1449193353505006
    ],
    "gwphi": [
        3.132031398919128,
        3.2215771862387,
        3.3204264319810846
    ],
    "log10_Mc": [
        null,
        9.765180918162566,
        null
    ],
    "log10_fgw": [
        -7.680905363947215,
        -7.663354460583438,
        -7.641844706836856
    ],
    "log10_h": [
        -13.96778778860188,
        -13.931452945508715,
        -13.89139145184189
    ]
}