{
    "cos_gwtheta": [
        0.9510038419176329,
        0.9948008333333328,
        0.9948008333333328
    ],
    "cos_inc": [
        null,
        0.3446039369517615,
        null
    ],
    "gwphi": [
        2.9206421661694253,
        3.144726693772244,
        3.8144973455269304
    ],
    "log10_Mc": [
        null,
        9.650498887501644,
        null
    ],
    "log10_fgw": [
        -7.677316797269415,
        -7.658995501998161,
        -7.6406742067269064
    ],
    "log10_h": [
        -14.743724756530897,
        -14.546396605609278,
        -14.403386741392962
    ],
    "phase0": [
        0.6277903286577847,
        2.5724538552659393,
        4.905050581367721
    ],
    "psi": [
        null,
        1.6770378000509285,
        null
    ]
}