{
    "cos_gwtheta": [
        -0.032613906568607964,
        -0.009650886367174372,
        0.014747322596848855
    ],
    "cos_inc": [
        0.015068649577855586,
        0.03396858287212501,
        0.053455470616527334
    ],
    "gwphi": [
        3.0631144168027524,
        3.1303417471122836,
        3.216032921661757
    ],
    "log10_Mc": [
        null,
        8.407787104223823,
        null
    ],
    "log10_fgw": [
        -7.675588472768526,
        -7.654159228730975,
        -7.6325821968035115
    ],
    "log10_h": [
        -12.716661573844616,
        -12.667130927059784,
        -12.617902296413881
    ],
    "phase0": [
        3.5684148368514803,
        3.673833572613795,
        3.929354705798995
    ],
    "psi": [
        1.5368538613181368,
        1.5688762531803793,
        1.6014990648900385
    ]
}