{
    "cos_gwtheta": [
        -0.04108351276522282,
        -0.015261771877426722,
        0.016757186823440295
    ],
    "cos_inc": [
        0.014462966957037526,
        0.04785053655574645,
        0.09057867622076077
    ],
    "gwphi": [
        3.0599340328987705,
        3.146473860977296,
        3.236872152728113
    ],
    "log10_Mc": [
        null,
        8.646847135779158,
        null
    ],
    "log10_fgw": [
        -7.6571494570041825,
        -7.6571494570041825,
        -7.646223264546086
    ],
    "log10_h": [
        -13.551019086171816,
        -13.51481084949851,
        -13.469061253161293
    ],
    "phase0": [
        null,
        6.08599910406329,
        null
    ],
    "psi": [
        3.0805056146282133,
        3.133296642690854,
        3.133296642690854
    ]
}