{
    "cos_gwtheta": [
        -0.04625269137773613,
        -0.027636741298523504,
        -0.004366803699507704
    ],
    "cos_inc": [
        -0.08932487855082294,
        -0.06439729289104579,
        -0.04383445958414789
    ],
    "gwphi": [
        3.126420732665969,
        3.1887301782250197,
        3.2436298518797506
    ],
    "log10_Mc": [
        null,
        8.417310981645535,
        null
    ],
    "log10_fgw": [
        -7.653516625728393,
        -7.652358306802481,
        -7.651079918231809
    ],
    "log10_h": [
        -13.538331598261848,
        -13.505415140192525,
        -13.469668760388736
    ],
    "phase0": [
        0.019748427477531708,
        0.41015435818988216,
        1.4333302214008101
    ],
    "psi": [
        0.009911497388193724,
        0.009911497388193724,
        0.07478452565392117
    ]
}