{
    "cos_gwtheta": [
        0.07163650348820139,
        0.11956308043737074,
        0.16998745944252291
    ],
    "cos_inc": [
        0.007912965181339326,
        0.05149945913137244,
        0.08640809908230396
    ],
    "gwphi": [
        3.0742004620427537,
        3.168116631423291,
        3.27876499190036
    ],
    "log10_Mc": [
        null,
        9.239628763533322,
        null
    ],
    "log10_fgw": [
        -7.667425801254577,
        -7.649796211790373,
        -7.632406480686226
    ],
    "log10_h": [
        -13.935018026095056,
        -13.89307624074876,
        -13.847993440640847
    ]
}