{
    "cos_gwtheta": [
        0.2321366995341374,
        0.2795985639988898,
        0.3257153553816454
    ],
    "cos_inc": [
        -0.026779331461691647,
        0.011857256222872148,
        0.04388037394341149
    ],
    "gwphi": [
        3.214533235255762,
        3.3219892211691464,
        3.404783177528639
    ],
    "log10_Mc": [
        null,
        9.52639313511062,
        null
    ],
    "log10_fgw": [
        -7.6803815610426955,
        -7.6515881499046525,
        -7.630540334745264
    ],
    "log10_h": [
        -13.952016470577288,
        -13.907043407697405,
        -13.85876723850431
    ]
}