{
    "cos_gwtheta": [
        null,
        0.16000345425146034,
        null
    ],
    "cos_inc": [
        -0.028622725624279144,
        0.05127117013351912,
        0.1341387840957018
    ],
    "gwphi": [
        3.074323912714917,
        3.2287532896863884,
        3.3657470918384997
    ],
    "log10_Mc": [
        null,
        9.994635864117022,
        null
    ],
    "log10_fgw": [
        -7.681134580754486,
        -7.65016491264886,
        -7.623401001940294
    ],
    "log10_h": [
        -14.426888113671941,
        -14.320007880380068,
        -14.212302317101386
    ],
    "phase0": [
        null,
        0.14050731980490966,
        null
    ],
    "psi": [
        null,
        0.09985886608819547,
        null
    ]
}