{
    "cos_gwtheta": [
        -0.42577194045126215,
        -0.37227971593657794,
        -0.31055791841963476
    ],
    "cos_inc": [
        -0.07811504203650843,
        -0.018071739775084694,
        0.040987246055823934
    ],
    "gwphi": [
        2.62573698016134,
        2.726215622756095,
        2.8385152821267043
    ],
    "log10_Mc": [
        null,
        8.503224527526207,
        null
    ],
    "log10_fgw": [
        -7.681642094526111,
        -7.659563217836583,
        -7.629894727285031
    ],
    "log10_h": [
        -14.273528729566674,
        -14.191103206426831,
        -14.121401086187769
    ],
    "phase0": [
        null,
        2.6029987744550427,
        null
    ],
    "psi": [
        null,
        3.1032527564031502,
        null
    ]
}