{
    "cos_gwtheta": [
        -0.02705509343003132,
        3.567606235344023e-05,
        0.030651956653062307
    ],
    "cos_inc": [
        -0.06833684015564279,
        -0.043885341091119745,
        -0.01807542541190099
    ],
    "gwphi": [
        3.0969880438683752,
        3.151248903790415,
        3.206976273440077
    ],
    "log10_Mc": [
        null,
        9.660224411547048,
        null
    ],
    "log10_fgw": [
        -7.6567479657815465,
        -7.650644251789164,
        -7.644499573273345
    ],
    "log10_h": [
        -12.673400254341516,
        -12.652878290022233,
        -12.652878290022233
    ],
    "phase0": [
        1.5417587148312761,
        1.768910858726338,
        2.0178366537201495
    ],
    "psi": [
        1.5700331373966054,
        1.5789615497124132,
        1.5911614413500437
    ]
}