{
    "cos_gwtheta": [
        -0.011307953045971137,
        -0.009915200157900032,
        -0.0033866709950667317
    ],
    "cos_inc": [
        -0.04946673842786942,
        -0.031093121488588893,
        -0.011832502352239649
    ],
    "gwphi": [
        3.112816151600085,
        3.14875844323749,
        3.14875844323749
    ],
    "log10_Mc": [
        null,
        9.009940652347092,
        null
    ],
    "log10_fgw": [
        -7.6548828716406305,
        -7.6508263630817,
        -7.646393754391478
    ],
    "log10_h": [
        -12.694003084343404,
        -12.65064914804077,
        -12.65064914804077
    ],
    "phase0": [
        null,
        0.827523555577613,
        null
    ],
    "psi": [
        1.5586781784415473,
        1.5635276491814394,
        1.5685424427874641
    ]
}