{
    "cos_gwtheta": [
        -0.012730936830446571,
        0.0068460003069538145,
        0.025214484534638038
    ],
    "cos_inc": [
        -0.017323274283176704,
        0.008438591541261586,
        0.029572577277477308
    ],
    "gwphi": [
        3.091443919982152,
        3.157565319628047,
        3.227236861536809
    ],
    "log10_Mc": [
        null,
        8.732919398391228,
        null
    ],
    "log10_fgw": [
        -7.6689769311429,
        -7.655641290542104,
        -7.640615216625715
    ],
    "log10_h": [
        -12.70352951807026,
        -12.657442561124139,
        -12.609351823441232
    ],
    "phase0": [
        2.534665919366175,
        2.767882935773347,
        2.996897843776786
    ],
    "psi": [
        3.08831703605048,
        3.1332989884711697,
        3.1332989884711697
    ]
}