{
    "cos_gwtheta": [
        0.12030315624172228,
        0.14621027990147617,
        0.18030862648306378
    ],
    "cos_inc": [
        -0.10441714413888947,
        -0.07591938377170071,
        -0.04329436155822952
    ],
    "gwphi": [
        3.176973335457878,
        3.2748820717778937,
        3.35148125960473
    ],
    "log10_Mc": [
        null,
        8.054057572884586,
        null
    ],
    "log10_fgw": [
        -7.680272384746903,
        -7.655134121340082,
        -7.632590775446223
    ],
    "log10_h": [
        -13.466881712776928,
        -13.404589365909029,
        -13.404589365909029
    ],
    "phase0": [
        null,
        4.885236221344562,
        null
    ],
    "psi": [
        1.4975457074655925,
        1.5483687206514631,
        1.5889061240259077
    ]
}