{
    "cos_gwtheta": [
        -0.06910193038332246,
        -0.039471737537970286,
        -0.007180150125670304
    ],
    "cos_inc": [
        0.020830440036288866,
        0.047052089843673484,
        0.07814966626813402
    ],
    "gwphi": [
        3.134674372353417,
        3.1886239447728224,
        3.24944607418833
    ],
    "log10_Mc": [
        null,
        8.149672172361289,
        null
    ],
    "log10_fgw": [
        -7.679843640339817,
        -7.653552572014355,
        -7.632647521158346
    ],
    "log10_h": [
        -13.56087097899233,
        -13.519518770659648,
        -13.490039968679913
    ],
    "phase0": [
        null,
        1.1305491357718027,
        null
    ],
    "psi": [
        1.5182945171626274,
        1.5498615920766592,
        1.5821340764859766
    ]
}