{
    "cos_gwtheta": [
        -0.41029279844609257,
        -0.2764727268426027,
        -0.1456352719910481
    ],
    "cos_inc": [
        -0.1686153948423752,
        -0.009007294865827853,
        0.13469962454020423
    ],
    "gwphi": [
        3.589625259383112,
        3.833221577960585,
        4.2173542341789085
    ],
    "log10_Mc": [
        8.480577872106705,
        9.057873739422504,
        9.95394510632743
    ],
    "log10_fgw": [
        -7.703203325654006,
        -7.66185435682632,
        -7.624481250385912
    ],
    "log10_h": [
        -14.584517694588238,
        -14.40170172746816,
        -14.28635040812756
    ],
    "phase0": [
        0.5914255013903807,
        1.7315385448544227,
        5.148754077867195
    ],
    "psi": [
        0.7899438240534126,
        1.8419141675181858,
        3.1331390487187125
    ]
}