{
    "cos_gwtheta": [
        -0.5845731093736307,
        -0.45830142210478664,
        -0.35788063144216253
    ],
    "cos_inc": [
        -0.8636958509153783,
        -0.3533594398385781,
        -0.18536790600145459
    ],
    "gwphi": [
        3.4509482407606886,
        3.594578300192564,
        3.761938543356662
    ],
    "log10_Mc": [
        null,
        8.006284243099124,
        null
    ],
    "log10_fgw": [
        -7.688418830573797,
        -7.659261856104655,
        -7.622567704561856
    ],
    "log10_h": [
        -14.840700478934924,
        -14.731398716314187,
        -14.463245058684649
    ],
    "phase0": [
        null,
        1.3412046535229736,
        null
    ],
    "psi": [
        null,
        2.8930136612144994,
        null
    ]
}