{
    "cos_gwtheta": [
        -0.8524387788431018,
        -0.8472068348421827,
        -0.8412379973200075
    ],
    "cos_inc": [
        -0.2259276472824422,
        -0.20439108503178982,
        -0.18480500389063048
    ],
    "gwphi": [
        4.438273371051412,
        4.4771474434995095,
        4.514810904694897
    ],
    "log10_Mc": [
        null,
        9.994720180302924,
        null
    ],
    "log10_fgw": [
        -7.838824863035355,
        -7.837845831923912,
        -7.83696364741522
    ],
    "log10_h": [
        -13.37297326454798,
        -13.328960543434718,
        -13.328960543434718
    ],
    "phase0": [
        4.070931394171514,
        4.746052207185355,
        5.59289796529087
    ],
    "psi": [
        1.4477946911919877,
        1.4963926321827088,
        1.542300029727577
    ]
}