{
    "cos_gwtheta": [
        0.3174813263572185,
        0.32354994828781397,
        0.32862026877528117
    ],
    "cos_inc": [
        0.32682453010214885,
        0.3574121547220046,
        0.3848583476241454
    ],
    "gwphi": [
        2.1792325266600816,
        2.207811281061291,
        2.24132957326024
    ],
    "log10_Mc": [
        null,
        8.503438651564789,
        null
    ],
    "log10_fgw": [
        -7.850199485929968,
        -7.847644736947108,
        -7.847644736947108
    ],
    "log10_h": [
        -13.378069312498775,
        -13.344382016274412,
        -13.307974627808331
    ],
    "phase0": [
        0.5784518852959455,
        1.2758325032698383,
        1.987558707943924
    ],
    "psi": [
        0.9051843343238712,
        0.9176576253774646,
        0.9290172297298442
    ]
}