{
    "cos_gwtheta": [
        0.17674278174896152,
        0.202079715867296,
        0.22108241645604698
    ],
    "cos_inc": [
        -0.0011953326734720493,
        0.0212482602880667,
        0.04369185324960534
    ],
    "gwphi": [
        4.714856609423876,
        4.804387648828227,
        4.875444029307871
    ],
    "log10_Mc": [
        null,
        8.006291856645154,
        null
    ],
    "log10_fgw": [
        -7.882979089209379,
        -7.882979089209379,
        -7.8605983904856105
    ],
    "log10_h": [
        -13.243530777906752,
        -13.217124657845115,
        -13.217124657845115
    ],
    "phase0": [
        2.587361587760091,
        3.139875750916434,
        3.654039455613175
    ],
    "psi": [
        2.1363701836008238,
        2.164041944032135,
        2.164041944032135
    ]
}