{
    "cos_gwtheta": [
        -0.016916130316379063,
        0.005469719309162291,
        0.03509804969590835
    ],
    "cos_inc": [
        -0.05329509915507058,
        -0.023583589199411947,
        0.004911660114787053
    ],
    "gwphi": [
        3.113484763870064,
        3.172016165725515,
        3.220957676881485
    ],
    "log10_Mc": [
        null,
        8.42707395627616,
        null
    ],
    "log10_fgw": [
        -7.657513535368903,
        -7.657513535368903,
        -7.639804349276205
    ],
    "log10_h": [
        -13.56726824916178,
        -13.51468309678728,
        -13.458292439964627
    ],
    "phase0": [
        null,
        3.9843923318167906,
        null
    ],
    "psi": [
        0.009866502442200723,
        0.009866502442200723,
        0.08015074673320004
    ]
}