{
    "cos_gwtheta": [
        -0.04045471903446629,
        -0.012826127112575803,
        0.017493561425083404
    ],
    "cos_inc": [
        0.02817577574945057,
        0.04857333115021778,
        0.07237047911777955
    ],
    "gwphi": [
        3.044810042718098,
        3.141189421018971,
        3.226588870146327
    ],
    "log10_Mc": [
        null,
        9.249151052815161,
        null
    ],
    "log10_fgw": [
        -7.679522031868661,
        -7.650563266944631,
        -7.623700202113787
    ],
    "log10_h": [
        -13.514022729890169,
        -13.463568998990548,
        -13.425873682801175
    ],
    "phase0": [
        null,
        5.275121881017,
        null
    ],
    "psi": [
        1.4837432415518317,
        1.5227921387780585,
        1.5755691639353806
    ]
}