{
    "cos_gwtheta": [
        0.7683350203422683,
        0.8006549297022276,
        0.8309078681147477
    ],
    "cos_inc": [
        -0.20549405798069353,
        -0.16242605715027714,
        -0.12593068295261511
    ],
    "gwphi": [
        4.1555690615488,
        4.266306676719626,
        4.364863154221662
    ],
    "log10_Mc": [
        null,
        9.99466421351412,
        null
    ],
    "log10_fgw": [
        -7.745100952684155,
        -7.733474543927881,
        -7.712159461208044
    ],
    "log10_h": [
        -13.995282893790838,
        -13.95585698415231,
        -13.919814641385747
    ],
    "phase0": [
        1.3072813529034255,
        2.24184127222468,
        5.658982153700125
    ],
    "psi": [
        2.4857406789701892,
        2.5590560554258888,
        2.6198744927130035
    ]
}