{
    "cos_gwtheta": [
        0.30695496100296604,
        0.37747945500744007,
        0.433126179043847
    ],
    "cos_inc": [
        -0.054340348346571865,
        -8.27945660678564e-05,
        0.05183270653326333
    ],
    "gwphi": [
        3.24376166783519,
        3.346230138453265,
        3.4643768450129038
    ],
    "log10_Mc": [
        null,
        8.03496613697177,
        null
    ],
    "log10_fgw": [
        -7.691813522939444,
        -7.664668073143899,
        -7.641424781756462
    ],
    "log10_h": [
        -14.23474302441855,
        -14.16980099207514,
        -14.108500569022013
    ],
    "phase0": [
        null,
        1.3119059362756014,
        null
    ],
    "psi": [
        null,
        3.133292763245316,
        null
    ]
}