{
    "cos_gwtheta": [
        -0.0004809118726309958,
        0.012283410205346734,
        0.02285474302763657
    ],
    "cos_inc": [
        -0.06936609402324101,
        -0.02847183407613929,
        0.011012278976234802
    ],
    "gwphi": [
        3.0524645235921137,
        3.124933989212254,
        3.2056484838550445
    ],
    "log10_Mc": [
        null,
        8.417332302263585,
        null
    ],
    "log10_fgw": [
        -7.673378179122202,
        -7.6514172840878345,
        -7.629304934604953
    ],
    "log10_h": [
        -12.727318663684775,
        -12.650925144639949,
        -12.578752262006436
    ],
    "phase0": [
        1.7993996242435324,
        2.0391583137887137,
        2.2339622490441737
    ],
    "psi": [
        0.009867372409098737,
        0.009867372409098737,
        0.05484772945430115
    ]
}