{
    "cos_gwtheta": [
        -0.05459508294558213,
        -0.01904311151720972,
        0.021222933470725902
    ],
    "cos_inc": [
        -0.14765948167314258,
        -0.10324728228098412,
        -0.05864447259100525
    ],
    "gwphi": [
        3.08240099471258,
        3.1747139335138965,
        3.2748704553506185
    ],
    "log10_Mc": [
        null,
        9.793869186514431,
        null
    ],
    "log10_fgw": [
        -7.6756350166711576,
        -7.6511550418338965,
        -7.62310134804229
    ],
    "log10_h": [
        -14.061493674078369,
        -13.97661244491311,
        -13.91069404354009
    ]
}