{
    "cos_gwtheta": [
        -0.023574994845646624,
        -0.004127774454476096,
        0.019530945894018048
    ],
    "cos_inc": [
        -0.010290932911762418,
        0.02067595070903716,
        0.05545865885183099
    ],
    "gwphi": [
        3.1009969494112375,
        3.1292670258741935,
        3.1599953698556673
    ],
    "log10_Mc": [
        null,
        8.24533070045237,
        null
    ],
    "log10_fgw": [
        -7.6679651547375896,
        -7.65251348746245,
        -7.638656831002809
    ],
    "log10_h": [
        -12.7075119635611,
        -12.65231596414056,
        -12.597754401494967
    ],
    "phase0": [
        1.863917084539498,
        2.1117968260887903,
        2.3801437022614182
    ],
    "psi": [
        3.089555416544553,
        3.13328771518891,
        3.13328771518891
    ]
}