{
    "cos_gwtheta": [
        -0.05832169132793685,
        -0.03079010621853262,
        0.004827678713214101
    ],
    "cos_inc": [
        -0.0678154733909756,
        -0.030492508844121358,
        -0.0018584884245770317
    ],
    "gwphi": [
        3.0644350076660407,
        3.1502125399693157,
        3.2571236671878903
    ],
    "log10_Mc": [
        null,
        9.2680696379701,
        null
    ],
    "log10_fgw": [
        -7.675801912556608,
        -7.656866670929002,
        -7.637931429301396
    ],
    "log10_h": [
        -13.51185302965187,
        -13.467394874514635,
        -13.443551394664498
    ],
    "phase0": [
        null,
        3.8383053605157804,
        null
    ],
    "psi": [
        1.5266789988570977,
        1.5585581750304853,
        1.5986858093746097
    ]
}