{
    "cos_gwtheta": [
        -0.054092057286241,
        -0.02788926280952797,
        0.006084015546485966
    ],
    "cos_inc": [
        -0.025907564959431584,
        0.0035137226156058965,
        0.03546796872359359
    ],
    "gwphi": [
        2.8827356444532253,
        2.9840130080444753,
        3.062141259957725
    ],
    "log10_Mc": [
        null,
        8.121093176482333,
        null
    ],
    "log10_fgw": [
        -7.681343559875419,
        -7.657320691837529,
        -7.632289871294553
    ],
    "log10_h": [
        -13.478503863931019,
        -13.41633262261513,
        -13.41633262261513
    ],
    "phase0": [
        null,
        5.696149676861452,
        null
    ],
    "psi": [
        1.576772345771047,
        1.620066835670482,
        1.6633613255699171
    ]
}