{
    "cos_gwtheta": [
        0.8674746085481905,
        0.8741609754343203,
        0.880145686536103
    ],
    "cos_inc": [
        0.015234873803729232,
        0.02606792780962064,
        0.037947653700139305
    ],
    "gwphi": [
        2.9983859447462664,
        3.0934841139522518,
        3.1639139610709703
    ],
    "log10_Mc": [
        null,
        8.073344380673154,
        null
    ],
    "log10_fgw": [
        -7.878512464649052,
        -7.874245605425663,
        -7.868421003946115
    ],
    "log10_h": [
        -13.322335627557,
        -13.296483114707929,
        -13.296483114707929
    ],
    "phase0": [
        0.019746085634369047,
        0.3800487581825627,
        0.9382993461515144
    ],
    "psi": [
        1.625157945714487,
        1.6695973268982212,
        1.7432659093141436
    ]
}