{
    "cos_gwtheta": [
        0.07331189569215679,
        0.13854004578806522,
        0.1959093826194065
    ],
    "cos_inc": [
        -0.05285904201424063,
        -0.009459947893046494,
        0.025600455654643084
    ],
    "gwphi": [
        3.0594484083308937,
        3.157456765537261,
        3.251307192437904
    ],
    "log10_Mc": [
        null,
        9.124675854248972,
        null
    ],
    "log10_fgw": [
        -7.675397915466,
        -7.650886937565913,
        -7.6258653142929065
    ],
    "log10_h": [
        -14.002298645183334,
        -13.931732473352824,
        -13.862037488828864
    ]
}