{
    "cos_gwtheta": [
        -0.02340258278093621,
        -0.007574394581212451,
        0.009058616747310788
    ],
    "cos_inc": [
        -0.061991577162150535,
        -0.028961052152296718,
        0.008377802206668394
    ],
    "gwphi": [
        3.1174886698369297,
        3.1368913857627607,
        3.1533542962452845
    ],
    "log10_Mc": [
        null,
        9.946778517430346,
        null
    ],
    "log10_fgw": [
        -7.669642512996521,
        -7.650346677771262,
        -7.630918679291036
    ],
    "log10_h": [
        -12.71571878765685,
        -12.669035294879457,
        -12.631596058097585
    ],
    "phase0": [
        3.45833337641583,
        3.6878752336612934,
        3.931591986473708
    ],
    "psi": [
        0.0024234010145348524,
        0.0024234010145348524,
        0.018476599368649867
    ]
}