{
    "cos_gwtheta": [
        -0.9696439537238548,
        -0.9696439537238548,
        -0.9563524949912434
    ],
    "cos_inc": [
        null,
        0.012828823889461716,
        null
    ],
    "gwphi": [
        null,
        1.4416898459933887,
        null
    ],
    "log10_Mc": [
        null,
        8.503241124250073,
        null
    ],
    "log10_fgw": [
        -7.667442050780199,
        -7.658031839869437,
        -7.658031839869437
    ],
    "log10_h": [
        null,
        -13.039374379268807,
        null
    ],
    "phase0": [
        null,
        0.8906211887961787,
        null
    ],
    "psi": [
        null,
        2.9487785101690465,
        null
    ]
}