{
    "cos_gwtheta": [
        0.007038321085501904,
        0.009048977857421807,
        0.010711927067280372
    ],
    "cos_inc": [
        -0.04799520570056451,
        -0.043013996150610884,
        -0.03898547695174129
    ],
    "gwphi": [
        3.0959420949624725,
        3.1287715404388514,
        3.1534858420896086
    ],
    "log10_Mc": [
        null,
        9.010106711875633,
        null
    ],
    "log10_fgw": [
        -7.6554004347497635,
        -7.6554004347497635,
        -7.644460019813143
    ],
    "log10_h": [
        -12.663537381933162,
        -12.656564794656143,
        -12.652866626818607
    ],
    "phase0": [
        3.0957695847232083,
        3.3342506737952307,
        3.5889222221253534
    ],
    "psi": [
        1.5657730677731312,
        1.570730840829604,
        1.5748515872661528
    ]
}