{
    "cos_gwtheta": [
        0.07526685149685103,
        0.08595623403496228,
        0.09333699816841994
    ],
    "cos_inc": [
        0.025526169616088785,
        0.025526169616088785,
        0.03857728910869324
    ],
    "gwphi": [
        3.1074212142355364,
        3.117316982926968,
        3.1292773364533026
    ],
    "log10_Mc": [
        null,
        8.84746012728517,
        null
    ],
    "log10_fgw": [
        -7.653726705645097,
        -7.65317707388273,
        -7.652688512316181
    ],
    "log10_h": [
        -12.695381062260797,
        -12.661294398775434,
        -12.661294398775434
    ],
    "phase0": [
        null,
        5.2817938201611705,
        null
    ],
    "psi": [
        1.5652109827355216,
        1.5684478590324067,
        1.5720810875289102
    ]
}