{
    "cos_gwtheta": [
        -0.011058911064707966,
        -0.0014732516293176068,
        0.007991070344865236
    ],
    "cos_inc": [
        0.010240300387166081,
        0.010240300387166081,
        0.03120963904231546
    ],
    "gwphi": [
        3.1442546020975723,
        3.1442546020975723,
        3.1807760534729566
    ],
    "log10_Mc": [
        null,
        9.937229506894171,
        null
    ],
    "log10_fgw": [
        -7.65361962507174,
        -7.649459570373102,
        -7.644974972400103
    ],
    "log10_h": [
        -12.695510492597888,
        -12.656404055897847,
        -12.656404055897847
    ],
    "phase0": [
        2.8144849538028,
        3.071419972751729,
        3.316726467136159
    ],
    "psi": [
        0.009864524737128256,
        0.009864524737128256,
        0.05953209934316089
    ]
}