{
    "cos_gwtheta": [
        -0.017955250828099234,
        0.016437331756985807,
        0.044105107691355894
    ],
    "cos_inc": [
        -0.06529171924835797,
        -0.03357964343758579,
        -0.002580198543909562
    ],
    "gwphi": [
        3.0494971128381962,
        3.1263867047156477,
        3.2179998354632495
    ],
    "log10_Mc": [
        null,
        9.707877212583014,
        null
    ],
    "log10_fgw": [
        -7.6654232239306195,
        -7.6477618763971575,
        -7.629978726466914
    ],
    "log10_h": [
        -13.548649912984214,
        -13.492046334242996,
        -13.440833572524753
    ],
    "phase0": [
        null,
        2.693534252640963,
        null
    ],
    "psi": [
        1.5341130167694155,
        1.5772480628478378,
        1.6269971493249513
    ]
}