{
    "cos_gwtheta": [
        -0.0014556852397270004,
        0.009635462260695504,
        0.023215008238776813
    ],
    "cos_inc": [
        -0.01288095915164697,
        0.010305104372374904,
        0.03645326411752733
    ],
    "gwphi": [
        3.1466999212942794,
        3.1466999212942794,
        3.1786150181496957
    ],
    "log10_Mc": [
        null,
        9.841768326585683,
        null
    ],
    "log10_fgw": [
        -7.665650293625051,
        -7.651779317507636,
        -7.637619362721107
    ],
    "log10_h": [
        -12.693183158724345,
        -12.667863916945358,
        -12.667863916945358
    ],
    "phase0": [
        3.9063365031043995,
        4.144810998771468,
        4.388023398325962
    ],
    "psi": [
        1.5248417991344452,
        1.5733126438524678,
        1.6203744523868269
    ]
}