{
    "cos_gwtheta": [
        -0.967292079257299,
        -0.967292079257299,
        -0.95365232352476
    ],
    "cos_inc": [
        -0.0180760281645872,
        -0.004701989974432885,
        0.013687312537029261
    ],
    "gwphi": [
        1.3931362007945087,
        1.4600482173724136,
        1.5359676207973445
    ],
    "log10_Mc": [
        null,
        9.124715394764298,
        null
    ],
    "log10_fgw": [
        -7.65845294822544,
        -7.653929577266017,
        -7.649467748768627
    ],
    "log10_h": [
        -13.059704259490276,
        -13.036460491713202,
        -13.036460491713202
    ],
    "phase0": [
        0.005269025125781145,
        0.005269025125781145,
        0.2414427201012047
    ],
    "psi": [
        2.9107844355329653,
        2.9672841559403347,
        3.036747015661949
    ]
}