{
    "cos_gwtheta": [
        -0.0033212764599463715,
        -0.0033212764599463715,
        0.010306837514246481
    ],
    "cos_inc": [
        0.03157440554352349,
        0.04221814512952478,
        0.05677013284476093
    ],
    "gwphi": [
        3.1241976038074606,
        3.1335124984008593,
        3.143735200518191
    ],
    "log10_Mc": [
        null,
        8.006361089879928,
        null
    ],
    "log10_fgw": [
        -7.652605996341966,
        -7.651250711580124,
        -7.651250711580124
    ],
    "log10_h": [
        -12.69670713710622,
        -12.653934171710116,
        -12.616609991714789
    ],
    "phase0": [
        2.9041487764793956,
        3.1018104365217685,
        3.3059263548512394
    ],
    "psi": [
        1.5617172675766202,
        1.567000342804185,
        1.5733777693288882
    ]
}