{
    "cos_gwtheta": [
        0.18857224298012942,
        0.2174460825208424,
        0.24698368848777863
    ],
    "cos_inc": [
        0.05690766956504323,
        0.08779478737294277,
        0.12532850015216268
    ],
    "gwphi": [
        3.2109208287520214,
        3.2539906136534342,
        3.2988987430323466
    ],
    "log10_Mc": [
        null,
        9.096054629384327,
        null
    ],
    "log10_fgw": [
        -7.664835147588937,
        -7.664835147588937,
        -7.654233251503196
    ],
    "log10_h": [
        -13.48985564633922,
        -13.435811994239053,
        -13.373312532626613
    ],
    "phase0": [
        null,
        0.4944552340607461,
        null
    ],
    "psi": [
        1.5480058969765225,
        1.5927893031252651,
        1.6413531266761743
    ]
}