{
    "cos_gwtheta": [
        -0.005236577919735974,
        0.0053297395874944975,
        0.016743145840030282
    ],
    "cos_inc": [
        -0.050603357097061624,
        -0.02871136262278652,
        -0.011784562771542884
    ],
    "gwphi": [
        3.042223789138688,
        3.1254652346775815,
        3.20984697399098
    ],
    "log10_Mc": [
        null,
        8.245350198754632,
        null
    ],
    "log10_fgw": [
        -7.647181556523187,
        -7.646148818368621,
        -7.644929308420144
    ],
    "log10_h": [
        -13.517805749706051,
        -13.48819582391897,
        -13.460358947580218
    ],
    "phase0": [
        3.3161895266692683,
        4.4985781281868125,
        5.5818629934675155
    ],
    "psi": [
        0.009865583278357534,
        0.009865583278357534,
        0.05922065281428825
    ]
}