{
    "cos_gwtheta": [
        -0.04555532085357472,
        -0.018138234350139393,
        0.009955817252146226
    ],
    "cos_inc": [
        -0.08448625539322063,
        -0.0503971721545603,
        -0.016860884860310787
    ],
    "gwphi": [
        3.0969787014459844,
        3.1736274618185982,
        3.2512283807051574
    ],
    "log10_Mc": [
        null,
        8.264459954532814,
        null
    ],
    "log10_fgw": [
        -7.683032391790068,
        -7.6554766303928,
        -7.6277308292617585
    ],
    "log10_h": [
        -13.498459084624004,
        -13.4347334562962,
        -13.4347334562962
    ],
    "phase0": [
        null,
        6.266538564460696,
        null
    ],
    "psi": [
        null,
        0.00986538224358981,
        null
    ]
}