{
    "cos_gwtheta": [
        0.18964134607005334,
        0.2269208834064439,
        0.270463383015348
    ],
    "cos_inc": [
        -0.013654995208137732,
        0.028037199935747825,
        0.06397190146452547
    ],
    "gwphi": [
        3.1811973586711733,
        3.277545334312897,
        3.379462557101541
    ],
    "log10_Mc": [
        null,
        8.006353648924955,
        null
    ],
    "log10_fgw": [
        -7.681798004138647,
        -7.6579001375038,
        -7.635876613350116
    ],
    "log10_h": [
        -13.507354352018938,
        -13.449701764506166,
        -13.38449943339053
    ],
    "phase0": [
        3.520327711506752,
        4.254997051138146,
        5.997962576284053
    ],
    "psi": [
        0.009868703775897268,
        0.009868703775897268,
        0.059848577751572776
    ]
}