{
    "cos_gwtheta": [
        -0.042223396964614635,
        -0.022032353224055168,
        0.0048406186608620505
    ],
    "cos_inc": [
        -0.007717812281614708,
        0.004756509325343647,
        0.016287394844380798
    ],
    "gwphi": [
        3.143021543305363,
        3.143021543305363,
        3.2138053105739823
    ],
    "log10_Mc": [
        null,
        8.073484980144908,
        null
    ],
    "log10_fgw": [
        -7.676459752834258,
        -7.676459752834258,
        -7.653794922767319
    ],
    "log10_h": [
        -13.516178829093047,
        -13.461902774337283,
        -13.417762609325063
    ],
    "phase0": [
        2.5158753076249285,
        4.104358677821085,
        4.831450554702062
    ],
    "psi": [
        1.5287568288934432,
        1.5486695429989055,
        1.5747523938694405
    ]
}