{
    "cos_gwtheta": [
        -0.004914370054040718,
        0.009479913968954423,
        0.024061136745495038
    ],
    "cos_inc": [
        null,
        -0.011205067947119507,
        null
    ],
    "gwphi": [
        3.0965003167539433,
        3.151965011204958,
        3.1970624730483066
    ],
    "log10_Mc": [
        null,
        9.096044830050054,
        null
    ],
    "log10_fgw": [
        -7.653422941129383,
        -7.644038879765856,
        -7.644038879765856
    ],
    "log10_h": [
        -12.697995757149268,
        -12.661779094756323,
        -12.661779094756323
    ],
    "phase0": [
        4.1172517411109855,
        4.399948071242433,
        4.814943787660562
    ],
    "psi": [
        1.5589079796365655,
        1.577647044302618,
        1.5973421836965307
    ]
}