{
    "cos_gwtheta": [
        -0.5140285257010847,
        -0.5073366477324347,
        -0.501809873517255
    ],
    "cos_inc": [
        -0.09326286229798608,
        -0.07883048030469975,
        -0.060057532298394944
    ],
    "gwphi": [
        4.187517063824499,
        4.19619890851843,
        4.204252203370266
    ],
    "log10_Mc": [
        null,
        9.69841297770764,
        null
    ],
    "log10_fgw": [
        -7.898331974406513,
        -7.8967574283213615,
        -7.894974923319304
    ],
    "log10_h": [
        -13.322182533501705,
        -13.289271348875145,
        -13.257243685983529
    ],
    "phase0": [
        2.6592320221736667,
        3.2124149723177418,
        3.691558872962644
    ],
    "psi": [
        0.6752797116637679,
        0.6892074067777674,
        0.7022121823360199
    ]
}