{
    "cos_gwtheta": [
        -0.049077114515754916,
        -0.01300993772536152,
        0.017172594430809762
    ],
    "cos_inc": [
        -0.05533175912953048,
        -0.01846846215410669,
        0.022100668908793697
    ],
    "gwphi": [
        3.046050728558903,
        3.1502501618730987,
        3.2408326237882807
    ],
    "log10_Mc": [
        8.5080219600203,
        9.889495718348474,
        9.97817408567927
    ],
    "log10_fgw": [
        -7.6786245890483675,
        -7.656013989372252,
        -7.630267613098719
    ],
    "log10_h": [
        -13.555508146721706,
        -13.506021772074273,
        -13.445065045687368
    ],
    "phase0": [
        null,
        5.9355798680727725,
        null
    ],
    "psi": [
        null,
        3.13328252868702,
        null
    ]
}