{
    "cos_gwtheta": [
        -0.11458769242696765,
        -0.060229709878765525,
        -0.01315332623888954
    ],
    "cos_inc": [
        -0.22327433562619514,
        -0.1522243074805677,
        -0.08306894675215704
    ],
    "gwphi": [
        3.15664353126467,
        3.2652922170816985,
        3.3960192454711717
    ],
    "log10_Mc": [
        8.00634320634963,
        8.398289585383628,
        9.475694700353797
    ],
    "log10_fgw": [
        -7.6721957777984375,
        -7.649932909037233,
        -7.623547286801731
    ],
    "log10_h": [
        -14.210328550806324,
        -14.149042100581923,
        -14.093363560835574
    ]
}