{
    "cos_gwtheta": [
        -0.21775260307764588,
        -0.09475975389599722,
        0.01889438137363597
    ],
    "cos_inc": [
        0.44057080817272054,
        0.6323658375925522,
        0.9947334888335372
    ],
    "gwphi": [
        3.5217692878243128,
        3.690485806690156,
        3.8908366728433443
    ],
    "log10_Mc": [
        null,
        8.790261222158396,
        null
    ],
    "log10_fgw": [
        -7.687520996378005,
        -7.6605718087875685,
        -7.62620183041136
    ],
    "log10_h": [
        -14.836438054307054,
        -14.679196662271172,
        -14.518792368671352
    ],
    "phase0": [
        null,
        5.6960632258374195,
        null
    ],
    "psi": [
        null,
        2.2773144036411463,
        null
    ]
}