{
    "cos_gwtheta": [
        -0.003539369310356033,
        0.02173796801244887,
        0.05584058259019864
    ],
    "cos_inc": [
        0.04712698467606102,
        0.06985638470013222,
        0.09307458902579635
    ],
    "gwphi": [
        2.9844285957246344,
        3.038614137242044,
        3.10660359998252
    ],
    "log10_Mc": [
        null,
        8.350314541249034,
        null
    ],
    "log10_fgw": [
        -7.655008755329465,
        -7.645630358184754,
        -7.6365645742782
    ],
    "log10_h": [
        -13.576603623049847,
        -13.53285682394124,
        -13.488927746503013
    ],
    "phase0": [
        0.09113673659639551,
        0.8607467163684499,
        2.3962185753617207
    ],
    "psi": [
        1.4996858272794835,
        1.5458525796571947,
        1.5851263794229558
    ]
}