{
    "cos_gwtheta": [
        -0.30342487918546435,
        -0.22402556847131927,
        -0.12698196648736404
    ],
    "cos_inc": [
        -0.07377458638595491,
        0.0012294908240473301,
        0.07568206746632888
    ],
    "gwphi": [
        null,
        3.3922841710226623,
        null
    ],
    "log10_Mc": [
        null,
        9.94697854246795,
        null
    ],
    "log10_fgw": [
        -7.68076348437178,
        -7.655219949562015,
        -7.631489181738749
    ],
    "log10_h": [
        -14.337754430073417,
        -14.255647038855072,
        -14.17846609110983
    ],
    "phase0": [
        null,
        2.7529219064629125,
        null
    ],
    "psi": [
        1.6027246589331794,
        1.6882865121641113,
        1.7678650190152578
    ]
}