{
    "cos_gwtheta": [
        -0.03702845569170565,
        -0.018198135958563177,
        0.0053089952115688566
    ],
    "cos_inc": [
        -0.013148162865322943,
        0.014743227478290266,
        0.04088144471459054
    ],
    "gwphi": [
        3.0718658209419663,
        3.1586432512095115,
        3.252891586069627
    ],
    "log10_Mc": [
        null,
        9.899051904793522,
        null
    ],
    "log10_fgw": [
        -7.661134109165916,
        -7.661134109165916,
        -7.65093869531482
    ],
    "log10_h": [
        -13.424635275886942,
        -13.37068780649142,
        -13.37068780649142
    ],
    "phase0": [
        5.336479621936184,
        6.116676284104217,
        6.266593977395111
    ],
    "psi": [
        0.009866249199483857,
        0.009866249199483857,
        0.06546890802446684
    ]
}