{
    "cos_gwtheta": [
        -0.4291805423131797,
        -0.3500890295410287,
        -0.24723203817147665
    ],
    "cos_inc": [
        -0.02453807761726856,
        0.04321972957870057,
        0.11097753677466993
    ],
    "gwphi": [
        null,
        2.3433421354014956,
        null
    ],
    "log10_Mc": [
        null,
        9.621863072528852,
        null
    ],
    "log10_fgw": [
        -7.6907206920428814,
        -7.667568935485013,
        -7.639020904842229
    ],
    "log10_h": [
        -14.30885439374864,
        -14.221802649423548,
        -14.150899634480501
    ],
    "phase0": [
        null,
        2.0320912241352778,
        null
    ],
    "psi": [
        null,
        1.2265876233159805,
        null
    ]
}