{
    "cos_gwtheta": [
        -0.0308341428442237,
        -0.012658510710388371,
        0.007185416160369162
    ],
    "cos_inc": [
        -0.008977647320157267,
        0.012329539492913488,
        0.02916221707523925
    ],
    "gwphi": [
        3.09192636526962,
        3.147349619770508,
        3.1977343965894973
    ],
    "log10_Mc": [
        null,
        8.21668055966716,
        null
    ],
    "log10_fgw": [
        -7.658274831105166,
        -7.655255616822256,
        -7.6536180768722035
    ],
    "log10_h": [
        -13.457443528223509,
        -13.426965751414889,
        -13.399232418963443
    ],
    "phase0": [
        null,
        0.01974596538054095,
        null
    ],
    "psi": [
        0.009865222409034886,
        0.009865222409034886,
        0.05953088839694384
    ]
}