{
    "cos_gwtheta": [
        null,
        0.65985516016795,
        null
    ],
    "cos_inc": [
        -0.9936770160261631,
        -0.7546551789303101,
        -0.39910522491418254
    ],
    "gwphi": [
        3.4552619778029117,
        3.6232368517212405,
        3.7649851653995334
    ],
    "log10_Mc": [
        null,
        9.994681840631081,
        null
    ],
    "log10_fgw": [
        -7.709311591314174,
        -7.670577540680172,
        -7.634028487774244
    ],
    "log10_h": [
        -14.908755353485363,
        -14.739892057307419,
        -14.514586782680956
    ],
    "phase0": [
        null,
        5.065197383140845,
        null
    ],
    "psi": [
        null,
        1.1210380179165844,
        null
    ]
}