{
    "cos_gwtheta": [
        -0.024374568188422985,
        -0.011648444370574785,
        -0.011648444370574785
    ],
    "cos_inc": [
        -0.08293716068642765,
        -0.029639492297799497,
        0.024231269299308522
    ],
    "gwphi": [
        3.146052161313646,
        3.146052161313646,
        3.1873586361989545
    ],
    "log10_Mc": [
        null,
        9.497753197239383,
        null
    ],
    "log10_fgw": [
        -7.673824719912471,
        -7.651626116560694,
        -7.629127532082543
    ],
    "log10_h": [
        -12.730747760544226,
        -12.684868763313682,
        -12.684868763313682
    ],
    "phase0": [
        1.8941158723781908,
        2.143886071856608,
        2.3882715074988408
    ],
    "psi": [
        3.094497270457401,
        3.1341352075152713,
        3.1341352075152713
    ]
}