{
    "cos_gwtheta": [
        -0.06368021547013725,
        -0.025838187207391505,
        0.006018622299511667
    ],
    "cos_inc": [
        -0.20084940570365062,
        -0.1524145510248971,
        -0.11185997032165496
    ],
    "gwphi": [
        3.1278527921256227,
        3.2291793282361887,
        3.3090290441928847
    ],
    "log10_Mc": [
        null,
        9.794053875428183,
        null
    ],
    "log10_fgw": [
        -7.676067675817069,
        -7.655557015586182,
        -7.627498432390329
    ],
    "log10_h": [
        -13.997122438424439,
        -13.936690871493457,
        -13.865199932836546
    ]
}