{
    "cos_gwtheta": [
        -0.7357384644268474,
        -0.6560572650635164,
        -0.5318890437231396
    ],
    "cos_inc": [
        0.049633717864309146,
        0.18025088614139073,
        0.5496433303639063
    ],
    "gwphi": [
        1.1308576971351882,
        1.3796417454338488,
        1.5461120592336934
    ],
    "log10_Mc": [
        null,
        9.296740154859473,
        null
    ],
    "log10_fgw": [
        -7.691765973592498,
        -7.667686585853702,
        -7.635887089068881
    ],
    "log10_h": [
        -14.675437963663338,
        -14.446064229439669,
        -14.312842111077437
    ],
    "phase0": [
        1.7868682601297707,
        2.362821869910377,
        6.266438038586088
    ],
    "psi": [
        null,
        0.8205148442990552,
        null
    ]
}