{
    "cos_gwtheta": [
        -0.12640115575463284,
        0.04364571316534116,
        0.09940483847894821
    ],
    "cos_inc": [
        -0.1065373899340808,
        -0.010918606842697187,
        0.06466576455334894
    ],
    "gwphi": [
        null,
        2.8485219092700187,
        null
    ],
    "log10_Mc": [
        null,
        9.736742460304576,
        null
    ],
    "log10_fgw": [
        -7.674350876856222,
        -7.658396474790041,
        -7.636708459481327
    ],
    "log10_h": [
        -14.306035707599026,
        -14.223602515383083,
        -14.160738547369666
    ],
    "phase0": [
        null,
        0.9807377630310926,
        null
    ],
    "psi": [
        null,
        0.100188437930775,
        null
    ]
}