{
    "cos_gwtheta": [
        -0.035775233869550616,
        -0.0019110253328333826,
        0.03178215184763766
    ],
    "cos_inc": [
        -0.009894741409957719,
        0.019848410443224496,
        0.04922661564790143
    ],
    "gwphi": [
        2.9917249939846555,
        3.02137785705368,
        3.0572907689928313
    ],
    "log10_Mc": [
        null,
        8.684998687079222,
        null
    ],
    "log10_fgw": [
        -7.680479416313173,
        -7.659286636729329,
        -7.63823901317003
    ],
    "log10_h": [
        -13.51343807252231,
        -13.475109925582249,
        -13.435331524433643
    ],
    "phase0": [
        0.6970752220587055,
        1.0406639525005301,
        3.2596224443720936
    ],
    "psi": [
        1.5734277660243572,
        1.601449969904627,
        1.6296399714129222
    ]
}