{
    "cos_gwtheta": [
        -0.005232662191720361,
        0.016395162602894864,
        0.040979308772313705
    ],
    "cos_inc": [
        -0.024892571734859703,
        -0.012205655828531115,
        0.005290010461647843
    ],
    "gwphi": [
        3.1250125680669933,
        3.137306044556021,
        3.1489672851113273
    ],
    "log10_Mc": [
        null,
        8.006309103252955,
        null
    ],
    "log10_fgw": [
        -7.652602558541628,
        -7.652602558541628,
        -7.647929228151868
    ],
    "log10_h": [
        -12.69078712151637,
        -12.667391642357146,
        -12.639897685097033
    ],
    "phase0": [
        5.169780713507812,
        5.280862965107508,
        5.4968217559270265
    ],
    "psi": [
        1.5580385205448306,
        1.564650507962468,
        1.5698724752979882
    ]
}