{
    "cos_gwtheta": [
        -0.050620668898030186,
        -0.0054992036943204425,
        0.03612304584053028
    ],
    "cos_inc": [
        -0.08445219082995026,
        -0.04260130176297794,
        -0.002510496815644636
    ],
    "gwphi": [
        3.0204140036946323,
        3.136100087068055,
        3.2190554736821677
    ],
    "log10_Mc": [
        null,
        9.010153107470682,
        null
    ],
    "log10_fgw": [
        -7.680178510633844,
        -7.6515665660517715,
        -7.623727917269214
    ],
    "log10_h": [
        -14.004946825977903,
        -13.941023657523573,
        -13.889621522065454
    ]
}