{
    "cos_gwtheta": [
        -0.10527642165838136,
        -0.023169035605099197,
        0.057592327725998205
    ],
    "cos_inc": [
        -0.25308075112057415,
        -0.1740413977043228,
        -0.1015565272542972
    ],
    "gwphi": [
        3.010851478060626,
        3.1382654442663633,
        3.232180902925052
    ],
    "log10_Mc": [
        null,
        9.077024192958724,
        null
    ],
    "log10_fgw": [
        -7.672705632034321,
        -7.647377865488825,
        -7.620643000801913
    ],
    "log10_h": [
        -14.290772544374045,
        -14.217451967205719,
        -14.146242715557946
    ],
    "phase0": [
        1.053296468587125,
        2.3326873490429207,
        5.494307098059904
    ],
    "psi": [
        1.5072572155150856,
        1.5944513831611058,
        1.6788528550462212
    ]
}