{
    "cos_gwtheta": [
        -0.22876034572233894,
        -0.15961947235565166,
        -0.08556802559644405
    ],
    "cos_inc": [
        null,
        0.41856266536766995,
        null
    ],
    "gwphi": [
        3.4820667197861086,
        3.6783905300458906,
        3.829217076340707
    ],
    "log10_Mc": [
        null,
        8.111515473429876,
        null
    ],
    "log10_fgw": [
        -7.683351936476705,
        -7.654167076126367,
        -7.627184846745865
    ],
    "log10_h": [
        -14.834069161390346,
        -14.687574313991604,
        -14.486315037658754
    ],
    "phase0": [
        null,
        6.115857947870978,
        null
    ],
    "psi": [
        null,
        1.106309505386331,
        null
    ]
}