{
    "cos_gwtheta": [
        0.07474460651362635,
        0.08975275710511732,
        0.10485711379014351
    ],
    "cos_inc": [
        0.012707072310126544,
        0.031696392040995953,
        0.05324385847136072
    ],
    "gwphi": [
        3.099241386226445,
        3.118948606077444,
        3.1403910528335617
    ],
    "log10_Mc": [
        null,
        8.293092996284521,
        null
    ],
    "log10_fgw": [
        -7.658049636412341,
        -7.650413473827842,
        -7.642618224522834
    ],
    "log10_h": [
        -12.669093362906576,
        -12.645565770446172,
        -12.645565770446172
    ],
    "phase0": [
        4.707535328891382,
        4.9038021428861,
        5.127827158527326
    ],
    "psi": [
        0.009866447485739623,
        0.009866447485739623,
        0.05328634696362936
    ]
}