{
    "cos_gwtheta": [
        -0.0926219914007308,
        -0.05698425755734082,
        -0.023216725489988654
    ],
    "cos_inc": [
        0.012319555379237679,
        0.05855247526078111,
        0.10675275343515644
    ],
    "gwphi": [
        3.215948398321822,
        3.2733458123752124,
        3.3426401449778513
    ],
    "log10_Mc": [
        null,
        8.723173442419714,
        null
    ],
    "log10_fgw": [
        -7.657968979187583,
        -7.657968979187583,
        -7.637227363215812
    ],
    "log10_h": [
        -14.045502846676515,
        -14.000940028852334,
        -13.958172782442315
    ]
}