{
    "cos_gwtheta": [
        -0.0825546750888092,
        -0.04812108945858595,
        -0.020663273331037235
    ],
    "cos_inc": [
        0.022433858553015273,
        0.056516351514419916,
        0.09485915609600026
    ],
    "gwphi": [
        3.122097655428684,
        3.2206308563730817,
        3.3034637121120536
    ],
    "log10_Mc": [
        null,
        8.818848712745112,
        null
    ],
    "log10_fgw": [
        -7.669968505221658,
        -7.6482322034627765,
        -7.627824231255827
    ],
    "log10_h": [
        -13.636631162911605,
        -13.59322566422298,
        -13.553895799214034
    ],
    "phase0": [
        null,
        5.4856835313002685,
        null
    ],
    "psi": [
        null,
        1.5717371765661619,
        null
    ]
}