{
    "cos_gwtheta": [
        -0.0713432062764604,
        -0.029748047484503326,
        0.014157953462562434
    ],
    "cos_inc": [
        0.0282402438962146,
        0.07506923503493734,
        0.12850937786383287
    ],
    "gwphi": [
        3.112078737923565,
        3.2173593796706657,
        3.3122845484590355
    ],
    "log10_Mc": [
        null,
        8.226046766192164,
        null
    ],
    "log10_fgw": [
        -7.669954848351564,
        -7.641047558227749,
        -7.612533564568203
    ],
    "log10_h": [
        -14.144888800242105,
        -14.061935326668161,
        -13.980922285224601
    ]
}