{
    "cos_gwtheta": [
        0.695083096703397,
        0.7284213363466199,
        0.7689401199129984
    ],
    "cos_inc": [
        0.03533349961794513,
        0.06396590674354535,
        0.09389443106413159
    ],
    "gwphi": [
        0.5911382133251719,
        0.6211138735506492,
        0.6518986454274567
    ],
    "log10_Mc": [
        null,
        8.082868059972197,
        null
    ],
    "log10_fgw": [
        -7.754234214680363,
        -7.744905949293938,
        -7.732729358598682
    ],
    "log10_h": [
        -13.975829079226832,
        -13.926482874325467,
        -13.886916998323471
    ],
    "phase0": [
        null,
        5.726160630246317,
        null
    ],
    "psi": [
        0.8993297573413312,
        0.9292889122972295,
        0.9640899508823639
    ]
}