{
    "cos_gwtheta": [
        -0.08247245542913928,
        -0.017991846175702153,
        0.04805668062797053
    ],
    "cos_inc": [
        0.025674763384955668,
        0.07507947676575011,
        0.13255428277049908
    ],
    "gwphi": [
        3.0723297563082355,
        3.203571476279004,
        3.317092795241062
    ],
    "log10_Mc": [
        8.511188694709146,
        9.832193990861217,
        9.994659944038432
    ],
    "log10_fgw": [
        -7.669603667484751,
        -7.648642558604896,
        -7.627538857147627
    ],
    "log10_h": [
        -14.1180716767424,
        -14.065112745667676,
        -14.00596882994189
    ]
}