{
    "cos_gwtheta": [
        -0.18822089537084508,
        0.3446253227082967,
        0.5440450080565724
    ],
    "cos_inc": [
        -0.36155049135285544,
        -0.08554469364497308,
        0.11648836865416845
    ],
    "gwphi": [
        3.08658572527361,
        3.443302833202564,
        4.414123123433027
    ],
    "log10_Mc": [
        null,
        9.7461156377299,
        null
    ],
    "log10_fgw": [
        -7.695427548113023,
        -7.642934147506271,
        -7.599587324277968
    ],
    "log10_h": [
        -14.683993755780524,
        -14.366782639131978,
        -14.207679884700106
    ],
    "phase0": [
        null,
        4.885340860931546,
        null
    ],
    "psi": [
        null,
        3.1332949288702103,
        null
    ]
}