{
    "cos_gwtheta": [
        0.6051526264260124,
        0.6173406237220105,
        0.6327227168610977
    ],
    "cos_inc": [
        -0.03043198685411097,
        -0.02414235306515205,
        -0.018900991574352946
    ],
    "gwphi": [
        3.2075149780940593,
        3.2507440709260096,
        3.2975299878517275
    ],
    "log10_Mc": [
        null,
        9.91810871647256,
        null
    ],
    "log10_fgw": [
        -7.879110020589657,
        -7.86776138339617,
        -7.853722698867929
    ],
    "log10_h": [
        -13.17684218167446,
        -13.136730301179961,
        -13.095372710111098
    ],
    "phase0": [
        0.006054276020785462,
        0.0612479537620988,
        0.423264819225088
    ],
    "psi": [
        0.4384221844503875,
        0.4520480749149344,
        0.46359895667929646
    ]
}