{
    "cos_gwtheta": [
        -0.9983174311449063,
        -0.9983174311449063,
        -0.9911493893372388
    ],
    "cos_inc": [
        0.37022100409644654,
        0.38905666087042956,
        0.4052323203137356
    ],
    "gwphi": [
        3.573964643791456,
        3.6962642624650766,
        3.7995691174754924
    ],
    "log10_Mc": [
        null,
        9.660193440638498,
        null
    ],
    "log10_fgw": [
        -7.849041052405431,
        -7.849041052405431,
        -7.83107671795626
    ],
    "log10_h": [
        -13.491165037962231,
        -13.461477725300897,
        -13.421684093435703
    ],
    "phase0": [
        0.7197688319203801,
        1.4443045996964645,
        2.0188610262853453
    ],
    "psi": [
        1.6274909529247308,
        1.7340791372977131,
        1.8303115975965434
    ]
}