{
    "cos_gwtheta": [
        null,
        0.004041079912684542,
        null
    ],
    "cos_inc": [
        0.005348597353600604,
        0.12759120936193236,
        0.2048800866317163
    ],
    "gwphi": [
        2.9963717359696127,
        3.184019840500901,
        3.309324331355676
    ],
    "log10_Mc": [
        null,
        9.440091392898118,
        null
    ],
    "log10_fgw": [
        -7.684706311089939,
        -7.655550544123524,
        -7.625803781880762
    ],
    "log10_h": [
        -14.321713446903107,
        -14.239677413709657,
        -14.161685410321521
    ],
    "phase0": [
        null,
        6.265815978734654,
        null
    ],
    "psi": [
        1.7476710750408877,
        1.842550328943393,
        1.9266478494478865
    ]
}