{
    "cos_gwtheta": [
        0.030058109400445843,
        0.08715056460855919,
        0.13057543205473032
    ],
    "cos_inc": [
        0.12580752292333952,
        0.19065375015413055,
        0.2603105283664344
    ],
    "gwphi": [
        3.113647525577049,
        3.2244157926101087,
        3.3208742835192804
    ],
    "log10_Mc": [
        null,
        9.99463178624935,
        null
    ],
    "log10_fgw": [
        -7.675920378913252,
        -7.6464438211039525,
        -7.62107159412886
    ],
    "log10_h": [
        -14.168255617699518,
        -14.109498900583617,
        -14.05709426099376
    ]
}