{
    "cos_gwtheta": [
        -0.6885740184279365,
        -0.5537842546460283,
        -0.3700884703768791
    ],
    "cos_inc": [
        0.01157176525290149,
        0.19172630755178832,
        0.7379564705705985
    ],
    "gwphi": [
        1.9412236951392892,
        2.2416740498232444,
        2.7307647519387057
    ],
    "log10_Mc": [
        null,
        8.436432681302602,
        null
    ],
    "log10_fgw": [
        -7.6849048364595,
        -7.650754338562625,
        -7.613824148976469
    ],
    "log10_h": [
        -14.801101045579042,
        -14.470397042599556,
        -14.325143074440057
    ],
    "phase0": [
        null,
        0.7408694214458372,
        null
    ],
    "psi": [
        null,
        1.4065545699679858,
        null
    ]
}