{
    "cos_gwtheta": [
        -0.07305137388076899,
        -0.032054146493924685,
        0.0049872080748908365
    ],
    "cos_inc": [
        0.06269871729414478,
        0.10698350586657013,
        0.15670677724613558
    ],
    "gwphi": [
        3.1079060379960843,
        3.1885745110104233,
        3.2933314863832113
    ],
    "log10_Mc": [
        null,
        9.57412030435299,
        null
    ],
    "log10_fgw": [
        -7.674129723882509,
        -7.650031073962901,
        -7.620090327093085
    ],
    "log10_h": [
        -14.046989820754588,
        -13.995171302385545,
        -13.948534635853406
    ]
}