{
    "cos_gwtheta": [
        -0.021891234408169313,
        0.030999176615066792,
        0.11617849024799409
    ],
    "cos_inc": [
        -0.08704032920995408,
        -0.006742246040374655,
        0.06445802475038542
    ],
    "gwphi": [
        3.0125856352511247,
        3.172824978786952,
        3.3068773478927995
    ],
    "log10_Mc": [
        null,
        8.694774398275502,
        null
    ],
    "log10_fgw": [
        -7.685067899229793,
        -7.653487094961092,
        -7.629194168600551
    ],
    "log10_h": [
        -14.288660464810894,
        -14.21497828280463,
        -14.1563537674209
    ],
    "phase0": [
        null,
        3.023422231010137,
        null
    ],
    "psi": [
        null,
        0.0098649321866638,
        null
    ]
}