{
    "cos_gwtheta": [
        0.011599714917182258,
        0.06877962824905426,
        0.14482097132581462
    ],
    "cos_inc": [
        null,
        -0.9936838309418454,
        null
    ],
    "gwphi": [
        2.6458674571214966,
        2.8132844611420875,
        2.9750792523410916
    ],
    "log10_Mc": [
        null,
        9.258555868661226,
        null
    ],
    "log10_fgw": [
        -7.671981949638379,
        -7.644956212664298,
        -7.609901090067483
    ],
    "log10_h": [
        -14.77883515389862,
        -14.604405364570606,
        -14.45699006864987
    ],
    "phase0": [
        null,
        3.23355181756581,
        null
    ],
    "psi": [
        null,
        1.181000379523791,
        null
    ]
}