{
    "cos_gwtheta": [
        -0.011653278162773506,
        0.003547858598285325,
        0.01693146813791313
    ],
    "cos_inc": [
        -0.03857825586354724,
        -0.01250529739137829,
        0.016696416097450872
    ],
    "gwphi": [
        3.105777614866189,
        3.160133597156318,
        3.220566645789442
    ],
    "log10_Mc": [
        null,
        8.904929764418615,
        null
    ],
    "log10_fgw": [
        -7.671868210047764,
        -7.650071896511855,
        -7.630091942437271
    ],
    "log10_h": [
        -12.698434618024496,
        -12.681727924929733,
        -12.660957441622733
    ],
    "phase0": [
        4.152952966888726,
        4.429412779736558,
        4.689646960227632
    ],
    "psi": [
        3.089410944534515,
        3.133141181746968,
        3.133141181746968
    ]
}