{
    "cos_gwtheta": [
        0.07852379114274421,
        0.1430679096963262,
        0.21351320480337843
    ],
    "cos_inc": [
        0.05416891099526533,
        0.09668789701671043,
        0.14503913333313245
    ],
    "gwphi": [
        3.061818044772241,
        3.1821631125558607,
        3.3142341100209607
    ],
    "log10_Mc": [
        null,
        9.832038425827017,
        null
    ],
    "log10_fgw": [
        -7.681647749366707,
        -7.651570081508789,
        -7.625132386194184
    ],
    "log10_h": [
        -14.09041245858557,
        -14.020573053903208,
        -13.948679549083131
    ]
}