{
    "cos_gwtheta": [
        -0.4162616631624792,
        -0.408236953444703,
        -0.4007035524851581
    ],
    "cos_inc": [
        0.10277753060950873,
        0.11566279114056185,
        0.13096403802118745
    ],
    "gwphi": [
        4.772562649620567,
        4.8325713760539495,
        4.880131483705938
    ],
    "log10_Mc": [
        null,
        8.207148089206902,
        null
    ],
    "log10_fgw": [
        -7.9152040542063515,
        -7.913736458460297,
        -7.911933671093231
    ],
    "log10_h": [
        -13.314222288671841,
        -13.271609618656736,
        -13.271609618656736
    ],
    "phase0": [
        2.804062258760164,
        3.4461213020676595,
        4.132060589469671
    ],
    "psi": [
        1.1041373221659736,
        1.1132333452867984,
        1.1212268201505535
    ]
}