{
    "cos_gwtheta": [
        null,
        0.11256738908576214,
        null
    ],
    "cos_inc": [
        0.03927535088041356,
        0.08232886178498733,
        0.131280113909366
    ],
    "gwphi": [
        2.986557945259245,
        3.1102389229930822,
        3.212906142374083
    ],
    "log10_Mc": [
        null,
        9.727035697062888,
        null
    ],
    "log10_fgw": [
        -7.676558828346369,
        -7.64753456526586,
        -7.622207660539556
    ],
    "log10_h": [
        -14.036082766884098,
        -13.980357514113036,
        -13.934975205985088
    ]
}