{
    "cos_gwtheta": [
        -0.016894176477362244,
        -0.003405815745758045,
        0.010970999884335142
    ],
    "cos_inc": [
        -0.01720003830314143,
        0.013265551489977656,
        0.0447551947215209
    ],
    "gwphi": [
        3.1118095647372557,
        3.1400763821549154,
        3.173054335808851
    ],
    "log10_Mc": [
        null,
        8.65638341760062,
        null
    ],
    "log10_fgw": [
        -7.671210461589503,
        -7.650329044112228,
        -7.629303616859247
    ],
    "log10_h": [
        -12.701242656598238,
        -12.659315205831634,
        -12.659315205831634
    ],
    "phase0": [
        4.072957941235664,
        4.459993992109757,
        4.869268055686884
    ],
    "psi": [
        0.009619622309803955,
        0.009619622309803955,
        0.046752956084947596
    ]
}