{
    "cos_gwtheta": [
        0.14675868436101602,
        0.23614851854198382,
        0.31545156209552716
    ],
    "cos_inc": [
        -0.20012704159522776,
        -0.1163436979525787,
        -0.04101555412707769
    ],
    "gwphi": [
        3.1785018676421535,
        3.329611116144475,
        3.4606468113402147
    ],
    "log10_Mc": [
        null,
        8.895419533719199,
        null
    ],
    "log10_fgw": [
        -7.675480239892385,
        -7.652998804934063,
        -7.6231406491300415
    ],
    "log10_h": [
        -14.323729372763408,
        -14.23819256861501,
        -14.171777764595596
    ],
    "phase0": [
        null,
        3.083175298721657,
        null
    ],
    "psi": [
        1.4880936399795823,
        1.5697937445066128,
        1.6429662286958053
    ]
}