{
    "cos_gwtheta": [
        0.07173989464798541,
        0.1171256734496599,
        0.17920403491199
    ],
    "cos_inc": [
        -0.15043707879636148,
        -0.09141956854413302,
        -0.039479593370508326
    ],
    "gwphi": [
        3.140413727740235,
        3.205942165448814,
        3.2836123645998603
    ],
    "log10_Mc": [
        null,
        8.618297668500224,
        null
    ],
    "log10_fgw": [
        -7.675585139617227,
        -7.661041406109417,
        -7.645247306372429
    ],
    "log10_h": [
        -14.234823939362341,
        -14.17415380597078,
        -14.121752502169828
    ],
    "phase0": [
        null,
        0.8304622712504912,
        null
    ],
    "psi": [
        null,
        3.133282558108305,
        null
    ]
}