{
    "cos_gwtheta": [
        -0.034398237525744224,
        -0.0037446346888989623,
        0.03131542355574268
    ],
    "cos_inc": [
        -0.018262230462333995,
        0.016964729757997232,
        0.054072741252229495
    ],
    "gwphi": [
        3.069155541949742,
        3.1725471007777677,
        3.270496998614844
    ],
    "log10_Mc": [
        8.006288769730514,
        8.044468901609644,
        9.468667362642613
    ],
    "log10_fgw": [
        -7.653738886338685,
        -7.653738886338685,
        -7.637905626544468
    ],
    "log10_h": [
        -13.559985180750054,
        -13.493121204607496,
        -13.437461462305043
    ],
    "phase0": [
        1.616091768395468,
        1.8813067378606922,
        3.954466006215613
    ],
    "psi": [
        1.5667556151876607,
        1.6119253676867715,
        1.6638705830607488
    ]
}