{
    "cos_gwtheta": [
        -0.009653123566299548,
        0.007036065570759198,
        0.02820891746105747
    ],
    "cos_inc": [
        null,
        0.010128553815779706,
        null
    ],
    "gwphi": [
        3.1459042253598035,
        3.1459042253598035,
        3.176060108028242
    ],
    "log10_Mc": [
        null,
        9.402093928438106,
        null
    ],
    "log10_fgw": [
        -7.66779594784032,
        -7.648370384696752,
        -7.628810852152194
    ],
    "log10_h": [
        -12.724009093473335,
        -12.654245579277923,
        -12.585898583137238
    ],
    "phase0": [
        2.155744647291961,
        2.369381170428991,
        2.622787738445946
    ],
    "psi": [
        3.087274697135279,
        3.132216150726637,
        3.132216150726637
    ]
}