{
    "cos_gwtheta": [
        0.08136304585880183,
        0.11606694041601073,
        0.1560947278882462
    ],
    "cos_inc": [
        0.016791234040828273,
        0.062005430409726614,
        0.09991427627360627
    ],
    "gwphi": [
        2.8703460556334597,
        2.9589772762986843,
        3.0556658806607473
    ],
    "log10_Mc": [
        null,
        9.325547721290494,
        null
    ],
    "log10_fgw": [
        -7.680527014743074,
        -7.652799077928876,
        -7.624493475764382
    ],
    "log10_h": [
        -13.985870702260822,
        -13.938157511681549,
        -13.892344403912956
    ]
}