{
    "cos_gwtheta": [
        null,
        -0.630332269624548,
        null
    ],
    "cos_inc": [
        0.03077838457504778,
        0.1822807899011163,
        0.6966334442036615
    ],
    "gwphi": [
        2.3084323186208326,
        2.481978304286284,
        2.759152468442616
    ],
    "log10_Mc": [
        null,
        9.201258046078884,
        null
    ],
    "log10_fgw": [
        -7.6820049776818475,
        -7.647953774847732,
        -7.613308655685115
    ],
    "log10_h": [
        -14.794604106830315,
        -14.494972113159292,
        -14.330528412695747
    ],
    "phase0": [
        null,
        3.533618835240785,
        null
    ],
    "psi": [
        null,
        1.5567647515430822,
        null
    ]
}