{
    "cos_gwtheta": [
        null,
        0.9946908579994835,
        null
    ],
    "cos_inc": [
        -0.47408338437789155,
        0.010144692020461643,
        0.8248808024944058
    ],
    "gwphi": [
        null,
        3.02288898681461,
        null
    ],
    "log10_Mc": [
        8.006329959060954,
        8.168992131827949,
        9.493754228372833
    ],
    "log10_fgw": [
        null,
        -7.652514565541878,
        null
    ],
    "log10_h": [
        null,
        -14.84711391915813,
        null
    ],
    "phase0": [
        null,
        2.0314243586472025,
        null
    ],
    "psi": [
        null,
        1.8868970467745978,
        null
    ]
}