{
    "cos_gwtheta": [
        null,
        0.144732642063218,
        null
    ],
    "cos_inc": [
        -0.08026029085488978,
        -0.03846790597350061,
        0.015197315521919552
    ],
    "gwphi": [
        null,
        3.135617549462471,
        null
    ],
    "log10_Mc": [
        null,
        9.363747642968782,
        null
    ],
    "log10_fgw": [
        -7.666272997457661,
        -7.6445801728353,
        -7.6257705717386965
    ],
    "log10_h": [
        -14.044482169730717,
        -14.005848558821741,
        -13.965650346847914
    ]
}