{
    "cos_gwtheta": [
        -0.03018675890502176,
        -0.003670483630036636,
        0.022682110933374577
    ],
    "cos_inc": [
        -0.02210608217487231,
        6.7551070737637e-05,
        0.023393061368067625
    ],
    "gwphi": [
        3.036029939424767,
        3.1206203122855305,
        3.2079219150456777
    ],
    "log10_Mc": [
        null,
        8.321704117550095,
        null
    ],
    "log10_fgw": [
        -7.671001632306743,
        -7.64959796779827,
        -7.628046691810428
    ],
    "log10_h": [
        -12.743950200046083,
        -12.67923171723205,
        -12.624239711603938
    ],
    "phase0": [
        4.865851199777549,
        5.235739240069335,
        5.621315843244622
    ],
    "psi": [
        3.0901910941419133,
        3.1332987981622145,
        3.1332987981622145
    ]
}