{
    "cos_gwtheta": [
        -0.010950610817047457,
        -0.001463654221722066,
        0.009814545926566942
    ],
    "cos_inc": [
        -0.04121037831960572,
        -0.023114222025435782,
        -0.003499507161125792
    ],
    "gwphi": [
        3.074673257312493,
        3.128059015523578,
        3.1832483466471992
    ],
    "log10_Mc": [
        null,
        9.468898548361828,
        null
    ],
    "log10_fgw": [
        -7.654135720064246,
        -7.647840677137837,
        -7.647840677137837
    ],
    "log10_h": [
        -12.692520913556688,
        -12.672788450349593,
        -12.672788450349593
    ],
    "phase0": [
        0.2384034418319577,
        0.49486668906763454,
        0.763777090870867
    ],
    "psi": [
        1.5773586169338984,
        1.5809595417618985,
        1.5850132774964132
    ]
}