{
    "cos_gwtheta": [
        -0.9767123036080073,
        -0.9767123036080073,
        -0.9250847822573723
    ],
    "cos_inc": [
        -0.3770741592038074,
        -0.2835238065973933,
        -0.21731593700746765
    ],
    "gwphi": [
        1.806183146862728,
        1.9608245603995738,
        2.113646663188927
    ],
    "log10_Mc": [
        null,
        9.679109513434396,
        null
    ],
    "log10_fgw": [
        -7.791607206501988,
        -7.7611301855048795,
        -7.7346784314319175
    ],
    "log10_h": [
        -14.1689253982308,
        -14.109347263601034,
        -14.0543646875653
    ],
    "phase0": [
        null,
        5.9358347465003165,
        null
    ],
    "psi": [
        1.7988337559269107,
        1.875598756408137,
        2.0859700172689015
    ]
}