{
    "cos_gwtheta": [
        -0.002106599596772285,
        0.0344646400274099,
        0.06814867652336698
    ],
    "cos_inc": [
        -0.08533398491870536,
        -0.04978681068539337,
        -0.01970843248797549
    ],
    "gwphi": [
        2.9655030835590157,
        3.04240021742521,
        3.1374824843003024
    ],
    "log10_Mc": [
        null,
        9.488011528953821,
        null
    ],
    "log10_fgw": [
        -7.674268625328973,
        -7.6537414952851845,
        -7.634556007727918
    ],
    "log10_h": [
        -13.546331127678048,
        -13.505658079990988,
        -13.477439936858818
    ],
    "phase0": [
        0.8375966984268567,
        1.2202542807621437,
        3.5979748861701513
    ],
    "psi": [
        1.541364432755194,
        1.5861036205302397,
        1.6295422505211272
    ]
}