{
    "cos_gwtheta": [
        -0.03982804361246872,
        -0.0026826547321870953,
        0.026379281645649955
    ],
    "cos_inc": [
        -0.009782185560150758,
        0.02512037148111812,
        0.059675639397598235
    ],
    "gwphi": [
        3.08998516485553,
        3.182360549872391,
        3.2585297269915565
    ],
    "log10_Mc": [
        null,
        9.507288842448887,
        null
    ],
    "log10_fgw": [
        -7.686945089492718,
        -7.660330544271554,
        -7.633161529358283
    ],
    "log10_h": [
        -13.912842569764804,
        -13.860638717705383,
        -13.817279319920493
    ]
}