{
    "cos_gwtheta": [
        -0.08083177907299022,
        -0.05033722762291071,
        -0.022675503356718307
    ],
    "cos_inc": [
        -0.03534591236417994,
        -0.007241710914390409,
        0.029175000823365105
    ],
    "gwphi": [
        3.097875084588434,
        3.1938180093257453,
        3.289760934063056
    ],
    "log10_Mc": [
        null,
        8.398233695578138,
        null
    ],
    "log10_fgw": [
        -7.68176509668884,
        -7.656157239907506,
        -7.630897789340883
    ],
    "log10_h": [
        -13.561791278200037,
        -13.515446631348022,
        -13.462259150732624
    ],
    "phase0": [
        0.019732381601164337,
        0.2902474374335223,
        2.7236334477499984
    ],
    "psi": [
        3.0751857776929317,
        3.133287128780214,
        3.133287128780214
    ]
}