{
    "cos_gwtheta": [
        -0.034348375505860174,
        -0.00933503116841744,
        0.011852742858592835
    ],
    "cos_inc": [
        -0.00413989594615094,
        0.013385924079559353,
        0.03381479404817872
    ],
    "gwphi": [
        3.092485956090911,
        3.172897933747896,
        3.2707125035843783
    ],
    "log10_Mc": [
        null,
        8.149695344373423,
        null
    ],
    "log10_fgw": [
        -7.675188682611329,
        -7.657097697676096,
        -7.641311296809045
    ],
    "log10_h": [
        -13.564164154630594,
        -13.516346409370506,
        -13.454292846819246
    ],
    "phase0": [
        null,
        0.530339917169485,
        null
    ],
    "psi": [
        null,
        0.009869193815413435,
        null
    ]
}