{
    "cos_gwtheta": [
        -0.32775631289289187,
        -0.0859089388674199,
        0.3314119201740683
    ],
    "cos_inc": [
        null,
        -0.296010048270674,
        null
    ],
    "gwphi": [
        2.7966616970649545,
        3.2008511210080326,
        3.6119017851723667
    ],
    "log10_Mc": [
        null,
        8.006287089285106,
        null
    ],
    "log10_fgw": [
        -7.684465960536077,
        -7.652303534157227,
        -7.625501512174851
    ],
    "log10_h": [
        -14.712216142498534,
        -14.456257211366779,
        -14.320285352299159
    ],
    "phase0": [
        null,
        6.2665257896963675,
        null
    ],
    "psi": [
        0.010218749511624053,
        0.46055845124734046,
        1.9218202157559516
    ]
}