{
    "cos_gwtheta": [
        null,
        -0.03073847785540318,
        null
    ],
    "cos_inc": [
        -0.015876951811922724,
        0.03330502314512751,
        0.09370722052583935
    ],
    "gwphi": [
        3.1956866199458647,
        3.2533779199784574,
        3.3266264245142216
    ],
    "log10_Mc": [
        null,
        8.924052258559387,
        null
    ],
    "log10_fgw": [
        -7.6619165748767735,
        -7.6478476437743845,
        -7.632401334801831
    ],
    "log10_h": [
        -14.110562346964372,
        -14.056782937460481,
        -13.995246882355065
    ]
}