{
    "cos_gwtheta": [
        null,
        -0.2225860884078824,
        null
    ],
    "cos_inc": [
        null,
        0.2599351967653216,
        null
    ],
    "gwphi": [
        3.422733595401933,
        3.7203349687398815,
        3.870275890555744
    ],
    "log10_Mc": [
        null,
        9.765224660045162,
        null
    ],
    "log10_fgw": [
        -7.674932870392145,
        -7.650819333256045,
        -7.627794794571254
    ],
    "log10_h": [
        -14.705157504449486,
        -14.465042427254076,
        -14.358241630865448
    ],
    "phase0": [
        null,
        3.713868030123066,
        null
    ],
    "psi": [
        null,
        0.11513387074527193,
        null
    ]
}