{
    "cos_gwtheta": [
        -0.20293722267261205,
        -0.08696867285045273,
        -0.01599072288927128
    ],
    "cos_inc": [
        -0.10427006526539107,
        -0.022710632753643156,
        0.04519052158628112
    ],
    "gwphi": [
        null,
        2.8752903781381507,
        null
    ],
    "log10_Mc": [
        null,
        8.006352189606709,
        null
    ],
    "log10_fgw": [
        -7.661782723512575,
        -7.661782723512575,
        -7.633288903026226
    ],
    "log10_h": [
        -14.375800581528708,
        -14.285362599430634,
        -14.194924617332562
    ],
    "phase0": [
        null,
        5.84467082107478,
        null
    ],
    "psi": [
        null,
        1.5864274805475056,
        null
    ]
}