{
    "cos_gwtheta": [
        -0.00842623856303927,
        -0.0010587518967982157,
        0.005211449521279277
    ],
    "cos_inc": [
        null,
        0.03732002445596794,
        null
    ],
    "gwphi": [
        3.0956163412494737,
        3.136434598430216,
        3.1847780091694187
    ],
    "log10_Mc": [
        null,
        9.277630571940266,
        null
    ],
    "log10_fgw": [
        -7.6559409074262375,
        -7.651539771480584,
        -7.647457138794155
    ],
    "log10_h": [
        -12.716973860341222,
        -12.659570979353445,
        -12.599813108376427
    ],
    "phase0": [
        null,
        6.266590179819355,
        null
    ],
    "psi": [
        0.009915571002201442,
        0.009915571002201442,
        0.056458085818227935
    ]
}