{
    "cos_gwtheta": [
        0.06570198185726761,
        0.12757223182688182,
        0.1827538061241052
    ],
    "cos_inc": [
        -0.013925918638388213,
        0.033190434877414465,
        0.08520688915886054
    ],
    "gwphi": [
        3.1678752902211076,
        3.2465650003802975,
        3.3357708469202088
    ],
    "log10_Mc": [
        null,
        9.048304890455546,
        null
    ],
    "log10_fgw": [
        -7.658416501909224,
        -7.645352135710198,
        -7.630394383105515
    ],
    "log10_h": [
        -14.118250250771776,
        -14.061426760804512,
        -14.013219106861163
    ]
}