{
    "cos_gwtheta": [
        -0.006503129775359939,
        0.01173618911245089,
        0.032924379916255186
    ],
    "cos_inc": [
        null,
        0.009309551066439825,
        null
    ],
    "gwphi": [
        3.0876105881172298,
        3.149571187544987,
        3.2138388305684584
    ],
    "log10_Mc": [
        null,
        9.736616981838443,
        null
    ],
    "log10_fgw": [
        -7.666926279656904,
        -7.652376358790193,
        -7.637726093641644
    ],
    "log10_h": [
        -12.686407449939527,
        -12.660744535805335,
        -12.660744535805335
    ],
    "phase0": [
        3.063337101186514,
        3.3348764430129627,
        3.6107259331223713
    ],
    "psi": [
        0.01688073909460463,
        0.01688073909460463,
        0.06207167817508363
    ]
}