{
    "cos_gwtheta": [
        -0.1740374778994852,
        -0.11172456625761518,
        -0.05284172314649027
    ],
    "cos_inc": [
        -0.06421582803916837,
        -0.009628416774553172,
        0.036531464329910834
    ],
    "gwphi": [
        3.1647230442010623,
        3.2552539885571234,
        3.3371412749093396
    ],
    "log10_Mc": [
        8.048361534254749,
        9.392373697109038,
        9.511881214474837
    ],
    "log10_fgw": [
        -7.658567701056778,
        -7.658567701056778,
        -7.638806644052196
    ],
    "log10_h": [
        -14.11797349029691,
        -14.065413234398882,
        -14.02369438898635
    ]
}