{
    "cos_gwtheta": [
        -0.12499133124229778,
        -0.05948142696437286,
        0.005680020375903427
    ],
    "cos_inc": [
        0.006585881386427794,
        0.06587283201197658,
        0.11492457617774021
    ],
    "gwphi": [
        2.8387099361457446,
        2.9548772006164574,
        3.0666190454882862
    ],
    "log10_Mc": [
        null,
        9.994708554145573,
        null
    ],
    "log10_fgw": [
        -7.682968513753981,
        -7.657750556658756,
        -7.6302075396895015
    ],
    "log10_h": [
        -14.192577104066569,
        -14.111063506932203,
        -14.021350317186688
    ],
    "phase0": [
        null,
        0.4710680578988199,
        null
    ],
    "psi": [
        null,
        0.009865679919055289,
        null
    ]
}