{
    "cos_gwtheta": [
        null,
        0.13165040944337392,
        null
    ],
    "cos_inc": [
        -0.08804197625212662,
        -0.023387399339775516,
        0.03909225296696128
    ],
    "gwphi": [
        3.031271716656067,
        3.182012679003016,
        3.303835987348713
    ],
    "log10_Mc": [
        null,
        8.006294370904746,
        null
    ],
    "log10_fgw": [
        -7.682039789390611,
        -7.654442221132813,
        -7.629675172696328
    ],
    "log10_h": [
        -14.230202761303048,
        -14.1594991256639,
        -14.102383485147584
    ],
    "phase0": [
        null,
        5.094875958945573,
        null
    ],
    "psi": [
        null,
        0.00986643696249168,
        null
    ]
}