{
    "cos_gwtheta": [
        0.03465207147426119,
        0.18784886196532102,
        0.3056775158761743
    ],
    "cos_inc": [
        -0.1679675354542548,
        -0.07299452932914119,
        0.03739983620638698
    ],
    "gwphi": [
        3.191826149378661,
        3.3296475706258475,
        3.500842788946344
    ],
    "log10_Mc": [
        null,
        9.526389779639175,
        null
    ],
    "log10_fgw": [
        -7.679680085359467,
        -7.649143693429979,
        -7.622615202941235
    ],
    "log10_h": [
        -14.428957796138569,
        -14.31712366565866,
        -14.229854257480696
    ],
    "phase0": [
        null,
        1.9421767915036166,
        null
    ],
    "psi": [
        null,
        3.133294777267574,
        null
    ]
}