{
    "cos_gwtheta": [
        -0.008274105059063841,
        -0.003799178607175907,
        0.0018533600688930188
    ],
    "cos_inc": [
        0.025792278421129272,
        0.043487252897293244,
        0.06106426087694944
    ],
    "gwphi": [
        3.0879602711158003,
        3.1347547113794754,
        3.19657802296871
    ],
    "log10_Mc": [
        null,
        8.063758664476145,
        null
    ],
    "log10_fgw": [
        -7.665392688122197,
        -7.654272532864649,
        -7.641010718076017
    ],
    "log10_h": [
        -12.701963461930195,
        -12.659098409503647,
        -12.617079377848675
    ],
    "phase0": [
        null,
        2.4858698907134964,
        null
    ],
    "psi": [
        null,
        3.1332989717077764,
        null
    ]
}