{
    "cos_gwtheta": [
        0.14515970873724032,
        0.16596128230126117,
        0.18701550655634303
    ],
    "cos_inc": [
        0.008794267723150728,
        0.02261842986421969,
        0.03555523024623358
    ],
    "gwphi": [
        3.1785963728130064,
        3.2409403199950404,
        3.3032842671770744
    ],
    "log10_Mc": [
        null,
        8.168976105419368,
        null
    ],
    "log10_fgw": [
        -7.64461681611523,
        -7.641729458487388,
        -7.6391318357080165
    ],
    "log10_h": [
        -13.591450703506693,
        -13.551519181319668,
        -13.51091370939109
    ],
    "phase0": [
        0.019905884067444223,
        0.5602791127755471,
        2.7192731918682678
    ],
    "psi": [
        1.5659064898193462,
        1.5797179347968324,
        1.5934064292255576
    ]
}