{
    "cos_gwtheta": [
        -0.4458031360856024,
        -0.3583148458846296,
        -0.22901799222478492
    ],
    "cos_inc": [
        -0.10152051221724878,
        -0.02095506445326778,
        0.060000530757512216
    ],
    "gwphi": [
        3.27594554451872,
        3.388966968420415,
        3.5181343100223517
    ],
    "log10_Mc": [
        null,
        8.513004898368772,
        null
    ],
    "log10_fgw": [
        -7.676564081193429,
        -7.655329433827197,
        -7.628303518997448
    ],
    "log10_h": [
        -14.351272318651615,
        -14.283140693746116,
        -14.218680833057082
    ],
    "phase0": [
        null,
        0.01977636862756792,
        null
    ],
    "psi": [
        1.400874669981019,
        1.492049803718223,
        1.5801446964507917
    ]
}