{
    "cos_gwtheta": [
        -0.017970318972089894,
        0.0023602240137622355,
        0.019514119658074924
    ],
    "cos_inc": [
        -0.05318562846746169,
        -0.02807219867244707,
        -0.002747731652264253
    ],
    "gwphi": [
        3.14413620481307,
        3.160531733537072,
        3.1758907633187516
    ],
    "log10_Mc": [
        null,
        8.082662075786152,
        null
    ],
    "log10_fgw": [
        -7.65677936110716,
        -7.6519181468862705,
        -7.6519181468862705
    ],
    "log10_h": [
        -12.688574309635106,
        -12.64949403539038,
        -12.64949403539038
    ],
    "phase0": [
        2.2875719314481886,
        2.5252142046001995,
        2.7846747509696406
    ],
    "psi": [
        0.009857425443091088,
        0.009857425443091088,
        0.054807135060968654
    ]
}