{
    "cos_gwtheta": [
        -0.11294123816471802,
        0.020320095747820233,
        0.07882023489097323
    ],
    "cos_inc": [
        -0.30652359242529026,
        -0.17219300051584208,
        -0.08197689293168609
    ],
    "gwphi": [
        2.692470103538141,
        2.8516968742145314,
        3.0538402354247935
    ],
    "log10_Mc": [
        null,
        8.006424214849623,
        null
    ],
    "log10_fgw": [
        -7.676764287196823,
        -7.651115161473464,
        -7.618330564684207
    ],
    "log10_h": [
        -14.433976087255498,
        -14.331370617531544,
        -14.224060530200157
    ],
    "phase0": [
        0.02024073027925513,
        0.41066390681298137,
        4.299278745088895
    ],
    "psi": [
        null,
        1.7066645832653946,
        null
    ]
}