{
    "cos_gwtheta": [
        -0.017566842336176225,
        0.01001373652716464,
        0.031565773562452826
    ],
    "cos_inc": [
        -0.01717584724330734,
        0.009021727658743539,
        0.04130747137605972
    ],
    "gwphi": [
        3.0577545187117896,
        3.1484528621991372,
        3.2250305055028257
    ],
    "log10_Mc": [
        null,
        8.675467839796966,
        null
    ],
    "log10_fgw": [
        -7.68920639064883,
        -7.662931349022466,
        -7.636475100212472
    ],
    "log10_h": [
        -13.486857372168023,
        -13.438180379175364,
        -13.39171597677328
    ],
    "phase0": [
        null,
        5.490734547245058,
        null
    ],
    "psi": [
        0.03128159985322425,
        0.03128159985322425,
        0.09088007843377863
    ]
}