{
    "cos_gwtheta": [
        -0.02741937946830364,
        0.003110317249848449,
        0.038996101111536174
    ],
    "cos_inc": [
        0.02243641550842481,
        0.02243641550842481,
        0.04603306619565646
    ],
    "gwphi": [
        3.1241228397088854,
        3.1336270180843235,
        3.1420916769499483
    ],
    "log10_Mc": [
        null,
        8.187869740584407,
        null
    ],
    "log10_fgw": [
        -7.665491503721425,
        -7.653037599704959,
        -7.639919487474281
    ],
    "log10_h": [
        -12.695058731494994,
        -12.654612994051321,
        -12.654612994051321
    ],
    "phase0": [
        0.27172752806740436,
        0.5341768996370223,
        0.7799542824388981
    ],
    "psi": [
        3.086589594046514,
        3.1309122222378796,
        3.1309122222378796
    ]
}