{
    "cos_gwtheta": [
        null,
        0.4020983480547533,
        null
    ],
    "cos_inc": [
        null,
        -0.06648880475412855,
        null
    ],
    "gwphi": [
        null,
        0.0198729298527932,
        null
    ],
    "log10_Mc": [
        null,
        9.029225492883974,
        null
    ],
    "log10_fgw": [
        null,
        -7.891257456509873,
        null
    ],
    "log10_h": [
        -15.98735554182434,
        -15.20037511539918,
        -14.813073738619675
    ],
    "phase0": [
        null,
        1.7615534939116158,
        null
    ],
    "psi": [
        0.8693166486408078,
        3.133254627709557,
        3.133254627709557
    ]
}