{
    "cos_gwtheta": [
        -0.03390104029295399,
        -0.01610146874819246,
        0.0012440320938965632
    ],
    "cos_inc": [
        -0.0686204179677129,
        -0.028868952979060114,
        0.004841848212297495
    ],
    "gwphi": [
        3.0869723318751783,
        3.1807062214693023,
        3.2620499992205247
    ],
    "log10_Mc": [
        null,
        8.857025204371533,
        null
    ],
    "log10_fgw": [
        -7.656950703472214,
        -7.656950703472214,
        -7.642873440665946
    ],
    "log10_h": [
        -13.577780610377665,
        -13.527074646463147,
        -13.466565529525155
    ],
    "phase0": [
        null,
        2.1221074909678337,
        null
    ],
    "psi": [
        1.5005873913326129,
        1.5533634251117883,
        1.5979752105715332
    ]
}