{
    "cos_gwtheta": [
        null,
        -0.260001531005397,
        null
    ],
    "cos_inc": [
        -0.1166276187808043,
        -0.043064770088036775,
        0.02273418956063933
    ],
    "gwphi": [
        null,
        3.2210143726653944,
        null
    ],
    "log10_Mc": [
        null,
        8.082730396472554,
        null
    ],
    "log10_fgw": [
        -7.678627046349048,
        -7.65371867587728,
        -7.6281231779442225
    ],
    "log10_h": [
        -14.202950439675917,
        -14.136833011498936,
        -14.072144046276396
    ]
}