{
    "cos_gwtheta": [
        -0.045648340887855854,
        -0.023834625931230313,
        -0.006939689837373253
    ],
    "cos_inc": [
        -0.011967471191733137,
        0.023238874612594884,
        0.0502921719148679
    ],
    "gwphi": [
        3.1231291056454165,
        3.1952528735949275,
        3.267830250147895
    ],
    "log10_Mc": [
        null,
        8.780680633930492,
        null
    ],
    "log10_fgw": [
        -7.663514641753329,
        -7.663514641753329,
        -7.645851511440814
    ],
    "log10_h": [
        -13.549315558330507,
        -13.510660253359195,
        -13.476121022528348
    ],
    "phase0": [
        null,
        1.5217870089805567,
        null
    ],
    "psi": [
        3.0240593377063183,
        3.085789930839264,
        3.130996678335613
    ]
}