{
    "cos_gwtheta": [
        null,
        -0.9570345042192373,
        null
    ],
    "cos_inc": [
        -0.46908750336229355,
        0.0004076229551809307,
        0.3476073224682307
    ],
    "gwphi": [
        null,
        1.820221979441051,
        null
    ],
    "log10_Mc": [
        null,
        9.248980123436546,
        null
    ],
    "log10_fgw": [
        -7.683256550616822,
        -7.655025636370655,
        -7.6267947221244885
    ],
    "log10_h": [
        -14.466310647313136,
        -14.286563712212555,
        -14.090633773308708
    ]
}