{
    "cos_gwtheta": [
        0.06818851127237469,
        0.08790990473944116,
        0.10384754248317507
    ],
    "cos_inc": [
        0.010799049121991922,
        0.03200178422943367,
        0.053940725416994906
    ],
    "gwphi": [
        3.090650891567981,
        3.1361514363208736,
        3.1796232943650393
    ],
    "log10_Mc": [
        null,
        9.488052868386958,
        null
    ],
    "log10_fgw": [
        -7.65343476260067,
        -7.65343476260067,
        -7.639447728465989
    ],
    "log10_h": [
        -12.689280750046676,
        -12.644602717278257,
        -12.644602717278257
    ],
    "phase0": [
        5.730053707167336,
        5.815704042098096,
        6.043241648933592
    ],
    "psi": [
        3.0839943182877554,
        3.1260203877411463,
        3.1260203877411463
    ]
}