{
    "cos_gwtheta": [
        -0.0836550880116772,
        -0.054960024250437445,
        -0.022137588304361855
    ],
    "cos_inc": [
        -0.0768759450928217,
        -0.050024684077965786,
        -0.015390448855905237
    ],
    "gwphi": [
        3.143584761790109,
        3.235266920269478,
        3.3288201432076105
    ],
    "log10_Mc": [
        null,
        9.25869574733504,
        null
    ],
    "log10_fgw": [
        -7.670667592844506,
        -7.647815363115355,
        -7.628268801837591
    ],
    "log10_h": [
        -13.536916346637422,
        -13.482843655449473,
        -13.470882875831862
    ],
    "phase0": [
        0.9375798930373834,
        1.820351037594472,
        2.954718201427732
    ],
    "psi": [
        1.5247833091863603,
        1.5633224705602893,
        1.6052698570897355
    ]
}