{
    "cos_gwtheta": [
        -0.020204065761685985,
        0.00500404852382208,
        0.028282355017138272
    ],
    "cos_inc": [
        null,
        -0.026194142577597668,
        null
    ],
    "gwphi": [
        3.069709959417785,
        3.1449073740875866,
        3.220482665213016
    ],
    "log10_Mc": [
        null,
        8.771077574316177,
        null
    ],
    "log10_fgw": [
        -7.674308871261101,
        -7.651575977855188,
        -7.628843084449275
    ],
    "log10_h": [
        -12.764744444754589,
        -12.683043483250431,
        -12.601753079341771
    ],
    "phase0": [
        0.5954696220948756,
        0.877374774678276,
        1.1482362202532543
    ],
    "psi": [
        null,
        3.133298517257628,
        null
    ]
}