{
    "cos_gwtheta": [
        -0.0865018084185527,
        0.32552778673166816,
        0.5293551685024098
    ],
    "cos_inc": [
        null,
        -0.18115064543557358,
        null
    ],
    "gwphi": [
        null,
        3.563820328504687,
        null
    ],
    "log10_Mc": [
        null,
        8.656397820462667,
        null
    ],
    "log10_fgw": [
        null,
        -7.6524802454108425,
        null
    ],
    "log10_h": [
        -15.125464647926712,
        -14.543411189465619,
        -14.319010801452258
    ],
    "phase0": [
        null,
        1.6716106954607755,
        null
    ],
    "psi": [
        null,
        3.05831614413224,
        null
    ]
}