{
    "cos_gwtheta": [
        -0.019393568459167843,
        0.0031544669802701097,
        0.01958394003915709
    ],
    "cos_inc": [
        -0.040065097809914185,
        -0.005374766207656534,
        0.029706809735980055
    ],
    "gwphi": [
        3.1147529454057885,
        3.169554732582367,
        3.2253068397677884
    ],
    "log10_Mc": [
        null,
        8.140148913669986,
        null
    ],
    "log10_fgw": [
        -7.658767994455672,
        -7.655232423469326,
        -7.649045174243221
    ],
    "log10_h": [
        -12.74166931438756,
        -12.692947412891346,
        -12.644503922260826
    ],
    "phase0": [
        2.5973692882090047,
        3.02436703104173,
        3.4347044573188428
    ],
    "psi": [
        0.009865509328896085,
        0.009865509328896085,
        0.05515969639284115
    ]
}