{
    "cos_gwtheta": [
        -0.5476661954065628,
        -0.5405857520790789,
        -0.5326260380115806
    ],
    "cos_inc": [
        0.062099129511673894,
        0.066583328430891,
        0.08694906518900206
    ],
    "gwphi": [
        4.154320519443424,
        4.167791353123079,
        4.179720344393616
    ],
    "log10_Mc": [
        null,
        8.799741288268873,
        null
    ],
    "log10_fgw": [
        -7.891963344308432,
        -7.8892368656627605,
        -7.88654446800016
    ],
    "log10_h": [
        -13.24791776631946,
        -13.216222571177644,
        -13.216222571177644
    ],
    "phase0": [
        3.312316478849413,
        3.769550577136977,
        4.199585402201424
    ],
    "psi": [
        0.4999586707764875,
        0.5144487103646644,
        0.527696746559569
    ]
}