{
    "cos_gwtheta": [
        -0.01748938154651547,
        -0.00033073955091461604,
        0.02225941501883333
    ],
    "cos_inc": [
        -0.051840731803108775,
        -0.03885834008870437,
        -0.02621097783789761
    ],
    "gwphi": [
        3.096721175258021,
        3.1291042550650277,
        3.1638463671758554
    ],
    "log10_Mc": [
        null,
        9.583664348639314,
        null
    ],
    "log10_fgw": [
        -7.666686033488403,
        -7.647633069696777,
        -7.62871060565715
    ],
    "log10_h": [
        -12.675844086900328,
        -12.64690452637953,
        -12.64690452637953
    ],
    "phase0": [
        3.261209400164539,
        3.5113752484645673,
        3.73857301639958
    ],
    "psi": [
        0.010122219792102913,
        0.010122219792102913,
        0.05321556868457877
    ]
}