{
    "cos_gwtheta": [
        -0.02993702040405427,
        -0.01813404884291936,
        -0.0026925672516601717
    ],
    "cos_inc": [
        -0.007016629786485318,
        0.011758419640103157,
        0.03066206529564075
    ],
    "gwphi": [
        3.0508369881722213,
        3.127864898609744,
        3.211895346359769
    ],
    "log10_Mc": [
        null,
        9.82250351223407,
        null
    ],
    "log10_fgw": [
        -7.656410526725175,
        -7.65073189015147,
        -7.646161280226294
    ],
    "log10_h": [
        -12.727179123164783,
        -12.68396006874618,
        -12.68396006874618
    ],
    "phase0": [
        2.6196520288398926,
        2.861511230555939,
        3.1109467446148975
    ],
    "psi": [
        1.5256374395270655,
        1.549587146419058,
        1.5764659541539559
    ]
}