{
    "cos_gwtheta": [
        0.06956232272746288,
        0.1012154397999504,
        0.13559466264901576
    ],
    "cos_inc": [
        -0.018940488624021867,
        0.013036748462380121,
        0.047194251713764124
    ],
    "gwphi": [
        3.0519946923890457,
        3.150464059513181,
        3.2258288823958985
    ],
    "log10_Mc": [
        null,
        9.230094378895455,
        null
    ],
    "log10_fgw": [
        -7.687474120457465,
        -7.660485147477376,
        -7.632746480803394
    ],
    "log10_h": [
        -13.525279802080451,
        -13.464488459626764,
        -13.464488459626764
    ],
    "phase0": [
        1.5245705205098632,
        2.9940637283887472,
        4.111328220056968
    ],
    "psi": [
        3.058015080475133,
        3.1332973326642684,
        3.1332973326642684
    ]
}