{
    "cos_gwtheta": [
        0.7020262309538052,
        0.7060289317838172,
        0.7104339141042826
    ],
    "cos_inc": [
        0.04949716462673748,
        0.07017479999072895,
        0.08051361767272489
    ],
    "gwphi": [
        0.6234739245561411,
        0.6234739245561411,
        0.6907473667162676
    ],
    "log10_Mc": [
        null,
        8.283509082865681,
        null
    ],
    "log10_fgw": [
        -7.944674690373713,
        -7.941530719032146,
        -7.938278334885698
    ],
    "log10_h": [
        -13.40298458982234,
        -13.382138991335305,
        -13.372417726656256
    ],
    "phase0": [
        0.7469208605043717,
        1.7900395710700963,
        2.6977774441999585
    ],
    "psi": [
        2.4424084922326097,
        2.456875327721849,
        2.4744795492208027
    ]
}