{
    "cos_gwtheta": [
        0.0030719023249494715,
        0.02673908677278114,
        0.0446763213016641
    ],
    "cos_inc": [
        0.007169436688786057,
        0.02246229300471342,
        0.03823555318396843
    ],
    "gwphi": [
        3.020523528064702,
        3.1102139150998434,
        3.209733385645685
    ],
    "log10_Mc": [
        null,
        8.95261518196507,
        null
    ],
    "log10_fgw": [
        -7.677362158452518,
        -7.647785509776455,
        -7.625603023269407
    ],
    "log10_h": [
        -13.507510640077982,
        -13.463713000165846,
        -13.442369987822875
    ],
    "phase0": [
        null,
        0.019732277902213775,
        null
    ],
    "psi": [
        3.0693137970261346,
        3.1328188240272263,
        3.1328188240272263
    ]
}