{
    "cos_gwtheta": [
        -0.14696129239872247,
        -0.08695682307502683,
        -0.04054853260111124
    ],
    "cos_inc": [
        0.016252482831380588,
        0.06246767612551751,
        0.10221274235847544
    ],
    "gwphi": [
        3.1468283270746884,
        3.2446905151267407,
        3.355292159611605
    ],
    "log10_Mc": [
        null,
        8.780663726269703,
        null
    ],
    "log10_fgw": [
        -7.674601000175164,
        -7.654615774585975,
        -7.634838728430005
    ],
    "log10_h": [
        -14.025341231885609,
        -13.9613876367231,
        -13.878454264931717
    ]
}