{
    "cos_gwtheta": [
        0.009922464138154063,
        0.027237468658637132,
        0.04850354803614321
    ],
    "cos_inc": [
        -0.013779682445874686,
        0.018421270947998503,
        0.043045529425666196
    ],
    "gwphi": [
        3.02679109033972,
        3.1047084439209516,
        3.1836183752548104
    ],
    "log10_Mc": [
        null,
        8.015853864810143,
        null
    ],
    "log10_fgw": [
        -7.669509840629121,
        -7.655917883433908,
        -7.642325926238695
    ],
    "log10_h": [
        -13.557966546991373,
        -13.508981029257882,
        -13.442148074830795
    ],
    "phase0": [
        3.7649732723583567,
        4.4954808066790495,
        5.825379138391079
    ],
    "psi": [
        1.5297594948273925,
        1.5477613619169033,
        1.5661422156819826
    ]
}