{
    "cos_gwtheta": [
        -0.08609056909979262,
        -0.03758023769855401,
        0.004422610222030721
    ],
    "cos_inc": [
        0.024098610320079983,
        0.07111718976938786,
        0.11695042687963753
    ],
    "gwphi": [
        3.0938859680114605,
        3.182533969395529,
        3.2767926037785893
    ],
    "log10_Mc": [
        null,
        8.637319672733366,
        null
    ],
    "log10_fgw": [
        -7.679882357290012,
        -7.6549733929084605,
        -7.627751453262907
    ],
    "log10_h": [
        -14.080350106903538,
        -14.031049335823639,
        -13.976155620125432
    ]
}