{
    "cos_gwtheta": [
        -0.04080123731064855,
        -0.010803950562802811,
        0.01753704427872016
    ],
    "cos_inc": [
        -0.05552378590224405,
        -0.022577755693744206,
        0.0024978339649474046
    ],
    "gwphi": [
        3.0559773164506576,
        3.137773439767511,
        3.241094858694062
    ],
    "log10_Mc": [
        null,
        8.26421350293317,
        null
    ],
    "log10_fgw": [
        -7.683673193328271,
        -7.657930862480372,
        -7.6321885316324725
    ],
    "log10_h": [
        -13.513990883083094,
        -13.453036369368219,
        -13.453036369368219
    ],
    "phase0": [
        null,
        0.019927583792113256,
        null
    ],
    "psi": [
        1.5384249189119523,
        1.5756319405202843,
        1.6256200000856764
    ]
}