{
    "cos_gwtheta": [
        -0.00776740509746926,
        0.008471143947988202,
        0.027130346267302652
    ],
    "cos_inc": [
        -0.053537355455205105,
        -0.027144971473422985,
        -0.0027914841082592456
    ],
    "gwphi": [
        3.0683276060451465,
        3.137636335458156,
        3.2081753973459524
    ],
    "log10_Mc": [
        null,
        9.574101277940464,
        null
    ],
    "log10_fgw": [
        -7.661442104227903,
        -7.653609247788397,
        -7.645724518127438
    ],
    "log10_h": [
        -12.723801274215376,
        -12.68849610260628,
        -12.68849610260628
    ],
    "phase0": [
        2.970905668593509,
        3.258833116556713,
        3.555934723401097
    ],
    "psi": [
        0.010004723176982663,
        0.010004723176982663,
        0.05403530390709916
    ]
}