{
    "cos_gwtheta": [
        null,
        0.15140110490636083,
        null
    ],
    "cos_inc": [
        -0.06911647824645162,
        -0.042545875710103265,
        -0.01184940321469441
    ],
    "gwphi": [
        3.177204254282445,
        3.2504452018749816,
        3.3270927051694974
    ],
    "log10_Mc": [
        null,
        8.006280156425095,
        null
    ],
    "log10_fgw": [
        -7.673631270506642,
        -7.656828487102037,
        -7.636618146223769
    ],
    "log10_h": [
        -13.567480608359563,
        -13.488073821303669,
        -13.424294965742817
    ],
    "phase0": [
        null,
        3.113516678596435,
        null
    ],
    "psi": [
        3.0460360209275676,
        3.1181916707846153,
        3.133185052573093
    ]
}