{
    "cos_gwtheta": [
        0.1055268704722947,
        0.18408081648884567,
        0.28823318769984496
    ],
    "cos_inc": [
        0.015235725933943178,
        0.09402432840412445,
        0.17127559228952194
    ],
    "gwphi": [
        2.868571378840919,
        2.972681250913443,
        3.1003397845261818
    ],
    "log10_Mc": [
        null,
        9.994690264971958,
        null
    ],
    "log10_fgw": [
        -7.689821699816266,
        -7.663785715762046,
        -7.6317264816654315
    ],
    "log10_h": [
        -14.372495458748892,
        -14.277248480399376,
        -14.17601980775738
    ],
    "phase0": [
        null,
        6.2664983679821695,
        null
    ],
    "psi": [
        1.355712777331128,
        1.44453582564495,
        1.5352222945527685
    ]
}