{
    "cos_gwtheta": [
        -0.019813893554387563,
        0.007043256331124681,
        0.03506810838557228
    ],
    "cos_inc": [
        -0.05929418720000268,
        -0.03096987730574685,
        -0.0006343738095320184
    ],
    "gwphi": [
        3.0677746383116147,
        3.1474916484033937,
        3.22092792436673
    ],
    "log10_Mc": [
        null,
        8.293054627531806,
        null
    ],
    "log10_fgw": [
        -7.64803336812906,
        -7.642608615682789,
        -7.638043884965805
    ],
    "log10_h": [
        -13.554283226700479,
        -13.52040132912877,
        -13.480145609241593
    ],
    "phase0": [
        1.3014788727702866,
        3.0511488649896883,
        4.271485944828765
    ],
    "psi": [
        1.5421611671297568,
        1.5836373141563491,
        1.6217374957272888
    ]
}