{
    "cos_gwtheta": [
        -0.011469523478215504,
        0.009480545648630656,
        0.03299592936243756
    ],
    "cos_inc": [
        -0.038616488376878436,
        -0.038616488376878436,
        -0.012406593488351457
    ],
    "gwphi": [
        3.1028046182405404,
        3.142940026839577,
        3.1837878983131525
    ],
    "log10_Mc": [
        null,
        9.612300521307963,
        null
    ],
    "log10_fgw": [
        -7.661269089811211,
        -7.653379378003551,
        -7.645435994686997
    ],
    "log10_h": [
        -12.693483432974197,
        -12.67086311381566,
        -12.67086311381566
    ],
    "phase0": [
        null,
        6.266599898363964,
        null
    ],
    "psi": [
        1.5689158365246283,
        1.5809519653590018,
        1.5915202736038176
    ]
}