{
    "cos_gwtheta": [
        -0.18486350836961363,
        -0.028040618544515894,
        0.10612345069748785
    ],
    "cos_inc": [
        null,
        -0.20007795059834443,
        null
    ],
    "gwphi": [
        2.3532679283573157,
        2.603642089057029,
        2.8321631434612566
    ],
    "log10_Mc": [
        null,
        8.006298442388204,
        null
    ],
    "log10_fgw": [
        -7.6929277733523875,
        -7.652368450326881,
        -7.614393790043195
    ],
    "log10_h": [
        -14.791003530031986,
        -14.5022332277183,
        -14.373861939133405
    ],
    "phase0": [
        null,
        6.266089091272593,
        null
    ],
    "psi": [
        null,
        1.346529551566657,
        null
    ]
}