{
    "cos_gwtheta": [
        0.0037239170454778647,
        0.009141053955473655,
        0.01469981535984849
    ],
    "cos_inc": [
        -0.018999711022701815,
        0.004665438541490374,
        0.02801078878724761
    ],
    "gwphi": [
        3.148241473756623,
        3.148241473756623,
        3.1703498343347114
    ],
    "log10_Mc": [
        null,
        8.608634191679862,
        null
    ],
    "log10_fgw": [
        -7.652459512870987,
        -7.652459512870987,
        -7.6428993492441455
    ],
    "log10_h": [
        -12.686239798455237,
        -12.661252466502331,
        -12.661252466502331
    ],
    "phase0": [
        null,
        1.726759251621448,
        null
    ],
    "psi": [
        3.0901931697240346,
        3.1332952367051874,
        3.1332952367051874
    ]
}