{
    "cos_gwtheta": [
        -0.031243230993779014,
        -0.007959337670279565,
        0.01177277531573695
    ],
    "cos_inc": [
        -0.00439369423182237,
        0.014886803388239944,
        0.034620959775833154
    ],
    "gwphi": [
        3.1326983896436142,
        3.1326983896436142,
        3.1500660218803276
    ],
    "log10_Mc": [
        null,
        9.383025139860223,
        null
    ],
    "log10_fgw": [
        -7.667012159351755,
        -7.655914561445549,
        -7.634644165458655
    ],
    "log10_h": [
        -12.745876432645373,
        -12.672326504844941,
        -12.610964850794293
    ],
    "phase0": [
        0.13261293398339988,
        0.3844757763739939,
        0.6528701566821172
    ],
    "psi": [
        3.0901879746741185,
        3.133295527853279,
        3.133295527853279
    ]
}