{
    "cos_gwtheta": [
        -0.20045737498480354,
        -0.10354990262570074,
        0.019967408454959035
    ],
    "cos_inc": [
        -0.07465349236344077,
        0.06751858553459067,
        0.3926253650636554
    ],
    "gwphi": [
        null,
        3.6552239470689014,
        null
    ],
    "log10_Mc": [
        null,
        9.774759460460633,
        null
    ],
    "log10_fgw": [
        -7.691175281708246,
        -7.6643658176399105,
        -7.629455652198408
    ],
    "log10_h": [
        -14.608880208380109,
        -14.413722589410217,
        -14.253060142800619
    ],
    "phase0": [
        null,
        5.725541133060334,
        null
    ],
    "psi": [
        null,
        0.09988333817817746,
        null
    ]
}