{
    "cos_gwtheta": [
        -0.0236934339523569,
        -0.011287516096678218,
        -0.0009094886597162954
    ],
    "cos_inc": [
        -0.006633234030498491,
        0.027171624085242596,
        0.0589277029212418
    ],
    "gwphi": [
        3.132817125094168,
        3.140932184267914,
        3.149889790568989
    ],
    "log10_Mc": [
        null,
        8.43651403307095,
        null
    ],
    "log10_fgw": [
        -7.65407044246014,
        -7.65020177249168,
        -7.65020177249168
    ],
    "log10_h": [
        -12.688225510444665,
        -12.667247272650386,
        -12.667247272650386
    ],
    "phase0": [
        2.9762867402611812,
        3.237308868205522,
        3.430153574671864
    ],
    "psi": [
        1.5565677001666027,
        1.5686381940494598,
        1.58416791483777
    ]
}