{
    "cos_gwtheta": [
        -0.062499871722347056,
        -0.02684037691815122,
        0.00494308584211034
    ],
    "cos_inc": [
        0.010223383062882507,
        0.04385550714710995,
        0.07516200562976849
    ],
    "gwphi": [
        3.08268448261883,
        3.188123936408096,
        3.272933931847288
    ],
    "log10_Mc": [
        null,
        8.981483163191589,
        null
    ],
    "log10_fgw": [
        -7.686359324636565,
        -7.6558921349445885,
        -7.62579877580098
    ],
    "log10_h": [
        -13.560902606517786,
        -13.510425281007045,
        -13.474011289966958
    ],
    "phase0": [
        null,
        5.30551203630677,
        null
    ],
    "psi": [
        null,
        0.009864823125574695,
        null
    ]
}