{
    "cos_gwtheta": [
        -0.015436156994262151,
        0.009158986286713633,
        0.04213073633729714
    ],
    "cos_inc": [
        0.009287228637327005,
        0.043583072891004826,
        0.07002344443853303
    ],
    "gwphi": [
        3.0332996902135214,
        3.1384189567803555,
        3.2181646072793333
    ],
    "log10_Mc": [
        null,
        8.21652842182771,
        null
    ],
    "log10_fgw": [
        -7.686642124638752,
        -7.658725270558276,
        -7.630234782489845
    ],
    "log10_h": [
        -13.523441742545812,
        -13.461537041531788,
        -13.461537041531788
    ],
    "phase0": [
        0.8409431523986536,
        1.0092593413840905,
        3.026560036039178
    ],
    "psi": [
        1.5399817247739096,
        1.587241062489296,
        1.625048532661605
    ]
}