{
    "cos_gwtheta": [
        -0.01690912647602527,
        0.004875704634654032,
        0.03059390802920603
    ],
    "cos_inc": [
        -0.03068270527410366,
        -0.015210967070972359,
        0.0045288368433675785
    ],
    "gwphi": [
        3.0799916102973484,
        3.1236272023034806,
        3.160186752362673
    ],
    "log10_Mc": [
        null,
        8.321894733884942,
        null
    ],
    "log10_fgw": [
        -7.671617603699643,
        -7.654165375638621,
        -7.635092583543362
    ],
    "log10_h": [
        -12.722544327897898,
        -12.658014696885552,
        -12.59773043633454
    ],
    "phase0": [
        6.1016364358875546,
        6.266630111723424,
        6.266630111723424
    ],
    "psi": [
        null,
        3.133298878005114,
        null
    ]
}