{
    "cos_gwtheta": [
        null,
        0.9756243681446546,
        null
    ],
    "cos_inc": [
        -0.6335682127376204,
        -0.03779451932050637,
        0.7419213190935472
    ],
    "gwphi": [
        null,
        2.8429450033380808,
        null
    ],
    "log10_Mc": [
        null,
        9.421198250664741,
        null
    ],
    "log10_fgw": [
        null,
        -7.652492746230894,
        null
    ],
    "log10_h": [
        null,
        -15.989794807510725,
        null
    ],
    "phase0": [
        null,
        5.876042575729592,
        null
    ],
    "psi": [
        0.8423847475879419,
        2.893058746022163,
        3.133267170210422
    ]
}