{
    "cos_gwtheta": [
        0.0641519325547536,
        0.10366737280034932,
        0.14938478797238386
    ],
    "cos_inc": [
        0.10204021482410874,
        0.16170994384392745,
        0.2221546044094581
    ],
    "gwphi": [
        3.116996595232737,
        3.2316609134109484,
        3.3250703823658814
    ],
    "log10_Mc": [
        null,
        9.679026390781893,
        null
    ],
    "log10_fgw": [
        -7.678602925416816,
        -7.649403774844912,
        -7.621380428994025
    ],
    "log10_h": [
        -14.139680271524751,
        -14.085396567939569,
        -14.027169176487087
    ]
}