{
    "cos_gwtheta": [
        -0.18432073951795536,
        -0.1349708844399895,
        -0.08399411106275001
    ],
    "cos_inc": [
        -0.11879870468847875,
        -0.0706608253010883,
        -0.03230706774040315
    ],
    "gwphi": [
        3.1575326167036866,
        3.2459922489656456,
        3.357181092294914
    ],
    "log10_Mc": [
        null,
        9.755689097704096,
        null
    ],
    "log10_fgw": [
        -7.677582833762029,
        -7.652638421816579,
        -7.631722299998964
    ],
    "log10_h": [
        -14.015009589716929,
        -13.965515447684227,
        -13.921354726129188
    ]
}