{
    "cos_gwtheta": [
        -0.043997505277774795,
        -0.008062809229816503,
        0.020067887171362986
    ],
    "cos_inc": [
        0.03992299336724314,
        0.08223502454388787,
        0.11802230324936769
    ],
    "gwphi": [
        3.042490197166321,
        3.1313511667455605,
        3.2324688217840056
    ],
    "log10_Mc": [
        null,
        8.513044325781923,
        null
    ],
    "log10_fgw": [
        -7.677768212891252,
        -7.651412275673168,
        -7.625414922634923
    ],
    "log10_h": [
        -13.580249134835478,
        -13.532120048990581,
        -13.508303594139498
    ],
    "phase0": [
        null,
        0.2605808090600615,
        null
    ],
    "psi": [
        1.4884488842412056,
        1.532344432509872,
        1.5860587218386342
    ]
}