{
    "cos_gwtheta": [
        0.8980104225185814,
        0.9478311584151535,
        0.9938342134001109
    ],
    "cos_inc": [
        -0.03710600737062142,
        0.035288027614013284,
        0.10305328798326208
    ],
    "gwphi": [
        1.6595366894654668,
        1.7504552343851278,
        1.8533917478861233
    ],
    "log10_Mc": [
        8.00641594713423,
        8.818888492134551,
        9.483620679588313
    ],
    "log10_fgw": [
        -7.750701469469535,
        -7.729033518811539,
        -7.707510990641182
    ],
    "log10_h": [
        -14.40304041445785,
        -14.333715973968562,
        -14.27066023288522
    ]
}