{
    "cos_gwtheta": [
        -0.045007794365552134,
        0.005652091146259863,
        0.05768646967583413
    ],
    "cos_inc": [
        -0.33771926196342417,
        -0.21220172816038319,
        -0.12277296395000181
    ],
    "gwphi": [
        3.149265720472184,
        3.258309213319583,
        3.396923822871361
    ],
    "log10_Mc": [
        null,
        9.746049566607887,
        null
    ],
    "log10_fgw": [
        -7.680878732160901,
        -7.655370635431254,
        -7.622150788527528
    ],
    "log10_h": [
        -14.338165738146284,
        -14.250309918711235,
        -14.176377677802723
    ],
    "phase0": [
        null,
        2.0619524993538967,
        null
    ],
    "psi": [
        1.0253949449709687,
        1.5867271817935282,
        3.133280272783229
    ]
}