{
    "cos_gwtheta": [
        0.7010856239889939,
        0.7197424176212324,
        0.7371680522828155
    ],
    "cos_inc": [
        -0.18525861310942104,
        -0.14975896749586648,
        -0.1131382804418839
    ],
    "gwphi": [
        2.012727188098857,
        2.039850058682305,
        2.0663896417263246
    ],
    "log10_Mc": [
        null,
        9.99471340453258,
        null
    ],
    "log10_fgw": [
        -7.881637437826475,
        -7.868803516623947,
        -7.858446317056994
    ],
    "log10_h": [
        -13.36658034053856,
        -13.337048460847146,
        -13.30786198325739
    ],
    "phase0": [
        0.8786057727900976,
        1.534680753373083,
        2.252275411345713
    ],
    "psi": [
        0.5801961189167757,
        0.5949463961276427,
        0.612983877974074
    ]
}