{
    "cos_gwtheta": [
        -0.9946652105728162,
        -0.9604461025688288,
        -0.9357798288826212
    ],
    "cos_inc": [
        0.039680513324137745,
        0.060343881670273825,
        0.08059942037799939
    ],
    "gwphi": [
        1.93082307583405,
        1.9849974209716181,
        2.0438357825779834
    ],
    "log10_Mc": [
        null,
        8.006341585161277,
        null
    ],
    "log10_fgw": [
        -7.966647835254084,
        -7.9459823314017495,
        -7.9244557648889025
    ],
    "log10_h": [
        -13.418589429619741,
        -13.382706271600622,
        -13.382706271600622
    ],
    "phase0": [
        null,
        0.7926752548331248,
        null
    ],
    "psi": [
        1.844039365811532,
        1.8562902459196555,
        1.8688121631983128
    ]
}