{
    "cos_gwtheta": [
        -0.04232617439619457,
        -0.015609576136933812,
        0.01876839956432086
    ],
    "cos_inc": [
        -0.014439900419817686,
        0.0043757643962103465,
        0.02692689208012633
    ],
    "gwphi": [
        3.137848659007147,
        3.137848659007147,
        3.17794548897531
    ],
    "log10_Mc": [
        null,
        8.503421944802609,
        null
    ],
    "log10_fgw": [
        -7.666117130937689,
        -7.651911506626208,
        -7.637608583518072
    ],
    "log10_h": [
        -12.708947403534095,
        -12.660693168131314,
        -12.660693168131314
    ],
    "phase0": [
        2.853183248594693,
        3.0868513927352303,
        3.3325158924901257
    ],
    "psi": [
        1.5406925145049695,
        1.5721888362329242,
        1.6045480708849325
    ]
}