{
    "cos_gwtheta": [
        -0.10581768036205319,
        -0.06948525789123794,
        -0.03284752094587795
    ],
    "cos_inc": [
        -0.03210797659590359,
        0.006650954955135346,
        0.043537474353950056
    ],
    "gwphi": [
        3.1173719588496196,
        3.198012239964143,
        3.2878530900648864
    ],
    "log10_Mc": [
        null,
        8.111280064618137,
        null
    ],
    "log10_fgw": [
        -7.680566319872152,
        -7.657415061541668,
        -7.632895255920713
    ],
    "log10_h": [
        -13.969029001114217,
        -13.919919626860935,
        -13.86637265854862
    ]
}