{
    "cos_gwtheta": [
        -0.13879387718675518,
        -0.09029197676427292,
        -0.03811861774407288
    ],
    "cos_inc": [
        0.028790871860857825,
        0.064109739225099,
        0.10649238006218842
    ],
    "gwphi": [
        2.734707345446695,
        2.895696591081755,
        3.0831077358095924
    ],
    "log10_Mc": [
        null,
        8.41733534518664,
        null
    ],
    "log10_fgw": [
        -7.6764794028578915,
        -7.6483658744488885,
        -7.625737912558716
    ],
    "log10_h": [
        -13.973331471441167,
        -13.91620096460587,
        -13.85609712284234
    ]
}