{
    "cos_gwtheta": [
        -0.06154878829313515,
        0.02810638094045048,
        0.13787649198926388
    ],
    "cos_inc": [
        -0.16241600580925386,
        -0.07199396193751639,
        0.007663552901871484
    ],
    "gwphi": [
        2.8408513592068134,
        2.9418707534791855,
        3.2622636252542825
    ],
    "log10_Mc": [
        null,
        9.6123197980002,
        null
    ],
    "log10_fgw": [
        -7.6804219964706535,
        -7.652438542357176,
        -7.623509701280405
    ],
    "log10_h": [
        -14.388653558322023,
        -14.282822048519442,
        -14.197342752140436
    ],
    "phase0": [
        null,
        3.054007853475935,
        null
    ],
    "psi": [
        null,
        0.08485349888691911,
        null
    ]
}