{
    "cos_gwtheta": [
        -0.049026755783809994,
        -0.028677423926532275,
        -0.002728611491077615
    ],
    "cos_inc": [
        -0.02833907631930266,
        0.004766389227967904,
        0.0361595031090004
    ],
    "gwphi": [
        3.1294869820188715,
        3.184782533203558,
        3.2322254617347976
    ],
    "log10_Mc": [
        null,
        9.038788162054324,
        null
    ],
    "log10_fgw": [
        -7.679747533332181,
        -7.660780607906,
        -7.642825251835881
    ],
    "log10_h": [
        -13.480497759288376,
        -13.436064173138728,
        -13.414411258060728
    ],
    "phase0": [
        0.01988019401329038,
        0.07985441950162647,
        1.9927823199733463
    ],
    "psi": [
        1.5460748255979473,
        1.585639902038822,
        1.6215457806585758
    ]
}