{
    "cos_gwtheta": [
        -0.13856897702083237,
        -0.07895953977666936,
        -0.028087642193702855
    ],
    "cos_inc": [
        -0.028156835047310036,
        0.011489812668868504,
        0.05627584064455171
    ],
    "gwphi": [
        2.8172496713141535,
        2.9165821136081083,
        3.0028873503553153
    ],
    "log10_Mc": [
        null,
        8.006283476523212,
        null
    ],
    "log10_fgw": [
        -7.662469934736764,
        -7.662469934736764,
        -7.643518539266159
    ],
    "log10_h": [
        -14.056306665742706,
        -14.011472670893935,
        -13.963303916097734
    ]
}