{
    "cos_gwtheta": [
        null,
        0.15177548541025965,
        null
    ],
    "cos_inc": [
        0.0587106330710937,
        0.1142833554131818,
        0.1661641836136628
    ],
    "gwphi": [
        2.999782099414955,
        3.1679577924849784,
        3.2634350591558565
    ],
    "log10_Mc": [
        null,
        9.210764516618298,
        null
    ],
    "log10_fgw": [
        -7.677839980522089,
        -7.650667497762277,
        -7.621772815390928
    ],
    "log10_h": [
        -14.17183782553372,
        -14.096077128278505,
        -14.006584804645783
    ]
}