{
    "cos_gwtheta": [
        0.008117957641818552,
        0.04549940614035186,
        0.08992657268049353
    ],
    "cos_inc": [
        0.00962217363749529,
        0.038306585418442785,
        0.07103849088627268
    ],
    "gwphi": [
        2.978162308871568,
        3.0833562727028374,
        3.169849087408548
    ],
    "log10_Mc": [
        null,
        8.092281081418058,
        null
    ],
    "log10_fgw": [
        -7.6657340199350905,
        -7.6657340199350905,
        -7.6443685732556945
    ],
    "log10_h": [
        -13.514218050188855,
        -13.452653945301858,
        -13.390313822286032
    ],
    "phase0": [
        null,
        4.554427696775495,
        null
    ],
    "psi": [
        0.009898010059281707,
        0.009898010059281707,
        0.06358350519472113
    ]
}