{
    "cos_gwtheta": [
        -0.020754364973636252,
        0.010368882243920963,
        0.040897417731206476
    ],
    "cos_inc": [
        -0.06381062713201646,
        -0.03064308350081857,
        -0.0008089613400927842
    ],
    "gwphi": [
        3.085154995827714,
        3.1653741181524633,
        3.2475739595469593
    ],
    "log10_Mc": [
        null,
        8.80928365036198,
        null
    ],
    "log10_fgw": [
        -7.671550372295254,
        -7.6476444486366,
        -7.623738524977947
    ],
    "log10_h": [
        -13.640305081826147,
        -13.563996386928716,
        -13.485272859914277
    ],
    "phase0": [
        null,
        3.4731776677230926,
        null
    ],
    "psi": [
        null,
        3.133293532835369,
        null
    ]
}