{
    "cos_gwtheta": [
        0.008707626679859803,
        0.03895501808175317,
        0.07249951849901892
    ],
    "cos_inc": [
        -0.0839747402046529,
        -0.03475116166440595,
        0.018512041862426498
    ],
    "gwphi": [
        2.9569331537257604,
        3.0586093350462367,
        3.1867686147571623
    ],
    "log10_Mc": [
        null,
        8.713643452956623,
        null
    ],
    "log10_fgw": [
        -7.663012654239445,
        -7.64656900918584,
        -7.634097705353049
    ],
    "log10_h": [
        -14.143753812101822,
        -14.096051517624657,
        -14.046614594257413
    ]
}