{
    "cos_gwtheta": [
        -0.5972185359521371,
        -0.5695524078800045,
        -0.5365015971629601
    ],
    "cos_inc": [
        -0.09315648317025044,
        -0.07387184606763947,
        -0.055455017634646
    ],
    "gwphi": [
        2.9843233705298617,
        2.9843233705298617,
        3.018550132552334
    ],
    "log10_Mc": [
        null,
        9.946956441699012,
        null
    ],
    "log10_fgw": [
        -7.926811830819796,
        -7.908355410990196,
        -7.891791957296965
    ],
    "log10_h": [
        -13.190279596213555,
        -13.150379294046331,
        -13.150379294046331
    ],
    "phase0": [
        0.4126173610741058,
        0.8577827433300919,
        1.2784390202708606
    ],
    "psi": [
        0.45399551595097654,
        0.5070865768788257,
        0.551823206899247
    ]
}