{
    "cos_gwtheta": [
        -0.042537317355669346,
        -0.01433948972125132,
        0.01317058601964427
    ],
    "cos_inc": [
        -0.06667721877555488,
        -0.03616475166526567,
        -0.00662401917632327
    ],
    "gwphi": [
        3.0810483697726903,
        3.1397966841951903,
        3.2092654939502636
    ],
    "log10_Mc": [
        null,
        9.191733272955792,
        null
    ],
    "log10_fgw": [
        -7.6618837599681795,
        -7.651585629991495,
        -7.640739078891792
    ],
    "log10_h": [
        -13.512502680683072,
        -13.471275254056852,
        -13.450444554287815
    ],
    "phase0": [
        3.5140206928676014,
        5.00499694107895,
        6.266111748426547
    ],
    "psi": [
        3.076756111930993,
        3.1332958011595777,
        3.1332958011595777
    ]
}