{
    "cos_gwtheta": [
        -0.03469029598184298,
        -0.013856171418339058,
        0.0026995168508739398
    ],
    "cos_inc": [
        -0.025097129661738805,
        -0.0001803684849071563,
        0.021713019996827766
    ],
    "gwphi": [
        3.0932502522920338,
        3.137666747221844,
        3.191986920075193
    ],
    "log10_Mc": [
        null,
        8.006282416102668,
        null
    ],
    "log10_fgw": [
        -7.657650498635797,
        -7.656249806742437,
        -7.654788478836377
    ],
    "log10_h": [
        -13.471200827557684,
        -13.439686632879562,
        -13.40625721090056
    ],
    "phase0": [
        null,
        1.7017728280357574,
        null
    ],
    "psi": [
        0.0098669833284231,
        0.0098669833284231,
        0.0782766753347881
    ]
}