{
    "cos_gwtheta": [
        -0.06693194199494457,
        -0.016873867382023566,
        0.0255850296390564
    ],
    "cos_inc": [
        -0.0579487216161666,
        -0.01983390782572647,
        0.02339817263102284
    ],
    "gwphi": [
        2.9435166806821247,
        3.022705672045584,
        3.1460737849065534
    ],
    "log10_Mc": [
        null,
        8.541699251587536,
        null
    ],
    "log10_fgw": [
        -7.6701886734239215,
        -7.647517373649931,
        -7.6297627412968065
    ],
    "log10_h": [
        -14.029191271350534,
        -13.984419965123363,
        -13.935051605131795
    ]
}