{
    "cos_gwtheta": [
        null,
        -0.2957675915185628,
        null
    ],
    "cos_inc": [
        -0.34638694955383487,
        -0.05686992933879309,
        0.18194184351715814
    ],
    "gwphi": [
        null,
        3.7437782879173445,
        null
    ],
    "log10_Mc": [
        null,
        8.207157992600202,
        null
    ],
    "log10_fgw": [
        -7.692657675572328,
        -7.66010723170831,
        -7.624182656468144
    ],
    "log10_h": [
        -14.633021256283852,
        -14.40829389470993,
        -14.275138956507384
    ],
    "phase0": [
        null,
        5.966565438615929,
        null
    ],
    "psi": [
        null,
        1.8868277858131428,
        null
    ]
}