{
    "cos_gwtheta": [
        -0.9449118625081558,
        -0.9449118625081558,
        -0.9158676670341314
    ],
    "cos_inc": [
        0.184562829051227,
        0.2000154665816562,
        0.21391086157025924
    ],
    "gwphi": [
        5.806947163720654,
        5.833604769995184,
        5.867726506026582
    ],
    "log10_Mc": [
        null,
        8.809322058856116,
        null
    ],
    "log10_fgw": [
        -8.03270292768333,
        -8.009360587358946,
        -7.990314383290583
    ],
    "log10_h": [
        -13.644720749872668,
        -13.603622513230965,
        -13.603622513230965
    ],
    "phase0": [
        null,
        6.266496498822118,
        null
    ],
    "psi": [
        0.32936288548772386,
        0.3861739251265419,
        0.4305672511831046
    ]
}