{
    "cos_gwtheta": [
        0.7431831927827763,
        0.7872454203559869,
        0.8383921629507727
    ],
    "cos_inc": [
        -0.1889240534645551,
        -0.17204795914776594,
        -0.15128467456699735
    ],
    "gwphi": [
        2.2866297366088917,
        2.3212170954338682,
        2.3547235992955646
    ],
    "log10_Mc": [
        null,
        8.197618427900652,
        null
    ],
    "log10_fgw": [
        -7.921981944731019,
        -7.914989979010405,
        -7.90706278220614
    ],
    "log10_h": [
        -13.424435069674345,
        -13.388865540543625,
        -13.388865540543625
    ],
    "phase0": [
        0.019275723047742277,
        0.6354381413600609,
        1.3071161835005192
    ],
    "psi": [
        2.2588169723974536,
        2.2713078369578983,
        2.2836551283624758
    ]
}