{
    "cos_gwtheta": [
        -0.0980671984993956,
        -0.027770802525998617,
        0.039965780708871246
    ],
    "cos_inc": [
        -0.1912552797370105,
        -0.1161117024359114,
        -0.04195685641508984
    ],
    "gwphi": [
        2.8347919634327496,
        2.949177136335201,
        3.197840555688357
    ],
    "log10_Mc": [
        null,
        8.685036127406493,
        null
    ],
    "log10_fgw": [
        -7.680498658818848,
        -7.647182688594332,
        -7.622828909190446
    ],
    "log10_h": [
        -14.313763812306632,
        -14.228020525209661,
        -14.147159418160914
    ],
    "phase0": [
        null,
        2.693724815056363,
        null
    ],
    "psi": [
        null,
        1.4664151232789495,
        null
    ]
}