{
    "cos_gwtheta": [
        -0.019877608062676022,
        -0.003034644370484507,
        0.018729964556438272
    ],
    "cos_inc": [
        -0.03779146158443323,
        -0.020372182828848055,
        -0.005399431988373157
    ],
    "gwphi": [
        3.089345810367992,
        3.1521573677841688,
        3.219074255750422
    ],
    "log10_Mc": [
        null,
        8.006333214774429,
        null
    ],
    "log10_fgw": [
        -7.65943190779164,
        -7.653887868881085,
        -7.653887868881085
    ],
    "log10_h": [
        -12.694337836095297,
        -12.658561281541722,
        -12.658561281541722
    ],
    "phase0": [
        null,
        1.5895695345751513,
        null
    ],
    "psi": [
        3.090096526846661,
        3.1331337227374325,
        3.1331337227374325
    ]
}