{
    "cos_gwtheta": [
        -0.35051774960455484,
        -0.21949975359790785,
        -0.003190831511061254
    ],
    "cos_inc": [
        -0.5530090639302551,
        -0.11433477591853769,
        0.12787070132455924
    ],
    "gwphi": [
        null,
        4.284109728839562,
        null
    ],
    "log10_Mc": [
        null,
        8.006288369455564,
        null
    ],
    "log10_fgw": [
        -7.721739145930534,
        -7.669721483297676,
        -7.623461500879905
    ],
    "log10_h": [
        -14.829642771447741,
        -14.450114093836003,
        -14.25126659780398
    ],
    "phase0": [
        null,
        1.882282967414384,
        null
    ],
    "psi": [
        null,
        1.676692898949319,
        null
    ]
}