{
    "cos_gwtheta": [
        null,
        0.08650600161473365,
        null
    ],
    "cos_inc": [
        null,
        -0.12389007362767823,
        null
    ],
    "gwphi": [
        null,
        3.3535688508758716,
        null
    ],
    "log10_Mc": [
        null,
        9.870421510688464,
        null
    ],
    "log10_fgw": [
        -7.435144551763848,
        -6.505303525017874,
        -6.505303525017874
    ],
    "log10_h": [
        -15.988727312258561,
        -15.988727312258561,
        -14.828281583597576
    ],
    "phase0": [
        null,
        2.6024266507449503,
        null
    ],
    "psi": [
        null,
        0.2951477668435829,
        null
    ]
}