{
    "cos_gwtheta": [
        -0.04170191222310249,
        -0.01682742474255783,
        0.010423606127847762
    ],
    "cos_inc": [
        -0.031146559762265547,
        -0.0044457103746951,
        0.02897837447017726
    ],
    "gwphi": [
        3.0613063184294136,
        3.1466695583283575,
        3.2331786135279583
    ],
    "log10_Mc": [
        null,
        9.946766789345187,
        null
    ],
    "log10_fgw": [
        -7.674947536393857,
        -7.649492044674218,
        -7.625553767692835
    ],
    "log10_h": [
        -13.544507440579043,
        -13.497150230447913,
        -13.434724817093244
    ],
    "phase0": [
        null,
        1.1357719819152905,
        null
    ],
    "psi": [
        1.5246683779526242,
        1.5614720016255028,
        1.6089871277106371
    ]
}