{
    "cos_gwtheta": [
        null,
        0.176845282538437,
        null
    ],
    "cos_inc": [
        -0.03450556306111818,
        0.03219176957102565,
        0.10224370177342523
    ],
    "gwphi": [
        3.1068094683184957,
        3.2419270335380492,
        3.380060615838396
    ],
    "log10_Mc": [
        null,
        8.445978069005333,
        null
    ],
    "log10_fgw": [
        -7.670002104182309,
        -7.645680395077389,
        -7.625387435333407
    ],
    "log10_h": [
        -14.306574252898837,
        -14.22236235973533,
        -14.124898848865891
    ],
    "phase0": [
        null,
        0.3503094088485425,
        null
    ],
    "psi": [
        1.5169272920987136,
        1.598509125116276,
        1.68287215698671
    ]
}