{
    "cos_gwtheta": [
        -0.03213221683896483,
        -0.005149288837205002,
        0.02862790161104123
    ],
    "cos_inc": [
        -0.05915377558630974,
        -0.028137571088191593,
        -0.00012899854140613343
    ],
    "gwphi": [
        3.070377103490281,
        3.165662779664351,
        3.2369909144003692
    ],
    "log10_Mc": [
        null,
        9.994678927753053,
        null
    ],
    "log10_fgw": [
        -7.680840308594145,
        -7.656924285570454,
        -7.632343928573881
    ],
    "log10_h": [
        -13.533311678429,
        -13.484117473273693,
        -13.438920297287254
    ],
    "phase0": [
        null,
        4.044558196790535,
        null
    ],
    "psi": [
        0.00992244340796562,
        0.00992244340796562,
        0.07177145916293598
    ]
}