{
    "cos_gwtheta": [
        0.709736404921335,
        0.7150470508760972,
        0.720754754472337
    ],
    "cos_inc": [
        -0.060363652581203575,
        -0.028630154259455698,
        0.004790174537866787
    ],
    "gwphi": [
        1.9292377139956018,
        1.9479945113895736,
        1.9674517700970129
    ],
    "log10_Mc": [
        null,
        8.08266808146457,
        null
    ],
    "log10_fgw": [
        null,
        -7.961890952292708,
        null
    ],
    "log10_h": [
        -13.352044293470492,
        -13.313848148428164,
        -13.313848148428164
    ],
    "phase0": [
        3.6818147116348006,
        4.319286623370946,
        4.872750608754265
    ],
    "psi": [
        2.393107380418107,
        2.407374483718882,
        2.4249048074554733
    ]
}