{
    "cos_gwtheta": [
        -0.02876508193649474,
        -0.0025431230786395753,
        0.022764116284174185
    ],
    "cos_inc": [
        -0.03265141888958034,
        0.001108207596881794,
        0.026811559580892652
    ],
    "gwphi": [
        3.0698764007685533,
        3.126204539820919,
        3.195563815519728
    ],
    "log10_Mc": [
        null,
        9.99461547710189,
        null
    ],
    "log10_fgw": [
        -7.673969490927382,
        -7.657239141971098,
        -7.6402780295809345
    ],
    "log10_h": [
        -13.510608624198381,
        -13.476442425511106,
        -13.431663998443694
    ],
    "phase0": [
        2.0913902246559832,
        2.2437222970691146,
        4.358266269459588
    ],
    "psi": [
        1.5721942549314192,
        1.611166292409554,
        1.6486489526592252
    ]
}