{
    "cos_gwtheta": [
        0.7986848312778221,
        0.8373365408313356,
        0.8782535520436634
    ],
    "cos_inc": [
        0.04036856478123085,
        0.08133292965762506,
        0.11897585954404122
    ],
    "gwphi": [
        2.5017228727604905,
        2.6019475230646814,
        2.693421091876085
    ],
    "log10_Mc": [
        null,
        9.994670569550097,
        null
    ],
    "log10_fgw": [
        -7.716991906133006,
        -7.714498432855872,
        -7.711735954162946
    ],
    "log10_h": [
        -13.962161180660067,
        -13.924497697366402,
        -13.884004010125816
    ],
    "phase0": [
        null,
        0.6210965908887729,
        null
    ],
    "psi": [
        2.0178415731634547,
        2.112912371507784,
        2.197895271635513
    ]
}