{
    "cos_gwtheta": [
        -0.04199905220746247,
        -0.014391828481807534,
        0.007725322343859142
    ],
    "cos_inc": [
        -0.06759217854256117,
        -0.038797793257865476,
        -0.01161303199529562
    ],
    "gwphi": [
        3.0642855557584507,
        3.152414462473396,
        3.2353252102381136
    ],
    "log10_Mc": [
        null,
        8.00631116429716,
        null
    ],
    "log10_fgw": [
        -7.670033321349739,
        -7.6544628190582555,
        -7.642025405642498
    ],
    "log10_h": [
        -13.514507822387326,
        -13.452707128716819,
        -13.452707128716819
    ],
    "phase0": [
        2.497581689977887,
        2.873046475141546,
        4.781607071938514
    ],
    "psi": [
        1.5407495580289772,
        1.581624112319982,
        1.6137567099129104
    ]
}