{
    "cos_gwtheta": [
        -0.016655461997535537,
        -0.0031244883826811558,
        -0.0031244883826811558
    ],
    "cos_inc": [
        -0.005898297768184291,
        0.04036990545541541,
        0.08264947047008397
    ],
    "gwphi": [
        3.1280540057754007,
        3.1509148960657907,
        3.1764448243088657
    ],
    "log10_Mc": [
        null,
        8.006356897920549,
        null
    ],
    "log10_fgw": [
        null,
        -7.6530900107113276,
        null
    ],
    "log10_h": [
        -12.695762359703627,
        -12.658505119499242,
        -12.658505119499242
    ],
    "phase0": [
        3.4128493548704797,
        3.7034841523361948,
        3.9823407597622262
    ],
    "psi": [
        1.5048952872076105,
        1.560908787272676,
        1.6171606426571676
    ]
}