{
    "cos_gwtheta": [
        null,
        0.1335115919610672,
        null
    ],
    "cos_inc": [
        0.10054269127861537,
        0.25059214331934565,
        0.7610778452356923
    ],
    "gwphi": [
        2.889675837183176,
        2.980918858396394,
        3.393684906741902
    ],
    "log10_Mc": [
        null,
        9.70771427562364,
        null
    ],
    "log10_fgw": [
        -7.676127795508472,
        -7.649185246507456,
        -7.62329240720778
    ],
    "log10_h": [
        null,
        -14.441942649117001,
        null
    ],
    "phase0": [
        null,
        5.425640548999789,
        null
    ],
    "psi": [
        null,
        0.009933081591356868,
        null
    ]
}