{
    "cos_gwtheta": [
        -0.05374273247528749,
        -0.01724853524891279,
        0.02390449566593522
    ],
    "cos_inc": [
        -0.12602305772004418,
        -0.08704301507835799,
        -0.044721825924527225
    ],
    "gwphi": [
        3.0666544623493404,
        3.1522687365601794,
        3.261904281952477
    ],
    "log10_Mc": [
        null,
        8.66591207849591,
        null
    ],
    "log10_fgw": [
        -7.670464694538329,
        -7.653597009331089,
        -7.636377914015364
    ],
    "log10_h": [
        -14.031944657297908,
        -13.984377667433062,
        -13.937043849087162
    ]
}