{
    "cos_gwtheta": [
        -0.004752636728176385,
        0.06495875177321131,
        0.12945626911244545
    ],
    "cos_inc": [
        -0.0139312078598266,
        0.07122319698028967,
        0.1609323723118541
    ],
    "gwphi": [
        2.901031765562014,
        3.1723079900663786,
        3.257318703134613
    ],
    "log10_Mc": [
        null,
        8.761530774817588,
        null
    ],
    "log10_fgw": [
        -7.673182368086148,
        -7.647673696342446,
        -7.619249747828036
    ],
    "log10_h": [
        -14.380275972568878,
        -14.293254868847288,
        -14.211433139247427
    ],
    "phase0": [
        null,
        1.4017820648599326,
        null
    ],
    "psi": [
        null,
        1.6467201527875617,
        null
    ]
}