{
    "cos_gwtheta": [
        -0.0016655691969318653,
        0.009720551941167943,
        0.024153663242984624
    ],
    "cos_inc": [
        -0.015123538224753097,
        0.021945200399394738,
        0.05148435149051256
    ],
    "gwphi": [
        3.065173301673349,
        3.1482126677030577,
        3.2361367023227494
    ],
    "log10_Mc": [
        null,
        8.6086546018369,
        null
    ],
    "log10_fgw": [
        -7.669768263031892,
        -7.649580447228979,
        -7.629392631426065
    ],
    "log10_h": [
        -12.723529417031974,
        -12.66970048642452,
        -12.614822940285753
    ],
    "phase0": [
        1.4642075229772407,
        1.7512345433657346,
        2.0244289362656263
    ],
    "psi": [
        1.5455839427604063,
        1.5738552396596301,
        1.5972626575224282
    ]
}