{
    "cos_gwtheta": [
        -0.05532908106751,
        -0.01201163103487346,
        0.027647900995007024
    ],
    "cos_inc": [
        -0.10216921005034685,
        -0.06501558661092244,
        -0.019886578035286484
    ],
    "gwphi": [
        2.962575233541724,
        3.1122737745372064,
        3.2236773399291936
    ],
    "log10_Mc": [
        null,
        8.283543772574141,
        null
    ],
    "log10_fgw": [
        -7.6878776771014365,
        -7.661700716467533,
        -7.639751091091279
    ],
    "log10_h": [
        -13.97582034712073,
        -13.926661463506122,
        -13.872902918266755
    ]
}