{
    "cos_gwtheta": [
        -0.08538407008122717,
        0.23930916255907153,
        0.48685544218991783
    ],
    "cos_inc": [
        -0.3417277162322596,
        0.048401149467862226,
        0.4174527166133395
    ],
    "gwphi": [
        null,
        3.5338601990386715,
        null
    ],
    "log10_Mc": [
        null,
        9.268080320674835,
        null
    ],
    "log10_fgw": [
        -7.718619748328011,
        -7.642862460733649,
        -7.5756552082221145
    ],
    "log10_h": [
        -14.8966172297814,
        -14.403940240658626,
        -14.25623577795365
    ],
    "phase0": [
        null,
        0.01972869005379683,
        null
    ],
    "psi": [
        null,
        2.907890039522189,
        null
    ]
}