{
    "cos_gwtheta": [
        -0.025804369833441032,
        -0.009935999127504702,
        0.00836552175334182
    ],
    "cos_inc": [
        -0.03357884370446612,
        -0.010689114994906379,
        0.01232993421583728
    ],
    "gwphi": [
        3.074519226636547,
        3.1256346301597064,
        3.186202882279615
    ],
    "log10_Mc": [
        null,
        8.130589443478243,
        null
    ],
    "log10_fgw": [
        -7.65305236673041,
        -7.65305236673041,
        -7.645922030814767
    ],
    "log10_h": [
        -12.717876033386979,
        -12.67719232842903,
        -12.67719232842903
    ],
    "phase0": [
        5.482601169660059,
        5.8055594420670005,
        6.137694347328768
    ],
    "psi": [
        3.0908158612987156,
        3.1332987775164063,
        3.1332987775164063
    ]
}