{
    "cos_gwtheta": [
        -0.07580001293620386,
        -0.03122417516476239,
        0.006116164301749549
    ],
    "cos_inc": [
        -0.0048571775778843695,
        0.04371203688187411,
        0.08915817546728008
    ],
    "gwphi": [
        null,
        2.9882634781451545,
        null
    ],
    "log10_Mc": [
        null,
        9.153323559086498,
        null
    ],
    "log10_fgw": [
        null,
        -7.6562852175953005,
        null
    ],
    "log10_h": [
        -14.057754579341431,
        -13.997688829737065,
        -13.940468299850801
    ]
}