{
    "cos_gwtheta": [
        -0.2591434453746827,
        -0.21907785794426415,
        -0.17172761825376948
    ],
    "cos_inc": [
        -0.03319305017894458,
        -0.0010334505161987417,
        0.040069943135594865
    ],
    "gwphi": [
        2.7612740896458603,
        2.8626984553280894,
        2.948426192988069
    ],
    "log10_Mc": [
        null,
        9.650443053782766,
        null
    ],
    "log10_fgw": [
        -7.68058653144533,
        -7.6578607764001525,
        -7.635135021354974
    ],
    "log10_h": [
        -13.952045684072608,
        -13.908364057720426,
        -13.856194532408816
    ]
}