{
    "cos_gwtheta": [
        -0.15106634999678703,
        -0.09889528917059698,
        -0.05443335417095729
    ],
    "cos_inc": [
        -0.0985806699324564,
        -0.037267911533593656,
        0.01855999946856579
    ],
    "gwphi": [
        3.2574302725021305,
        3.378969225295949,
        3.512973711709646
    ],
    "log10_Mc": [
        null,
        9.994718963678196,
        null
    ],
    "log10_fgw": [
        -7.680927885079306,
        -7.659348871979612,
        -7.6346196379894495
    ],
    "log10_h": [
        -14.094812136580995,
        -14.043588130714081,
        -13.991156011501252
    ]
}