{
    "cos_gwtheta": [
        0.05956238798276818,
        0.07903420051566798,
        0.09476899852205166
    ],
    "cos_inc": [
        0.0057486588387573034,
        0.03566488636265974,
        0.0641306301278276
    ],
    "gwphi": [
        3.0968209895012553,
        3.1111335590345877,
        3.1269099140883743
    ],
    "log10_Mc": [
        null,
        8.006300893221294,
        null
    ],
    "log10_fgw": [
        -7.6582190949060776,
        -7.6509342512205345,
        -7.642813441866159
    ],
    "log10_h": [
        -12.680664814924864,
        -12.654687560861706,
        -12.654687560861706
    ],
    "phase0": [
        null,
        2.3319235429764764,
        null
    ],
    "psi": [
        1.552528205862034,
        1.5721626663877608,
        1.591335139607
    ]
}