{
    "cos_gwtheta": [
        -0.25451223720422433,
        -0.11347272513573448,
        -0.03670191039485282
    ],
    "cos_inc": [
        0.08337295063704153,
        0.16317582250123008,
        0.273641866805846
    ],
    "gwphi": [
        3.1369105676667735,
        3.2514663006368045,
        3.3975400130483258
    ],
    "log10_Mc": [
        8.403421660718863,
        8.952668530217773,
        9.881734922071107
    ],
    "log10_fgw": [
        -7.670223516375798,
        -7.6474639634800745,
        -7.622953675746218
    ],
    "log10_h": [
        -14.360718998071132,
        -14.273398781599239,
        -14.18911579004811
    ],
    "phase0": [
        null,
        3.593246149967072,
        null
    ],
    "psi": [
        null,
        1.5417554296249654,
        null
    ]
}