{
    "cos_gwtheta": [
        -0.0526888354263495,
        -0.009968538192991927,
        0.03405068699678526
    ],
    "cos_inc": [
        -0.021679720739609665,
        0.004497964130623977,
        0.023611829273969098
    ],
    "gwphi": [
        3.11385270846215,
        3.20739534115957,
        3.299837472295844
    ],
    "log10_Mc": [
        null,
        8.283630892654328,
        null
    ],
    "log10_fgw": [
        -7.659189097948119,
        -7.659189097948119,
        -7.638274416833198
    ],
    "log10_h": [
        -13.549813335689967,
        -13.507243201180264,
        -13.455854967379265
    ],
    "phase0": [
        null,
        5.906026505225645,
        null
    ],
    "psi": [
        1.554290562101143,
        1.5850855582178025,
        1.6218846101811066
    ]
}