{
    "cos_gwtheta": [
        -0.0063266562204598534,
        0.011900339778960581,
        0.02737429992430189
    ],
    "cos_inc": [
        -0.03408261375088861,
        -0.013037844423519629,
        0.006786938276175825
    ],
    "gwphi": [
        3.0885347445560716,
        3.1467932758110524,
        3.206561095440514
    ],
    "log10_Mc": [
        null,
        8.407795088597176,
        null
    ],
    "log10_fgw": [
        -7.66482083082985,
        -7.6500834276700695,
        -7.635346024510289
    ],
    "log10_h": [
        -12.679710190115342,
        -12.644914276124553,
        -12.644914276124553
    ],
    "phase0": [
        4.298279126032595,
        4.534979706446638,
        4.735865523271297
    ],
    "psi": [
        3.090204277491024,
        3.1332949607609986,
        3.1332949607609986
    ]
}