{
    "cos_gwtheta": [
        -0.07990327387515739,
        -0.058440689161970205,
        -0.030386024858304217
    ],
    "cos_inc": [
        -0.06736344357788904,
        -0.04512795647682344,
        -0.019286714710720188
    ],
    "gwphi": [
        3.965218643736406,
        4.010355042220502,
        4.045374661734026
    ],
    "log10_Mc": [
        null,
        8.49371294263586,
        null
    ],
    "log10_fgw": [
        -7.796702923259566,
        -7.785464259111933,
        -7.774368762660448
    ],
    "log10_h": [
        -13.22499984560446,
        -13.187670795515148,
        -13.187670795515148
    ],
    "phase0": [
        2.911712729802083,
        3.5086976475193383,
        3.924347713743338
    ],
    "psi": [
        1.3582382814879863,
        1.382810213118527,
        1.410868702615563
    ]
}