{
    "cos_gwtheta": [
        -0.1439464240801922,
        -0.0868279562103581,
        -0.028014578314712768
    ],
    "cos_inc": [
        -0.10824231258821881,
        -0.0669775125336679,
        -0.023175941983960113
    ],
    "gwphi": [
        2.7995626587957485,
        2.901028842103687,
        2.998655764421595
    ],
    "log10_Mc": [
        null,
        8.780655627080481,
        null
    ],
    "log10_fgw": [
        -7.675906812380266,
        -7.6515767738484035,
        -7.623896947402734
    ],
    "log10_h": [
        -14.089481986388966,
        -14.03691393352125,
        -13.980270837795569
    ]
}