{
    "cos_gwtheta": [
        -0.022555909111867445,
        -0.012634808420784443,
        -0.012634808420784443
    ],
    "cos_inc": [
        -0.0016842023332261924,
        0.02013914457042265,
        0.041962491474071495
    ],
    "gwphi": [
        3.144061227131004,
        3.1473989600717553,
        3.154004889850326
    ],
    "log10_Mc": [
        null,
        9.889665290046393,
        null
    ],
    "log10_fgw": [
        -7.656896399459865,
        -7.6515317996054595,
        -7.644652007425764
    ],
    "log10_h": [
        -12.66829851067903,
        -12.653073250445624,
        -12.653073250445624
    ],
    "phase0": [
        4.574948341946416,
        4.769315746945094,
        5.004729684676413
    ],
    "psi": [
        0.00986452558816278,
        0.00986452558816278,
        0.0685909619054051
    ]
}