{
    "cos_gwtheta": [
        -0.007453425584280249,
        -0.0032659878197505987,
        0.0018810710991504498
    ],
    "cos_inc": [
        0.009895975703821835,
        0.027763130133282354,
        0.04369562452897957
    ],
    "gwphi": [
        3.1346067854227155,
        3.1346067854227155,
        3.1712878492153362
    ],
    "log10_Mc": [
        null,
        9.478456771419541,
        null
    ],
    "log10_fgw": [
        -7.655965881229564,
        -7.652372238634795,
        -7.648451901258683
    ],
    "log10_h": [
        -12.69636111003193,
        -12.67249537809134,
        -12.67249537809134
    ],
    "phase0": [
        3.8212560522408747,
        4.0362565254430764,
        4.145383499546338
    ],
    "psi": [
        1.5656258916177188,
        1.5698031656301754,
        1.5735137051161008
    ]
}