{
    "cos_gwtheta": [
        -0.026495183656292665,
        0.0024284334816656594,
        0.027841091313860256
    ],
    "cos_inc": [
        -0.052188558333281954,
        -0.028174803585539365,
        -0.00013293513817536073
    ],
    "gwphi": [
        3.0527233104714777,
        3.1374702659522646,
        3.2227859929463456
    ],
    "log10_Mc": [
        8.461536758303907,
        9.793998036282044,
        9.94989262543812
    ],
    "log10_fgw": [
        -7.669810423859664,
        -7.650529386805052,
        -7.632276671726685
    ],
    "log10_h": [
        -13.531420669356056,
        -13.495023891835697,
        -13.467119695736754
    ],
    "phase0": [
        null,
        2.5425072049717823,
        null
    ],
    "psi": [
        null,
        3.133288493470268,
        null
    ]
}