{
    "cos_gwtheta": [
        -0.03196493206469919,
        -0.009370798888344356,
        0.015919225178371077
    ],
    "cos_inc": [
        -0.003803926456296347,
        0.029206504030338976,
        0.06261465054693394
    ],
    "gwphi": [
        3.072317727834724,
        3.131939244079366,
        3.192548962250715
    ],
    "log10_Mc": [
        null,
        9.191712770863528,
        null
    ],
    "log10_fgw": [
        -7.665688092110599,
        -7.65443141074267,
        -7.643251829932054
    ],
    "log10_h": [
        -12.718053192441971,
        -12.669015580291806,
        -12.620284453217579
    ],
    "phase0": [
        3.7055013735377313,
        3.929206944950843,
        4.142555776946681
    ],
    "psi": [
        3.0876324807789297,
        3.1306566883880897,
        3.1306566883880897
    ]
}