{
    "cos_gwtheta": [
        0.10119485368935222,
        0.12707357326601643,
        0.15772322997133925
    ],
    "cos_inc": [
        -0.06549043253953457,
        -0.042348843444087625,
        -0.014516391694158193
    ],
    "gwphi": [
        3.1007595822837515,
        3.168289331230139,
        3.2349420704499505
    ],
    "log10_Mc": [
        8.006399635479845,
        8.704164846951784,
        9.496980434908071
    ],
    "log10_fgw": [
        -7.656440084040097,
        -7.651237121133044,
        -7.644750310235939
    ],
    "log10_h": [
        -13.535123799933595,
        -13.499544511200284,
        -13.466911278221962
    ],
    "phase0": [
        0.8139366314275878,
        2.3623828065319223,
        3.5811597959688823
    ],
    "psi": [
        1.5162618262742384,
        1.5396650609464408,
        1.559811144401378
    ]
}