{
    "cos_gwtheta": [
        -0.0387190181356063,
        -0.012169374819883338,
        0.011938921984049
    ],
    "cos_inc": [
        -0.05242450088606598,
        -0.02680332632855409,
        0.002669397345446578
    ],
    "gwphi": [
        3.0874986091883643,
        3.1762941155828903,
        3.256426645743804
    ],
    "log10_Mc": [
        8.50786620706179,
        8.837968828637038,
        9.994720003157049
    ],
    "log10_fgw": [
        -7.680943093373119,
        -7.658426421005022,
        -7.6394279786944415
    ],
    "log10_h": [
        -13.537398252710103,
        -13.497372716015352,
        -13.467509103144657
    ],
    "phase0": [
        null,
        0.22967487900160186,
        null
    ],
    "psi": [
        1.5521834174718327,
        1.5958263567450361,
        1.6381139252333574
    ]
}