{
    "cos_gwtheta": [
        null,
        -0.1153571343101295,
        null
    ],
    "cos_inc": [
        null,
        -0.10455752683966868,
        null
    ],
    "gwphi": [
        3.2370000334414835,
        3.3191768242613544,
        3.5669068579008196
    ],
    "log10_Mc": [
        null,
        9.640908974006045,
        null
    ],
    "log10_fgw": [
        -7.683477584720932,
        -7.656623342048356,
        -7.629398696028571
    ],
    "log10_h": [
        -14.170572208878122,
        -14.080011241848485,
        -14.00154574644267
    ]
}