{
    "cos_gwtheta": [
        -0.038987559559585994,
        -0.011290809800546975,
        0.02465993823105317
    ],
    "cos_inc": [
        0.010693727568145905,
        0.040280520176443124,
        0.0734115639826094
    ],
    "gwphi": [
        3.0809835356627118,
        3.158269240152911,
        3.249017615747855
    ],
    "log10_Mc": [
        null,
        8.30278767894991,
        null
    ],
    "log10_fgw": [
        -7.669130035234772,
        -7.648756337556456,
        -7.632457379413803
    ],
    "log10_h": [
        -13.519478698461903,
        -13.458552399258963,
        -13.458552399258963
    ],
    "phase0": [
        null,
        5.906059290896809,
        null
    ],
    "psi": [
        null,
        0.00986470077846731,
        null
    ]
}