{
    "cos_gwtheta": [
        null,
        0.22179658668021007,
        null
    ],
    "cos_inc": [
        -0.033556208116360065,
        0.051643270690198584,
        0.14457014408618907
    ],
    "gwphi": [
        3.307505484304004,
        3.4567441782564305,
        3.636452438890811
    ],
    "log10_Mc": [
        null,
        8.847469965768624,
        null
    ],
    "log10_fgw": [
        -7.6739326267170735,
        -7.649534761000842,
        -7.623117761570164
    ],
    "log10_h": [
        -14.429989332190067,
        -14.337241626003024,
        -14.251816107146539
    ],
    "phase0": [
        null,
        2.7230841974368105,
        null
    ],
    "psi": [
        null,
        0.00988816372133356,
        null
    ]
}