{
    "cos_gwtheta": [
        -0.03202002058543141,
        -0.008426028577900424,
        0.01177802204923828
    ],
    "cos_inc": [
        -0.037808205829084285,
        -0.01611594098261082,
        0.005102175998366154
    ],
    "gwphi": [
        3.127626876080065,
        3.136321524487723,
        3.1462582655250464
    ],
    "log10_Mc": [
        null,
        9.30625576477151,
        null
    ],
    "log10_fgw": [
        -7.660517877100918,
        -7.652178907898433,
        -7.652178907898433
    ],
    "log10_h": [
        -12.680959500736119,
        -12.645943036030243,
        -12.645943036030243
    ],
    "phase0": [
        4.478679464495833,
        4.671848901929999,
        4.895057647129304
    ],
    "psi": [
        1.5596791798673415,
        1.5674197657851154,
        1.5742857092263045
    ]
}