{
    "cos_gwtheta": [
        -0.2879654388984898,
        -0.18119883742068676,
        -0.008423834284353893
    ],
    "cos_inc": [
        -0.3830287185681337,
        -0.07904110418561261,
        0.08583353412355144
    ],
    "gwphi": [
        3.308724153504305,
        3.627944305013791,
        3.7731002891298577
    ],
    "log10_Mc": [
        null,
        9.029232810373102,
        null
    ],
    "log10_fgw": [
        -7.685841913194347,
        -7.653617004791903,
        -7.62844725385035
    ],
    "log10_h": [
        -14.584453081226862,
        -14.4125344422513,
        -14.305783518410879
    ],
    "phase0": [
        null,
        1.0714100955635382,
        null
    ],
    "psi": [
        null,
        3.0281850468385385,
        null
    ]
}