{
    "cos_gwtheta": [
        0.03534534958916924,
        0.1503414666898527,
        0.220499648223756
    ],
    "cos_inc": [
        -0.4348131577781936,
        -0.23297734670460257,
        -0.11104665598134078
    ],
    "gwphi": [
        2.151629430811304,
        2.2237575821718583,
        2.3027379079116654
    ],
    "log10_Mc": [
        null,
        8.828379176829895,
        null
    ],
    "log10_fgw": [
        -7.68178275121584,
        -7.663717258566555,
        -7.641695818621806
    ],
    "log10_h": [
        -14.525948489671345,
        -14.357802036652652,
        -14.252228602305818
    ],
    "phase0": [
        null,
        4.975262086114356,
        null
    ],
    "psi": [
        null,
        1.3312359902142827,
        null
    ]
}