{
    "cos_gwtheta": [
        null,
        0.11607609573194133,
        null
    ],
    "cos_inc": [
        null,
        -0.33090438107158815,
        null
    ],
    "gwphi": [
        1.8901523254319559,
        2.032222278246741,
        2.274175472996813
    ],
    "log10_Mc": [
        null,
        8.493923424358949,
        null
    ],
    "log10_fgw": [
        -7.67671927271247,
        -7.650970933244669,
        -7.619073736590529
    ],
    "log10_h": [
        -14.759388309349253,
        -14.556870353416251,
        -14.410906613900709
    ],
    "phase0": [
        null,
        5.5149320481253845,
        null
    ],
    "psi": [
        null,
        1.9620391704469768,
        null
    ]
}