{
    "cos_gwtheta": [
        -0.03011961529692342,
        0.0007400877099912329,
        0.03344767712450569
    ],
    "cos_inc": [
        -0.0318909991441092,
        0.007666102797026064,
        0.03990514087905139
    ],
    "gwphi": [
        3.0419427139751156,
        3.1196789915866803,
        3.2049381347735575
    ],
    "log10_Mc": [
        null,
        9.755625615851342,
        null
    ],
    "log10_fgw": [
        -7.68321052159406,
        -7.653740976808032,
        -7.628188270253058
    ],
    "log10_h": [
        -13.520740274325235,
        -13.461358280935844,
        -13.461358280935844
    ],
    "phase0": [
        0.4706408864519664,
        2.24213724952774,
        3.628851609904403
    ],
    "psi": [
        null,
        0.009869242342123993,
        null
    ]
}