{
    "cos_gwtheta": [
        0.044866191067083006,
        0.09935703868044343,
        0.1565907141938052
    ],
    "cos_inc": [
        0.028261763740100032,
        0.06544945041602535,
        0.11000450898057734
    ],
    "gwphi": [
        2.973707796666807,
        3.0963430139145864,
        3.216277014923428
    ],
    "log10_Mc": [
        null,
        8.646803924055533,
        null
    ],
    "log10_fgw": [
        -7.67745318261392,
        -7.654934297885779,
        -7.624061633339134
    ],
    "log10_h": [
        -14.035545961263395,
        -13.977808165937457,
        -13.921529448471743
    ]
}