{
    "cos_gwtheta": [
        -0.022803470799479142,
        -0.00042239881856831474,
        0.02494281609313065
    ],
    "cos_inc": [
        -0.0030563889872936567,
        0.026483211152543706,
        0.06074914731475478
    ],
    "gwphi": [
        3.104494646799155,
        3.1682947747905588,
        3.2173993676828188
    ],
    "log10_Mc": [
        null,
        9.908549140402856,
        null
    ],
    "log10_fgw": [
        -7.6697359965559855,
        -7.648288770443847,
        -7.626555581316881
    ],
    "log10_h": [
        -13.544990187784222,
        -13.49532887640214,
        -13.440634324001604
    ],
    "phase0": [
        null,
        3.8104521513104985,
        null
    ],
    "psi": [
        null,
        3.133296693482672,
        null
    ]
}