{
    "cos_gwtheta": [
        0.002310166536127034,
        0.013164551429218225,
        0.013164551429218225
    ],
    "cos_inc": [
        -0.04068443175664027,
        -0.011880410818419396,
        0.017329300555550976
    ],
    "gwphi": [
        3.1434613944489316,
        3.1434613944489316,
        3.1872362960381797
    ],
    "log10_Mc": [
        null,
        9.832167121733292,
        null
    ],
    "log10_fgw": [
        -7.655166466276873,
        -7.653337176328699,
        -7.651420180698079
    ],
    "log10_h": [
        -12.70057417168409,
        -12.671307258574597,
        -12.671307258574597
    ],
    "phase0": [
        2.148909748344697,
        2.391587670732937,
        2.5786272401833856
    ],
    "psi": [
        3.0875961861595678,
        3.133201419738537,
        3.133201419738537
    ]
}