{
    "cos_gwtheta": [
        0.04311309776399608,
        0.06680157551565413,
        0.09470854930527883
    ],
    "cos_inc": [
        -0.07695058133597654,
        -0.04739066546478776,
        -0.02493173497047685
    ],
    "gwphi": [
        2.9510837790230973,
        3.050571016309752,
        3.135227857976036
    ],
    "log10_Mc": [
        null,
        8.006297456656648,
        null
    ],
    "log10_fgw": [
        -7.6747067116085335,
        -7.64983904400463,
        -7.624799875244838
    ],
    "log10_h": [
        -13.506387547424481,
        -13.45504413052982,
        -13.443195649707977
    ],
    "phase0": [
        null,
        1.071680540362246,
        null
    ],
    "psi": [
        null,
        0.009868221214799152,
        null
    ]
}