{
    "cos_gwtheta": [
        -0.03202343637928551,
        -0.0035079002557928396,
        0.02413825976637385
    ],
    "cos_inc": [
        0.018939432296193187,
        0.036055564132561,
        0.05613849215389921
    ],
    "gwphi": [
        3.078012686400808,
        3.151951542095889,
        3.2111843270449874
    ],
    "log10_Mc": [
        null,
        8.331428240919186,
        null
    ],
    "log10_fgw": [
        -7.676659433977593,
        -7.650257730927683,
        -7.623856027877771
    ],
    "log10_h": [
        -12.703174870968358,
        -12.66543373733374,
        -12.66543373733374
    ],
    "phase0": [
        5.404393396274201,
        5.672380271078907,
        5.9115751675988095
    ],
    "psi": [
        0.009860137359786369,
        0.009860137359786369,
        0.054506314129211336
    ]
}