{
    "cos_gwtheta": [
        -0.1264785818118559,
        -0.03318041229558755,
        0.06501787116586288
    ],
    "cos_inc": [
        -0.004018873348417995,
        0.08055744690167022,
        0.16414341211370098
    ],
    "gwphi": [
        2.7455919562275986,
        2.88884845636424,
        3.059772520904954
    ],
    "log10_Mc": [
        null,
        8.828396282997526,
        null
    ],
    "log10_fgw": [
        -7.670635407438148,
        -7.641586577970904,
        -7.613676918286689
    ],
    "log10_h": [
        -14.353161141935233,
        -14.24411538808149,
        -14.151603647447445
    ],
    "phase0": [
        null,
        0.4102367427631787,
        null
    ],
    "psi": [
        1.4372596237107562,
        1.5415612209710003,
        1.6327470485158841
    ]
}