{
    "cos_gwtheta": [
        0.197868242317927,
        0.23696352758775174,
        0.2724388790362964
    ],
    "cos_inc": [
        -0.1692191909530615,
        -0.13696787494979146,
        -0.1062166201559758
    ],
    "gwphi": [
        3.2904244697999037,
        3.364447822685861,
        3.440262063141639
    ],
    "log10_Mc": [
        8.006288651691893,
        9.143781906696024,
        9.491592344283823
    ],
    "log10_fgw": [
        -7.658622459558785,
        -7.658622459558785,
        -7.64637812655314
    ],
    "log10_h": [
        -13.90724628931609,
        -13.861467716618295,
        -13.823612358425889
    ]
}