{
    "cos_gwtheta": [
        -0.1421719726602244,
        -0.0743156253110614,
        -0.002533704148310445
    ],
    "cos_inc": [
        -0.015557006977895527,
        0.033271707744764845,
        0.0834418706740917
    ],
    "gwphi": [
        2.8034160139097453,
        2.9232989201471313,
        3.0519005832017823
    ],
    "log10_Mc": [
        null,
        9.545250465996963,
        null
    ],
    "log10_fgw": [
        -7.684616435559714,
        -7.652229245489549,
        -7.624770540864844
    ],
    "log10_h": [
        -14.15338663301806,
        -14.078044558867276,
        -13.988090688517554
    ]
}