{
    "cos_gwtheta": [
        0.1108030397631595,
        0.12306426202219012,
        0.13753931607799014
    ],
    "cos_inc": [
        -0.02367205519894322,
        -0.004184982400931125,
        0.016566116740735937
    ],
    "gwphi": [
        2.066054016039403,
        2.11598354347652,
        2.1667789008691947
    ],
    "log10_Mc": [
        null,
        9.335067667342159,
        null
    ],
    "log10_fgw": [
        -7.9385392938144195,
        -7.920169191229738,
        -7.899265281391998
    ],
    "log10_h": [
        -13.240596817961942,
        -13.220422135961266,
        -13.220422135961266
    ],
    "phase0": [
        5.816112959305123,
        6.26655369414542,
        6.26655369414542
    ],
    "psi": [
        1.1934924731637366,
        1.206844568142731,
        1.2194864453036938
    ]
}