{
    "cos_gwtheta": [
        0.8877499397985451,
        0.9054507779659848,
        0.9054507779659848
    ],
    "cos_inc": [
        -0.10259005470447413,
        -0.0803824230970247,
        -0.06233238462156343
    ],
    "gwphi": [
        2.5785460867628425,
        2.6184241788627167,
        2.6616453445518022
    ],
    "log10_Mc": [
        null,
        8.455547578724183,
        null
    ],
    "log10_fgw": [
        -7.963703261967043,
        -7.946252948605092,
        -7.930389027366954
    ],
    "log10_h": [
        -13.418370996128221,
        -13.346553177886648,
        -13.287225414991436
    ],
    "phase0": [
        0.01977439230879026,
        0.5308132137862134,
        1.2655096123894523
    ],
    "psi": [
        0.4906485367173792,
        0.5129925921608767,
        0.5342143434496778
    ]
}