{
    "cos_gwtheta": [
        -0.02453345276581173,
        -0.000818880638736974,
        0.025751372948666196
    ],
    "cos_inc": [
        0.003877084581910162,
        0.02715654095322928,
        0.05504462066709381
    ],
    "gwphi": [
        3.08565265514149,
        3.144881137388114,
        3.207689363067227
    ],
    "log10_Mc": [
        null,
        8.503438357330683,
        null
    ],
    "log10_fgw": [
        -7.678143679077952,
        -7.655209836726682,
        -7.63214715256445
    ],
    "log10_h": [
        -13.529427661584633,
        -13.491884439207709,
        -13.46217991161278
    ],
    "phase0": [
        2.547996218534376,
        6.26621142441418,
        6.26621142441418
    ],
    "psi": [
        0.009865737555199152,
        0.009865737555199152,
        0.061407300984453954
    ]
}