{
    "cos_gwtheta": [
        -0.0041028120995245665,
        0.01772616023640594,
        0.042979285095619546
    ],
    "cos_inc": [
        0.006338964082895693,
        0.02903361359030543,
        0.058145370889465586
    ],
    "gwphi": [
        3.0911644870915858,
        3.0911644870915858,
        3.1533099669336044
    ],
    "log10_Mc": [
        null,
        8.522519608444004,
        null
    ],
    "log10_fgw": [
        -7.6723798297512324,
        -7.653953334700803,
        -7.635526839650374
    ],
    "log10_h": [
        -13.511509489455005,
        -13.469053847168157,
        -13.417927686386108
    ],
    "phase0": [
        null,
        0.9806052669434587,
        null
    ],
    "psi": [
        1.5622169793402911,
        1.5809926829323824,
        1.6012287190260805
    ]
}