{
    "cos_gwtheta": [
        -0.017716586379009303,
        0.014261716400033264,
        0.03995856684747823
    ],
    "cos_inc": [
        -0.054882892541365025,
        -0.024816901415366965,
        0.0014693651119341844
    ],
    "gwphi": [
        3.081610277049522,
        3.1614686585507323,
        3.2210162378204203
    ],
    "log10_Mc": [
        null,
        8.235790427467636,
        null
    ],
    "log10_fgw": [
        -7.645374256882816,
        -7.645374256882816,
        -7.63118240194763
    ],
    "log10_h": [
        -13.534853861473536,
        -13.500121708405926,
        -13.459459675546286
    ],
    "phase0": [
        null,
        5.184971541465467,
        null
    ],
    "psi": [
        1.5484644594330492,
        1.589817481480185,
        1.6435146892130332
    ]
}