{
    "cos_gwtheta": [
        -0.03447299792123448,
        0.0016142731035343472,
        0.04526822998833524
    ],
    "cos_inc": [
        0.02041304482057893,
        0.0550296983779206,
        0.08108524406624218
    ],
    "gwphi": [
        2.9443415565078324,
        3.037708569788709,
        3.113569268079422
    ],
    "log10_Mc": [
        null,
        8.006283565753277,
        null
    ],
    "log10_fgw": [
        -7.664950029625156,
        -7.647786435161158,
        -7.630504471080167
    ],
    "log10_h": [
        -13.584188791210183,
        -13.52111475985271,
        -13.470072191124117
    ],
    "phase0": [
        null,
        0.5904205441233007,
        null
    ],
    "psi": [
        1.542600202032117,
        1.5857875602001843,
        1.6363700139449753
    ]
}