{
    "cos_gwtheta": [
        -0.03798802177860566,
        -0.021928054863284863,
        -0.008106750002826957
    ],
    "cos_inc": [
        -0.024211918946024813,
        0.00659177772428754,
        0.03313332768550015
    ],
    "gwphi": [
        3.0624249521835107,
        3.139307947674409,
        3.2204327636061842
    ],
    "log10_Mc": [
        null,
        8.876333331796546,
        null
    ],
    "log10_fgw": [
        -7.666792158556117,
        -7.647690371077596,
        -7.628848471864089
    ],
    "log10_h": [
        -12.733164319117279,
        -12.694397212650088,
        -12.694397212650088
    ],
    "phase0": [
        5.053443930303313,
        5.311832812307777,
        5.550996331067862
    ],
    "psi": [
        1.563211624285631,
        1.5776780221411635,
        1.59026077444259
    ]
}