{
    "cos_gwtheta": [
        0.09463545578629229,
        0.15144391589827988,
        0.19919240607861433
    ],
    "cos_inc": [
        0.22756261313765042,
        0.31369427257852384,
        0.40881698270233263
    ],
    "gwphi": [
        1.3970278514888625,
        1.4709129764563655,
        1.5332302283228958
    ],
    "log10_Mc": [
        null,
        9.727022354099276,
        null
    ],
    "log10_fgw": [
        -7.763076708566681,
        -7.763076708566681,
        -7.741574343714931
    ],
    "log10_h": [
        -14.205280952297587,
        -14.128538598798826,
        -14.073787631184098
    ],
    "phase0": [
        null,
        0.019945415350590447,
        null
    ],
    "psi": [
        0.725867223265494,
        0.8145716558980641,
        0.899011452346376
    ]
}