{
    "cos_gwtheta": [
        -0.02754015391179704,
        -0.007555396310415241,
        0.01348737786986326
    ],
    "cos_inc": [
        0.014275430155376245,
        0.043731979547510624,
        0.0745480619885126
    ],
    "gwphi": [
        3.142782113389919,
        3.142782113389919,
        3.185352017766503
    ],
    "log10_Mc": [
        null,
        9.583680893770826,
        null
    ],
    "log10_fgw": [
        -7.659514183074015,
        -7.647843818190646,
        -7.647843818190646
    ],
    "log10_h": [
        -12.703120484194418,
        -12.665624076975499,
        -12.665624076975499
    ],
    "phase0": [
        2.001840107585017,
        2.2316668666054102,
        2.493124834619899
    ],
    "psi": [
        1.5329317929579092,
        1.553834831784934,
        1.5712540308074543
    ]
}