{
    "cos_gwtheta": [
        -0.08197705556644541,
        -0.040061622239766836,
        -0.0016287768452751816
    ],
    "cos_inc": [
        -0.12820057211874825,
        -0.07724778557699719,
        -0.03442365369754874
    ],
    "gwphi": [
        3.112797656360478,
        3.206568590720714,
        3.2967721525781153
    ],
    "log10_Mc": [
        null,
        9.994711046583902,
        null
    ],
    "log10_fgw": [
        -7.67918749734416,
        -7.659478060499396,
        -7.632830901885274
    ],
    "log10_h": [
        -14.003800214135875,
        -13.943759652015618,
        -13.892010405616729
    ]
}