{
    "cos_gwtheta": [
        -0.029407033825378903,
        -0.0001111031013283359,
        0.026880653296111445
    ],
    "cos_inc": [
        -0.0958983516438997,
        -0.05901363281326255,
        -0.030413182383089432
    ],
    "gwphi": [
        3.047769480631615,
        3.135208222916429,
        3.2243393279551427
    ],
    "log10_Mc": [
        null,
        8.006280356197397,
        null
    ],
    "log10_fgw": [
        -7.672150472609817,
        -7.650267264717782,
        -7.630515538113932
    ],
    "log10_h": [
        -13.531749082450357,
        -13.494431331139127,
        -13.463369156637295
    ],
    "phase0": [
        0.6098920232933968,
        2.3591899298971315,
        2.728890086276927
    ],
    "psi": [
        3.082693774603236,
        3.1332984573885834,
        3.1332984573885834
    ]
}