{
    "cos_gwtheta": [
        0.1595479659028518,
        0.22075386860781787,
        0.2805687280694893
    ],
    "cos_inc": [
        -0.025828414496452123,
        0.01710565650461826,
        0.06353662016640937
    ],
    "gwphi": [
        3.168750457601929,
        3.2756726440956294,
        3.3808028386369213
    ],
    "log10_Mc": [
        null,
        9.870425500084044,
        null
    ],
    "log10_fgw": [
        -7.679051062587547,
        -7.65197371238679,
        -7.621974345977319
    ],
    "log10_h": [
        -14.081630337932936,
        -14.031941377462598,
        -13.977262730585197
    ]
}