{
    "cos_gwtheta": [
        null,
        -0.026280093026532225,
        null
    ],
    "cos_inc": [
        -0.14354097464585502,
        -0.09183578101150447,
        -0.04092300413783356
    ],
    "gwphi": [
        2.9365938416125648,
        3.0675109168771084,
        3.1899817292213584
    ],
    "log10_Mc": [
        null,
        9.478442047456753,
        null
    ],
    "log10_fgw": [
        -7.672744282429976,
        -7.645593256517065,
        -7.6163240654620115
    ],
    "log10_h": [
        -14.059282414348457,
        -14.002228898393524,
        -13.946823137412016
    ]
}