{
    "cos_gwtheta": [
        -0.046992498586995946,
        0.0016692682759165134,
        0.04231186756591454
    ],
    "cos_inc": [
        -0.13358110879805996,
        -0.08690640168745567,
        -0.03763865529292898
    ],
    "gwphi": [
        3.0690799555580357,
        3.1668785099050996,
        3.2658483044239843
    ],
    "log10_Mc": [
        null,
        8.522378037527961,
        null
    ],
    "log10_fgw": [
        -7.685328362227667,
        -7.659646134465212,
        -7.630614050907654
    ],
    "log10_h": [
        -14.088429268003125,
        -14.032297570457878,
        -13.984273784780276
    ]
}