{
    "cos_gwtheta": [
        -0.02525834048385267,
        0.0058881248666768915,
        0.03902266247362329
    ],
    "cos_inc": [
        0.00273593502959657,
        0.027924025774313854,
        0.04840406217422388
    ],
    "gwphi": [
        3.027730919347532,
        3.156914662492924,
        3.2618764537985556
    ],
    "log10_Mc": [
        null,
        9.918148894835372,
        null
    ],
    "log10_fgw": [
        -7.648652512735791,
        -7.645065679289015,
        -7.641281767081427
    ],
    "log10_h": [
        -13.536685326157665,
        -13.5042007978165,
        -13.466476829420309
    ],
    "phase0": [
        1.8082414015678532,
        2.4520368136879735,
        4.106172649484481
    ],
    "psi": [
        0.009868174790512425,
        0.009868174790512425,
        0.061097478097512065
    ]
}