{
    "cos_gwtheta": [
        null,
        0.11727719622739974,
        null
    ],
    "cos_inc": [
        -0.15759021449517807,
        -0.11474303732501523,
        -0.06743261253296029
    ],
    "gwphi": [
        null,
        3.155724477368074,
        null
    ],
    "log10_Mc": [
        null,
        8.474814381953166,
        null
    ],
    "log10_fgw": [
        -7.649507558036856,
        -7.649507558036856,
        -7.633490251651557
    ],
    "log10_h": [
        -14.061025209866285,
        -14.013963086208088,
        -13.973719622511732
    ]
}