{
    "cos_gwtheta": [
        -0.009653509184257891,
        0.011155241131574956,
        0.028355537635413763
    ],
    "cos_inc": [
        -0.033972616264179245,
        -0.0054411946628439845,
        0.027449194127584065
    ],
    "gwphi": [
        3.150551656635126,
        3.150551656635126,
        3.189512761892282
    ],
    "log10_Mc": [
        null,
        9.574122581932064,
        null
    ],
    "log10_fgw": [
        -7.665242996738063,
        -7.648920894489304,
        -7.632487757531371
    ],
    "log10_h": [
        -12.706099479825912,
        -12.660116606171986,
        -12.615617051023026
    ],
    "phase0": [
        4.032467041599531,
        4.144889364437238,
        4.391822853602758
    ],
    "psi": [
        3.0912183369422435,
        3.1333146971498484,
        3.1333146971498484
    ]
}