{
    "cos_gwtheta": [
        -0.2574769310868109,
        -0.18531901046993493,
        -0.07767358791033319
    ],
    "cos_inc": [
        -0.06944044216674539,
        0.045437874529080546,
        0.1553900198400081
    ],
    "gwphi": [
        3.3953449302034393,
        3.6468817113777714,
        3.8284789972987525
    ],
    "log10_Mc": [
        null,
        8.111512013168621,
        null
    ],
    "log10_fgw": [
        -7.6897837062231265,
        -7.656881997957118,
        -7.631030655748113
    ],
    "log10_h": [
        -14.48663814252055,
        -14.391444790893306,
        -14.296251439266065
    ],
    "phase0": [
        1.6757514752742653,
        5.454842582878776,
        6.26562940232847
    ],
    "psi": [
        null,
        1.3164359850594718,
        null
    ]
}