{
    "cos_gwtheta": [
        0.12758508802747826,
        0.1657983232150939,
        0.2043605377194917
    ],
    "cos_inc": [
        -0.0850559647632253,
        -0.04896751970368851,
        -0.008180058360357956
    ],
    "gwphi": [
        3.176401507650463,
        3.272323753908365,
        3.3540157768203143
    ],
    "log10_Mc": [
        null,
        8.857029970462094,
        null
    ],
    "log10_fgw": [
        -7.669033218691329,
        -7.649438722055958,
        -7.631815269460832
    ],
    "log10_h": [
        -13.948813475350441,
        -13.908613180639204,
        -13.876143711833974
    ]
}