{
    "cos_gwtheta": [
        -0.8250763389472584,
        -0.79242069229654,
        -0.7657309810916259
    ],
    "cos_inc": [
        -0.11108450729689134,
        -0.07885716881854321,
        -0.05036302084950717
    ],
    "gwphi": [
        3.031920851260003,
        3.093461959325533,
        3.1749102780000857
    ],
    "log10_Mc": [
        null,
        8.780656337470647,
        null
    ],
    "log10_fgw": [
        -7.728925469160798,
        -7.7247138519519485,
        -7.721310177636226
    ],
    "log10_h": [
        -13.973538340411613,
        -13.91172256455278,
        -13.858031147806825
    ],
    "phase0": [
        null,
        5.816048684626001,
        null
    ],
    "psi": [
        0.3223868942672196,
        0.37411706349290996,
        0.4450915618844714
    ]
}