{
    "cos_gwtheta": [
        -0.040570473456051914,
        0.005847665108157152,
        0.05226580367236633
    ],
    "cos_inc": [
        0.021639042069950265,
        0.07501353362312946,
        0.12224419881047521
    ],
    "gwphi": [
        2.86252683211998,
        2.9870883006643183,
        3.115966255742371
    ],
    "log10_Mc": [
        null,
        8.54161676211454,
        null
    ],
    "log10_fgw": [
        -7.675879569473394,
        -7.647488949688516,
        -7.618902532525811
    ],
    "log10_h": [
        -14.04405316239843,
        -13.994639871979448,
        -13.938582777806653
    ]
}