{
    "cos_gwtheta": [
        -0.038269533727474325,
        -0.006473114840563343,
        0.019480372370547783
    ],
    "cos_inc": [
        -0.023713799851160622,
        0.001008444960857724,
        0.031138680825505194
    ],
    "gwphi": [
        2.94499784043166,
        3.0111350604526717,
        3.0934691506829113
    ],
    "log10_Mc": [
        null,
        8.149663059173042,
        null
    ],
    "log10_fgw": [
        -7.676763998232091,
        -7.653689334700765,
        -7.635971289489211
    ],
    "log10_h": [
        -13.506388289467388,
        -13.451329127009473,
        -13.43963514560248
    ],
    "phase0": [
        2.7708987973390813,
        5.162427314966303,
        5.3944459052626925
    ],
    "psi": [
        1.5550118368344559,
        1.6014008053482016,
        1.6426950316552353
    ]
}