{
    "cos_gwtheta": [
        -0.2609140448498466,
        -0.19140078616565626,
        -0.10242381504989251
    ],
    "cos_inc": [
        -0.11889861300408877,
        -0.006093567557037383,
        0.10750170587913532
    ],
    "gwphi": [
        3.516181196377634,
        3.6697669461306406,
        3.811114787536794
    ],
    "log10_Mc": [
        null,
        8.446160295968225,
        null
    ],
    "log10_fgw": [
        -7.675322031663578,
        -7.648249518982994,
        -7.622073447119648
    ],
    "log10_h": [
        -14.392955129645083,
        -14.31510214151105,
        -14.255654115110831
    ],
    "phase0": [
        0.019889272516327054,
        1.1312503771026674,
        4.583404094890254
    ],
    "psi": [
        2.7582050532762485,
        2.8774394880882324,
        2.9904312823341437
    ]
}