{
    "cos_gwtheta": [
        -0.02198943240419715,
        0.010672134247294407,
        0.04254667519634048
    ],
    "cos_inc": [
        -0.10914069717272912,
        -0.07039332309199342,
        -0.03421592790436778
    ],
    "gwphi": [
        3.052500108106732,
        3.120181846521538,
        3.2010103974341835
    ],
    "log10_Mc": [
        null,
        8.981495721713092,
        null
    ],
    "log10_fgw": [
        -7.683140267185127,
        -7.6602829239127885,
        -7.636466531272379
    ],
    "log10_h": [
        -13.476028000613647,
        -13.440303564248524,
        -13.40874332598731
    ],
    "phase0": [
        0.0193753603641872,
        0.22342570764166664,
        1.7355845312158449
    ],
    "psi": [
        0.02181890396820585,
        0.02181890396820585,
        0.0908937746478328
    ]
}