{
    "cos_gwtheta": [
        -0.05524508569473374,
        -0.006593860334859425,
        0.03546715919937449
    ],
    "cos_inc": [
        -0.10473011500248808,
        -0.06200443174408554,
        -0.018903961790433854
    ],
    "gwphi": [
        2.852710535173179,
        2.944878635155711,
        3.067967646100124
    ],
    "log10_Mc": [
        null,
        8.991052385781215,
        null
    ],
    "log10_fgw": [
        -7.676757359386299,
        -7.654809821594136,
        -7.632252629974413
    ],
    "log10_h": [
        -14.054022077941237,
        -13.978708484078577,
        -13.912230563238914
    ]
}