{
    "cos_gwtheta": [
        -0.018944539167173327,
        0.0020465319594465126,
        0.02558197534383845
    ],
    "cos_inc": [
        null,
        -0.07106100055664244,
        null
    ],
    "gwphi": [
        2.942646219825644,
        3.009732360689745,
        3.1820407473904857
    ],
    "log10_Mc": [
        null,
        9.143743603342577,
        null
    ],
    "log10_fgw": [
        -7.654125920094888,
        -7.654125920094888,
        -7.6434142457466505
    ],
    "log10_h": [
        -13.547174929386632,
        -13.508354826924375,
        -13.475311525423763
    ],
    "phase0": [
        2.4160336611485014,
        3.415499465878513,
        5.514315228215991
    ],
    "psi": [
        0.009960301243204902,
        0.009960301243204902,
        0.08503106919680016
    ]
}