{
    "cos_gwtheta": [
        -0.05056002029494977,
        0.0255637234966527,
        0.08842348162759728
    ],
    "cos_inc": [
        -0.6916147616870558,
        -0.27842568766528875,
        -0.14393591705234687
    ],
    "gwphi": [
        2.74425856041717,
        2.882324830582238,
        3.0252784023460704
    ],
    "log10_Mc": [
        null,
        9.507274877225498,
        null
    ],
    "log10_fgw": [
        -7.687621297888487,
        -7.6616196750542835,
        -7.631929878768419
    ],
    "log10_h": [
        -14.682212163735318,
        -14.473114384540835,
        -14.346923551782886
    ],
    "phase0": [
        null,
        1.8526594492709383,
        null
    ],
    "psi": [
        null,
        0.009866017859231965,
        null
    ]
}