{
    "cos_gwtheta": [
        -0.6012006279176234,
        -0.5664889281538681,
        -0.5314602265657863
    ],
    "cos_inc": [
        -0.23688093447005965,
        -0.19394524532320545,
        -0.15630558831781338
    ],
    "gwphi": [
        3.5124428715242697,
        3.563263622590866,
        3.6143532665202485
    ],
    "log10_Mc": [
        null,
        9.52617868504138,
        null
    ],
    "log10_fgw": [
        -7.861538397608297,
        -7.861538397608297,
        -7.845106881957408
    ],
    "log10_h": [
        -13.30476280324914,
        -13.269311182506033,
        -13.269311182506033
    ],
    "phase0": [
        3.1608325551816634,
        3.782712273185269,
        4.174966552308309
    ],
    "psi": [
        2.7325905243659583,
        2.787510047267103,
        2.846174083093326
    ]
}