{
    "cos_gwtheta": [
        -0.07411028312958745,
        0.016352079827050447,
        0.17232167113159846
    ],
    "cos_inc": [
        0.12329205557528122,
        0.2457540760772996,
        0.6683565075359554
    ],
    "gwphi": [
        2.9096741897604312,
        3.1601019073125753,
        3.2640208921471388
    ],
    "log10_Mc": [
        null,
        9.277596488545461,
        null
    ],
    "log10_fgw": [
        -7.6689428373738995,
        -7.64390979096588,
        -7.622430819047888
    ],
    "log10_h": [
        -14.644491702130432,
        -14.393117085086402,
        -14.27840848724854
    ],
    "phase0": [
        null,
        3.2035973472663892,
        null
    ],
    "psi": [
        null,
        0.1451286109908436,
        null
    ]
}