{
    "cos_gwtheta": [
        -0.19313986069498246,
        -0.05259118572905619,
        0.05618963804594146
    ],
    "cos_inc": [
        -0.009724156133361972,
        0.046668385521287714,
        0.10092189973386456
    ],
    "gwphi": [
        3.09505797103323,
        3.186391164545327,
        3.288747329688195
    ],
    "log10_Mc": [
        null,
        8.72320612958682,
        null
    ],
    "log10_fgw": [
        -7.682983329563246,
        -7.660831006747921,
        -7.635307678286787
    ],
    "log10_h": [
        -14.219832130362676,
        -14.154422036726052,
        -14.094574025881657
    ],
    "phase0": [
        null,
        1.5219665413429018,
        null
    ],
    "psi": [
        1.5211181976466588,
        1.5974250684177542,
        1.665556203034804
    ]
}