{
    "cos_gwtheta": [
        0.08835441590064008,
        0.1833234975300405,
        0.2642450691684254
    ],
    "cos_inc": [
        -0.006900108489023671,
        0.06354163573672467,
        0.14187601236871927
    ],
    "gwphi": [
        3.1102073565441057,
        3.270117705184065,
        3.3976726525427874
    ],
    "log10_Mc": [
        8.485552532414799,
        9.77476597901702,
        9.962291550534204
    ],
    "log10_fgw": [
        -7.67932275105956,
        -7.6463819108813915,
        -7.620695898599605
    ],
    "log10_h": [
        -14.362319636327543,
        -14.263619598265343,
        -14.171287304594255
    ],
    "phase0": [
        null,
        2.392598035422505,
        null
    ],
    "psi": [
        1.5462019208617874,
        1.6258922286468038,
        1.7086833266180075
    ]
}