{
    "cos_gwtheta": [
        0.055087459193456034,
        0.13114490746853558,
        0.20818755585080506
    ],
    "cos_inc": [
        -0.19514863369424995,
        -0.10537349625661796,
        -0.027239530486722785
    ],
    "gwphi": [
        3.1362734367269303,
        3.277782231127776,
        3.4354279933111735
    ],
    "log10_Mc": [
        null,
        8.857012323677573,
        null
    ],
    "log10_fgw": [
        -7.672903703931304,
        -7.655302208553837,
        -7.632594935891303
    ],
    "log10_h": [
        -14.348540273479989,
        -14.250931044983105,
        -14.16887018916714
    ],
    "phase0": [
        null,
        2.6620219630199706,
        null
    ],
    "psi": [
        0.16324898755874992,
        0.267262493554024,
        0.3610298929885696
    ]
}