{
    "cos_gwtheta": [
        -0.007065924457108186,
        0.01722191853104782,
        0.04437602870414148
    ],
    "cos_inc": [
        -0.03875720762646234,
        -0.022229750488916122,
        -0.002296635516966461
    ],
    "gwphi": [
        3.0956476818627836,
        3.1379825981206215,
        3.1855406533972843
    ],
    "log10_Mc": [
        null,
        9.765403098153696,
        null
    ],
    "log10_fgw": [
        -7.662356128582326,
        -7.662356128582326,
        -7.643318441702197
    ],
    "log10_h": [
        -13.545924618155148,
        -13.507541676819915,
        -13.463752687409297
    ],
    "phase0": [
        0.01980004792559186,
        0.01980004792559186,
        1.6322442318181956
    ],
    "psi": [
        1.5173015511162005,
        1.5716513048223721,
        1.634122286093834
    ]
}