{
    "cos_gwtheta": [
        -0.11739592162655144,
        -0.00018455571226994039,
        0.07590350046598404
    ],
    "cos_inc": [
        -0.1339752737955502,
        -0.05890624987992665,
        0.014001100572158087
    ],
    "gwphi": [
        null,
        3.2655991885936992,
        null
    ],
    "log10_Mc": [
        null,
        8.551143804797277,
        null
    ],
    "log10_fgw": [
        -7.682192969610851,
        -7.654066163178034,
        -7.626674698089865
    ],
    "log10_h": [
        -14.360096309527247,
        -14.277547894173294,
        -14.199716531125281
    ],
    "phase0": [
        0.43920756750450424,
        1.8531424329144186,
        4.898972971167137
    ],
    "psi": [
        1.571876338067081,
        1.6640254981577334,
        1.7459012721571978
    ]
}