{
    "cos_gwtheta": [
        -0.012973034697818409,
        -0.004869257724664122,
        0.0018521102354226437
    ],
    "cos_inc": [
        -0.035120475364021464,
        -0.013557479173102571,
        0.005021957796431331
    ],
    "gwphi": [
        3.060533525632514,
        3.1360797369402142,
        3.2136957074618246
    ],
    "log10_Mc": [
        null,
        9.22988937592262,
        null
    ],
    "log10_fgw": [
        -7.674067098223177,
        -7.656021232799403,
        -7.636299679871992
    ],
    "log10_h": [
        -12.722493087678979,
        -12.67516404729986,
        -12.62751521610737
    ],
    "phase0": [
        2.871601381655924,
        3.1682337580515463,
        3.428554240095291
    ],
    "psi": [
        0.010986033555912135,
        0.010986033555912135,
        0.053756237812051993
    ]
}