{
    "cos_gwtheta": [
        -0.09592167876976476,
        -0.03941671340549191,
        0.010128696107462809
    ],
    "cos_inc": [
        -0.07920438218685721,
        -0.030394781492823264,
        0.018245927849328214
    ],
    "gwphi": [
        3.0752673647630235,
        3.1604459307979385,
        3.2403309136329437
    ],
    "log10_Mc": [
        null,
        8.407812674519912,
        null
    ],
    "log10_fgw": [
        -7.673943794555975,
        -7.64635953136657,
        -7.618962916226072
    ],
    "log10_h": [
        -14.1110677655716,
        -14.04908203139999,
        -13.988348534282352
    ]
}