{
    "cos_gwtheta": [
        -0.06374977707591734,
        -0.03571414937374251,
        -0.0008643066050668669
    ],
    "cos_inc": [
        0.005169831677059755,
        0.0364824622148735,
        0.06760180490986112
    ],
    "gwphi": [
        3.0964909210733875,
        3.172697030623544,
        3.2768850710241493
    ],
    "log10_Mc": [
        null,
        8.446176501128718,
        null
    ],
    "log10_fgw": [
        -7.680251439588092,
        -7.657195590533718,
        -7.633985004237368
    ],
    "log10_h": [
        -13.530385480953182,
        -13.469339221173364,
        -13.408810302578118
    ],
    "phase0": [
        3.079186259965473,
        4.584748514799764,
        6.266480294888524
    ],
    "psi": [
        3.065200845021839,
        3.133298451181979,
        3.133298451181979
    ]
}