{
    "cos_gwtheta": [
        -0.2328099223652913,
        -0.15166255013436591,
        -0.06392548410278531
    ],
    "cos_inc": [
        -0.15677214618607227,
        -0.09495736270662958,
        -0.034082013626570595
    ],
    "gwphi": [
        2.791141005995834,
        2.9183808934840823,
        3.045620780972331
    ],
    "log10_Mc": [
        null,
        8.00628235819992,
        null
    ],
    "log10_fgw": [
        -7.668107939589112,
        -7.668107939589112,
        -7.642278270981429
    ],
    "log10_h": [
        -14.295090535191907,
        -14.206198380043093,
        -14.134035006859554
    ],
    "phase0": [
        null,
        1.2512835523520989,
        null
    ],
    "psi": [
        null,
        0.00986629015337473,
        null
    ]
}