{
    "cos_gwtheta": [
        0.04202453979610121,
        0.15311987487637957,
        0.22943581167571203
    ],
    "cos_inc": [
        -0.16455189763700295,
        -0.08492597495030285,
        -0.014632766393964047
    ],
    "gwphi": [
        3.1534169648129824,
        3.286673912466971,
        3.4286080567123816
    ],
    "log10_Mc": [
        null,
        8.61818325961741,
        null
    ],
    "log10_fgw": [
        -7.688482326849352,
        -7.66114269103315,
        -7.629475918612944
    ],
    "log10_h": [
        -14.343540268143126,
        -14.264475003684286,
        -14.18715565989173
    ],
    "phase0": [
        null,
        2.6623702437421373,
        null
    ],
    "psi": [
        null,
        0.009866108838125758,
        null
    ]
}