{
    "cos_gwtheta": [
        null,
        -0.04133961234989736,
        null
    ],
    "cos_inc": [
        -0.08339827506346464,
        0.06848133920262955,
        0.10556822175597813
    ],
    "gwphi": [
        3.0912563796850936,
        3.2008883430830215,
        3.31405682142927
    ],
    "log10_Mc": [
        null,
        8.006290807962307,
        null
    ],
    "log10_fgw": [
        -7.6771566522959205,
        -7.650441056450271,
        -7.625966123481998
    ],
    "log10_h": [
        -14.238109956380129,
        -14.14346673292341,
        -14.06541971452782
    ],
    "phase0": [
        null,
        4.0443631654443015,
        null
    ],
    "psi": [
        null,
        0.00989499969270806,
        null
    ]
}