{
    "cos_gwtheta": [
        -0.0037653169172275347,
        0.008604431197573315,
        0.021053472569520337
    ],
    "cos_inc": [
        -0.02636908678101721,
        -0.02307290946641094,
        -0.018924659104491454
    ],
    "gwphi": [
        3.1134112249409416,
        3.145083152205352,
        3.1749623288698894
    ],
    "log10_Mc": [
        null,
        9.937428233793685,
        null
    ],
    "log10_fgw": [
        -7.667849913652219,
        -7.653662880860972,
        -7.63937800646427
    ],
    "log10_h": [
        -12.67403624451958,
        -12.65551762197762,
        -12.65551762197762
    ],
    "phase0": [
        1.2447978589435347,
        1.4525468134511228,
        1.6796691823671563
    ],
    "psi": [
        3.0907626214259163,
        3.1331312454479123,
        3.1331312454479123
    ]
}