{
    "cos_gwtheta": [
        -0.004771917366953482,
        0.046355494302210865,
        0.09689069656980176
    ],
    "cos_inc": [
        null,
        0.9947389165665252,
        null
    ],
    "gwphi": [
        2.998216443503995,
        3.258192593138206,
        3.4190411461493007
    ],
    "log10_Mc": [
        null,
        8.00635131568615,
        null
    ],
    "log10_fgw": [
        -7.685541882227255,
        -7.6581054741735155,
        -7.6308519755068005
    ],
    "log10_h": [
        -14.755554876794974,
        -14.663083955704272,
        -14.460237721056556
    ],
    "phase0": [
        null,
        3.714038785141667,
        null
    ],
    "psi": [
        null,
        1.5864312520385635,
        null
    ]
}