{
    "cos_gwtheta": [
        -0.1010164052489384,
        -0.033141015248406736,
        0.014555204751966921
    ],
    "cos_inc": [
        -0.03145252379787078,
        0.017844584403849284,
        0.06947210135692339
    ],
    "gwphi": [
        3.117181493911464,
        3.23132502256503,
        3.338143832802324
    ],
    "log10_Mc": [
        null,
        8.006387859586798,
        null
    ],
    "log10_fgw": [
        -7.678470222470088,
        -7.660760473995734,
        -7.636675216070612
    ],
    "log10_h": [
        -14.16017011609772,
        -14.089409690624889,
        -14.034692114651971
    ],
    "phase0": [
        null,
        2.8428213738853367,
        null
    ],
    "psi": [
        null,
        0.0098844505880641,
        null
    ]
}