{
    "cos_gwtheta": [
        -0.001291580138131132,
        0.014648169399951283,
        0.03026426920121983
    ],
    "cos_inc": [
        -0.0335593113156335,
        0.0077372120632416275,
        0.04710399135899168
    ],
    "gwphi": [
        3.104501340836261,
        3.1388039234998786,
        3.1803886186842645
    ],
    "log10_Mc": [
        null,
        9.4974996391094,
        null
    ],
    "log10_fgw": [
        -7.672322425105717,
        -7.649228151894834,
        -7.626133878683952
    ],
    "log10_h": [
        -12.749489239431067,
        -12.673766579212344,
        -12.59687895499026
    ],
    "phase0": [
        null,
        2.3165784625552357,
        null
    ],
    "psi": [
        1.5405087773589348,
        1.5833685969706794,
        1.6223591273119193
    ]
}