{
    "cos_gwtheta": [
        -0.049684173220907235,
        -0.02286405538521119,
        0.004125810031723409
    ],
    "cos_inc": [
        -0.04165692623694217,
        -0.00876883344370738,
        0.018974753214272666
    ],
    "gwphi": [
        3.098510418552479,
        3.1972432586884487,
        3.2874436311583475
    ],
    "log10_Mc": [
        null,
        9.459385464198144,
        null
    ],
    "log10_fgw": [
        -7.683099538346841,
        -7.657612785195353,
        -7.632300598846272
    ],
    "log10_h": [
        -13.54292009569099,
        -13.496551000748578,
        -13.473605469230684
    ],
    "phase0": [
        null,
        6.2664627376167665,
        null
    ],
    "psi": [
        3.0491196546404904,
        3.117682220874095,
        3.132952974262489
    ]
}