{
    "cos_gwtheta": [
        -0.9943825078996243,
        -0.9918696262581308,
        -0.9890077332775409
    ],
    "cos_inc": [
        0.14363734663760283,
        0.16312118233215786,
        0.17924573601041036
    ],
    "gwphi": [
        2.625218540024469,
        2.7020411188946745,
        2.777634536502956
    ],
    "log10_Mc": [
        null,
        8.149686485783095,
        null
    ],
    "log10_fgw": [
        -7.906076654092908,
        -7.906076654092908,
        -7.902659812372199
    ],
    "log10_h": [
        -13.372213487440805,
        -13.346843285234463,
        -13.346843285234463
    ],
    "phase0": [
        6.057078200619202,
        6.266999911601019,
        6.266999911601019
    ],
    "psi": [
        2.4496750103950657,
        2.4911508961613817,
        2.540483780324231
    ]
}