{
    "cos_gwtheta": [
        -0.027368741468152602,
        -0.012616164589246637,
        0.003611669977549914
    ],
    "cos_inc": [
        -0.014446666891066884,
        0.0008453063820268447,
        0.016668250949325447
    ],
    "gwphi": [
        3.1323214288710854,
        3.1323214288710854,
        3.1428609751013523
    ],
    "log10_Mc": [
        null,
        8.159229067720482,
        null
    ],
    "log10_fgw": [
        -7.651584563606501,
        -7.651411465668711,
        -7.651233161777905
    ],
    "log10_h": [
        -12.718574923460716,
        -12.663691681221634,
        -12.608429933863661
    ],
    "phase0": [
        2.363154835768201,
        2.713503104035003,
        3.068820851284313
    ],
    "psi": [
        1.568999551375441,
        1.5749220207449928,
        1.5805512985615966
    ]
}