{
    "cos_gwtheta": [
        null,
        0.2565953082250766,
        null
    ],
    "cos_inc": [
        -0.10765363826194152,
        0.027456970013923554,
        0.1371974640720499
    ],
    "gwphi": [
        3.128146265247059,
        3.3133241720409297,
        3.5099253912668895
    ],
    "log10_Mc": [
        null,
        8.006279752422545,
        null
    ],
    "log10_fgw": [
        -7.676821056577616,
        -7.6550672900250625,
        -7.625134107248749
    ],
    "log10_h": [
        -14.297078572253103,
        -14.177881344545554,
        -14.086892713430718
    ]
}