{
    "cos_gwtheta": [
        -0.9936831771953989,
        -0.24818308681573953,
        0.24039886092040974
    ],
    "cos_inc": [
        -0.5716866699592882,
        -0.0855063016285218,
        0.7679440627377969
    ],
    "gwphi": [
        2.1701577934228555,
        3.4733634675886895,
        6.210970018017589
    ],
    "log10_Mc": [
        null,
        8.49373061738508,
        null
    ],
    "log10_fgw": [
        null,
        -7.652266614135183,
        null
    ],
    "log10_h": [
        null,
        -14.6276175578332,
        null
    ],
    "phase0": [
        null,
        2.663040725526814,
        null
    ],
    "psi": [
        0.009954444460923806,
        1.466450190050195,
        2.276065667761409
    ]
}