{
    "cos_gwtheta": [
        -0.027554904650007872,
        0.002122012115395089,
        0.030664779195495928
    ],
    "cos_inc": [
        -0.02614283613990842,
        0.009768740599332859,
        0.04389465882667809
    ],
    "gwphi": [
        3.069320802412444,
        3.1737080465551104,
        3.2575798785541314
    ],
    "log10_Mc": [
        null,
        9.994636441153759,
        null
    ],
    "log10_fgw": [
        -7.677174243286976,
        -7.65647283033587,
        -7.629302225837543
    ],
    "log10_h": [
        -13.54653577603895,
        -13.508427388683451,
        -13.473914132210544
    ],
    "phase0": [
        2.350662308531148,
        4.554146847790462,
        6.2654698743127195
    ],
    "psi": [
        1.5313351242228006,
        1.57457462580806,
        1.6286240027896342
    ]
}