{
    "cos_gwtheta": [
        null,
        0.6792823846168968,
        null
    ],
    "cos_inc": [
        -0.619662267616342,
        -0.01870997347823511,
        0.77652769172967
    ],
    "gwphi": [
        null,
        4.674578185785375,
        null
    ],
    "log10_Mc": [
        null,
        9.402096724399636,
        null
    ],
    "log10_fgw": [
        -7.498163210429999,
        -6.677290628791477,
        -6.505281233656467
    ],
    "log10_h": [
        -15.988036378178954,
        -15.78866486225207,
        -14.924470370720227
    ],
    "phase0": [
        null,
        6.266472111365472,
        null
    ],
    "psi": [
        null,
        0.8208755578117853,
        null
    ]
}