{
    "cos_gwtheta": [
        0.17426824601262247,
        0.2086206938531211,
        0.2374620538047697
    ],
    "cos_inc": [
        -0.014778988989038622,
        0.011939298514268448,
        0.047085502209893826
    ],
    "gwphi": [
        3.1594206294478333,
        3.2361839873918785,
        3.3343959306438187
    ],
    "log10_Mc": [
        null,
        8.388695753309783,
        null
    ],
    "log10_fgw": [
        -7.683477508274683,
        -7.666175905270633,
        -7.647267724844777
    ],
    "log10_h": [
        -13.460186634865126,
        -13.430007135178835,
        -13.402635030812199
    ],
    "phase0": [
        0.9237274875658554,
        2.632820774713826,
        3.6866367014019206
    ],
    "psi": [
        1.6080155110349423,
        1.6513687135103015,
        1.698429755671053
    ]
}