{
    "cos_gwtheta": [
        -0.29912751284649586,
        -0.20447018138059003,
        -0.12964225136801633
    ],
    "cos_inc": [
        -0.045211945635078576,
        -0.0010796050285568626,
        0.05309142249704479
    ],
    "gwphi": [
        3.167318158073735,
        3.2660862078198942,
        3.3800962405515724
    ],
    "log10_Mc": [
        null,
        8.780685032915526,
        null
    ],
    "log10_fgw": [
        -7.683475888537387,
        -7.663934683801342,
        -7.6415407484468965
    ],
    "log10_h": [
        -14.125637876369058,
        -14.061676658578088,
        -13.992539388480335
    ]
}