{
    "cos_gwtheta": [
        0.019582400633413766,
        0.08712803574569439,
        0.12835718964539822
    ],
    "cos_inc": [
        0.031234718586620414,
        0.07063056999986683,
        0.11156382049265456
    ],
    "gwphi": [
        3.0162274064088135,
        3.1313110615707824,
        3.2159430279098253
    ],
    "log10_Mc": [
        null,
        9.812943106830613,
        null
    ],
    "log10_fgw": [
        -7.662469297058129,
        -7.662469297058129,
        -7.646969885801399
    ],
    "log10_h": [
        -13.962066433608499,
        -13.927197738124137,
        -13.890370127163127
    ]
}