{
    "cos_gwtheta": [
        -0.19480280792742533,
        -0.12033387125515094,
        -0.030619325500363614
    ],
    "cos_inc": [
        -0.11075490805836397,
        -0.041536534259895674,
        0.024723789376245087
    ],
    "gwphi": [
        2.751379870726767,
        2.895271364300437,
        3.0149742016268086
    ],
    "log10_Mc": [
        null,
        8.876337534925302,
        null
    ],
    "log10_fgw": [
        -7.679118990439602,
        -7.648236644341725,
        -7.623003507895898
    ],
    "log10_h": [
        -14.310903689357161,
        -14.229036053261591,
        -14.143285367232638
    ],
    "phase0": [
        null,
        1.25114116581461,
        null
    ],
    "psi": [
        0.009888128269454914,
        0.11484343423273564,
        0.25447147520174307
    ]
}