{
    "cos_gwtheta": [
        -0.022878205049186362,
        -0.012264421010029614,
        0.0007079817044953196
    ],
    "cos_inc": [
        -0.040500583478051744,
        -0.006732715259160527,
        0.026335300768665637
    ],
    "gwphi": [
        3.042759379107573,
        3.134933644489977,
        3.2290282070678478
    ],
    "log10_Mc": [
        null,
        9.268290661978199,
        null
    ],
    "log10_fgw": [
        -7.655268980339025,
        -7.649707396250968,
        -7.644145812162911
    ],
    "log10_h": [
        -12.75421652815443,
        -12.67173978832436,
        -12.588371408063693
    ],
    "phase0": [
        5.503635896912921,
        5.875952452098007,
        6.266385081276997
    ],
    "psi": [
        1.551325462003617,
        1.5677931902691973,
        1.586425690325558
    ]
}