{
    "cos_gwtheta": [
        -0.0025338287184987207,
        0.011873789113059807,
        0.028242207004534614
    ],
    "cos_inc": [
        -0.03317734440252029,
        -0.016202306298213176,
        0.0024702356165247075
    ],
    "gwphi": [
        3.0883258680574004,
        3.1420479059029183,
        3.1997899601858553
    ],
    "log10_Mc": [
        8.241370453616028,
        8.914294030752924,
        9.71428562378535
    ],
    "log10_fgw": [
        -7.652540265955731,
        -7.652540265955731,
        -7.643482334654728
    ],
    "log10_h": [
        -13.540894703454509,
        -13.4893999944726,
        -13.446383072945032
    ],
    "phase0": [
        null,
        6.011297537182188,
        null
    ],
    "psi": [
        1.5597453480207566,
        1.5832396293417217,
        1.61220518165524
    ]
}