{
    "cos_gwtheta": [
        -0.2512762822579354,
        -0.09614078575014984,
        0.01540619322032688
    ],
    "cos_inc": [
        -0.13751169264222507,
        -0.04551432657544219,
        0.03875050225727905
    ],
    "gwphi": [
        3.0971646538896604,
        3.2233023810543524,
        3.38982903563631
    ],
    "log10_Mc": [
        null,
        9.430737810018822,
        null
    ],
    "log10_fgw": [
        -7.689333393378845,
        -7.65981704321157,
        -7.635130641253484
    ],
    "log10_h": [
        -14.443276479177815,
        -14.341068500178679,
        -14.23258459264451
    ],
    "phase0": [
        null,
        0.019959081840937882,
        null
    ],
    "psi": [
        null,
        2.9683358289925055,
        null
    ]
}