{
    "cos_gwtheta": [
        -0.2806293436608077,
        -0.18188736888888302,
        -0.08235069009464913
    ],
    "cos_inc": [
        -0.02645940021069937,
        0.08895373488256997,
        0.19742621752177691
    ],
    "gwphi": [
        3.274294740332394,
        3.4252257779938735,
        3.562603824518404
    ],
    "log10_Mc": [
        null,
        9.889477485239789,
        null
    ],
    "log10_fgw": [
        -7.689901473342192,
        -7.659785656604575,
        -7.629866675270472
    ],
    "log10_h": [
        -14.477561242253854,
        -14.377460867617026,
        -14.296275425767199
    ],
    "phase0": [
        null,
        5.905458113756361,
        null
    ],
    "psi": [
        null,
        0.100155224747654,
        null
    ]
}