{
    "cos_gwtheta": [
        0.11969131975510305,
        0.16380536074662677,
        0.20590009704487655
    ],
    "cos_inc": [
        0.012072959610175404,
        0.04477185134727413,
        0.08025976620312547
    ],
    "gwphi": [
        3.1748572441323644,
        3.289383130274914,
        3.381606607010757
    ],
    "log10_Mc": [
        null,
        8.72322367756571,
        null
    ],
    "log10_fgw": [
        -7.667294915563641,
        -7.667294915563641,
        -7.6452061563318
    ],
    "log10_h": [
        -14.039981281509382,
        -13.97834135519305,
        -13.917409933776906
    ]
}