{
    "cos_gwtheta": [
        -0.047939122104046716,
        -0.0016152009477297113,
        0.0415249455586687
    ],
    "cos_inc": [
        0.024733468557981086,
        0.07343652144708068,
        0.1263290842621243
    ],
    "gwphi": [
        3.117563178535392,
        3.1857811818612425,
        3.2513413409016705
    ],
    "log10_Mc": [
        null,
        9.860872464187295,
        null
    ],
    "log10_fgw": [
        -7.649673523046702,
        -7.649673523046702,
        -7.63533929385768
    ],
    "log10_h": [
        -14.11674851645953,
        -14.068719456165473,
        -14.024876948342566
    ]
}