{
    "cos_gwtheta": [
        -0.09826418144506299,
        0.08808279469093605,
        0.1585334619202009
    ],
    "cos_inc": [
        -0.024345476122053622,
        0.08889505564542999,
        0.2314868986241001
    ],
    "gwphi": [
        3.101920049454866,
        3.267791452226224,
        3.4349100084018778
    ],
    "log10_Mc": [
        null,
        8.742290508750722,
        null
    ],
    "log10_fgw": [
        -7.678141354231444,
        -7.651466323737568,
        -7.61957226553837
    ],
    "log10_h": [
        -14.513804703034456,
        -14.39255223431798,
        -14.293537187470356
    ],
    "phase0": [
        null,
        5.575467778823041,
        null
    ],
    "psi": [
        null,
        1.5114415114879565,
        null
    ]
}