{
    "cos_gwtheta": [
        0.07425729067878861,
        0.13915672003723079,
        0.20651180347950615
    ],
    "cos_inc": [
        -0.04491948981624316,
        0.003655826616400515,
        0.05084821589081945
    ],
    "gwphi": [
        3.0565859382352807,
        3.177227458771772,
        3.3030640687093555
    ],
    "log10_Mc": [
        null,
        9.937431165205913,
        null
    ],
    "log10_fgw": [
        -7.661388250593165,
        -7.661388250593165,
        -7.63808051040263
    ],
    "log10_h": [
        -14.16601876357805,
        -14.090889461845336,
        -14.014493935926117
    ],
    "phase0": [
        null,
        2.182567144181548,
        null
    ],
    "psi": [
        null,
        0.009884113674047835,
        null
    ]
}