{
    "cos_gwtheta": [
        -0.01622655921326882,
        -0.0013305409837156557,
        0.01390097315190858
    ],
    "cos_inc": [
        -0.03719307897362489,
        -0.010708020670839091,
        0.011362861248149114
    ],
    "gwphi": [
        3.0741381620763777,
        3.121362703412161,
        3.182375431999267
    ],
    "log10_Mc": [
        null,
        8.121104067731334,
        null
    ],
    "log10_fgw": [
        -7.65863044820695,
        -7.642690157728456,
        -7.6289416571907545
    ],
    "log10_h": [
        -13.539000111642133,
        -13.521281272068798,
        -13.502059495210222
    ],
    "phase0": [
        null,
        6.173960057744522,
        null
    ],
    "psi": [
        0.009866056421074914,
        0.009866056421074914,
        0.06140781951053274
    ]
}