{
    "cos_gwtheta": [
        -0.12716829826650367,
        -0.07301651379016438,
        -0.02962215451282857
    ],
    "cos_inc": [
        -0.22036748038728537,
        -0.16803298754290608,
        -0.11471844801604769
    ],
    "gwphi": [
        3.1389424471000114,
        3.218953655257414,
        3.2948826589169897
    ],
    "log10_Mc": [
        null,
        8.197392333083169,
        null
    ],
    "log10_fgw": [
        -7.682766102476975,
        -7.653379691772633,
        -7.629870563209158
    ],
    "log10_h": [
        -14.097304177049988,
        -14.040512471820604,
        -13.991025923695414
    ]
}