{
    "cos_gwtheta": [
        -0.2661740430933457,
        -0.1805523862290429,
        -0.08700637737504169
    ],
    "cos_inc": [
        -0.1260444115085485,
        -0.03906900617046993,
        0.033081045984981516
    ],
    "gwphi": [
        3.1540090970375236,
        3.300085074523731,
        3.5083210424296007
    ],
    "log10_Mc": [
        null,
        8.952685670983126,
        null
    ],
    "log10_fgw": [
        -7.682630085565857,
        -7.6553936583823745,
        -7.628341261112293
    ],
    "log10_h": [
        -14.296594241271565,
        -14.222562864550449,
        -14.160330833219332
    ],
    "phase0": [
        null,
        2.332127121130995,
        null
    ],
    "psi": [
        null,
        2.998233529642016,
        null
    ]
}