{
    "cos_gwtheta": [
        0.10893399093199019,
        0.1625637215562581,
        0.2133101333297589
    ],
    "cos_inc": [
        -0.15086145631005765,
        -0.10331589608039926,
        -0.059340951045853574
    ],
    "gwphi": [
        3.1341196972514194,
        3.2200759383789954,
        3.327659878887058
    ],
    "log10_Mc": [
        null,
        8.465075040618437,
        null
    ],
    "log10_fgw": [
        -7.6744202754852635,
        -7.647363009595469,
        -7.621395298036807
    ],
    "log10_h": [
        -14.032338313086077,
        -13.982257300946875,
        -13.9349349886289
    ]
}