{
    "cos_gwtheta": [
        0.006690490843304836,
        0.011138103666008925,
        0.016498802564897302
    ],
    "cos_inc": [
        -0.015710519414537605,
        0.012906212603428724,
        0.042087748542802395
    ],
    "gwphi": [
        3.1000429485644263,
        3.1378447605030635,
        3.174662150255799
    ],
    "log10_Mc": [
        null,
        8.427119328402704,
        null
    ],
    "log10_fgw": [
        -7.666089569797272,
        -7.651837033434348,
        -7.637486203717199
    ],
    "log10_h": [
        -12.697536051672863,
        -12.652506782596774,
        -12.652506782596774
    ],
    "phase0": [
        2.077763812134782,
        2.2762265180605716,
        2.501190620576602
    ],
    "psi": [
        1.5680339040027604,
        1.5680339040027604,
        1.5857400918537805
    ]
}