{
    "cos_gwtheta": [
        -0.0158786660392794,
        -0.002924614250464974,
        0.008986526589249977
    ],
    "cos_inc": [
        0.02923615601578944,
        0.052681756374423294,
        0.07699975116500624
    ],
    "gwphi": [
        3.108576080085263,
        3.139573595819174,
        3.1710554477364274
    ],
    "log10_Mc": [
        null,
        8.398240766250929,
        null
    ],
    "log10_fgw": [
        -7.655218369334119,
        -7.653636470628046,
        -7.651842821701475
    ],
    "log10_h": [
        -13.480269374370721,
        -13.446624466745835,
        -13.42071608868175
    ],
    "phase0": [
        null,
        1.701376738514811,
        null
    ],
    "psi": [
        3.0814454130300972,
        3.1332969890217877,
        3.1332969890217877
    ]
}