{
    "cos_gwtheta": [
        -0.3108014678106751,
        -0.24799244883702964,
        -0.1451186238885518
    ],
    "cos_inc": [
        -0.0875909006196034,
        -0.043714295612195975,
        0.007245528140802038
    ],
    "gwphi": [
        2.6466039604672136,
        2.7359564001954344,
        2.8522291262520296
    ],
    "log10_Mc": [
        null,
        8.006319434509578,
        null
    ],
    "log10_fgw": [
        -7.676603108470909,
        -7.650902507691928,
        -7.6222435643772375
    ],
    "log10_h": [
        -14.138012808322664,
        -14.082002398223183,
        -14.02799235991297
    ]
}