{
    "cos_gwtheta": [
        -0.061881972500114985,
        -0.02878944585502874,
        0.007405505163034398
    ],
    "cos_inc": [
        -0.08951174522155297,
        -0.06574176621621086,
        -0.04224818231558203
    ],
    "gwphi": [
        2.8448721679074196,
        2.952656182223066,
        3.0437664263683364
    ],
    "log10_Mc": [
        null,
        9.134225911497234,
        null
    ],
    "log10_fgw": [
        -7.671661901084368,
        -7.6535986209358375,
        -7.63679291092423
    ],
    "log10_h": [
        -13.575021241579107,
        -13.532109860686033,
        -13.476577485412644
    ],
    "phase0": [
        2.4523736040162394,
        3.9834823695845354,
        5.39527584579194
    ],
    "psi": [
        1.5199519493542457,
        1.5674639955512453,
        1.6120065388609326
    ]
}