{
    "cos_gwtheta": [
        null,
        0.08763273421949513,
        null
    ],
    "cos_inc": [
        null,
        -0.008787399272918273,
        null
    ],
    "gwphi": [
        null,
        3.3606590250772346,
        null
    ],
    "log10_Mc": [
        null,
        9.382818361437648,
        null
    ],
    "log10_fgw": [
        -7.67086925886203,
        -7.647809210214055,
        -7.618764110771949
    ],
    "log10_h": [
        -14.188001655131844,
        -14.120500030356212,
        -14.044236175441437
    ]
}