{
    "cos_gwtheta": [
        0.5526350717667747,
        0.5733663790009582,
        0.594226452118584
    ],
    "cos_inc": [
        -0.20178007717196467,
        -0.17502127480805996,
        -0.14059036826988902
    ],
    "gwphi": [
        3.252355274357258,
        3.2665738806317997,
        3.2811310251509735
    ],
    "log10_Mc": [
        null,
        9.583416833406973,
        null
    ],
    "log10_fgw": [
        -7.861627054163609,
        -7.861627054163609,
        -7.848198747405456
    ],
    "log10_h": [
        -13.266112459522311,
        -13.23366597634082,
        -13.204099358530469
    ],
    "phase0": [
        null,
        6.266597675226308,
        null
    ],
    "psi": [
        2.0340528710514447,
        2.051227458940833,
        2.072475506778345
    ]
}