{
    "cos_gwtheta": [
        0.172789441955008,
        0.22160830082134586,
        0.26338113882037706
    ],
    "cos_inc": [
        -0.1306624295082236,
        -0.08649987428444217,
        -0.04748408301531193
    ],
    "gwphi": [
        3.2252031588505203,
        3.2932619985811415,
        3.373173782309792
    ],
    "log10_Mc": [
        null,
        9.411635738358077,
        null
    ],
    "log10_fgw": [
        -7.681072824712011,
        -7.658702859790412,
        -7.632714224072672
    ],
    "log10_h": [
        -14.082176274984487,
        -14.01693087759499,
        -13.936232622929033
    ]
}