{
    "cos_gwtheta": [
        0.14533914731631922,
        0.15762570887111502,
        0.168535767679108
    ],
    "cos_inc": [
        0.015837171068637065,
        0.0442069395674813,
        0.07071156757678213
    ],
    "gwphi": [
        3.2052060017564585,
        3.244905820997255,
        3.284605640238053
    ],
    "log10_Mc": [
        null,
        9.612279897862615,
        null
    ],
    "log10_fgw": [
        -7.671200530541038,
        -7.671200530541038,
        -7.648084792042665
    ],
    "log10_h": [
        -13.46060258265602,
        -13.422555154634523,
        -13.40447320864411
    ],
    "phase0": [
        3.968867231275789,
        5.089048180475795,
        5.749782090282668
    ],
    "psi": [
        0.009864992843945042,
        0.009864992843945042,
        0.057345893356447665
    ]
}