{
    "cos_gwtheta": [
        0.0025401403681445823,
        0.011918518239534511,
        0.0317498797800778
    ],
    "cos_inc": [
        -0.0427410478667416,
        -0.005449881111316834,
        0.03234692858316457
    ],
    "gwphi": [
        3.0575538853496838,
        3.1366510940813592,
        3.2067320406778173
    ],
    "log10_Mc": [
        null,
        9.994690064523498,
        null
    ],
    "log10_fgw": [
        -7.675640167575476,
        -7.651611081348606,
        -7.627581995121736
    ],
    "log10_h": [
        -12.70722708619275,
        -12.661496089553658,
        -12.661496089553658
    ],
    "phase0": [
        4.093894966602539,
        4.148615398557957,
        4.414669912548093
    ],
    "psi": [
        0.009893080716038082,
        0.009893080716038082,
        0.057997869055881245
    ]
}