{
    "cos_gwtheta": [
        0.0009489497642124478,
        0.028380081334857254,
        0.04971540588980328
    ],
    "cos_inc": [
        0.01736357712578096,
        0.03774084398653954,
        0.0623863221492138
    ],
    "gwphi": [
        3.054830449640977,
        3.112559037364968,
        3.1865926460491703
    ],
    "log10_Mc": [
        null,
        9.99471448389404,
        null
    ],
    "log10_fgw": [
        -7.674510956732642,
        -7.653824520834795,
        -7.638309693911411
    ],
    "log10_h": [
        -13.524165465517362,
        -13.473119455046637,
        -13.42186075286562
    ],
    "phase0": [
        2.7444113086813733,
        4.04560873327257,
        5.37740053109072
    ],
    "psi": [
        1.554722696963489,
        1.5878723593620974,
        1.6185664912126607
    ]
}