{
    "cos_gwtheta": [
        -0.04112047594525703,
        -0.006106851048969353,
        0.022825460049542112
    ],
    "cos_inc": [
        0.010386580910112853,
        0.025111516612742968,
        0.03715221924458112
    ],
    "gwphi": [
        3.094399464238031,
        3.152340455579557,
        3.2106183131498125
    ],
    "log10_Mc": [
        null,
        8.713653571700092,
        null
    ],
    "log10_fgw": [
        -7.6737220059227695,
        -7.654895451240322,
        -7.635836469956858
    ],
    "log10_h": [
        -12.685230236104202,
        -12.666678298264078,
        -12.666678298264078
    ],
    "phase0": [
        0.005613980334443347,
        0.005613980334443347,
        0.10195086695461408
    ],
    "psi": [
        1.5523337303391684,
        1.5703407686723696,
        1.5843972832896132
    ]
}