{
    "cos_gwtheta": [
        null,
        -0.039023326626100086,
        null
    ],
    "cos_inc": [
        -0.1943154639019692,
        -0.09421879740538941,
        -0.005045378244745824
    ],
    "gwphi": [
        2.9283873804252836,
        3.1527033647900216,
        3.284653943828103
    ],
    "log10_Mc": [
        null,
        9.545231817722527,
        null
    ],
    "log10_fgw": [
        -7.678420815787458,
        -7.651854881154158,
        -7.628754068429548
    ],
    "log10_h": [
        -14.412395044780597,
        -14.305159679134483,
        -14.218672025537293
    ],
    "phase0": [
        null,
        6.26552981664873,
        null
    ],
    "psi": [
        1.4542088460180222,
        1.554634289899171,
        1.6597379376878265
    ]
}