{
    "cos_gwtheta": [
        -0.03755282935611015,
        -0.014108337070861898,
        0.006668817768759272
    ],
    "cos_inc": [
        -0.016693589474468973,
        0.013836852776574982,
        0.04104025965410785
    ],
    "gwphi": [
        3.1044524152139905,
        3.137177785353571,
        3.1732424789767824
    ],
    "log10_Mc": [
        null,
        9.803591429794468,
        null
    ],
    "log10_fgw": [
        -7.675544419440459,
        -7.653640118346652,
        -7.63158475310737
    ],
    "log10_h": [
        -12.717184704938498,
        -12.682979217845809,
        -12.682979217845809
    ],
    "phase0": [
        3.23391275060095,
        3.481694842993582,
        3.715547107364141
    ],
    "psi": [
        3.0901863986177025,
        3.132625043611371,
        3.132625043611371
    ]
}