{
    "cos_gwtheta": [
        null,
        0.17935997754610788,
        null
    ],
    "cos_inc": [
        -0.041559737299869504,
        0.024357771220585356,
        0.08254302067705743
    ],
    "gwphi": [
        3.0543508369052494,
        3.2315654824742133,
        3.363472823836225
    ],
    "log10_Mc": [
        null,
        8.054028410152117,
        null
    ],
    "log10_fgw": [
        -7.669167904540016,
        -7.649997203960254,
        -7.626879594437599
    ],
    "log10_h": [
        -14.247202720567069,
        -14.155601470062434,
        -14.079764155691155
    ]
}