{
    "cos_gwtheta": [
        -0.002100218268002052,
        0.012950612722890997,
        0.029666051749643096
    ],
    "cos_inc": [
        -0.09433124079045252,
        -0.06425418403880145,
        -0.03417712728715039
    ],
    "gwphi": [
        3.0729121523599514,
        3.1175598390930817,
        3.1575567251248446
    ],
    "log10_Mc": [
        null,
        8.168778380444989,
        null
    ],
    "log10_fgw": [
        -7.656018611730599,
        -7.654622809548234,
        -7.653151331343932
    ],
    "log10_h": [
        -13.506497606106873,
        -13.453186628520779,
        -13.396543714835552
    ],
    "phase0": [
        0.019978268338647714,
        1.7922623754868767,
        2.237051337168068
    ],
    "psi": [
        1.5106115582382285,
        1.5348311905577015,
        1.5630651265765347
    ]
}