{
    "cos_gwtheta": [
        -0.022234024722343926,
        0.009173028729422272,
        0.04373937158166197
    ],
    "cos_inc": [
        -0.046802024662442765,
        -0.015777941975530396,
        0.007985185188913002
    ],
    "gwphi": [
        3.028854642099575,
        3.120284993411702,
        3.215324437538782
    ],
    "log10_Mc": [
        null,
        8.43642445478543,
        null
    ],
    "log10_fgw": [
        -7.664652521927517,
        -7.647023682995352,
        -7.623257396434952
    ],
    "log10_h": [
        -13.529752271575155,
        -13.486602365712798,
        -13.454239936316032
    ],
    "phase0": [
        null,
        4.051336860475904,
        null
    ],
    "psi": [
        1.5397061499941205,
        1.5862804761934242,
        1.6278045742506349
    ]
}