{
    "cos_gwtheta": [
        -0.05228562474881471,
        -0.02183456428404651,
        0.0043675109995913175
    ],
    "cos_inc": [
        0.009682815972909431,
        0.04013364893023219,
        0.07177087797680137
    ],
    "gwphi": [
        3.0903284858999913,
        3.1826425850753006,
        3.25716119525296
    ],
    "log10_Mc": [
        null,
        9.755848709087344,
        null
    ],
    "log10_fgw": [
        -7.663957883555934,
        -7.645554242273153,
        -7.628588385465591
    ],
    "log10_h": [
        -13.555832641924505,
        -13.515716056347333,
        -13.480056869167626
    ],
    "phase0": [
        1.3671442677040184,
        1.6718728236988838,
        3.7081839325088346
    ],
    "psi": [
        0.009808531168431714,
        0.009808531168431714,
        0.06633184791496899
    ]
}