{
    "cos_gwtheta": [
        0.1876356013065863,
        0.3177869419509325,
        0.42456254713708574
    ],
    "cos_inc": [
        -0.16648267913170012,
        -0.046838192828655645,
        0.09824565268832519
    ],
    "gwphi": [
        null,
        3.3502630796650408,
        null
    ],
    "log10_Mc": [
        null,
        9.880128730316185,
        null
    ],
    "log10_fgw": [
        -7.687107634887254,
        -7.6560505032167425,
        -7.62677371667384
    ],
    "log10_h": [
        -14.52842530113697,
        -14.394667788301568,
        -14.285452938371744
    ],
    "phase0": [
        null,
        4.223989404225503,
        null
    ],
    "psi": [
        null,
        1.6617037033389404,
        null
    ]
}