{
    "cos_gwtheta": [
        -0.004772684349322431,
        0.0032011738406532153,
        0.009790098766054134
    ],
    "cos_inc": [
        0.03521827909050954,
        0.03521827909050954,
        0.051632874796256056
    ],
    "gwphi": [
        3.130271222275792,
        3.138229550460729,
        3.1457438517512273
    ],
    "log10_Mc": [
        null,
        9.143979449882213,
        null
    ],
    "log10_fgw": [
        -7.649881779814326,
        -7.649881779814326,
        -7.644860273176142
    ],
    "log10_h": [
        -12.709006822534736,
        -12.678245688675442,
        -12.661274028615143
    ],
    "phase0": [
        0.4464726094821205,
        0.681823368809182,
        0.9322365767331755
    ],
    "psi": [
        1.55855750733933,
        1.5734041242077148,
        1.5875479426444596
    ]
}