{
    "cos_gwtheta": [
        -0.19113272427967465,
        -0.09348238627483296,
        -0.02001213196642826
    ],
    "cos_inc": [
        -0.1289973679977796,
        -0.060073764889867154,
        0.008264085217128181
    ],
    "gwphi": [
        3.137605549334109,
        3.2562023075475777,
        3.3832702627762936
    ],
    "log10_Mc": [
        null,
        9.363847607986017,
        null
    ],
    "log10_fgw": [
        -7.683397519539502,
        -7.654010953254456,
        -7.631621188465848
    ],
    "log10_h": [
        -14.30591511749612,
        -14.226112294784919,
        -14.146309472073717
    ],
    "phase0": [
        null,
        2.3626394949845744,
        null
    ],
    "psi": [
        null,
        3.0282869127887846,
        null
    ]
}