{
    "cos_gwtheta": [
        0.525835784000996,
        0.6367893985210555,
        0.7647977205733505
    ],
    "cos_inc": [
        -0.062139709027542844,
        0.04065948471960579,
        0.15516746694374617
    ],
    "gwphi": [
        5.464869759630081,
        5.755975790907619,
        6.108926236555277
    ],
    "log10_Mc": [
        null,
        9.507106491247033,
        null
    ],
    "log10_fgw": [
        -7.677256386667289,
        -7.6467501117008725,
        -7.618753846700047
    ],
    "log10_h": [
        -14.431622342684474,
        -14.282959837567,
        -14.175570738475564
    ],
    "phase0": [
        null,
        0.9812555168592186,
        null
    ],
    "psi": [
        null,
        0.14514265438064028,
        null
    ]
}