{
    "cos_gwtheta": [
        -0.4856984641092095,
        -0.2957722347313506,
        -0.06757728749377379
    ],
    "cos_inc": [
        -0.22146001122046632,
        -0.08939158857234675,
        0.03150784284291985
    ],
    "gwphi": [
        3.2332774237916957,
        3.39370466440071,
        3.5408634866134903
    ],
    "log10_Mc": [
        null,
        9.774846516875334,
        null
    ],
    "log10_fgw": [
        -7.680725391590674,
        -7.654063801171038,
        -7.627579954687532
    ],
    "log10_h": [
        -14.462270097418742,
        -14.354320533375683,
        -14.265487037965247
    ],
    "phase0": [
        null,
        5.995812603060107,
        null
    ],
    "psi": [
        null,
        1.72202125048076,
        null
    ]
}