{
    "cos_gwtheta": [
        -0.3040813212585469,
        -0.25624815765886366,
        -0.19948349048247604
    ],
    "cos_inc": [
        0.10134623232612316,
        0.2301619056176174,
        0.44306558786328143
    ],
    "gwphi": [
        3.566108499893728,
        3.7139861036161386,
        3.8325377690476072
    ],
    "log10_Mc": [
        null,
        8.962392006484809,
        null
    ],
    "log10_fgw": [
        -7.6787588877059525,
        -7.653714497884687,
        -7.620386194507156
    ],
    "log10_h": [
        -14.468742680682404,
        -14.347330025666002,
        -14.254712584405702
    ],
    "phase0": [
        null,
        4.554713495845068,
        null
    ],
    "psi": [
        null,
        3.13326651172175,
        null
    ]
}