{
    "cos_gwtheta": [
        -0.0358358494465979,
        0.0027011654029284182,
        0.04006446406414421
    ],
    "cos_inc": [
        0.06823904680829518,
        0.10338092161882395,
        0.14650095179174327
    ],
    "gwphi": [
        3.0331152042786833,
        3.121536939438675,
        3.1958111969730685
    ],
    "log10_Mc": [
        null,
        8.675493600912729,
        null
    ],
    "log10_fgw": [
        -7.675959186274298,
        -7.655818065524956,
        -7.635813959202482
    ],
    "log10_h": [
        -13.926213253164306,
        -13.88234826268572,
        -13.84793693394821
    ]
}