{
    "cos_gwtheta": [
        -0.01195170518570865,
        0.01687937713771759,
        0.04454388387580288
    ],
    "cos_inc": [
        -0.06583713023373183,
        -0.02917372384840189,
        0.0013147930404514563
    ],
    "gwphi": [
        3.080170572346988,
        3.1366312319036265,
        3.1819173859230134
    ],
    "log10_Mc": [
        null,
        8.85722538693955,
        null
    ],
    "log10_fgw": [
        -7.670561278594964,
        -7.653979255151144,
        -7.637282872924953
    ],
    "log10_h": [
        -13.531930017246934,
        -13.478258511333982,
        -13.432747585267444
    ],
    "phase0": [
        4.262244635234974,
        5.395845886810226,
        6.2665016139154055
    ],
    "psi": [
        null,
        3.133297449503868,
        null
    ]
}