{
    "cos_gwtheta": [
        -0.05326165838137775,
        -0.006138401619784073,
        0.04739361806138642
    ],
    "cos_inc": [
        0.004872254244505436,
        0.048625718146911634,
        0.09237918204931805
    ],
    "gwphi": [
        3.048862153421785,
        3.1404702319735054,
        3.2309542850215243
    ],
    "log10_Mc": [
        null,
        9.99471024983966,
        null
    ],
    "log10_fgw": [
        -7.68913528569228,
        -7.663167499006745,
        -7.639406125569
    ],
    "log10_h": [
        -13.975755011875517,
        -13.922389356644349,
        -13.876677739613669
    ]
}