{
    "cos_gwtheta": [
        -0.028155394215643587,
        -0.005108719722268729,
        0.019001647440031105
    ],
    "cos_inc": [
        -0.0538105631279322,
        -0.02560764575885932,
        0.0032953440271764455
    ],
    "gwphi": [
        3.0901380111377192,
        3.131750312435072,
        3.1736210752311655
    ],
    "log10_Mc": [
        8.236777712646559,
        8.742279744940571,
        9.715301556118623
    ],
    "log10_fgw": [
        -7.662738089994913,
        -7.6511252913732175,
        -7.640252161453541
    ],
    "log10_h": [
        -12.71148353081108,
        -12.66094651196211,
        -12.66094651196211
    ],
    "phase0": [
        1.3733108552732647,
        1.6248268900415606,
        1.7580961787183158
    ],
    "psi": [
        3.090152996243492,
        3.1334713005911814,
        3.1334713005911814
    ]
}