{
    "cos_gwtheta": [
        0.00441347695502789,
        0.015339307491320064,
        0.026863813673436487
    ],
    "cos_inc": [
        0.01559270363364118,
        0.023027148205909342,
        0.03087461747663689
    ],
    "gwphi": [
        3.090356498390807,
        3.1291235722071398,
        3.168156173926324
    ],
    "log10_Mc": [
        null,
        8.560930120823054,
        null
    ],
    "log10_fgw": [
        -7.666010638384989,
        -7.649219095840505,
        -7.63524352626932
    ],
    "log10_h": [
        -12.689270557114321,
        -12.673242899876527,
        -12.657642646831741
    ],
    "phase0": [
        null,
        6.266590112966151,
        null
    ],
    "psi": [
        3.1255497478778067,
        3.136954009971677,
        3.136954009971677
    ]
}