{
    "cos_gwtheta": [
        -0.22598203106321657,
        -0.09482582977170739,
        -0.007266752414371691
    ],
    "cos_inc": [
        -0.1015242891833853,
        -0.007358018723521376,
        0.08606385434140285
    ],
    "gwphi": [
        3.210836876941575,
        3.3187575327871865,
        3.432278861391253
    ],
    "log10_Mc": [
        null,
        9.220337113895692,
        null
    ],
    "log10_fgw": [
        -7.667303064807394,
        -7.655129639636418,
        -7.64390384636498
    ],
    "log10_h": [
        -14.367752515636253,
        -14.290409621295272,
        -14.214397675422873
    ],
    "phase0": [
        null,
        1.3413215758421682,
        null
    ],
    "psi": [
        1.5525300290003763,
        1.661848096601825,
        1.7621083814591534
    ]
}