{
    "cos_gwtheta": [
        -0.31029524123762764,
        0.10546787854599793,
        0.5401202840204147
    ],
    "cos_inc": [
        -0.993692793395859,
        -0.5061343828078303,
        -0.01638871997001845
    ],
    "gwphi": [
        null,
        3.3833731435733143,
        null
    ],
    "log10_Mc": [
        null,
        9.402010870620163,
        null
    ],
    "log10_fgw": [
        null,
        -7.668501442693406,
        null
    ],
    "log10_h": [
        -15.290382151719704,
        -14.671676673499109,
        -14.39161176767736
    ],
    "phase0": [
        null,
        3.02296220472331,
        null
    ],
    "psi": [
        null,
        2.9982545788987918,
        null
    ]
}