{
    "cos_gwtheta": [
        0.0024868035254949072,
        0.02740325740736993,
        0.05543426802447926
    ],
    "cos_inc": [
        -0.076838188047339,
        -0.047616668409548035,
        -0.013271895328767824
    ],
    "gwphi": [
        3.0217280940446742,
        3.121888701575276,
        3.1988482644236482
    ],
    "log10_Mc": [
        null,
        8.407784958205566,
        null
    ],
    "log10_fgw": [
        -7.662715296028611,
        -7.64474210778178,
        -7.6263944781131405
    ],
    "log10_h": [
        -13.587538376215512,
        -13.543380390874212,
        -13.49780708548992
    ],
    "phase0": [
        null,
        0.020726045224460213,
        null
    ],
    "psi": [
        1.555817967606199,
        1.585825952468138,
        1.623961099896852
    ]
}