{
    "cos_gwtheta": [
        -0.05941331925942772,
        -0.03059676308879289,
        0.004141003253890219
    ],
    "cos_inc": [
        -0.014309458265611363,
        0.013229785451797538,
        0.03490001001631593
    ],
    "gwphi": [
        3.1064490918069967,
        3.1619650924834035,
        3.214670156416701
    ],
    "log10_Mc": [
        8.116691215118623,
        9.383028038257333,
        9.608733486476936
    ],
    "log10_fgw": [
        -7.673925004045969,
        -7.6538475157812815,
        -7.633493096643978
    ],
    "log10_h": [
        -13.555227368238246,
        -13.522545417875575,
        -13.485162639036082
    ],
    "phase0": [
        2.866252994770483,
        5.126500114695726,
        5.383048462193454
    ],
    "psi": [
        1.5465289227062116,
        1.5684468096431288,
        1.5960256077756738
    ]
}