{
    "cos_gwtheta": [
        -0.009045768245485641,
        0.012311454619522877,
        0.033157127236267625
    ],
    "cos_inc": [
        -0.027651910987582018,
        0.004134513095989112,
        0.03592093717956013
    ],
    "gwphi": [
        3.0520196125483148,
        3.137115460906463,
        3.223749186042167
    ],
    "log10_Mc": [
        null,
        8.952670791061943,
        null
    ],
    "log10_fgw": [
        -7.6709739655521245,
        -7.648910923847389,
        -7.626847882142653
    ],
    "log10_h": [
        -12.701215835176843,
        -12.655234548054594,
        -12.608745180411656
    ],
    "phase0": [
        0.01973248546018176,
        0.01973248546018176,
        0.245262209265701
    ],
    "psi": [
        1.5591980643775507,
        1.5722964221721618,
        1.5873844039355745
    ]
}