{
    "cos_gwtheta": [
        -0.16243391450090972,
        -0.09170935566653204,
        -0.014426379095633046
    ],
    "cos_inc": [
        0.020913240447217096,
        0.09757172412878212,
        0.1641621581102337
    ],
    "gwphi": [
        null,
        3.209023568524027,
        null
    ],
    "log10_Mc": [
        8.496688288154402,
        8.732934574868228,
        9.969648090923185
    ],
    "log10_fgw": [
        -7.675829133088658,
        -7.6586164862820825,
        -7.636839880094976
    ],
    "log10_h": [
        -14.2040599043168,
        -14.146808210584819,
        -14.08650889817509
    ],
    "phase0": [
        null,
        4.314393970019415,
        null
    ],
    "psi": [
        1.4691287905524866,
        1.5403831175255474,
        1.6059986128676464
    ]
}