{
    "cos_gwtheta": [
        -0.014876993484177425,
        0.004451061593999495,
        0.026004771499360424
    ],
    "cos_inc": [
        -0.03323795675488905,
        0.002423907877146858,
        0.03860261112703833
    ],
    "gwphi": [
        3.0791083695133117,
        3.1632302211463927,
        3.239537474540335
    ],
    "log10_Mc": [
        null,
        9.793830828898773,
        null
    ],
    "log10_fgw": [
        -7.659124324925094,
        -7.659124324925094,
        -7.6412429899387195
    ],
    "log10_h": [
        -12.697063433440622,
        -12.65457911520921,
        -12.65457911520921
    ],
    "phase0": [
        3.0767493759409246,
        3.341310511694554,
        3.6021366667081316
    ],
    "psi": [
        1.544822041128321,
        1.55842715661753,
        1.5761496096889995
    ]
}