{
    "cos_gwtheta": [
        -0.0038413651110128094,
        0.014282584803656587,
        0.031190903931366448
    ],
    "cos_inc": [
        0.009796563021883309,
        0.029104928512248107,
        0.04726398653294833
    ],
    "gwphi": [
        3.054969547072199,
        3.1238709970069287,
        3.194651577394424
    ],
    "log10_Mc": [
        null,
        8.235795443786877,
        null
    ],
    "log10_fgw": [
        -7.657377805185453,
        -7.652191500739331,
        -7.64693954686984
    ],
    "log10_h": [
        -12.696064836943068,
        -12.653905084409617,
        -12.653905084409617
    ],
    "phase0": [
        3.5127781189231833,
        3.728160285346329,
        3.9519920598368445
    ],
    "psi": [
        1.5673247111942148,
        1.5950629493724249,
        1.5950629493724249
    ]
}