{
    "cos_gwtheta": [
        -0.907904603106281,
        -0.907904603106281,
        -0.8929073359261239
    ],
    "cos_inc": [
        -0.02687123217975524,
        -0.008212697545694293,
        0.006791874055863054
    ],
    "gwphi": [
        2.4164957650300636,
        2.4418954747156736,
        2.473890689126276
    ],
    "log10_Mc": [
        null,
        9.937419264576768,
        null
    ],
    "log10_fgw": [
        -7.98062787105208,
        -7.978913820083355,
        -7.977517907362613
    ],
    "log10_h": [
        -13.438702520977083,
        -13.406009536376743,
        -13.406009536376743
    ],
    "phase0": [
        3.0175265360384085,
        3.6301283222898477,
        4.227063571056823
    ],
    "psi": [
        0.9090471559561542,
        0.93180077303639,
        0.9525243276261959
    ]
}