{
    "cos_gwtheta": [
        -0.3122268736437235,
        -0.1901879688508602,
        0.04534314219074087
    ],
    "cos_inc": [
        -0.21483325304943945,
        -0.04724163935420722,
        0.12114518958987541
    ],
    "gwphi": [
        null,
        3.53522660631991,
        null
    ],
    "log10_Mc": [
        null,
        8.94311971749205,
        null
    ],
    "log10_fgw": [
        -7.6877740194243085,
        -7.651249142258444,
        -7.619686884272724
    ],
    "log10_h": [
        -14.56301869307309,
        -14.395717963788286,
        -14.263985106083714
    ],
    "phase0": [
        null,
        3.2630338483833743,
        null
    ],
    "psi": [
        null,
        3.133260570581245,
        null
    ]
}