{
    "cos_gwtheta": [
        -0.02685337385623629,
        -0.005918828149391958,
        0.010257866260442311
    ],
    "cos_inc": [
        0.014452545854847842,
        0.020339587795522307,
        0.025103667978727068
    ],
    "gwphi": [
        3.12682270389206,
        3.137278270095377,
        3.1450766205785134
    ],
    "log10_Mc": [
        null,
        8.455760537723137,
        null
    ],
    "log10_fgw": [
        -7.660138129792623,
        -7.652392434287759,
        -7.643942584646091
    ],
    "log10_h": [
        -12.699226558566062,
        -12.652882794371058,
        -12.652882794371058
    ],
    "phase0": [
        4.147236614896766,
        4.355181963616722,
        4.567672565860612
    ],
    "psi": [
        1.5732550572749233,
        1.5761860821916756,
        1.578535746794361
    ]
}