{
    "cos_gwtheta": [
        -0.05687925707972252,
        -0.008630173718764067,
        0.04376531524352678
    ],
    "cos_inc": [
        0.054739296206608556,
        0.12024198112139928,
        0.18669398031031736
    ],
    "gwphi": [
        3.0674297414025675,
        3.1816663683696245,
        3.290989592026271
    ],
    "log10_Mc": [
        null,
        8.924031765312947,
        null
    ],
    "log10_fgw": [
        -7.675939769196516,
        -7.651118459746385,
        -7.629596185096588
    ],
    "log10_h": [
        -14.128665464535974,
        -14.063726356620252,
        -13.98667995739821
    ]
}