{
    "cos_gwtheta": [
        -0.020393760060641003,
        -0.009689114717532615,
        0.0031367276290488744
    ],
    "cos_inc": [
        0.021266865126054805,
        0.044035315709711774,
        0.06521295751896476
    ],
    "gwphi": [
        3.1454800471329127,
        3.1612796663602034,
        3.1763816400631724
    ],
    "log10_Mc": [
        null,
        9.994711081295002,
        null
    ],
    "log10_fgw": [
        -7.645776124615923,
        -7.6447464614868945,
        -7.644004613186999
    ],
    "log10_h": [
        -13.536099099919774,
        -13.518519962154329,
        -13.502145845929258
    ],
    "phase0": [
        1.5029283186734785,
        2.5424867295985143,
        4.06746394177881
    ],
    "psi": [
        0.0055707582385400665,
        0.04903131778504396,
        0.08177764216556947
    ]
}