{
    "cos_gwtheta": [
        -0.023457757156897574,
        -0.006725695788177166,
        0.011461327438692881
    ],
    "cos_inc": [
        -0.031919284615887555,
        0.0002859889441583219,
        0.03554986390376169
    ],
    "gwphi": [
        3.0443817382987968,
        3.136613839666663,
        3.2340666260176163
    ],
    "log10_Mc": [
        null,
        9.51679180024957,
        null
    ],
    "log10_fgw": [
        -7.65089543293903,
        -7.65089543293903,
        -7.6356342273905256
    ],
    "log10_h": [
        -12.708556204436954,
        -12.664176829432144,
        -12.664176829432144
    ],
    "phase0": [
        6.077923483281895,
        6.267362891185816,
        6.267362891185816
    ],
    "psi": [
        1.536789542043778,
        1.5729648524420068,
        1.607824697007573
    ]
}