{
    "cos_gwtheta": [
        -0.005594934345873659,
        0.003553578018998693,
        0.012756545814614328
    ],
    "cos_inc": [
        -0.07448621997130944,
        -0.037435219391373176,
        -0.000730489844894322
    ],
    "gwphi": [
        3.149529814460535,
        3.149529814460535,
        3.1904459796435947
    ],
    "log10_Mc": [
        null,
        8.006325158785597,
        null
    ],
    "log10_fgw": [
        -7.663353811800061,
        -7.652920327811605,
        -7.641273648010539
    ],
    "log10_h": [
        -12.689991599619718,
        -12.65205756547601,
        -12.632583408910257
    ],
    "phase0": [
        3.6902884214507474,
        3.89541968384681,
        4.1070765603993165
    ],
    "psi": [
        1.565918455118859,
        1.5732758311293393,
        1.582425388475706
    ]
}