{
    "cos_gwtheta": [
        -0.0647569769851648,
        -0.04635683753337083,
        -0.03133287045805283
    ],
    "cos_inc": [
        0.03701865968326518,
        0.06467980256592461,
        0.0897477133033347
    ],
    "gwphi": [
        3.1225076859157723,
        3.186931293863552,
        3.236405777315162
    ],
    "log10_Mc": [
        null,
        9.468903970953455,
        null
    ],
    "log10_fgw": [
        -7.662354695690199,
        -7.658415601358554,
        -7.655201409803219
    ],
    "log10_h": [
        -13.469149725232706,
        -13.43846882215452,
        -13.401091072211557
    ],
    "phase0": [
        null,
        1.7261566174241376,
        null
    ],
    "psi": [
        0.009867017755970948,
        0.009867017755970948,
        0.05953436818099751
    ]
}