{
    "cos_gwtheta": [
        -0.024281506486740767,
        0.0001236775831466863,
        0.024012349820867307
    ],
    "cos_inc": [
        -0.07292685846667846,
        -0.021903044163393615,
        0.022441288994733855
    ],
    "gwphi": [
        3.0740128765591566,
        3.127856069967353,
        3.182572396241629
    ],
    "log10_Mc": [
        null,
        8.67545512517499,
        null
    ],
    "log10_fgw": [
        -7.667597836216735,
        -7.647837292252695,
        -7.627947594406537
    ],
    "log10_h": [
        -12.74371340251005,
        -12.677034164574058,
        -12.618023039000704
    ],
    "phase0": [
        0.01972587631916968,
        0.3493022077606023,
        0.6614340452883106
    ],
    "psi": [
        1.5534101350823473,
        1.5809833142063283,
        1.6136444013829485
    ]
}