{
    "cos_gwtheta": [
        -0.07888008820071546,
        -0.03517775691540381,
        0.009077768436810407
    ],
    "cos_inc": [
        -0.03521067020620783,
        0.009270161482152539,
        0.05070956878156507
    ],
    "gwphi": [
        3.053450995261936,
        3.1718104865716206,
        3.2943333770731034
    ],
    "log10_Mc": [
        null,
        9.765225488658938,
        null
    ],
    "log10_fgw": [
        -7.690062448573464,
        -7.658848332794588,
        -7.633379146300168
    ],
    "log10_h": [
        -14.04753140407507,
        -13.998403327629818,
        -13.952493247458273
    ]
}