{
    "cos_gwtheta": [
        0.12233330494761119,
        0.18992885739905518,
        0.26542280320759737
    ],
    "cos_inc": [
        0.14200918499113468,
        0.2760092919779489,
        0.6280994281621428
    ],
    "gwphi": [
        3.2022638080559065,
        3.3078164674470476,
        3.4419304346734387
    ],
    "log10_Mc": [
        null,
        8.302634135531784,
        null
    ],
    "log10_fgw": [
        -7.6740978593672615,
        -7.649069788317754,
        -7.628187471368472
    ],
    "log10_h": [
        -14.552425426135567,
        -14.332651028714796,
        -14.222205081536393
    ],
    "phase0": [
        null,
        2.542414712410679,
        null
    ],
    "psi": [
        null,
        1.6017578651473983,
        null
    ]
}