{
    "cos_gwtheta": [
        -0.2961150076276509,
        -0.2025036980947933,
        -0.10143392650159422
    ],
    "cos_inc": [
        -0.08414468753381021,
        0.009228039512358066,
        0.11875385435976216
    ],
    "gwphi": [
        2.7070978170383713,
        2.8766658476941096,
        3.0490136821310903
    ],
    "log10_Mc": [
        null,
        9.918152280368057,
        null
    ],
    "log10_fgw": [
        -7.658073374838315,
        -7.651092782763272,
        -7.645866210192924
    ],
    "log10_h": [
        -14.372889679552191,
        -14.260038756909012,
        -14.180421474620498
    ],
    "phase0": [
        null,
        5.995682521282416,
        null
    ],
    "psi": [
        null,
        0.13016037104596667,
        null
    ]
}