{
    "cos_gwtheta": [
        0.7830702765594874,
        0.7924445995448113,
        0.8013340437550324
    ],
    "cos_inc": [
        0.3092044177174511,
        0.3496880992361936,
        0.390596434756881
    ],
    "gwphi": [
        2.729363220219511,
        2.7886623235544707,
        2.8324471265983076
    ],
    "log10_Mc": [
        null,
        8.809274780703783,
        null
    ],
    "log10_fgw": [
        -7.9206413339561,
        -7.901068690690325,
        -7.878943093955102
    ],
    "log10_h": [
        -13.433332158159628,
        -13.39674480273925,
        -13.39674480273925
    ],
    "phase0": [
        null,
        0.9526088335741779,
        null
    ],
    "psi": [
        2.2756541849969505,
        2.297596824223888,
        2.315723352280923
    ]
}