{
    "cos_gwtheta": [
        0.18836799635724655,
        0.26008043577550477,
        0.32648084264426236
    ],
    "cos_inc": [
        -0.10004650259064862,
        -0.042471636226661946,
        0.013794710447234015
    ],
    "gwphi": [
        3.187225164729714,
        3.314748295675855,
        3.41338798243334
    ],
    "log10_Mc": [
        null,
        8.006315797137802,
        null
    ],
    "log10_fgw": [
        -7.677773235241291,
        -7.65679944135976,
        -7.636105298063316
    ],
    "log10_h": [
        -14.26337054203143,
        -14.19590221526609,
        -14.127047553019269
    ],
    "phase0": [
        1.4455752474681887,
        3.1435808006347874,
        5.996704921794412
    ],
    "psi": [
        1.5152044438173,
        1.57445201285979,
        1.6409305844232143
    ]
}