{
    "cos_gwtheta": [
        -0.22212489056748821,
        -0.1578511673431959,
        -0.09377060331717346
    ],
    "cos_inc": [
        -0.09405083427390426,
        -0.04863288195962012,
        -0.002643634647672033
    ],
    "gwphi": [
        2.7696670200713487,
        2.8219831821169983,
        2.890118074398673
    ],
    "log10_Mc": [
        null,
        9.994669410094023,
        null
    ],
    "log10_fgw": [
        null,
        -7.65177507266232,
        null
    ],
    "log10_h": [
        -14.083617672454995,
        -14.028866208874248,
        -13.983956147608016
    ]
}