{
    "cos_gwtheta": [
        null,
        0.0015005718235635568,
        null
    ],
    "cos_inc": [
        null,
        0.02851480433311404,
        null
    ],
    "gwphi": [
        3.07350456275772,
        3.124910180129908,
        3.18278643465384
    ],
    "log10_Mc": [
        null,
        8.006284846831988,
        null
    ],
    "log10_fgw": [
        null,
        -7.653586060366367,
        null
    ],
    "log10_h": [
        null,
        -12.673923264579622,
        null
    ],
    "phase0": [
        1.7773795444655138,
        2.4301589150790397,
        2.9411204032589557
    ],
    "psi": [
        null,
        1.5619456355638566,
        null
    ]
}