{
    "cos_gwtheta": [
        null,
        -0.0005836047124083699,
        null
    ],
    "cos_inc": [
        -0.07647497294083005,
        -0.035586780458151224,
        -0.00323967707185413
    ],
    "gwphi": [
        3.055794669268744,
        3.143025767812081,
        3.233700199192655
    ],
    "log10_Mc": [
        null,
        8.790178897735204,
        null
    ],
    "log10_fgw": [
        -7.672442402761702,
        -7.6569077494161615,
        -7.635484961334812
    ],
    "log10_h": [
        -13.541955640590427,
        -13.487149371596965,
        -13.442919751005752
    ],
    "phase0": [
        null,
        1.5233562852984266,
        null
    ],
    "psi": [
        3.0127881223745723,
        3.034023032380717,
        3.0582915009591685
    ]
}