{
    "cos_gwtheta": [
        -0.0731272183520913,
        -0.06669230902355358,
        -0.0600229293146238
    ],
    "cos_inc": [
        -0.28059776904426637,
        -0.2620345615956995,
        -0.24326884642951196
    ],
    "gwphi": [
        5.068316802140867,
        5.086399074617601,
        5.106075502098582
    ],
    "log10_Mc": [
        null,
        8.321740767288418,
        null
    ],
    "log10_fgw": [
        -7.9301344873580035,
        -7.923333795024624,
        -7.9160171881004375
    ],
    "log10_h": [
        -13.629890600953042,
        -13.605049594252701,
        -13.578347837986795
    ],
    "phase0": [
        0.019709442785751784,
        0.5597172818808649,
        1.3977894940561906
    ],
    "psi": [
        0.9301681700051831,
        0.9462124511741654,
        0.9664015049784681
    ]
}