{
    "cos_gwtheta": [
        0.007918283535348736,
        0.09513286741968208,
        0.1863117505714853
    ],
    "cos_inc": [
        null,
        0.2629061714955081,
        null
    ],
    "gwphi": [
        2.373133263660498,
        2.513214605157713,
        2.692790245579252
    ],
    "log10_Mc": [
        null,
        9.889419061913395,
        null
    ],
    "log10_fgw": [
        -7.6772358434590595,
        -7.649663380187372,
        -7.617330203832803
    ],
    "log10_h": [
        -14.717112363290841,
        -14.485650554727599,
        -14.371004935993376
    ],
    "phase0": [
        null,
        0.5901482104480679,
        null
    ],
    "psi": [
        null,
        2.923074218543125,
        null
    ]
}