{
    "cos_gwtheta": [
        -0.0024073678793639086,
        0.09242465771635389,
        0.1991586784273236
    ],
    "cos_inc": [
        0.04733037793514694,
        0.1481412951419584,
        0.28474196176605815
    ],
    "gwphi": [
        2.249760721983388,
        2.3856327784996516,
        2.5121985297750755
    ],
    "log10_Mc": [
        null,
        8.006306037599082,
        null
    ],
    "log10_fgw": [
        -7.681803622174758,
        -7.656957610840657,
        -7.635853468683379
    ],
    "log10_h": [
        -14.495194457080485,
        -14.344648889941544,
        -14.224301253674131
    ],
    "phase0": [
        null,
        1.5819587394571153,
        null
    ],
    "psi": [
        null,
        1.1960458155317895,
        null
    ]
}