{
    "cos_gwtheta": [
        -0.0363642745736128,
        -0.006881562789038287,
        0.02393520835230445
    ],
    "cos_inc": [
        -0.08045440437439311,
        -0.04298374844589603,
        -0.005090491134746689
    ],
    "gwphi": [
        3.1106623402629676,
        3.1666985836763253,
        3.227045307352248
    ],
    "log10_Mc": [
        null,
        8.111515300888964,
        null
    ],
    "log10_fgw": [
        -7.666109564501178,
        -7.653742980462571,
        -7.639390521614845
    ],
    "log10_h": [
        -14.004171399714636,
        -13.964875889674877,
        -13.92795393393282
    ]
}