{
    "cos_gwtheta": [
        0.12522939648782017,
        0.19230146146212457,
        0.2585913449206938
    ],
    "cos_inc": [
        -0.10947508970486353,
        -0.05400415179268858,
        -0.0014942959754695728
    ],
    "gwphi": [
        3.1094840333366327,
        3.211232334597427,
        3.33593604528901
    ],
    "log10_Mc": [
        null,
        8.474646308145745,
        null
    ],
    "log10_fgw": [
        -7.6804592478462,
        -7.651891763467124,
        -7.625550316831872
    ],
    "log10_h": [
        -14.205667317350988,
        -14.134734019846544,
        -14.07674475473342
    ],
    "phase0": [
        null,
        0.3204013123626009,
        null
    ],
    "psi": [
        1.5162387130978956,
        1.5874023415797234,
        1.6492023347349951
    ]
}