{
    "cos_gwtheta": [
        0.4373602535977461,
        0.45697319453064367,
        0.476586135463541
    ],
    "cos_inc": [
        0.02427775676164423,
        0.06098431234275914,
        0.09895040659577503
    ],
    "gwphi": [
        3.4933690019795147,
        3.4979026674420837,
        3.5188708702064644
    ],
    "log10_Mc": [
        null,
        9.02923704835898,
        null
    ],
    "log10_fgw": [
        -7.8831246075913795,
        -7.872969619248207,
        -7.859616209379625
    ],
    "log10_h": [
        -13.167842192320213,
        -13.094211183633664,
        -13.035704382136785
    ],
    "phase0": [
        4.874314357868524,
        5.244856721150301,
        5.664271578390107
    ],
    "psi": [
        0.05790838646675935,
        0.1317281644822728,
        0.19601288783744913
    ]
}