{
    "cos_gwtheta": [
        0.2141010721116624,
        0.2898431775477889,
        0.3563147648706396
    ],
    "cos_inc": [
        0.002470141373670409,
        0.06167565541317599,
        0.1190990636789172
    ],
    "gwphi": [
        3.282711400511152,
        3.4006297045751324,
        3.5124064303024474
    ],
    "log10_Mc": [
        null,
        8.283524284366875,
        null
    ],
    "log10_fgw": [
        -7.679998953881976,
        -7.653913986531154,
        -7.624048589129488
    ],
    "log10_h": [
        -14.200405931375988,
        -14.130011435767983,
        -14.069388414054574
    ],
    "phase0": [
        null,
        2.302618466195356,
        null
    ],
    "psi": [
        1.5487509632625787,
        1.6165930851597214,
        1.6863024214210058
    ]
}