{
    "cos_gwtheta": [
        -0.037788817555228005,
        0.007360822076591722,
        0.05800693957663294
    ],
    "cos_inc": [
        -0.14315396982574025,
        -0.0963688568895319,
        -0.045277164519864965
    ],
    "gwphi": [
        3.038548661569961,
        3.140888253542495,
        3.2364801801102465
    ],
    "log10_Mc": [
        null,
        9.994713461714964,
        null
    ],
    "log10_fgw": [
        -7.679849744558885,
        -7.653194740661199,
        -7.623088009640073
    ],
    "log10_h": [
        -14.063043576936817,
        -14.00759855721581,
        -13.94620334025645
    ]
}