{
    "cos_gwtheta": [
        -0.03474975533257341,
        0.008304621455525685,
        0.041652542762379285
    ],
    "cos_inc": [
        -0.15007459951324564,
        -0.10876893959539502,
        -0.06877160374734059
    ],
    "gwphi": [
        2.924616848976383,
        3.0233453981408314,
        3.1142149583170644
    ],
    "log10_Mc": [
        null,
        8.50322157006855,
        null
    ],
    "log10_fgw": [
        -7.678257791274412,
        -7.659648802520554,
        -7.641039813766696
    ],
    "log10_h": [
        -13.97882263076098,
        -13.938117511440542,
        -13.905605435306004
    ]
}