{
    "cos_gwtheta": [
        -0.2172849826112493,
        -0.10680444898934816,
        0.025772191356933205
    ],
    "cos_inc": [
        -0.2657013939118775,
        -0.12343198032357716,
        0.026388044600414995
    ],
    "gwphi": [
        3.166360632950837,
        3.349770722696549,
        3.5673759139202756
    ],
    "log10_Mc": [
        null,
        8.981373013896734,
        null
    ],
    "log10_fgw": [
        -7.671054281059089,
        -7.6383224522024875,
        -7.611751908777716
    ],
    "log10_h": [
        -14.526381028906947,
        -14.388880819498294,
        -14.28670176480012
    ],
    "phase0": [
        null,
        5.965796307533038,
        null
    ],
    "psi": [
        null,
        2.817841515798169,
        null
    ]
}