{
    "cos_gwtheta": [
        -0.06464669617198693,
        0.0027703849973003125,
        0.05948004739264212
    ],
    "cos_inc": [
        0.07947215503948457,
        0.17478033415602479,
        0.2916864166482467
    ],
    "gwphi": [
        3.1352485024689836,
        3.2631470579945367,
        3.3854578125505275
    ],
    "log10_Mc": [
        null,
        8.255015490632633,
        null
    ],
    "log10_fgw": [
        -7.676596461383236,
        -7.647708102366508,
        -7.62139577536401
    ],
    "log10_h": [
        -14.403166408653682,
        -14.313855693715183,
        -14.225653052163015
    ],
    "phase0": [
        null,
        0.17064777903611889,
        null
    ],
    "psi": [
        null,
        0.07016710997932943,
        null
    ]
}