{
    "cos_gwtheta": [
        null,
        0.2873916238310461,
        null
    ],
    "cos_inc": [
        -0.20880719582426532,
        0.1439457485848208,
        0.6804324701269373
    ],
    "gwphi": [
        2.4469334375128353,
        3.293426404131896,
        3.6089090226873397
    ],
    "log10_Mc": [
        null,
        9.363894680775118,
        null
    ],
    "log10_fgw": [
        -7.703378019407529,
        -7.65247173175669,
        -7.609917256923567
    ],
    "log10_h": [
        -14.838406191246946,
        -14.423750129706697,
        -14.286278570565425
    ],
    "phase0": [
        null,
        1.491058109486872,
        null
    ],
    "psi": [
        null,
        1.6617347687960304,
        null
    ]
}