{
    "cos_gwtheta": [
        -0.20732131147438804,
        -0.05312370290594226,
        0.0676644238060069
    ],
    "cos_inc": [
        -0.08452639575794962,
        0.01155818287208299,
        0.10406936808199063
    ],
    "gwphi": [
        2.8089223099981733,
        3.1748082264017867,
        3.297810829697882
    ],
    "log10_Mc": [
        null,
        9.545494234823195,
        null
    ],
    "log10_fgw": [
        -7.680053245774017,
        -7.647228813363345,
        -7.620969267434806
    ],
    "log10_h": [
        -14.430247182011433,
        -14.323242132295178,
        -14.237941960817516
    ],
    "phase0": [
        null,
        2.362234289566588,
        null
    ],
    "psi": [
        null,
        2.9828314639615536,
        null
    ]
}