{
    "cos_gwtheta": [
        -0.030681765480071135,
        -0.015886892239050043,
        0.0007288884777890137
    ],
    "cos_inc": [
        -0.10383675087049807,
        -0.07616013437161331,
        -0.05349166752490769
    ],
    "gwphi": [
        3.1300791083359263,
        3.1726726559890777,
        3.2215460215654494
    ],
    "log10_Mc": [
        null,
        9.899037312928717,
        null
    ],
    "log10_fgw": [
        -7.66774707207947,
        -7.650185572041164,
        -7.629232885788565
    ],
    "log10_h": [
        -13.598019489626566,
        -13.552839528209052,
        -13.504800075562581
    ],
    "phase0": [
        0.020572877719254142,
        1.1917985960186788,
        3.7372624904560947
    ],
    "psi": [
        3.0327119425433122,
        3.13329641835519,
        3.13329641835519
    ]
}