{
    "cos_gwtheta": [
        null,
        0.04938887294449046,
        null
    ],
    "cos_inc": [
        null,
        0.018217784534536596,
        null
    ],
    "gwphi": [
        3.259300383807258,
        3.3752046987967415,
        3.701339712783107
    ],
    "log10_Mc": [
        null,
        9.631269902649386,
        null
    ],
    "log10_fgw": [
        -7.6814333297598045,
        -7.649284540709923,
        -7.62278614488699
    ],
    "log10_h": [
        -14.44478744408962,
        -14.331376169164791,
        -14.245420137704075
    ],
    "phase0": [
        null,
        1.7323864634180262,
        null
    ],
    "psi": [
        null,
        1.4665439342586382,
        null
    ]
}