{
    "cos_gwtheta": [
        -0.3484771946467674,
        -0.30114680007135186,
        -0.2530242650009502
    ],
    "cos_inc": [
        null,
        -0.5466221068518837,
        null
    ],
    "gwphi": [
        3.7027822447704852,
        3.8326420960109107,
        3.9692083245454426
    ],
    "log10_Mc": [
        null,
        8.55114366429572,
        null
    ],
    "log10_fgw": [
        -7.686258324021223,
        -7.660815501467978,
        -7.639030084656762
    ],
    "log10_h": [
        -14.500116051082486,
        -14.37608374074213,
        -14.249579025544492
    ]
}