{
    "cos_gwtheta": [
        0.1368874513751046,
        0.17051430159177539,
        0.2032654525840536
    ],
    "cos_inc": [
        -0.07901377555995048,
        -0.04761671687588387,
        -0.007873604617571583
    ],
    "gwphi": [
        3.123953501376655,
        3.220526024321381,
        3.2966478953484
    ],
    "log10_Mc": [
        null,
        9.19172658418496,
        null
    ],
    "log10_fgw": [
        -7.683341792337914,
        -7.660816617765396,
        -7.641549801778839
    ],
    "log10_h": [
        -13.545361669086935,
        -13.496331673022377,
        -13.450185794373382
    ],
    "phase0": [
        3.2486055253091712,
        6.206588005370953,
        6.266559772654149
    ],
    "psi": [
        0.013479997781209835,
        0.0431708959161218,
        0.10564549407499906
    ]
}