{
    "cos_gwtheta": [
        0.11488476343080056,
        0.1529138440184148,
        0.19692719617057763
    ],
    "cos_inc": [
        -0.0008840429656233884,
        0.041118615686294935,
        0.08233617791481296
    ],
    "gwphi": [
        3.1978974753394787,
        3.291826815892254,
        3.3928900304110625
    ],
    "log10_Mc": [
        null,
        9.545483622651327,
        null
    ],
    "log10_fgw": [
        -7.686468597576074,
        -7.659183318663018,
        -7.632454882176759
    ],
    "log10_h": [
        -13.992514201051408,
        -13.946841073160865,
        -13.906737838915511
    ]
}