{
    "cos_gwtheta": [
        null,
        0.28721805880343587,
        null
    ],
    "cos_inc": [
        -0.250390933142865,
        -0.05690825860481108,
        0.07612350836945192
    ],
    "gwphi": [
        3.010666495167262,
        3.2330538996186777,
        3.496045745894088
    ],
    "log10_Mc": [
        null,
        9.162875288145457,
        null
    ],
    "log10_fgw": [
        -7.689011112115621,
        -7.652045083364498,
        -7.618060185964271
    ],
    "log10_h": [
        -14.608193863889657,
        -14.381925527702377,
        -14.221870451999376
    ],
    "phase0": [
        1.796514152609346,
        4.344236877580609,
        6.159130088968915
    ],
    "psi": [
        null,
        1.5717393446708585,
        null
    ]
}