{
    "cos_gwtheta": [
        -0.7993877672097995,
        -0.7719995535166085,
        -0.7479926007731942
    ],
    "cos_inc": [
        0.0025574900575357495,
        0.008955332286034456,
        0.01620108131590048
    ],
    "gwphi": [
        2.9518039142720585,
        2.9650914073412684,
        2.9781488139504053
    ],
    "log10_Mc": [
        null,
        9.899247345138022,
        null
    ],
    "log10_fgw": [
        -7.874400032895435,
        -7.865423787774125,
        -7.848593328171669
    ],
    "log10_h": [
        -13.240237232382846,
        -13.193730240783434,
        -13.193730240783434
    ],
    "phase0": [
        0.019732032479600786,
        0.019732032479600786,
        0.4701370982148174
    ],
    "psi": [
        1.760653596499591,
        1.7775042902273996,
        1.794419055034021
    ]
}