{
    "cos_gwtheta": [
        -0.017015606339841644,
        -0.000244737090337413,
        0.017698289687357982
    ],
    "cos_inc": [
        0.038310290320043905,
        0.06250340137382926,
        0.08312117581868084
    ],
    "gwphi": [
        3.1049340506982963,
        3.138024049416226,
        3.18421217262667
    ],
    "log10_Mc": [
        null,
        9.984959480418897,
        null
    ],
    "log10_fgw": [
        -7.653551680758513,
        -7.650923026189516,
        -7.6482667983208446
    ],
    "log10_h": [
        -13.533555103988142,
        -13.497664044680441,
        -13.457365311422674
    ],
    "phase0": [
        0.6588796088378327,
        1.8814004546652707,
        3.499975575533381
    ],
    "psi": [
        1.5281782082524014,
        1.5607611909990577,
        1.598752685051839
    ]
}