{
    "cos_gwtheta": [
        -0.30605869264784524,
        -0.06627629862672779,
        0.1013327877412673
    ],
    "cos_inc": [
        -0.14939574524811639,
        0.029152909884381906,
        0.3313733506431764
    ],
    "gwphi": [
        null,
        3.3829581335442613,
        null
    ],
    "log10_Mc": [
        null,
        8.226346119010891,
        null
    ],
    "log10_fgw": [
        -7.6926344869681555,
        -7.649591870142157,
        -7.604169016440987
    ],
    "log10_h": [
        -14.69652005386956,
        -14.427626241751707,
        -14.259296546867443
    ],
    "phase0": [
        null,
        3.9837332095693854,
        null
    ],
    "psi": [
        null,
        1.6167276747687442,
        null
    ]
}