{
    "cos_gwtheta": [
        -0.3370516941975421,
        -0.254528561066945,
        -0.18150449362044552
    ],
    "cos_inc": [
        0.04255412612630749,
        0.17532382359401033,
        0.4398723998915973
    ],
    "gwphi": [
        null,
        3.7749733016562814,
        null
    ],
    "log10_Mc": [
        null,
        8.006388686062127,
        null
    ],
    "log10_fgw": [
        -7.692531748988536,
        -7.665683029343677,
        -7.632413963696788
    ],
    "log10_h": [
        -14.635923015352672,
        -14.42096694370151,
        -14.292148503650633
    ],
    "phase0": [
        null,
        4.674769213524897,
        null
    ],
    "psi": [
        null,
        1.676725231734615,
        null
    ]
}