{
    "cos_gwtheta": [
        -0.05984501522588381,
        -0.03203347636486098,
        -0.007909655363863233
    ],
    "cos_inc": [
        0.005494076176802309,
        0.02781122040943229,
        0.050395635830476904
    ],
    "gwphi": [
        3.106282149326667,
        3.165914591135407,
        3.243165708933094
    ],
    "log10_Mc": [
        null,
        9.459341693301162,
        null
    ],
    "log10_fgw": [
        -7.6812535526523344,
        -7.660785014663839,
        -7.642310165440456
    ],
    "log10_h": [
        -13.558994880361848,
        -13.524668158999974,
        -13.49489076215594
    ],
    "phase0": [
        null,
        5.515208238115825,
        null
    ],
    "psi": [
        null,
        0.009864625442871307,
        null
    ]
}