{
    "cos_gwtheta": [
        -0.9728245007223739,
        -0.9728245007223739,
        -0.9386905929267492
    ],
    "cos_inc": [
        -0.1663920576673249,
        -0.13061233779924986,
        -0.08760054689401087
    ],
    "gwphi": [
        1.574810548827755,
        1.70657032010697,
        1.8476243491112745
    ],
    "log10_Mc": [
        null,
        9.468895473252228,
        null
    ],
    "log10_fgw": [
        -7.753456459106605,
        -7.750223552447262,
        -7.735675472480217
    ],
    "log10_h": [
        -14.020794611947196,
        -13.952035392435501,
        -13.901293294614035
    ],
    "phase0": [
        null,
        1.1013218445644624,
        null
    ],
    "psi": [
        1.5043919561569157,
        1.6177196061012895,
        1.7328810367890999
    ]
}