{
    "cos_gwtheta": [
        -0.1491049516476598,
        -0.0909806728634871,
        -0.04659181442600657
    ],
    "cos_inc": [
        0.0432445342362579,
        0.08236983737101355,
        0.11846887396495942
    ],
    "gwphi": [
        3.1342321749941617,
        3.215511261238956,
        3.3211187814617835
    ],
    "log10_Mc": [
        null,
        9.95647130312251,
        null
    ],
    "log10_fgw": [
        -7.657815760129857,
        -7.657815760129857,
        -7.642224806346205
    ],
    "log10_h": [
        -14.03813552120921,
        -13.999497322593783,
        -13.961504887743516
    ]
}