{
    "cos_gwtheta": [
        -0.3258542682808242,
        -0.19477541843758017,
        -0.07976890713097362
    ],
    "cos_inc": [
        -0.185231962602871,
        -0.07708474181865099,
        0.02814483811707391
    ],
    "gwphi": [
        3.130482311745391,
        3.248552639817902,
        3.3718811606385817
    ],
    "log10_Mc": [
        null,
        9.134453392762435,
        null
    ],
    "log10_fgw": [
        -7.67878045635819,
        -7.657639937302788,
        -7.636638500609592
    ],
    "log10_h": [
        -14.426701498617332,
        -14.325676178866093,
        -14.25260863011562
    ],
    "phase0": [
        null,
        6.266247851959024,
        null
    ],
    "psi": [
        1.1866009947625067,
        1.3461876114816616,
        1.49984047924257
    ]
}