{
    "cos_gwtheta": [
        0.1540898301711322,
        0.19364206851975418,
        0.2290824405054004
    ],
    "cos_inc": [
        0.32705212952419926,
        0.3571430701362428,
        0.3943915645831898
    ],
    "gwphi": [
        2.054439209183485,
        2.1501735033710507,
        2.2464579946516476
    ],
    "log10_Mc": [
        null,
        8.943322412478574,
        null
    ],
    "log10_fgw": [
        -7.950252825995745,
        -7.929485049553462,
        -7.909686436011821
    ],
    "log10_h": [
        -13.50223563737767,
        -13.447587917095156,
        -13.402977533191063
    ],
    "phase0": [
        3.8562073103464267,
        4.553791054361435,
        5.245294754122972
    ],
    "psi": [
        2.9655676820388535,
        3.0461565730375284,
        3.121144691688805
    ]
}