{
    "cos_gwtheta": [
        -0.039884389215276816,
        0.04572171883467013,
        0.14392786010408964
    ],
    "cos_inc": [
        null,
        0.9252299176140214,
        null
    ],
    "gwphi": [
        3.323981992446189,
        3.488692991326646,
        3.6929103183518617
    ],
    "log10_Mc": [
        null,
        8.589352656835617,
        null
    ],
    "log10_fgw": [
        -7.678962893602556,
        -7.657873688671799,
        -7.638102559049214
    ],
    "log10_h": [
        -14.851019540801966,
        -14.75594374843936,
        -14.508230619277496
    ],
    "phase0": [
        0.0197856206529176,
        0.13973561720500896,
        4.4810508569991905
    ],
    "psi": [
        null,
        0.2950756749353248,
        null
    ]
}