{
    "cos_gwtheta": [
        0.0518050154347669,
        0.1522347445345451,
        0.23075866024007619
    ],
    "cos_inc": [
        -0.02390944563362407,
        0.050196301832908796,
        0.13189417487507749
    ],
    "gwphi": [
        3.5126009503364957,
        3.68153308921265,
        3.8213569210824523
    ],
    "log10_Mc": [
        null,
        9.268080260168132,
        null
    ],
    "log10_fgw": [
        -7.67445185884399,
        -7.649294992304521,
        -7.6260857541423
    ],
    "log10_h": [
        -14.32455651012711,
        -14.259024979067364,
        -14.198750992046797
    ]
}