{
    "cos_gwtheta": [
        0.005927459957724368,
        0.09116072978394385,
        0.14475287856098684
    ],
    "cos_inc": [
        -0.08531340373205354,
        -0.005673305502394754,
        0.06108966241649827
    ],
    "gwphi": [
        2.8814712106437192,
        2.9928034551455047,
        3.227219681068708
    ],
    "log10_Mc": [
        null,
        8.694551959292353,
        null
    ],
    "log10_fgw": [
        -7.679190527862684,
        -7.6484705858039,
        -7.621757592709304
    ],
    "log10_h": [
        -14.337316312662235,
        -14.259687145381056,
        -14.186783231760469
    ],
    "phase0": [
        null,
        4.7347108022360835,
        null
    ],
    "psi": [
        1.4742358988163353,
        1.5493769192885756,
        1.6332119421295044
    ]
}