{
    "cos_gwtheta": [
        -0.027302072389550514,
        0.0009017904777247621,
        0.028552636426033895
    ],
    "cos_inc": [
        -0.05802318501677417,
        -0.03290792230117967,
        -0.007450955330951192
    ],
    "gwphi": [
        3.073250201280752,
        3.140822611245648,
        3.2107091448394782
    ],
    "log10_Mc": [
        null,
        9.096271565141482,
        null
    ],
    "log10_fgw": [
        -7.678894570242112,
        -7.654506976123714,
        -7.629951191701051
    ],
    "log10_h": [
        -12.713450236267517,
        -12.67558119878114,
        -12.67558119878114
    ],
    "phase0": [
        3.056161127082264,
        3.285799301830506,
        3.530071281832312
    ],
    "psi": [
        3.0908657773297024,
        3.1333060052157133,
        3.1333060052157133
    ]
}