{
    "cos_gwtheta": [
        -0.06246280338637056,
        -0.03486930903420937,
        -0.009617080869504302
    ],
    "cos_inc": [
        -0.03343948705893296,
        -0.005930019900453276,
        0.02236994918786772
    ],
    "gwphi": [
        3.13955475445902,
        3.2256053770404494,
        3.326492313860056
    ],
    "log10_Mc": [
        8.176509504572714,
        8.532074887302977,
        9.65584444983582
    ],
    "log10_fgw": [
        -7.682078261168553,
        -7.655208829001558,
        -7.629065597703941
    ],
    "log10_h": [
        -13.54624163092448,
        -13.467577522627337,
        -13.407474608422778
    ],
    "phase0": [
        null,
        2.5746910020823326,
        null
    ],
    "psi": [
        1.5290623107895105,
        1.5696995064662178,
        1.6054038633613594
    ]
}