{
    "cos_gwtheta": [
        -0.16082998891202416,
        -0.037458945098587826,
        0.1133278862289453
    ],
    "cos_inc": [
        -0.18753326705029416,
        -0.028247848811419063,
        0.10995860022231163
    ],
    "gwphi": [
        2.377448646845038,
        2.6023103992414818,
        2.7909444248629427
    ],
    "log10_Mc": [
        8.519140817101057,
        9.937344136958641,
        9.994613143705553
    ],
    "log10_fgw": [
        -7.693161706627629,
        -7.659631710323823,
        -7.630268163264868
    ],
    "log10_h": [
        -14.552311495556753,
        -14.42823163868357,
        -14.32630082729959
    ],
    "phase0": [
        null,
        6.2662333783832445,
        null
    ],
    "psi": [
        null,
        1.7669536275188644,
        null
    ]
}