{
    "cos_gwtheta": [
        -0.014825605179629942,
        0.01365017932424517,
        0.04247112485240956
    ],
    "cos_inc": [
        -0.07117188746947922,
        -0.037434647526691456,
        -0.0011622392645034285
    ],
    "gwphi": [
        3.062825448863483,
        3.153070159902956,
        3.2245138894758716
    ],
    "log10_Mc": [
        null,
        8.771121313313179,
        null
    ],
    "log10_fgw": [
        -7.6673378546725495,
        -7.639999813751116,
        -7.618425817602274
    ],
    "log10_h": [
        -13.630626430341536,
        -13.558833360175125,
        -13.486580078020467
    ],
    "phase0": [
        0.019843247409620117,
        0.6202103544976195,
        3.4196328382242855
    ],
    "psi": [
        0.009889223877178003,
        0.009889223877178003,
        0.06424063273797527
    ]
}