{
    "cos_gwtheta": [
        -0.024899890425766347,
        -0.007751797497302482,
        0.008344265190151301
    ],
    "cos_inc": [
        -0.025678275072873125,
        -0.0075642674507562235,
        0.009172651872603188
    ],
    "gwphi": [
        3.08822283005801,
        3.1360932122450995,
        3.185206980982503
    ],
    "log10_Mc": [
        null,
        9.679306337825148,
        null
    ],
    "log10_fgw": [
        -7.655648419558004,
        -7.64767164050697,
        -7.643662585750751
    ],
    "log10_h": [
        -12.736411210256401,
        -12.66235517918759,
        -12.590198020710288
    ],
    "phase0": [
        3.6480166231094313,
        3.9386858231004704,
        4.259633064757243
    ],
    "psi": [
        0.004477581924059415,
        0.019144161648853165,
        0.03190103047198107
    ]
}