{
    "cos_gwtheta": [
        -0.02431926120603589,
        -0.006557712939972871,
        0.008438564338559496
    ],
    "cos_inc": [
        -0.03731771822919879,
        -0.021127130443172347,
        -0.0063532190884232065
    ],
    "gwphi": [
        3.132326213278091,
        3.132326213278091,
        3.145210929265934
    ],
    "log10_Mc": [
        null,
        8.006407054636934,
        null
    ],
    "log10_fgw": [
        -7.652870005778295,
        -7.652870005778295,
        -7.640262012257569
    ],
    "log10_h": [
        -12.704215958399882,
        -12.671653584555242,
        -12.639091210710601
    ],
    "phase0": [
        5.388040088730408,
        5.613627368391187,
        5.817925782256164
    ],
    "psi": [
        3.090597596097288,
        3.132703617903057,
        3.132703617903057
    ]
}