{
    "cos_gwtheta": [
        -0.0032659353391046864,
        0.026562317510888223,
        0.05550807767301147
    ],
    "cos_inc": [
        -0.04878438855571843,
        -0.017505881386645328,
        0.014720459333005809
    ],
    "gwphi": [
        3.0210784444737686,
        3.1060343174456917,
        3.194730386083046
    ],
    "log10_Mc": [
        null,
        9.918320699917306,
        null
    ],
    "log10_fgw": [
        -7.673490879910952,
        -7.649520849025211,
        -7.625220197023805
    ],
    "log10_h": [
        -13.541273752237071,
        -13.502342335135356,
        -13.467736631044945
    ],
    "phase0": [
        1.8034702855307703,
        2.9918464124311512,
        3.980390505380864
    ],
    "psi": [
        3.0613385906543322,
        3.1331071726908792,
        3.1331071726908792
    ]
}