{
    "cos_gwtheta": [
        -0.00776822402524413,
        0.004510487899072056,
        0.004510487899072056
    ],
    "cos_inc": [
        0.007376371722035202,
        0.03479751419943966,
        0.06059610386753023
    ],
    "gwphi": [
        3.0759119262336236,
        3.12871663815441,
        3.1824992151107665
    ],
    "log10_Mc": [
        null,
        9.9947048673288,
        null
    ],
    "log10_fgw": [
        -7.654188106516248,
        -7.654188106516248,
        -7.64813360138831
    ],
    "log10_h": [
        -12.69741589700951,
        -12.6673857286009,
        -12.6673857286009
    ],
    "phase0": [
        3.7896670201250093,
        4.024626937588723,
        4.262193899906402
    ],
    "psi": [
        1.546499988179987,
        1.5739790031758,
        1.595026759342806
    ]
}