{
    "cos_gwtheta": [
        -0.017358165352329036,
        -0.002320738773517128,
        0.013287729320945796
    ],
    "cos_inc": [
        -0.044276361401167974,
        -0.022247818639687056,
        -0.0030968783110120832
    ],
    "gwphi": [
        3.128834157870113,
        3.128834157870113,
        3.154416696954287
    ],
    "log10_Mc": [
        null,
        9.746131230312749,
        null
    ],
    "log10_fgw": [
        -7.666241608132136,
        -7.649855626839923,
        -7.631969520499831
    ],
    "log10_h": [
        -12.686682426447486,
        -12.661000791123042,
        -12.661000791123042
    ],
    "phase0": [
        3.3822392956647653,
        3.6156697753177087,
        3.8376641795986064
    ],
    "psi": [
        1.5422695566176585,
        1.5492673470368008,
        1.5798826801205488
    ]
}