{
    "cos_gwtheta": [
        -0.10157710249161178,
        -0.05489712406222269,
        -0.016186898047607423
    ],
    "cos_inc": [
        -0.08532591957725633,
        -0.043315845767298744,
        -0.003278075892080956
    ],
    "gwphi": [
        3.103427419370577,
        3.2058889506965595,
        3.2906847007594417
    ],
    "log10_Mc": [
        null,
        9.29668128632914,
        null
    ],
    "log10_fgw": [
        -7.683118046812359,
        -7.66353443960915,
        -7.639858735378406
    ],
    "log10_h": [
        -14.01391411503631,
        -13.952814594813903,
        -13.888788151467072
    ]
}