{
    "cos_gwtheta": [
        -0.1284320614751019,
        -0.01829816407578433,
        0.2343736474666933
    ],
    "cos_inc": [
        0.08155174428906675,
        0.2205520380734991,
        0.8059838905790342
    ],
    "gwphi": [
        2.879138876197523,
        3.2061287973804125,
        3.394584820657574
    ],
    "log10_Mc": [
        null,
        9.88948418689402,
        null
    ],
    "log10_fgw": [
        -7.6838075765362435,
        -7.649880267146731,
        -7.617143389665622
    ],
    "log10_h": [
        -14.777804869288467,
        -14.501125856329242,
        -14.335608145921778
    ],
    "phase0": [
        null,
        1.1312136310192131,
        null
    ],
    "psi": [
        null,
        0.17483550602010517,
        null
    ]
}