{
    "cos_gwtheta": [
        -0.36727929940576365,
        -0.3358625804015856,
        -0.3109980113501506
    ],
    "cos_inc": [
        -0.03985061818633662,
        -0.007975597143520141,
        0.02613626748124842
    ],
    "gwphi": [
        3.5980619788283503,
        3.700872656949565,
        3.7845557670482273
    ],
    "log10_Mc": [
        null,
        9.851335459424899,
        null
    ],
    "log10_fgw": [
        -7.68747300475152,
        -7.659359496871671,
        -7.631438547264971
    ],
    "log10_h": [
        -13.617710251075664,
        -13.577936756161966,
        -13.525193643341627
    ],
    "phase0": [
        1.0868034060498144,
        3.0228697438616954,
        3.8475252991736295
    ],
    "psi": [
        0.1763877539260424,
        0.22384034707002565,
        0.2715971235033934
    ]
}