{
    "cos_gwtheta": [
        null,
        -0.0003098810842310229,
        null
    ],
    "cos_inc": [
        -0.06592290331750439,
        -0.005892404223839631,
        0.05569958184046975
    ],
    "gwphi": [
        3.0272699868946407,
        3.151456466752917,
        3.268271146436957
    ],
    "log10_Mc": [
        null,
        8.493691239911943,
        null
    ],
    "log10_fgw": [
        -7.68441616487792,
        -7.6542037028430245,
        -7.6269301962589955
    ],
    "log10_h": [
        -14.300119121692397,
        -14.199996301320583,
        -14.11962865626877
    ],
    "phase0": [
        2.0446702854631,
        4.735337243345685,
        6.26652477846763
    ],
    "psi": [
        null,
        0.07028810413027577,
        null
    ]
}