{
    "cos_gwtheta": [
        -0.2785967252283881,
        -0.2462042285383427,
        -0.2064562304164966
    ],
    "cos_inc": [
        -0.043088000525732806,
        -0.017130771500322273,
        0.011595228621132048
    ],
    "gwphi": [
        2.713535291119479,
        2.801124708702959,
        2.867421671183273
    ],
    "log10_Mc": [
        null,
        8.054240209352143,
        null
    ],
    "log10_fgw": [
        -7.67981799801982,
        -7.658226109538948,
        -7.640366152400448
    ],
    "log10_h": [
        -13.927572196363997,
        -13.881025685953523,
        -13.840530221896408
    ]
}