{
    "cos_gwtheta": [
        -0.026660740455321963,
        0.04208107311725928,
        0.10766234353707793
    ],
    "cos_inc": [
        -0.02557778749263495,
        0.07808901948062474,
        0.20677884882674036
    ],
    "gwphi": [
        2.9594102089455805,
        3.2035838091745483,
        3.3515867330985007
    ],
    "log10_Mc": [
        null,
        8.914502573562409,
        null
    ],
    "log10_fgw": [
        -7.6779741454499195,
        -7.648743155295554,
        -7.617758305731926
    ],
    "log10_h": [
        -14.483457728225158,
        -14.372132941609447,
        -14.277228561019552
    ],
    "phase0": [
        null,
        2.663095245005389,
        null
    ],
    "psi": [
        null,
        1.6617171592995923,
        null
    ]
}