{
    "cos_gwtheta": [
        -0.019215292031474762,
        0.010386546775193017,
        0.03736543783949786
    ],
    "cos_inc": [
        -0.053196792800577763,
        -0.027771099938652122,
        -0.0003895845488860461
    ],
    "gwphi": [
        3.0718154758372855,
        3.1503549314475863,
        3.234348515919714
    ],
    "log10_Mc": [
        null,
        8.417557110339061,
        null
    ],
    "log10_fgw": [
        -7.669588547293962,
        -7.658543277986877,
        -7.637258123593014
    ],
    "log10_h": [
        -12.717777375187833,
        -12.663799594698048,
        -12.612996977766485
    ],
    "phase0": [
        2.449888639594397,
        2.571493284706597,
        2.8395347547136693
    ],
    "psi": [
        3.089566574222883,
        3.1332989965525955,
        3.1332989965525955
    ]
}