{
    "cos_gwtheta": [
        -0.33241938116985337,
        -0.24828084986995036,
        -0.05030783504664915
    ],
    "cos_inc": [
        -0.1375007015065165,
        0.1216130393378384,
        0.2641553344159494
    ],
    "gwphi": [
        null,
        3.8447142137643007,
        null
    ],
    "log10_Mc": [
        null,
        8.541736520803475,
        null
    ],
    "log10_fgw": [
        -7.680429949696992,
        -7.655800853882742,
        -7.622838605349385
    ],
    "log10_h": [
        -14.504120908739365,
        -14.393401977464071,
        -14.288687326626698
    ],
    "phase0": [
        null,
        5.004640261195702,
        null
    ],
    "psi": [
        null,
        0.009873469125947783,
        null
    ]
}