{
    "cos_gwtheta": [
        -0.5114448378976477,
        0.0196687600169827,
        0.2893018707516286
    ],
    "cos_inc": [
        -0.993688461961748,
        -0.2768181490392644,
        -0.04197103681694736
    ],
    "gwphi": [
        1.9107720059884343,
        3.413234367999996,
        4.5296170045549475
    ],
    "log10_Mc": [
        null,
        9.87041319851695,
        null
    ],
    "log10_fgw": [
        null,
        -7.652168661229364,
        null
    ],
    "log10_h": [
        null,
        -14.810325854075773,
        null
    ],
    "phase0": [
        0.3191685292518929,
        2.72312823005068,
        4.818471482773947
    ],
    "psi": [
        null,
        0.11497613962940334,
        null
    ]
}