{
    "cos_gwtheta": [
        -0.30696902298386075,
        -0.23192095136299673,
        -0.11383326276438421
    ],
    "cos_inc": [
        -0.23779168235839376,
        -0.11848667917054145,
        -0.018144060595328027
    ],
    "gwphi": [
        3.2390087782894468,
        3.4003896207192685,
        3.59094315389602
    ],
    "log10_Mc": [
        null,
        8.465089479566819,
        null
    ],
    "log10_fgw": [
        -7.676270231648663,
        -7.6499916032306,
        -7.627582220714584
    ],
    "log10_h": [
        -14.374400495401849,
        -14.288331819213576,
        -14.200828665088832
    ],
    "phase0": [
        null,
        4.824854471603272,
        null
    ],
    "psi": [
        null,
        3.01333949623145,
        null
    ]
}