{
    "cos_gwtheta": [
        0.03623360022579292,
        0.1635950787474233,
        0.31181920195668444
    ],
    "cos_inc": [
        null,
        -0.24795856598136023,
        null
    ],
    "gwphi": [
        2.335187900785608,
        3.354291002914331,
        3.9225408944199303
    ],
    "log10_Mc": [
        null,
        8.360072059431378,
        null
    ],
    "log10_fgw": [
        -7.690435582465228,
        -7.653139875253096,
        -7.621369457998318
    ],
    "log10_h": [
        -14.796299573325552,
        -14.504653362187636,
        -14.356780850810681
    ],
    "phase0": [
        null,
        2.7224244671209927,
        null
    ],
    "psi": [
        null,
        1.4514627401239657,
        null
    ]
}