{
    "cos_gwtheta": [
        -0.22550234061079766,
        -0.15162561941942387,
        -0.06654950166446416
    ],
    "cos_inc": [
        -0.23684692834904297,
        -0.16547595107043656,
        -0.09548889855900533
    ],
    "gwphi": [
        2.8018756170114956,
        2.930790288345815,
        3.036662240649362
    ],
    "log10_Mc": [
        null,
        8.359885795676695,
        null
    ],
    "log10_fgw": [
        -7.69194808572789,
        -7.665544269632759,
        -7.635769753610592
    ],
    "log10_h": [
        -14.326830759084993,
        -14.2296990180582,
        -14.132567277031406
    ],
    "phase0": [
        null,
        3.6533176498906705,
        null
    ],
    "psi": [
        null,
        3.1332725563942554,
        null
    ]
}