{
    "cos_gwtheta": [
        null,
        0.03879630950370705,
        null
    ],
    "cos_inc": [
        -0.5372191011297757,
        -0.01842471876577334,
        0.8411951029895283
    ],
    "gwphi": [
        null,
        5.576224140362078,
        null
    ],
    "log10_Mc": [
        null,
        8.006324730091125,
        null
    ],
    "log10_fgw": [
        null,
        -7.642976107327581,
        null
    ],
    "log10_h": [
        -15.986275879068852,
        -15.902550006680453,
        -14.74470361598286
    ],
    "phase0": [
        null,
        0.019840816308806176,
        null
    ],
    "psi": [
        null,
        0.01000610893933111,
        null
    ]
}