{
    "cos_gwtheta": [
        -0.08633377199596692,
        -0.07221388750150048,
        -0.05761264330835907
    ],
    "cos_inc": [
        -0.01080692880407752,
        0.001872448854400452,
        0.012229177752616685
    ],
    "gwphi": [
        3.149518023718728,
        3.1874644824340095,
        3.2216631427576585
    ],
    "log10_Mc": [
        8.465668433761424,
        8.81884663803119,
        9.945596472148583
    ],
    "log10_fgw": [
        -7.665320802945076,
        -7.65527296328701,
        -7.650222740212799
    ],
    "log10_h": [
        -13.517794781387877,
        -13.502052661620006,
        -13.485299580032178
    ],
    "phase0": [
        null,
        4.945212356488181,
        null
    ],
    "psi": [
        1.512824749866247,
        1.5345634887354178,
        1.5576674624127973
    ]
}