{
    "cos_gwtheta": [
        -0.0038507213683685038,
        0.00826724482603175,
        0.019794090718266044
    ],
    "cos_inc": [
        -0.012888938076289755,
        0.005009847935295519,
        0.022035522434120547
    ],
    "gwphi": [
        3.0953560317371362,
        3.1594424064259314,
        3.211622022975825
    ],
    "log10_Mc": [
        null,
        8.264437695944446,
        null
    ],
    "log10_fgw": [
        -7.6585758761408735,
        -7.653340695143658,
        -7.653340695143658
    ],
    "log10_h": [
        -12.705307552435897,
        -12.670703115677057,
        -12.670703115677057
    ],
    "phase0": [
        null,
        4.829258538261629,
        null
    ],
    "psi": [
        1.547036476306771,
        1.562859840294206,
        1.5806742235913183
    ]
}