{
    "cos_gwtheta": [
        0.12724817492264479,
        0.17595701846469136,
        0.22305565230286872
    ],
    "cos_inc": [
        -0.020975200149354944,
        0.020654606734053282,
        0.06011096988459297
    ],
    "gwphi": [
        3.1645414335909434,
        3.2695786137916087,
        3.354120734440925
    ],
    "log10_Mc": [
        null,
        8.933674079800074,
        null
    ],
    "log10_fgw": [
        -7.680589685017435,
        -7.65919455191825,
        -7.637687985834174
    ],
    "log10_h": [
        -14.03306127944852,
        -13.972624369074058,
        -13.921905956850265
    ]
}