{
    "cos_gwtheta": [
        -0.447047041075338,
        -0.30528100143920256,
        -0.18459097891587273
    ],
    "cos_inc": [
        -0.9936705966637902,
        -0.7355518964759129,
        -0.36328825491065386
    ],
    "gwphi": [
        3.4580844268816766,
        3.6535914480913014,
        3.862840176861986
    ],
    "log10_Mc": [
        null,
        8.006333891282623,
        null
    ],
    "log10_fgw": [
        -7.6909636566653194,
        -7.650664185783246,
        -7.613938066999089
    ],
    "log10_h": [
        -14.901901977461991,
        -14.716772467854048,
        -14.51949594303489
    ],
    "phase0": [
        1.679725659397738,
        4.0736838497221814,
        6.266479582508923
    ],
    "psi": [
        null,
        1.4364753361083495,
        null
    ]
}