{
    "cos_gwtheta": [
        -0.25251959254452316,
        -0.22060815267736317,
        -0.1853863974712862
    ],
    "cos_inc": [
        0.0649900704658799,
        0.12185306330026213,
        0.1892952175922038
    ],
    "gwphi": [
        3.6884126333903047,
        3.8119211064985614,
        3.9079233257704815
    ],
    "log10_Mc": [
        null,
        8.216494020008104,
        null
    ],
    "log10_fgw": [
        -7.653821541345678,
        -7.653821541345678,
        -7.63856864599391
    ],
    "log10_h": [
        -14.15832110140121,
        -14.090486530226336,
        -14.031764065627192
    ]
}