{
    "cos_gwtheta": [
        -0.25803853563522916,
        -0.12158496895452997,
        -0.04018211369924518
    ],
    "cos_inc": [
        0.03304598687384608,
        0.10956057780495854,
        0.19057602702613619
    ],
    "gwphi": [
        3.1361575425268575,
        3.27612568973092,
        3.4372097212114574
    ],
    "log10_Mc": [
        null,
        8.006384798045584,
        null
    ],
    "log10_fgw": [
        -7.677083403704515,
        -7.657427998782732,
        -7.6379027621054645
    ],
    "log10_h": [
        -14.34226682003923,
        -14.268816988468975,
        -14.192053630662468
    ],
    "phase0": [
        0.23093794816068297,
        2.211850673641222,
        4.625053404177747
    ],
    "psi": [
        null,
        3.0583279268045267,
        null
    ]
}