{
    "cos_gwtheta": [
        -0.05987455226753058,
        -0.04199461992466769,
        -0.02169028997599287
    ],
    "cos_inc": [
        -0.037520274486197325,
        -0.00036533090622636877,
        0.03539878590871881
    ],
    "gwphi": [
        3.117786043687732,
        3.18923219159191,
        3.2629392935436883
    ],
    "log10_Mc": [
        null,
        8.101944820437241,
        null
    ],
    "log10_fgw": [
        -7.672726183674459,
        -7.657047360940414,
        -7.64199990019566
    ],
    "log10_h": [
        -13.476443258730479,
        -13.442324048557483,
        -13.413423070528593
    ],
    "phase0": [
        1.087489921735264,
        1.731553443609769,
        3.1908477084971056
    ],
    "psi": [
        3.024171396471644,
        3.095585758331835,
        3.095585758331835
    ]
}