{
    "cos_gwtheta": [
        -0.0038212167387277063,
        0.013049041012270585,
        0.029515220733304842
    ],
    "cos_inc": [
        -0.01806628016733658,
        5.318237531581893e-06,
        0.018411575872119612
    ],
    "gwphi": [
        3.1418012279795304,
        3.1418012279795304,
        3.181591033237132
    ],
    "log10_Mc": [
        null,
        9.48820134887598,
        null
    ],
    "log10_fgw": [
        -7.65903747816175,
        -7.653841399947078,
        -7.6488199798236565
    ],
    "log10_h": [
        -12.711107731468939,
        -12.666270926318418,
        -12.666270926318418
    ],
    "phase0": [
        2.993271995962098,
        3.2217408072666425,
        3.449188148475935
    ],
    "psi": [
        3.085339777969637,
        3.1272888966290644,
        3.1272888966290644
    ]
}