{
    "cos_gwtheta": [
        0.17523928599337601,
        0.24088372138215774,
        0.3061487091675361
    ],
    "cos_inc": [
        -0.002473919074876929,
        0.04619955694749378,
        0.0971457244572902
    ],
    "gwphi": [
        3.2049327679213055,
        3.3343972821012002,
        3.435230221029773
    ],
    "log10_Mc": [
        null,
        9.899014427023166,
        null
    ],
    "log10_fgw": [
        -7.682347553535133,
        -7.649874893449168,
        -7.624444496996302
    ],
    "log10_h": [
        -14.088060586600905,
        -14.018811970793891,
        -13.953279134371645
    ]
}