{
    "cos_gwtheta": [
        0.8427984460163097,
        0.8850228873698377,
        0.9188024404526599
    ],
    "cos_inc": [
        -0.08545882502163427,
        -0.05108094684058273,
        -0.018388258766445453
    ],
    "gwphi": [
        2.580545854629956,
        2.675743983092878,
        2.7749564904668866
    ],
    "log10_Mc": [
        8.42421939242008,
        9.32553660056861,
        9.909116129780157
    ],
    "log10_fgw": [
        -7.658096308886523,
        -7.658096308886523,
        -7.641964525398887
    ],
    "log10_h": [
        -13.827344982967917,
        -13.781385260986301,
        -13.736236592922008
    ],
    "phase0": [
        0.6686723028352692,
        2.5126163870155764,
        4.3147094367649625
    ],
    "psi": [
        2.031110498707184,
        2.0975710360079383,
        2.1612365039829604
    ]
}