{
    "cos_gwtheta": [
        0.8561094890943147,
        0.8597583543111984,
        0.8636669252374688
    ],
    "cos_inc": [
        -0.02001477663289819,
        -0.0019085184411239409,
        0.017088211464999892
    ],
    "gwphi": [
        2.6521420508312596,
        2.713642138716574,
        2.767884452255174
    ],
    "log10_Mc": [
        null,
        8.00632456827733,
        null
    ],
    "log10_fgw": [
        -7.654135512673699,
        -7.652971705054735,
        -7.652167803260132
    ],
    "log10_h": [
        -12.980695592001013,
        -12.95379540258834,
        -12.925961178821064
    ],
    "phase0": [
        1.6335014668312238,
        1.973069575210767,
        2.3207134823173434
    ],
    "psi": [
        0.4335177944510419,
        0.4335177944510419,
        0.46658205276141634
    ]
}