{
    "cos_gwtheta": [
        0.07844334888997195,
        0.1021435044897041,
        0.12484047890002958
    ],
    "cos_inc": [
        0.026400954901250495,
        0.06083433906536628,
        0.08952882586879585
    ],
    "gwphi": [
        3.0836105609402296,
        3.145443772100652,
        3.217511445797972
    ],
    "log10_Mc": [
        null,
        8.26441746124875,
        null
    ],
    "log10_fgw": [
        -7.672527680096299,
        -7.653465979416873,
        -7.6323764382396355
    ],
    "log10_h": [
        -13.549835305546715,
        -13.494355378312019,
        -13.435896663037877
    ],
    "phase0": [
        0.8961076115047439,
        2.2421703638273263,
        2.938625105748291
    ],
    "psi": [
        1.5665533746420564,
        1.5893053831722654,
        1.613134409857751
    ]
}