{
    "cos_gwtheta": [
        -0.01511594636045499,
        0.010181269506314372,
        0.033383811447809775
    ],
    "cos_inc": [
        -0.002569675381259462,
        0.016227287020840864,
        0.03820314747623754
    ],
    "gwphi": [
        3.099369738737819,
        3.1493596233928867,
        3.2024523284748203
    ],
    "log10_Mc": [
        null,
        9.564551291909051,
        null
    ],
    "log10_fgw": [
        -7.669597836580997,
        -7.652851546901774,
        -7.63598976556959
    ],
    "log10_h": [
        -12.706134858847104,
        -12.665844952309183,
        -12.665844952309183
    ],
    "phase0": [
        4.416708205613553,
        4.564432225713963,
        4.725047257002381
    ],
    "psi": [
        3.0910068019192063,
        3.1331641302153868,
        3.1331641302153868
    ]
}