{
    "cos_gwtheta": [
        -0.04396138706579411,
        0.11508327088120751,
        0.23874049243500117
    ],
    "cos_inc": [
        -0.16419005787789565,
        -0.03778964132506435,
        0.08483466215464786
    ],
    "gwphi": [
        2.809698604722626,
        2.9332454375773125,
        3.35567577011581
    ],
    "log10_Mc": [
        null,
        9.707723149174909,
        null
    ],
    "log10_fgw": [
        -7.686787871166243,
        -7.653266146774259,
        -7.622307848365191
    ],
    "log10_h": [
        -14.518411820848833,
        -14.374075301861046,
        -14.253101456678378
    ],
    "phase0": [
        null,
        0.3499331954362552,
        null
    ],
    "psi": [
        null,
        0.0548491132207823,
        null
    ]
}