{
    "cos_gwtheta": [
        0.008037660848948525,
        0.03131867096069729,
        0.061076353058421184
    ],
    "cos_inc": [
        -0.05954550101472211,
        -0.027812261466516608,
        0.0046902687374029695
    ],
    "gwphi": [
        3.037001717355978,
        3.1191034092589898,
        3.181887056008352
    ],
    "log10_Mc": [
        null,
        9.707956006914737,
        null
    ],
    "log10_fgw": [
        -7.664951713244125,
        -7.647722816338084,
        -7.6292720118500545
    ],
    "log10_h": [
        -13.619072736155296,
        -13.570560883678372,
        -13.535034527066482
    ],
    "phase0": [
        null,
        2.752878415644413,
        null
    ],
    "psi": [
        0.009913454036751661,
        0.009913454036751661,
        0.073918789431739
    ]
}