{
    "cos_gwtheta": [
        -0.02465684749180197,
        -0.00434101619422167,
        0.01638385868653136
    ],
    "cos_inc": [
        -0.028215576343787463,
        -0.010267233378763008,
        0.007681109586261503
    ],
    "gwphi": [
        3.0645794016439956,
        3.1323901676055375,
        3.2030461405305006
    ],
    "log10_Mc": [
        null,
        8.006294656849697,
        null
    ],
    "log10_fgw": [
        -7.649424591481974,
        -7.649424591481974,
        -7.6358519450179925
    ],
    "log10_h": [
        -12.711922586693767,
        -12.674149719023905,
        -12.674149719023905
    ],
    "phase0": [
        6.193090574481879,
        6.281289917292151,
        6.281289917292151
    ],
    "psi": [
        3.089566241673816,
        3.1332986915770453,
        3.1332986915770453
    ]
}