{
    "cos_gwtheta": [
        0.10603034878133655,
        0.2652061444298459,
        0.4163049504476759
    ],
    "cos_inc": [
        -0.09557307829946815,
        -0.016016395885319112,
        0.07591577045991982
    ],
    "gwphi": [
        2.6878439076885607,
        2.9056526021200075,
        3.0714842217439497
    ],
    "log10_Mc": [
        null,
        8.006283367326668,
        null
    ],
    "log10_fgw": [
        -7.684857314103844,
        -7.652165555361816,
        -7.626973670684136
    ],
    "log10_h": [
        -14.436439667522208,
        -14.33358070739561,
        -14.247281084503015
    ],
    "phase0": [
        null,
        0.019950789499114635,
        null
    ],
    "psi": [
        1.2434871191945587,
        1.3506115636359968,
        1.4462139021346057
    ]
}