{
    "cos_gwtheta": [
        -0.03153313065882024,
        -0.005592124570816592,
        0.021687772153987206
    ],
    "cos_inc": [
        -0.08666796953192979,
        -0.05845650988771123,
        -0.025700922515564772
    ],
    "gwphi": [
        3.071529835182652,
        3.1615020671679037,
        3.2312438564582466
    ],
    "log10_Mc": [
        8.521522232623768,
        9.296799802930526,
        9.994529732196083
    ],
    "log10_fgw": [
        -7.665096106304523,
        -7.641211747191473,
        -7.62236324692756
    ],
    "log10_h": [
        -13.6007504667234,
        -13.534918743364747,
        -13.479122343688818
    ],
    "phase0": [
        null,
        4.974638235849237,
        null
    ],
    "psi": [
        1.5397229731969087,
        1.5886037432637297,
        1.6288074535553752
    ]
}