{
    "cos_gwtheta": [
        -0.006095825479942113,
        0.0024031464188675744,
        0.010681365800825043
    ],
    "cos_inc": [
        -0.04846713066632698,
        -0.0380197442114137,
        -0.029302906433081158
    ],
    "gwphi": [
        3.08415835384836,
        3.1419710773229763,
        3.2017636885878193
    ],
    "log10_Mc": [
        null,
        8.455519664464292,
        null
    ],
    "log10_fgw": [
        -7.656838107039151,
        -7.649697272776636,
        -7.649697272776636
    ],
    "log10_h": [
        -12.687300154574503,
        -12.642998221414631,
        -12.642998221414631
    ],
    "phase0": [
        4.04794011515446,
        4.245082227256612,
        4.443389711450009
    ],
    "psi": [
        1.5455626706836163,
        1.5649531626438353,
        1.5814812486480219
    ]
}