{
    "cos_gwtheta": [
        -0.9939350379329903,
        -0.9939350379329903,
        -0.96056212072372
    ],
    "cos_inc": [
        -0.06303576880454431,
        -0.0372615695106272,
        -0.01729773884366248
    ],
    "gwphi": [
        5.595676984125102,
        5.7100242655023425,
        5.7100242655023425
    ],
    "log10_Mc": [
        null,
        8.063585398482324,
        null
    ],
    "log10_fgw": [
        -7.862769772018398,
        -7.862769772018398,
        -7.851844287723049
    ],
    "log10_h": [
        -13.439648874543522,
        -13.413765811380816,
        -13.392946825793423
    ],
    "phase0": [
        2.209598869691897,
        2.4881013703228203,
        3.5397929915172184
    ],
    "psi": [
        0.3264175143649891,
        0.3842118686561982,
        0.4343614670887818
    ]
}