{
    "cos_gwtheta": [
        -0.015907541799693004,
        -0.004265416355372548,
        -0.004265416355372548
    ],
    "cos_inc": [
        -0.044893575198975855,
        -0.023313513381616247,
        -0.0001993239469086916
    ],
    "gwphi": [
        3.1393373957131243,
        3.1393373957131243,
        3.1827003900980473
    ],
    "log10_Mc": [
        null,
        9.344641437294,
        null
    ],
    "log10_fgw": [
        -7.672554871586737,
        -7.6515673077363,
        -7.6304350020662035
    ],
    "log10_h": [
        -12.695103455156254,
        -12.655015688297997,
        -12.655015688297997
    ],
    "phase0": [
        3.5917879377776107,
        3.8173000366614636,
        4.060227921399713
    ],
    "psi": [
        1.511782513022255,
        1.5562820938456499,
        1.6010434369091824
    ]
}