{
    "cos_gwtheta": [
        -0.2726869976944932,
        -0.17880816126329635,
        -0.08908851378791194
    ],
    "cos_inc": [
        -0.039504968575487354,
        0.02169571483622179,
        0.09121493774078449
    ],
    "gwphi": [
        3.1711131794844203,
        3.3241223518956273,
        3.463391925151542
    ],
    "log10_Mc": [
        null,
        8.025417542846721,
        null
    ],
    "log10_fgw": [
        -7.6829675202799885,
        -7.651632744622825,
        -7.62529615403981
    ],
    "log10_h": [
        -14.268277761310424,
        -14.196986415475404,
        -14.135122024461545
    ],
    "phase0": [
        null,
        3.984496685367386,
        null
    ],
    "psi": [
        null,
        0.14495848058381192,
        null
    ]
}