{
    "cos_gwtheta": [
        -0.01825047731000018,
        0.008369971192650483,
        0.034990419695301145
    ],
    "cos_inc": [
        -0.04029478474400894,
        -0.002367891114485876,
        0.035916803398334585
    ],
    "gwphi": [
        3.0569797818773874,
        3.144066934189635,
        3.2384548058574008
    ],
    "log10_Mc": [
        null,
        9.535739364222238,
        null
    ],
    "log10_fgw": [
        -7.673142144531509,
        -7.652249520727387,
        -7.631771982164405
    ],
    "log10_h": [
        -12.702834551358531,
        -12.661086404334782,
        -12.661086404334782
    ],
    "phase0": [
        0.05594096905287749,
        0.3920747946231369,
        0.7037299579405
    ],
    "psi": [
        1.5216466824333061,
        1.591108468873427,
        1.6599472796504078
    ]
}