{
    "cos_gwtheta": [
        -0.006801454125177964,
        0.020801459941347744,
        0.049801989909976085
    ],
    "cos_inc": [
        -0.07910385509825457,
        -0.0496060685162536,
        -0.024696826513674996
    ],
    "gwphi": [
        3.094253743777006,
        3.1248207150696996,
        3.150038466386172
    ],
    "log10_Mc": [
        null,
        8.140116622015235,
        null
    ],
    "log10_fgw": [
        -7.652872489138447,
        -7.652872489138447,
        -7.6463070758967655
    ],
    "log10_h": [
        -13.52635652011011,
        -13.473035654876814,
        -13.46113146170845
    ],
    "phase0": [
        0.2904085777258142,
        1.7616181723441826,
        2.9779430473853554
    ],
    "psi": [
        1.5455021518938494,
        1.5777837228555835,
        1.6211470271325399
    ]
}