{
    "cos_gwtheta": [
        -0.0344865076596238,
        -0.0050491300201434,
        0.03104076234012343
    ],
    "cos_inc": [
        -0.03863430775896215,
        -0.012588964856174223,
        0.02327056522737425
    ],
    "gwphi": [
        3.041624728777488,
        3.121303362074543,
        3.2308614828579936
    ],
    "log10_Mc": [
        null,
        8.713650454192777,
        null
    ],
    "log10_fgw": [
        -7.670700924560041,
        -7.644896193287608,
        -7.624963197274771
    ],
    "log10_h": [
        -13.565554559955363,
        -13.504105634534241,
        -13.428899487003914
    ],
    "phase0": [
        null,
        6.0262264191465045,
        null
    ],
    "psi": [
        1.5431714891133663,
        1.5951184930198037,
        1.6381515140073848
    ]
}