{
    "cos_gwtheta": [
        -0.018183263431370666,
        0.014810688351310719,
        0.04340544656296785
    ],
    "cos_inc": [
        -0.050992165006093715,
        -0.006589040843309579,
        0.036991803242385934
    ],
    "gwphi": [
        3.0573626176073647,
        3.143322661052526,
        3.2302485476824643
    ],
    "log10_Mc": [
        null,
        8.53206962150643,
        null
    ],
    "log10_fgw": [
        -7.672625821284693,
        -7.654440398123646,
        -7.636139877347657
    ],
    "log10_h": [
        -12.730103180596487,
        -12.683818700267103,
        -12.683818700267103
    ],
    "phase0": [
        2.4188201625779633,
        2.6525840953772812,
        2.8983657427981226
    ],
    "psi": [
        1.5454694175204584,
        1.5793559566654427,
        1.6097126479828245
    ]
}