{
    "cos_gwtheta": [
        -0.02838592235039894,
        -0.012782333078290575,
        0.006587639811223345
    ],
    "cos_inc": [
        -0.04681380724370121,
        -0.02843246379967046,
        -0.0048385005730042785
    ],
    "gwphi": [
        3.066037540416435,
        3.1517036645355874,
        3.231480242621548
    ],
    "log10_Mc": [
        null,
        9.497531468866693,
        null
    ],
    "log10_fgw": [
        -7.6707394586414726,
        -7.6545663580623495,
        -7.6382817188585435
    ],
    "log10_h": [
        -12.694156385990528,
        -12.651750958116043,
        -12.651750958116043
    ],
    "phase0": [
        2.137893020400271,
        2.378573341289677,
        2.623938437281553
    ],
    "psi": [
        0.009563709514166172,
        0.009563709514166172,
        0.05081411068653079
    ]
}