{
    "cos_gwtheta": [
        0.06853385297305892,
        0.09236859382756263,
        0.11571691139932139
    ],
    "cos_inc": [
        -0.06111608926955753,
        -0.04673544701826704,
        -0.030407426128781
    ],
    "gwphi": [
        3.065864172477216,
        3.150845513272713,
        3.2258856406166614
    ],
    "log10_Mc": [
        null,
        9.994719830214375,
        null
    ],
    "log10_fgw": [
        -7.661154898432846,
        -7.646586787771498,
        -7.63201867711015
    ],
    "log10_h": [
        -13.562624867956806,
        -13.5155979360244,
        -13.458197416165728
    ],
    "phase0": [
        3.3070785639573086,
        5.815293138482061,
        6.2663344642122905
    ],
    "psi": [
        0.00987121673655263,
        0.00987121673655263,
        0.06259642498703176
    ]
}