{
    "cos_gwtheta": [
        null,
        0.12705738798230315,
        null
    ],
    "cos_inc": [
        -0.19208046076317065,
        -0.10167439779309029,
        -0.03495551289377341
    ],
    "gwphi": [
        3.0032459026746015,
        3.1350521599509866,
        3.250264104260921
    ],
    "log10_Mc": [
        null,
        8.0063983376774,
        null
    ],
    "log10_fgw": [
        -7.6735861859799295,
        -7.642821789729198,
        -7.61702555684815
    ],
    "log10_h": [
        -14.214495340040884,
        -14.136950751899292,
        -14.065981582050409
    ]
}