{
    "cos_gwtheta": [
        null,
        -0.9944376962067603,
        null
    ],
    "cos_inc": [
        -0.0712470577451787,
        -0.034963997316657114,
        0.024251213858895504
    ],
    "gwphi": [
        2.846744830297569,
        3.1785235909843084,
        3.3322494754210656
    ],
    "log10_Mc": [
        null,
        8.264461882807979,
        null
    ],
    "log10_fgw": [
        null,
        -7.659991916656599,
        null
    ],
    "log10_h": [
        -13.602301148502166,
        -13.524312188486785,
        -13.489863077314347
    ],
    "phase0": [
        null,
        3.653503436375591,
        null
    ],
    "psi": [
        1.290822028024356,
        1.537718112351871,
        1.6515289467630674
    ]
}