{
    "cos_gwtheta": [
        -0.035151325512889575,
        0.012136934801484811,
        0.05436554586411546
    ],
    "cos_inc": [
        -0.019978357625847765,
        0.013002389905491962,
        0.04892784703784414
    ],
    "gwphi": [
        3.0324685455534817,
        3.130776629191081,
        3.2261413570311475
    ],
    "log10_Mc": [
        null,
        8.006384341501356,
        null
    ],
    "log10_fgw": [
        -7.65837781971065,
        -7.65837781971065,
        -7.639828662246285
    ],
    "log10_h": [
        -13.550873564092655,
        -13.498930844857279,
        -13.45708809880656
    ],
    "phase0": [
        null,
        0.019854518901672162,
        null
    ],
    "psi": [
        1.5616648503854296,
        1.6086969455679712,
        1.6498500288526956
    ]
}