{
    "cos_gwtheta": [
        -0.010291440034042143,
        0.0017174842117241296,
        0.015382811801734064
    ],
    "cos_inc": [
        -0.035769272808511166,
        -0.017490915401019103,
        0.0025037196973174414
    ],
    "gwphi": [
        3.114378679106176,
        3.145155486929858,
        3.170250422539937
    ],
    "log10_Mc": [
        null,
        8.541611130419824,
        null
    ],
    "log10_fgw": [
        -7.6520033796620766,
        -7.6520033796620766,
        -7.641448903644983
    ],
    "log10_h": [
        -13.54238247010404,
        -13.506178008619449,
        -13.463619294711034
    ],
    "phase0": [
        0.019750347774348705,
        0.1696773949859564,
        3.5099270676545666
    ],
    "psi": [
        null,
        0.009865154914941287,
        null
    ]
}