{
    "cos_gwtheta": [
        null,
        -0.05445735057529266,
        null
    ],
    "cos_inc": [
        -0.02151534037793701,
        0.09612520771470923,
        0.22370161290977486
    ],
    "gwphi": [
        2.6979661643637938,
        2.879917154824606,
        3.0213653563129768
    ],
    "log10_Mc": [
        null,
        8.713841601624654,
        null
    ],
    "log10_fgw": [
        -7.68557009564003,
        -7.65524086911836,
        -7.624717224477962
    ],
    "log10_h": [
        -14.48993275068285,
        -14.36924591388714,
        -14.258870185477859
    ],
    "phase0": [
        1.7093879780070824,
        6.086002255573049,
        6.2665391562605395
    ],
    "psi": [
        null,
        3.133267822675168,
        null
    ]
}