{
    "cos_gwtheta": [
        -0.1081511780501836,
        -0.040839521483849395,
        0.022581287882118772
    ],
    "cos_inc": [
        0.06543862661716404,
        0.10432781150593595,
        0.14996489148956327
    ],
    "gwphi": [
        2.887122185171686,
        2.99729952858807,
        3.1068908223054312
    ],
    "log10_Mc": [
        null,
        8.006288306739076,
        null
    ],
    "log10_fgw": [
        -7.673887993586398,
        -7.648992971209076,
        -7.62233234440783
    ],
    "log10_h": [
        -14.047678134533616,
        -13.99613646662981,
        -13.947974580227894
    ]
}