{
    "cos_gwtheta": [
        -0.019378402925442018,
        0.006489448871881576,
        0.02618429058120736
    ],
    "cos_inc": [
        0.0015121680497754975,
        0.030833898401752546,
        0.05918471053015428
    ],
    "gwphi": [
        3.0424630385342923,
        3.129511358209302,
        3.220733227457772
    ],
    "log10_Mc": [
        null,
        9.832191683089423,
        null
    ],
    "log10_fgw": [
        -7.674411670733537,
        -7.655521159705522,
        -7.63158356557842
    ],
    "log10_h": [
        -12.700156422125916,
        -12.64837004708841,
        -12.64837004708841
    ],
    "phase0": [
        null,
        6.266610298331552,
        null
    ],
    "psi": [
        0.009900811902327725,
        0.009900811902327725,
        0.053919995524181266
    ]
}