{
    "cos_gwtheta": [
        -0.5663639021711485,
        -0.5663639021711485,
        -0.5298311048480918
    ],
    "cos_inc": [
        -0.226945408504301,
        -0.18272222992613285,
        -0.1429601614676922
    ],
    "gwphi": [
        2.3211769767991246,
        2.3400884862339995,
        2.35618145339733
    ],
    "log10_Mc": [
        null,
        8.599088668587548,
        null
    ],
    "log10_fgw": [
        -7.867121274713732,
        -7.862600998159952,
        -7.856699525992515
    ],
    "log10_h": [
        -13.301480819078996,
        -13.284243873321785,
        -13.27515185797732
    ],
    "phase0": [
        2.9531076707988393,
        3.1590480683476994,
        3.757204813311663
    ],
    "psi": [
        2.9877067005445412,
        3.052874693224935,
        3.112767181735963
    ]
}