{
    "cos_gwtheta": [
        -0.22756321845031857,
        -0.11447695432360783,
        0.022061294279292487
    ],
    "cos_inc": [
        -0.10856104436334901,
        0.009945750688969635,
        0.12606650288788568
    ],
    "gwphi": [
        3.2851025424075857,
        3.473727665757358,
        3.6685986541187123
    ],
    "log10_Mc": [
        null,
        8.254741485237346,
        null
    ],
    "log10_fgw": [
        -7.69130580706215,
        -7.662194630262638,
        -7.631325060233624
    ],
    "log10_h": [
        -14.522476127570618,
        -14.415799962351485,
        -14.310430035890139
    ],
    "phase0": [
        null,
        3.29355825553936,
        null
    ],
    "psi": [
        null,
        3.0581664207598123,
        null
    ]
}