{
    "cos_gwtheta": [
        0.09369381522203024,
        0.11151004492984679,
        0.13148581763255024
    ],
    "cos_inc": [
        0.004487890857158505,
        0.041764328943460716,
        0.07472117978371084
    ],
    "gwphi": [
        3.117622543997524,
        3.1866172602182634,
        3.2432002285474417
    ],
    "log10_Mc": [
        null,
        8.732763030226051,
        null
    ],
    "log10_fgw": [
        -7.677923476870899,
        -7.654029594154796,
        -7.630135711438692
    ],
    "log10_h": [
        -12.739973636198505,
        -12.687690637289117,
        -12.636015580227514
    ],
    "phase0": [
        1.836493941488779,
        2.5346406346805677,
        3.184505322858298
    ],
    "psi": [
        1.5036633002982442,
        1.5520813237370716,
        1.593731236372622
    ]
}