{
    "cos_gwtheta": [
        -0.025764616661800077,
        0.009220139788131854,
        0.045662594423477754
    ],
    "cos_inc": [
        -0.1825902071288319,
        -0.12270184762640646,
        -0.07401959220265575
    ],
    "gwphi": [
        3.0599654217103422,
        3.153883973153839,
        3.248840298646436
    ],
    "log10_Mc": [
        null,
        9.899233704881626,
        null
    ],
    "log10_fgw": [
        -7.681161762794254,
        -7.65383068562776,
        -7.6315298680624615
    ],
    "log10_h": [
        -14.1225282805011,
        -14.051761200383694,
        -13.979801416668803
    ]
}