{
    "cos_gwtheta": [
        -0.032518377925023545,
        0.0004685024890674905,
        0.026957967064019428
    ],
    "cos_inc": [
        -0.022831905974516453,
        0.010827484250323094,
        0.04683941250163004
    ],
    "gwphi": [
        3.114386025798235,
        3.168313568414654,
        3.2300981039950547
    ],
    "log10_Mc": [
        8.006358080162471,
        8.780697840818853,
        9.477882021830993
    ],
    "log10_fgw": [
        -7.670078678367284,
        -7.644960759074658,
        -7.619842839782033
    ],
    "log10_h": [
        -13.595282890954064,
        -13.521988857915552,
        -13.440291687331227
    ],
    "phase0": [
        null,
        6.266475084082215,
        null
    ],
    "psi": [
        1.5233385013511511,
        1.5717791808281767,
        1.6177427801046727
    ]
}