{
    "cos_gwtheta": [
        -0.004770801366479782,
        0.011845760904586111,
        0.027726146366174376
    ],
    "cos_inc": [
        -0.011513547635530474,
        0.012415411868978987,
        0.034918141999047414
    ],
    "gwphi": [
        3.142755762661415,
        3.142755762661415,
        3.1791581090880032
    ],
    "log10_Mc": [
        null,
        8.360062912168164,
        null
    ],
    "log10_fgw": [
        -7.650206386153369,
        -7.650206386153369,
        -7.637895393763923
    ],
    "log10_h": [
        -12.708881003348619,
        -12.673197842160011,
        -12.673197842160011
    ],
    "phase0": [
        null,
        5.785592450177604,
        null
    ],
    "psi": [
        3.0869262029374087,
        3.129988302378841,
        3.129988302378841
    ]
}