{
    "cos_gwtheta": [
        -0.15940729656796548,
        -0.06595077229216562,
        0.008305040497201599
    ],
    "cos_inc": [
        -0.07148801844967245,
        -0.024555317216815253,
        0.02000104471311248
    ],
    "gwphi": [
        3.104873932023681,
        3.194228526563779,
        3.3070673414637755
    ],
    "log10_Mc": [
        null,
        9.287324647350376,
        null
    ],
    "log10_fgw": [
        -7.668403301988107,
        -7.643977139237491,
        -7.616187954079181
    ],
    "log10_h": [
        -14.11727566626863,
        -14.02407868037113,
        -13.950502112557311
    ]
}