{
    "cos_gwtheta": [
        -0.19470626674235203,
        -0.008831250392767331,
        0.10686849240451424
    ],
    "cos_inc": [
        -0.07673764114364723,
        0.0769321221714574,
        0.2478971887315995
    ],
    "gwphi": [
        5.357482128297138,
        5.696005531894777,
        6.0207881331323625
    ],
    "log10_Mc": [
        null,
        8.006359146778532,
        null
    ],
    "log10_fgw": [
        -7.672989274852236,
        -7.641417304083682,
        -7.607263977214554
    ],
    "log10_h": [
        -14.570585147710258,
        -14.404287122317129,
        -14.276791969515731
    ],
    "phase0": [
        null,
        0.02016878135332133,
        null
    ],
    "psi": [
        null,
        1.3765715613433536,
        null
    ]
}