{
    "cos_gwtheta": [
        -0.19016378879391138,
        -0.10859478147111745,
        -0.029395817944627534
    ],
    "cos_inc": [
        -0.18460742296723232,
        -0.1142653083032581,
        -0.04451763404489495
    ],
    "gwphi": [
        2.7347436240527045,
        2.876092553934769,
        3.049820974362505
    ],
    "log10_Mc": [
        null,
        8.034920002046018,
        null
    ],
    "log10_fgw": [
        -7.672744671587113,
        -7.644143971585024,
        -7.616664867661449
    ],
    "log10_h": [
        -14.26478944116437,
        -14.180935655246326,
        -14.116470027922052
    ],
    "phase0": [
        null,
        1.131317338857311,
        null
    ],
    "psi": [
        null,
        0.009911047235632627,
        null
    ]
}