{
    "cos_gwtheta": [
        0.07962680026799474,
        0.09811088973598941,
        0.11350356354383168
    ],
    "cos_inc": [
        -0.0678344756324809,
        -0.04935403531814564,
        -0.028995903207166607
    ],
    "gwphi": [
        3.0994615634217886,
        3.138121891955183,
        3.188617014937576
    ],
    "log10_Mc": [
        null,
        8.971965515634068,
        null
    ],
    "log10_fgw": [
        -7.649314560519789,
        -7.649314560519789,
        -7.635028490196165
    ],
    "log10_h": [
        -13.602039165136548,
        -13.551043497509209,
        -13.484594597267524
    ],
    "phase0": [
        null,
        5.90651235776918,
        null
    ],
    "psi": [
        null,
        3.133297893622099,
        null
    ]
}