{
    "cos_gwtheta": [
        -0.8620052869394089,
        -0.8404268711890257,
        -0.8140843896236227
    ],
    "cos_inc": [
        -0.15317684377708618,
        -0.11268468048390778,
        -0.07945568549443849
    ],
    "gwphi": [
        4.46269251463235,
        4.491605468841026,
        4.51892870735438
    ],
    "log10_Mc": [
        null,
        8.006312644600115,
        null
    ],
    "log10_fgw": [
        -8.038744037361436,
        -8.022077118554357,
        -8.000575521009345
    ],
    "log10_h": [
        -13.529251200970426,
        -13.48833336137686,
        -13.48833336137686
    ],
    "phase0": [
        1.3069594120158805,
        2.2143220460465542,
        3.1810098350895566
    ],
    "psi": [
        2.8372356846682045,
        2.8656346217146806,
        2.894543283272247
    ]
}