{
    "cos_gwtheta": [
        0.12118842043800587,
        0.14336909893197838,
        0.16456396949288546
    ],
    "cos_inc": [
        -0.07446609444692542,
        -0.046111074762069104,
        -0.017756055077212674
    ],
    "gwphi": [
        3.2092685969189363,
        3.2588043114736647,
        3.3024545945961483
    ],
    "log10_Mc": [
        null,
        8.006301331969855,
        null
    ],
    "log10_fgw": [
        -7.653788894441355,
        -7.652016424180636,
        -7.650525937825032
    ],
    "log10_h": [
        -13.562693315734336,
        -13.508009168109616,
        -13.448479589682709
    ],
    "phase0": [
        2.619145304985297,
        3.44312187581744,
        4.703137602404576
    ],
    "psi": [
        1.5097793478749217,
        1.5421686065553224,
        1.5732769341014703
    ]
}