{
    "cos_gwtheta": [
        -0.9406299237037123,
        -0.9406299237037123,
        -0.9219650412964688
    ],
    "cos_inc": [
        0.0004468665491467183,
        0.025261177129872192,
        0.04505354390259375
    ],
    "gwphi": [
        1.8772820513002457,
        1.9082550998724759,
        1.9426936643688717
    ],
    "log10_Mc": [
        null,
        8.857027405841798,
        null
    ],
    "log10_fgw": [
        -7.929693225393559,
        -7.926691706581633,
        -7.922855178776915
    ],
    "log10_h": [
        -13.415909309108462,
        -13.399954986824028,
        -13.387191528996482
    ],
    "phase0": [
        2.463432014203525,
        3.140559648780488,
        3.675848161360455
    ],
    "psi": [
        1.8322046656550928,
        1.8484330696306865,
        1.863420478008147
    ]
}