{
    "cos_gwtheta": [
        -0.08985782257942859,
        -0.07982574533344389,
        -0.06984011288952396
    ],
    "cos_inc": [
        -0.14091347859066272,
        -0.1174068448384209,
        -0.09104583413054967
    ],
    "gwphi": [
        3.763017572573936,
        3.827164453725985,
        3.863602918759102
    ],
    "log10_Mc": [
        null,
        9.994716828676552,
        null
    ],
    "log10_fgw": [
        -7.900508057252786,
        -7.898989924952349,
        -7.89787241089786
    ],
    "log10_h": [
        -13.292672493690189,
        -13.261242774648341,
        -13.261242774648341
    ],
    "phase0": [
        0.13155641815248292,
        0.5356958855481024,
        0.9354316539428781
    ],
    "psi": [
        2.4091450533313887,
        2.436335514838058,
        2.4599347833155445
    ]
}