{
    "cos_gwtheta": [
        -0.025609587490157515,
        0.03651584352053394,
        0.09864127453122529
    ],
    "cos_inc": [
        -0.1626753029458392,
        -0.07846467613046892,
        -0.008191006200626072
    ],
    "gwphi": [
        2.811526048759811,
        2.940888259824032,
        3.0833504416289337
    ],
    "log10_Mc": [
        null,
        9.879936151813682,
        null
    ],
    "log10_fgw": [
        -7.664910385052783,
        -7.646177383869795,
        -7.628284966073223
    ],
    "log10_h": [
        -14.340181724600807,
        -14.263255354807935,
        -14.195379146167166
    ],
    "phase0": [
        null,
        6.265881192823899,
        null
    ],
    "psi": [
        1.399120928222034,
        1.4867858931809588,
        1.5720072354232586
    ]
}