{
    "cos_gwtheta": [
        -0.06448139315195167,
        -0.005367032352256773,
        0.03978473402542426
    ],
    "cos_inc": [
        -0.15500243461739138,
        -0.07942584682810072,
        -0.015264472819484176
    ],
    "gwphi": [
        3.090006770127669,
        3.21301253177659,
        3.343047194091163
    ],
    "log10_Mc": [
        null,
        8.006282423233902,
        null
    ],
    "log10_fgw": [
        -7.6818682085302346,
        -7.653821275071804,
        -7.628126665064726
    ],
    "log10_h": [
        -14.332687476846564,
        -14.243560502711839,
        -14.140309581856311
    ],
    "phase0": [
        null,
        3.5338338644666427,
        null
    ],
    "psi": [
        null,
        0.16032999917193475,
        null
    ]
}