{
    "cos_gwtheta": [
        null,
        0.31787217611439,
        null
    ],
    "cos_inc": [
        -0.05286385756993495,
        0.049430128535306705,
        0.16979936267079498
    ],
    "gwphi": [
        0.01991346374088418,
        0.3803810160672021,
        0.6102805988333806
    ],
    "log10_Mc": [
        null,
        8.073334003075212,
        null
    ],
    "log10_fgw": [
        -7.687967990954224,
        -7.657708768064424,
        -7.629184150308434
    ],
    "log10_h": [
        -14.478339204109398,
        -14.373710863866254,
        -14.276786748201584
    ],
    "phase0": [
        null,
        6.266081336345778,
        null
    ],
    "psi": [
        null,
        3.1332844717170847,
        null
    ]
}