{
    "cos_gwtheta": [
        -0.026452184432733672,
        0.008811833625910537,
        0.03794297897870358
    ],
    "cos_inc": [
        0.011212208112041266,
        0.04239039905335751,
        0.06996417485694917
    ],
    "gwphi": [
        2.9741154447036218,
        3.0261044239444903,
        3.08372278310316
    ],
    "log10_Mc": [
        null,
        9.172617268172047,
        null
    ],
    "log10_fgw": [
        -7.651828498255684,
        -7.651828498255684,
        -7.638054893348889
    ],
    "log10_h": [
        -13.539300165190328,
        -13.493650670121436,
        -13.439358794918142
    ],
    "phase0": [
        null,
        4.0721882059424095,
        null
    ],
    "psi": [
        3.067700282768177,
        3.1332989570906595,
        3.1332989570906595
    ]
}