{
    "cos_gwtheta": [
        -0.5539621668990049,
        -0.5343426070098454,
        -0.5135880312593293
    ],
    "cos_inc": [
        0.08602044863600011,
        0.11926977232328273,
        0.15154831283721393
    ],
    "gwphi": [
        2.9791440939672347,
        3.0265544379617517,
        3.0726425811277367
    ],
    "log10_Mc": [
        null,
        8.216715555657784,
        null
    ],
    "log10_fgw": [
        -7.724885067999579,
        -7.7194867930829565,
        -7.712842762416344
    ],
    "log10_h": [
        -13.918789381110784,
        -13.877763233759511,
        -13.840082566235166
    ],
    "phase0": [
        0.17536093883583886,
        3.5339664087571308,
        4.242422250068653
    ],
    "psi": [
        2.1253577456119856,
        2.187473501798951,
        2.25021353694257
    ]
}