{
    "cos_gwtheta": [
        -0.6058328234654069,
        -0.5998731037725161,
        -0.5936280783496466
    ],
    "cos_inc": [
        -0.3352532541837443,
        -0.3067426292041565,
        -0.28118137922245723
    ],
    "gwphi": [
        4.788924964476707,
        4.799596750351642,
        4.8111777915253375
    ],
    "log10_Mc": [
        null,
        8.436439581104155,
        null
    ],
    "log10_fgw": [
        -8.012069748393632,
        -7.986977842784768,
        -7.96174173082183
    ],
    "log10_h": [
        -13.58445297582715,
        -13.558896897112975,
        -13.53121114517262
    ],
    "phase0": [
        0.16844498778464162,
        0.8606629611478218,
        1.1655387472500167
    ],
    "psi": [
        1.3706642944386227,
        1.3852816104207293,
        1.397553610778841
    ]
}