{
    "cos_gwtheta": [
        -0.02192474608668027,
        -0.01012442169045713,
        0.0031317868845208152
    ],
    "cos_inc": [
        -0.05780010379800826,
        -0.03207438141685226,
        -0.00374352259203492
    ],
    "gwphi": [
        3.0962610774728176,
        3.1461423661926107,
        3.206488260937535
    ],
    "log10_Mc": [
        null,
        8.216716961234015,
        null
    ],
    "log10_fgw": [
        -7.664710392416336,
        -7.650911436555245,
        -7.647772337591585
    ],
    "log10_h": [
        -12.718639463262969,
        -12.670654024027492,
        -12.622668584792017
    ],
    "phase0": [
        2.4278258019256342,
        2.62170347646203,
        2.8317219835348535
    ],
    "psi": [
        1.5571174913215762,
        1.5642488046686878,
        1.5721572483164459
    ]
}