{
    "cos_gwtheta": [
        null,
        0.30372344208643687,
        null
    ],
    "cos_inc": [
        -0.1487543564189252,
        -0.0006267879598248483,
        0.12426897686695004
    ],
    "gwphi": [
        3.3868776247109054,
        3.5844042145172783,
        3.8417495823091774
    ],
    "log10_Mc": [
        8.543232261038687,
        9.99471499626322,
        9.99471499626322
    ],
    "log10_fgw": [
        -7.675760273077288,
        -7.655728068800948,
        -7.633259515355863
    ],
    "log10_h": [
        -14.530799438436183,
        -14.404344371990451,
        -14.295571581785012
    ],
    "phase0": [
        null,
        4.043288239191748,
        null
    ],
    "psi": [
        null,
        1.646709258438166,
        null
    ]
}