{
    "cos_gwtheta": [
        -0.28065571832981817,
        -0.2631975931451967,
        -0.24619410663725805
    ],
    "cos_inc": [
        0.37359161726399526,
        0.3904564037497838,
        0.40888596423940843
    ],
    "gwphi": [
        1.7470315497412288,
        1.7583704255243218,
        1.771730579164401
    ],
    "log10_Mc": [
        null,
        8.13058629579722,
        null
    ],
    "log10_fgw": [
        -7.947462830088323,
        -7.947462830088323,
        -7.928991210560325
    ],
    "log10_h": [
        -13.579408249222281,
        -13.546662818782115,
        -13.513703365920774
    ],
    "phase0": [
        0.9520494004489332,
        1.612174981309265,
        2.4159476075821615
    ],
    "psi": [
        2.588825592688871,
        2.610494106025219,
        2.6297814640498807
    ]
}