{
    "cos_gwtheta": [
        -0.233878799192752,
        -0.18709530409386788,
        -0.133347853617669
    ],
    "cos_inc": [
        -0.13270418307816845,
        -0.09403255118983034,
        -0.05086794962151919
    ],
    "gwphi": [
        2.7499777516539994,
        2.8375294682541514,
        2.9379072325091027
    ],
    "log10_Mc": [
        null,
        9.994702027399853,
        null
    ],
    "log10_fgw": [
        -7.671307278807014,
        -7.657557672525541,
        -7.638638214282235
    ],
    "log10_h": [
        -14.070899874130212,
        -14.022719387610739,
        -13.96991020806319
    ]
}