{
    "cos_gwtheta": [
        -0.4795000117130884,
        -0.37214170870620134,
        -0.03793928767920651
    ],
    "cos_inc": [
        -0.18677787592461292,
        -0.03808986392219904,
        0.10244813672714148
    ],
    "gwphi": [
        3.362165438618365,
        3.5339681166845587,
        3.7470034374866388
    ],
    "log10_Mc": [
        null,
        8.436511074537393,
        null
    ],
    "log10_fgw": [
        -7.687852585730984,
        -7.651114367330815,
        -7.623113887360956
    ],
    "log10_h": [
        -14.541592102329819,
        -14.421448248640315,
        -14.30761589195514
    ],
    "phase0": [
        null,
        2.993067555384785,
        null
    ],
    "psi": [
        null,
        1.3463845950018312,
        null
    ]
}