{
    "cos_gwtheta": [
        -0.047229995414059145,
        -0.02093534898722471,
        0.007940367027519879
    ],
    "cos_inc": [
        0.02638842190182422,
        0.056527253456462256,
        0.08878109073423279
    ],
    "gwphi": [
        3.128842070537001,
        3.1583662619848685,
        3.1885730936974275
    ],
    "log10_Mc": [
        null,
        8.723193665558796,
        null
    ],
    "log10_fgw": [
        -7.649846235481522,
        -7.649846235481522,
        -7.63795601673861
    ],
    "log10_h": [
        -13.542298694628998,
        -13.51893278211274,
        -13.500581471825997
    ],
    "phase0": [
        3.8637532177310803,
        5.36558111174456,
        6.266427959983927
    ],
    "psi": [
        3.060999013315387,
        3.1331716095019164,
        3.1331716095019164
    ]
}