{
    "cos_gwtheta": [
        -0.19185717011883385,
        -0.1563455407113673,
        -0.11055422910700252
    ],
    "cos_inc": [
        -0.5174214773100612,
        -0.3806310825870566,
        -0.28915945684748645
    ],
    "gwphi": [
        3.744409220389806,
        3.830392857087653,
        3.9148854480624165
    ],
    "log10_Mc": [
        null,
        8.321681188261769,
        null
    ],
    "log10_fgw": [
        -7.672901042297512,
        -7.672901042297512,
        -7.651168676559017
    ],
    "log10_h": [
        -14.289053711386478,
        -14.198395138381038,
        -14.122994172574165
    ]
}