{
    "cos_gwtheta": [
        0.0996108093212481,
        0.12563981644843436,
        0.14965749120670158
    ],
    "cos_inc": [
        -0.09938148464977115,
        -0.07047864189071362,
        -0.045797562680731985
    ],
    "gwphi": [
        3.1309598151246525,
        3.177974433810306,
        3.2227694782232463
    ],
    "log10_Mc": [
        null,
        8.943115027769737,
        null
    ],
    "log10_fgw": [
        -7.666311637721126,
        -7.646858712932316,
        -7.626222840014457
    ],
    "log10_h": [
        -13.572987356908243,
        -13.537850887904243,
        -13.498795351203643
    ],
    "phase0": [
        0.4978429822746613,
        2.0021542254444515,
        4.560982652364493
    ],
    "psi": [
        3.0658204493020498,
        3.1332932137405347,
        3.1332932137405347
    ]
}