{
    "cos_gwtheta": [
        null,
        -0.6360557483549614,
        null
    ],
    "cos_inc": [
        -0.07632288017507749,
        0.02806427455324223,
        0.12510860661055823
    ],
    "gwphi": [
        null,
        2.993029164420845,
        null
    ],
    "log10_Mc": [
        null,
        9.83224564848115,
        null
    ],
    "log10_fgw": [
        -7.6921649019432685,
        -7.661572428072049,
        -7.631557170688966
    ],
    "log10_h": [
        -14.484923785540746,
        -14.376331633896397,
        -14.277508232295368
    ],
    "phase0": [
        null,
        6.266580253267254,
        null
    ],
    "psi": [
        1.5161005559649336,
        1.691630322580225,
        2.0323829478067066
    ]
}