{
    "cos_gwtheta": [
        -0.05009981779820749,
        -0.015449398531277136,
        0.01660687169962638
    ],
    "cos_inc": [
        -0.05157814490944257,
        -0.01068633428744259,
        0.024753234918290734
    ],
    "gwphi": [
        3.050993832249239,
        3.1323754533791206,
        3.2291535974254657
    ],
    "log10_Mc": [
        null,
        8.943124606745451,
        null
    ],
    "log10_fgw": [
        -7.675668902156558,
        -7.65098390346818,
        -7.624770785813379
    ],
    "log10_h": [
        -13.565420440231176,
        -13.523253238568405,
        -13.488154527357777
    ],
    "phase0": [
        0.523981979525574,
        2.632427159072686,
        4.533463805402127
    ],
    "psi": [
        3.078317307355086,
        3.133294845211487,
        3.133294845211487
    ]
}