{
    "cos_gwtheta": [
        -0.046008369356226986,
        -0.006673934181174346,
        0.034322519381556615
    ],
    "cos_inc": [
        -0.18413419908781814,
        -0.14883228092527956,
        -0.1080082750054725
    ],
    "gwphi": [
        2.9209344471871566,
        3.0149855562406946,
        3.1067703735098102
    ],
    "log10_Mc": [
        null,
        9.96605555277901,
        null
    ],
    "log10_fgw": [
        -7.675110384191186,
        -7.65809902674469,
        -7.641547435715667
    ],
    "log10_h": [
        -13.86810900437063,
        -13.818682319460432,
        -13.769064058252132
    ]
}