{
    "cos_gwtheta": [
        -0.006765266208965337,
        0.016825783221713797,
        0.0450324727583955
    ],
    "cos_inc": [
        -0.049255862675789186,
        -0.021585283969380753,
        0.01150331014807282
    ],
    "gwphi": [
        3.073400294168044,
        3.154462726483138,
        3.2143169642971907
    ],
    "log10_Mc": [
        null,
        8.828412821530934,
        null
    ],
    "log10_fgw": [
        -7.662940442513358,
        -7.644900778046545,
        -7.627348672078836
    ],
    "log10_h": [
        -13.555723976517982,
        -13.508376951049568,
        -13.46795875857653
    ],
    "phase0": [
        0.4832074269153373,
        0.6511584237389536,
        2.7602233578288273
    ],
    "psi": [
        1.6185642209347397,
        1.637424497246105,
        1.6609998426353116
    ]
}