{
    "cos_gwtheta": [
        -0.015091849810798363,
        0.008789742965017555,
        0.027435264597472586
    ],
    "cos_inc": [
        0.0005816060797408204,
        0.029283590178425436,
        0.053899527929727874
    ],
    "gwphi": [
        3.084646292488008,
        3.126879313628398,
        3.1696337300915087
    ],
    "log10_Mc": [
        8.006355168853108,
        8.541654903377825,
        9.481412163914158
    ],
    "log10_fgw": [
        -7.65023379186863,
        -7.65023379186863,
        -7.636533428055342
    ],
    "log10_h": [
        -12.719330143649968,
        -12.680762852399386,
        -12.680762852399386
    ],
    "phase0": [
        3.1383467725853453,
        3.3956498704534783,
        3.625238558759315
    ],
    "psi": [
        1.5463113924737608,
        1.5729621550276403,
        1.602707844845841
    ]
}