{
    "cos_gwtheta": [
        -0.00829792237465854,
        0.01355381624105867,
        0.03232060352279231
    ],
    "cos_inc": [
        0.002854963413757239,
        0.0331158845798627,
        0.058669551342351856
    ],
    "gwphi": [
        3.10345591153568,
        3.158355957028472,
        3.2164854169620156
    ],
    "log10_Mc": [
        8.518164633978742,
        9.06740592367331,
        9.994673169815876
    ],
    "log10_fgw": [
        -7.672069372366661,
        -7.645301402902493,
        -7.618897623499061
    ],
    "log10_h": [
        -13.554062212145187,
        -13.513125661230944,
        -13.476960855515294
    ],
    "phase0": [
        0.019822623537959418,
        0.019822623537959418,
        2.819608306653468
    ],
    "psi": [
        null,
        3.133297147185192,
        null
    ]
}