{
    "cos_gwtheta": [
        -0.01301998263092137,
        -0.01301998263092137,
        -0.0005414918109775835
    ],
    "cos_inc": [
        -0.06050459776672612,
        -0.041552681964230925,
        -0.022231572996752047
    ],
    "gwphi": [
        3.098887528348219,
        3.143315051179141,
        3.180152872193113
    ],
    "log10_Mc": [
        null,
        9.66021587745934,
        null
    ],
    "log10_fgw": [
        -7.663757972949838,
        -7.652158431555465,
        -7.640038397919037
    ],
    "log10_h": [
        -12.713980716032884,
        -12.658298852529427,
        -12.658298852529427
    ],
    "phase0": [
        5.333421483952555,
        5.557141725752355,
        5.799153559648994
    ],
    "psi": [
        0.009854621913515771,
        0.009854621913515771,
        0.051982916153279456
    ]
}