{
    "cos_gwtheta": [
        -0.009905344996354315,
        0.015175670770216643,
        0.037428924955262455
    ],
    "cos_inc": [
        -0.06246492660367675,
        -0.03339233395079605,
        -0.009816052346718618
    ],
    "gwphi": [
        3.0898800387406715,
        3.13481337405588,
        3.1793722649101284
    ],
    "log10_Mc": [
        null,
        8.006327982158309,
        null
    ],
    "log10_fgw": [
        -7.650754822527476,
        -7.647447846675995,
        -7.644585755468209
    ],
    "log10_h": [
        -13.570552976158819,
        -13.534611466607696,
        -13.490750641392768
    ],
    "phase0": [
        null,
        0.2297344027527385,
        null
    ],
    "psi": [
        3.066755150509507,
        3.133290629348455,
        3.133290629348455
    ]
}