{
    "cos_gwtheta": [
        -0.024710773626434923,
        -0.002942363749855126,
        0.01882604612672456
    ],
    "cos_inc": [
        -0.021027726463153318,
        0.006815914174576054,
        0.03762164424185099
    ],
    "gwphi": [
        3.0769230462097683,
        3.1282638273670167,
        3.184084005537984
    ],
    "log10_Mc": [
        null,
        8.006313414402833,
        null
    ],
    "log10_fgw": [
        -7.6496115762935455,
        -7.6496115762935455,
        -7.643626478687216
    ],
    "log10_h": [
        -12.695060464417017,
        -12.670053393303021,
        -12.670053393303021
    ],
    "phase0": [
        5.435409677181843,
        5.657704271244508,
        5.886117065143759
    ],
    "psi": [
        1.5130992952469953,
        1.5688940152681736,
        1.6256238423288132
    ]
}