{
    "cos_gwtheta": [
        -0.04220095679874669,
        -0.0037371177869049976,
        0.027803230202805285
    ],
    "cos_inc": [
        0.05969934385118658,
        0.09795647734114188,
        0.13565915962109787
    ],
    "gwphi": [
        3.0729487900231236,
        3.1750019120976747,
        3.2670986320186106
    ],
    "log10_Mc": [
        null,
        9.459357628674091,
        null
    ],
    "log10_fgw": [
        -7.684627291769356,
        -7.658341044682424,
        -7.631324624065299
    ],
    "log10_h": [
        -13.915898079216351,
        -13.860390906034414,
        -13.812813329021324
    ]
}