{
    "cos_gwtheta": [
        -0.04975929152978231,
        -0.013164036946754165,
        0.017501431014024016
    ],
    "cos_inc": [
        0.028885012400389876,
        0.0720166742899202,
        0.10382871450708486
    ],
    "gwphi": [
        2.9161926284320794,
        2.987147798459696,
        3.069079458878325
    ],
    "log10_Mc": [
        null,
        9.230106121809417,
        null
    ],
    "log10_fgw": [
        -7.674891725149687,
        -7.655249191126062,
        -7.634256232888313
    ],
    "log10_h": [
        -13.521252617058623,
        -13.484270249416625,
        -13.44154062193837
    ],
    "phase0": [
        2.877408748873049,
        4.524249861921208,
        5.999349865341669
    ],
    "psi": [
        2.983028895616658,
        3.0574331434761883,
        3.130922585009577
    ]
}