{
    "cos_gwtheta": [
        -0.5654318007635435,
        -0.46860761334091844,
        -0.3157581400507665
    ],
    "cos_inc": [
        -0.1295114516858462,
        -0.015642700793992326,
        0.10000524933054655
    ],
    "gwphi": [
        3.2558273550605703,
        3.415867027351011,
        3.5423403264269777
    ],
    "log10_Mc": [
        null,
        8.006293489825506,
        null
    ],
    "log10_fgw": [
        -7.686004831468568,
        -7.65652281402235,
        -7.63384433906372
    ],
    "log10_h": [
        -14.355272758269445,
        -14.285598433319308,
        -14.218520667062963
    ],
    "phase0": [
        null,
        0.7109679690692073,
        null
    ],
    "psi": [
        1.404049315991711,
        1.4870257324574996,
        1.5878929747783652
    ]
}