{
    "cos_gwtheta": [
        0.9348479523347032,
        0.9481751907404257,
        0.9623129386411845
    ],
    "cos_inc": [
        0.007755489850102326,
        0.04488265105972544,
        0.08186646415657006
    ],
    "gwphi": [
        2.287786847334623,
        2.421939074460031,
        2.554566844459014
    ],
    "log10_Mc": [
        null,
        9.669729492483421,
        null
    ],
    "log10_fgw": [
        -7.652909256351371,
        -7.652909256351371,
        -7.636574483649661
    ],
    "log10_h": [
        -13.951386751072523,
        -13.909475120416364,
        -13.87467693166056
    ],
    "phase0": [
        1.7303403764334857,
        2.4225301092718636,
        6.26643211843661
    ],
    "psi": [
        0.6870046637756886,
        0.8057782960484448,
        0.9307267043109161
    ]
}