{
    "cos_gwtheta": [
        -0.19407612751960068,
        -0.037778119719875214,
        0.04772842398735366
    ],
    "cos_inc": [
        -0.23342454985643613,
        -0.0473082740611952,
        0.08651250971038282
    ],
    "gwphi": [
        null,
        3.294858130384803,
        null
    ],
    "log10_Mc": [
        null,
        8.130653592972912,
        null
    ],
    "log10_fgw": [
        -7.680448605106395,
        -7.650277333202858,
        -7.613754214582787
    ],
    "log10_h": [
        -14.559737643509196,
        -14.405305774188642,
        -14.275504187056374
    ],
    "phase0": [
        null,
        5.995738010792298,
        null
    ],
    "psi": [
        null,
        1.6467037656673953,
        null
    ]
}