{
    "cos_gwtheta": [
        -0.08351334679647515,
        -0.05517014037746848,
        -0.024078501820861242
    ],
    "cos_inc": [
        -0.007305973215083552,
        0.015061815090586211,
        0.04059582000573435
    ],
    "gwphi": [
        3.186097691216149,
        3.222089457073098,
        3.2629180610293997
    ],
    "log10_Mc": [
        null,
        9.564560149417769,
        null
    ],
    "log10_fgw": [
        -7.664367752008938,
        -7.6624119907483115,
        -7.65990861633471
    ],
    "log10_h": [
        -13.537903790907071,
        -13.485097048596812,
        -13.437816593272508
    ],
    "phase0": [
        1.1381818749709598,
        2.6917006577119205,
        3.673264776067543
    ],
    "psi": [
        3.0767542826718177,
        3.133327728954775,
        3.133327728954775
    ]
}