{
    "cos_gwtheta": [
        -0.0037950549916713205,
        0.025645845436395698,
        0.04896031571758164
    ],
    "cos_inc": [
        0.021584816945834695,
        0.053331086976436404,
        0.07996876182969992
    ],
    "gwphi": [
        3.0332994442041605,
        3.115027913903775,
        3.1940321012800683
    ],
    "log10_Mc": [
        null,
        9.99470801903591,
        null
    ],
    "log10_fgw": [
        -7.6597446354058185,
        -7.643785276074432,
        -7.6274934300903094
    ],
    "log10_h": [
        -13.589830156058067,
        -13.548216364372077,
        -13.49925896238856
    ],
    "phase0": [
        0.020008019712045785,
        0.5909852991778666,
        4.050582863381056
    ],
    "psi": [
        0.00986898139763211,
        0.00986898139763211,
        0.13169483946956828
    ]
}