{
    "cos_gwtheta": [
        -0.5758378807019879,
        -0.4299312203712511,
        -0.3009211078989783
    ],
    "cos_inc": [
        null,
        -0.5442895288278606,
        null
    ],
    "gwphi": [
        3.543173838239393,
        3.743697343735662,
        3.954215790315858
    ],
    "log10_Mc": [
        null,
        9.26808365351218,
        null
    ],
    "log10_fgw": [
        -7.6965490250105635,
        -7.666842357185327,
        -7.631392400247211
    ],
    "log10_h": [
        -14.832357904346194,
        -14.676018544392667,
        -14.4735840414553
    ],
    "phase0": [
        null,
        1.371264054907185,
        null
    ],
    "psi": [
        null,
        1.4363423142939167,
        null
    ]
}