{
    "cos_gwtheta": [
        0.06400554692094435,
        0.07739816797085175,
        0.09211351702568826
    ],
    "cos_inc": [
        0.022393623577538935,
        0.040009761981332714,
        0.040009761981332714
    ],
    "gwphi": [
        3.0326837314198083,
        3.1032637000125423,
        3.198235275398353
    ],
    "log10_Mc": [
        null,
        9.354118283833676,
        null
    ],
    "log10_fgw": [
        -7.656878660299905,
        -7.650798953554352,
        -7.650798953554352
    ],
    "log10_h": [
        -12.67649911152943,
        -12.635012074614753,
        -12.635012074614753
    ],
    "phase0": [
        5.976983357546054,
        6.166133564214563,
        6.274588290222447
    ],
    "psi": [
        3.0764463172664094,
        3.1332984964706294,
        3.1332984964706294
    ]
}