{
    "cos_gwtheta": [
        -0.042090092132949564,
        -0.013937127032719099,
        0.008556950610178693
    ],
    "cos_inc": [
        -0.03953678233570446,
        0.000813013812722363,
        0.03946224383995123
    ],
    "gwphi": [
        3.0384522415629736,
        3.134771183394376,
        3.2357042062715937
    ],
    "log10_Mc": [
        null,
        9.727037577051053,
        null
    ],
    "log10_fgw": [
        -7.661711539727298,
        -7.6522903094551955,
        -7.642804105181217
    ],
    "log10_h": [
        -12.674976621828103,
        -12.642154554867147,
        -12.642154554867147
    ],
    "phase0": [
        3.0823284014048347,
        3.3364861467258256,
        3.564012328755779
    ],
    "psi": [
        1.5245748207574685,
        1.575324913768999,
        1.6187474532441053
    ]
}