{
    "cos_gwtheta": [
        -0.2551101745852702,
        -0.1801028366120382,
        -0.009901489232144844
    ],
    "cos_inc": [
        -0.0649119621147789,
        0.0458069408813071,
        0.6599871492844208
    ],
    "gwphi": [
        null,
        4.2399431600761455,
        null
    ],
    "log10_Mc": [
        null,
        9.105565801485886,
        null
    ],
    "log10_fgw": [
        -7.695180256522594,
        -7.663689567938086,
        -7.636669779584712
    ],
    "log10_h": [
        null,
        -14.36904401996984,
        null
    ],
    "phase0": [
        null,
        0.019987153106544718,
        null
    ],
    "psi": [
        null,
        1.5264559375345659,
        null
    ]
}