{
    "cos_gwtheta": [
        -0.01264734972791598,
        -0.003747935675701225,
        -0.003747935675701225
    ],
    "cos_inc": [
        -0.050716015309402784,
        -0.04723662921962108,
        -0.031796853446214766
    ],
    "gwphi": [
        3.1185642411974746,
        3.1438603265626357,
        3.1734752557706294
    ],
    "log10_Mc": [
        8.35331976310716,
        9.325539316321791,
        9.833026389302717
    ],
    "log10_fgw": [
        -7.652137460006196,
        -7.651402985824331,
        -7.6504860335848575
    ],
    "log10_h": [
        -12.67992928551564,
        -12.656243175664759,
        -12.656243175664759
    ],
    "phase0": [
        2.34650750823023,
        2.535571460390236,
        2.7471606099755563
    ],
    "psi": [
        1.573292048373633,
        1.578883954275896,
        1.5832262722670385
    ]
}