{
    "cos_gwtheta": [
        0.10575374899406087,
        0.21470991343434165,
        0.33236675162302964
    ],
    "cos_inc": [
        -0.000799020273852924,
        0.08759019453033157,
        0.18591078178442466
    ],
    "gwphi": [
        3.076726118588226,
        3.2344890158581685,
        3.370427006391162
    ],
    "log10_Mc": [
        null,
        9.287147277368787,
        null
    ],
    "log10_fgw": [
        -7.695789381657458,
        -7.666110166908633,
        -7.635045922138197
    ],
    "log10_h": [
        -14.416605859225456,
        -14.320634631045987,
        -14.237780199428634
    ],
    "phase0": [
        null,
        5.786145026021411,
        null
    ],
    "psi": [
        null,
        3.013336523923199,
        null
    ]
}