{
    "cos_gwtheta": [
        -0.0994828975035239,
        -0.033471834465863326,
        0.01762244289835191
    ],
    "cos_inc": [
        -0.07274853542393211,
        -0.022678038490810848,
        0.023480700869410454
    ],
    "gwphi": [
        3.0487072900145913,
        3.1484904346644402,
        3.2472605524650513
    ],
    "log10_Mc": [
        null,
        9.90857584804832,
        null
    ],
    "log10_fgw": [
        -7.653246933044815,
        -7.653246933044815,
        -7.632081743497372
    ],
    "log10_h": [
        -14.078940262714383,
        -14.006518916767149,
        -13.938979908748943
    ]
}