{
    "cos_gwtheta": [
        -0.010896454635307973,
        0.008672269976935376,
        0.028240994589178614
    ],
    "cos_inc": [
        -0.024071746641711946,
        0.010249169940261822,
        0.04201644689560063
    ],
    "gwphi": [
        3.092555345824815,
        3.144439375442739,
        3.2026507257457757
    ],
    "log10_Mc": [
        null,
        8.991008361150337,
        null
    ],
    "log10_fgw": [
        -7.6546895522590415,
        -7.652500196358443,
        -7.650011353094083
    ],
    "log10_h": [
        -12.743261370549293,
        -12.686684140664228,
        -12.62978175428557
    ],
    "phase0": [
        3.962880556236766,
        4.215876282873795,
        4.447586311356267
    ],
    "psi": [
        1.5456848096108784,
        1.558019312865904,
        1.5732422757439415
    ]
}