{
    "cos_gwtheta": [
        null,
        0.20180656732332536,
        null
    ],
    "cos_inc": [
        -0.08663803747086973,
        0.03182198719238882,
        0.16375238255314195
    ],
    "gwphi": [
        3.258730218492496,
        3.409355049376271,
        3.644134644073653
    ],
    "log10_Mc": [
        null,
        9.191693069791599,
        null
    ],
    "log10_fgw": [
        -7.677619267321438,
        -7.654948895519377,
        -7.624837103965494
    ],
    "log10_h": [
        -14.470310826647216,
        -14.35968531728013,
        -14.270976182410298
    ],
    "phase0": [
        0.06735161067007435,
        1.611059372909901,
        4.5447913241354065
    ],
    "psi": [
        null,
        1.4364652358176664,
        null
    ]
}