{
    "cos_gwtheta": [
        -0.021930083353743912,
        0.008772794532480921,
        0.033438589688268294
    ],
    "cos_inc": [
        0.005640693779116912,
        0.03133648293610114,
        0.06146258056842768
    ],
    "gwphi": [
        3.0387761064913263,
        3.130366068162227,
        3.2195136308552366
    ],
    "log10_Mc": [
        null,
        8.168794095147462,
        null
    ],
    "log10_fgw": [
        -7.666602436057113,
        -7.6502167660497,
        -7.633718091421546
    ],
    "log10_h": [
        -13.536205562500333,
        -13.483727148539138,
        -13.472380464439421
    ],
    "phase0": [
        3.61447029366568,
        4.584683803687791,
        6.266470519064175
    ],
    "psi": [
        0.012417696095349904,
        0.05298376638470163,
        0.09918401310312999
    ]
}