{
    "cos_gwtheta": [
        -0.037044319677295934,
        -0.0045695289078534485,
        0.021039163241764025
    ],
    "cos_inc": [
        -0.015073867264504326,
        0.013619662498181695,
        0.04379414863571607
    ],
    "gwphi": [
        3.085850860530122,
        3.1839541252850405,
        3.2624367370889753
    ],
    "log10_Mc": [
        null,
        9.526355715848908,
        null
    ],
    "log10_fgw": [
        -7.690476718177472,
        -7.662345504344085,
        -7.637261838675982
    ],
    "log10_h": [
        -13.506536229377224,
        -13.453820046203349,
        -13.441884306616812
    ],
    "phase0": [
        null,
        5.335736146601761,
        null
    ],
    "psi": [
        1.5283518418937552,
        1.568807074054759,
        1.6116896201454232
    ]
}