{
    "cos_gwtheta": [
        -0.0042965157902566265,
        -0.0042965157902566265,
        0.009841438880617542
    ],
    "cos_inc": [
        -0.00272035742667609,
        0.02115652381966515,
        0.04063888704520746
    ],
    "gwphi": [
        3.098896271644639,
        3.135220027398716,
        3.135220027398716
    ],
    "log10_Mc": [
        null,
        8.082667409482676,
        null
    ],
    "log10_fgw": [
        -7.650878923222253,
        -7.650878923222253,
        -7.636403900072414
    ],
    "log10_h": [
        -12.670700469044577,
        -12.65383617370708,
        -12.65383617370708
    ],
    "phase0": [
        3.865665247834688,
        4.108625587808237,
        4.382096355682933
    ],
    "psi": [
        1.5836309899183643,
        1.5859705736953595,
        1.5887208290927846
    ]
}