{
    "cos_gwtheta": [
        -0.06676051583612042,
        -0.026468780280308968,
        0.00617498695240859
    ],
    "cos_inc": [
        -0.079874116132159,
        -0.0430884530021155,
        0.0013690863956909993
    ],
    "gwphi": [
        3.124351228398744,
        3.198223783141466,
        3.298669199302434
    ],
    "log10_Mc": [
        null,
        8.598910367598888,
        null
    ],
    "log10_fgw": [
        -7.677249651456805,
        -7.650010136679681,
        -7.6242233960240045
    ],
    "log10_h": [
        -13.975276704172558,
        -13.928049253426273,
        -13.88168836140928
    ]
}