{
    "cos_gwtheta": [
        -0.09625039030469718,
        0.022939591612688437,
        0.1709881761170362
    ],
    "cos_inc": [
        -0.09163122380197875,
        0.0060776915761141526,
        0.11055851198041133
    ],
    "gwphi": [
        3.422382713174384,
        3.7762707699391407,
        3.9390838516104267
    ],
    "log10_Mc": [
        null,
        9.860882434541296,
        null
    ],
    "log10_fgw": [
        -7.678705110273885,
        -7.650314189552336,
        -7.6228274382805195
    ],
    "log10_h": [
        -14.397705248289066,
        -14.300303542503373,
        -14.213873965630299
    ]
}