{
    "cos_gwtheta": [
        -0.16048071807427655,
        -0.08845691906710029,
        -0.029267148074500704
    ],
    "cos_inc": [
        -0.11617752180150465,
        -0.05695363643880946,
        0.003611890339869195
    ],
    "gwphi": [
        2.7095268669512373,
        2.822398269820657,
        2.9364965357647446
    ],
    "log10_Mc": [
        null,
        8.570465059972815,
        null
    ],
    "log10_fgw": [
        -7.672756293301882,
        -7.650024604680266,
        -7.626514433571609
    ],
    "log10_h": [
        -14.247150769484726,
        -14.178971906592487,
        -14.112526404621237
    ],
    "phase0": [
        null,
        5.755514693890403,
        null
    ],
    "psi": [
        2.8483009472002276,
        2.997917445538176,
        3.1331657624073443
    ]
}