{
    "cos_gwtheta": [
        0.627608868039899,
        0.6575645078539551,
        0.6957067821513558
    ],
    "cos_inc": [
        0.02669194848252876,
        0.06895320711706021,
        0.10162742096875799
    ],
    "gwphi": [
        3.150845815744124,
        3.2608048575372792,
        3.3726067882990347
    ],
    "log10_Mc": [
        null,
        9.449757338375768,
        null
    ],
    "log10_fgw": [
        -7.761009896872927,
        -7.733795513376537,
        -7.707494364225663
    ],
    "log10_h": [
        -13.886921327908691,
        -13.829561693155462,
        -13.76553233343093
    ],
    "phase0": [
        2.348786890712637,
        3.6538807268372424,
        6.266567382018238
    ],
    "psi": [
        0.4087455566048625,
        0.47119363895497135,
        0.535157451459209
    ]
}