{
    "cos_gwtheta": [
        0.09536358605730344,
        0.15243787901803318,
        0.22615077941816208
    ],
    "cos_inc": [
        -0.16067759362859324,
        -0.09064140506198859,
        -0.028970650129728326
    ],
    "gwphi": [
        2.850229297062177,
        2.9625965205304414,
        3.076666277687619
    ],
    "log10_Mc": [
        null,
        9.583673540002572,
        null
    ],
    "log10_fgw": [
        -7.67751584667378,
        -7.650818211519561,
        -7.623757343233993
    ],
    "log10_h": [
        -14.279877312398426,
        -14.207517341889506,
        -14.142216880698529
    ],
    "phase0": [
        null,
        6.266371412616703,
        null
    ],
    "psi": [
        1.4813501969967169,
        1.553409091799007,
        1.637080783697534
    ]
}