{
    "cos_gwtheta": [
        -0.16820678357560803,
        -0.05605937612813572,
        0.038422333509026796
    ],
    "cos_inc": [
        -0.008886717745633654,
        0.10067943628262066,
        0.2160529836339271
    ],
    "gwphi": [
        3.1067805683129395,
        3.2558532070764414,
        3.442039365864052
    ],
    "log10_Mc": [
        null,
        8.00633943140296,
        null
    ],
    "log10_fgw": [
        -7.684607205261292,
        -7.650843383481819,
        -7.616490657834099
    ],
    "log10_h": [
        -14.406112441732802,
        -14.30324779251088,
        -14.199653606769658
    ],
    "phase0": [
        null,
        5.064964919559865,
        null
    ],
    "psi": [
        null,
        1.4515208602155112,
        null
    ]
}