{
    "cos_gwtheta": [
        -0.011861335381406435,
        0.057186366851115444,
        0.1998452688775041
    ],
    "cos_inc": [
        -0.08489257088730007,
        0.07830385318180677,
        0.24725781532634428
    ],
    "gwphi": [
        2.5513059343669315,
        2.8730957210391477,
        3.0813860093114736
    ],
    "log10_Mc": [
        8.006287454730428,
        9.354097765737489,
        9.47758407484569
    ],
    "log10_fgw": [
        -7.681035653379516,
        -7.654227701026914,
        -7.622856692954721
    ],
    "log10_h": [
        -14.555019083319888,
        -14.430243767771326,
        -14.316350020439211
    ],
    "phase0": [
        null,
        6.266212482633227,
        null
    ],
    "psi": [
        null,
        1.2414246065487744,
        null
    ]
}