{
    "cos_gwtheta": [
        0.036154509927211365,
        0.07554023496925699,
        0.10727280964768238
    ],
    "cos_inc": [
        -0.06945624997684396,
        -0.039268070835276725,
        -0.013343758804100214
    ],
    "gwphi": [
        3.0047983995612793,
        3.1026331352746563,
        3.1969102442348194
    ],
    "log10_Mc": [
        null,
        9.994691686339987,
        null
    ],
    "log10_fgw": [
        -7.67764073738045,
        -7.651847902128399,
        -7.625877185253921
    ],
    "log10_h": [
        -13.546676340539976,
        -13.501062410545002,
        -13.45336156872019
    ],
    "phase0": [
        null,
        0.35018350959292704,
        null
    ],
    "psi": [
        1.4944636248463885,
        1.5377747831490913,
        1.5810859414517942
    ]
}