{
    "cos_gwtheta": [
        -0.009198231423542147,
        0.021225766923570588,
        0.04494340004363151
    ],
    "cos_inc": [
        -0.07058992789122753,
        -0.04220675889665737,
        -0.011259948831609967
    ],
    "gwphi": [
        3.037961635530513,
        3.128888960367839,
        3.219229657302989
    ],
    "log10_Mc": [
        null,
        9.010169571343088,
        null
    ],
    "log10_fgw": [
        -7.675570935885343,
        -7.659173444246399,
        -7.642888264194024
    ],
    "log10_h": [
        -13.45280073487844,
        -13.41600032252379,
        -13.397789809193654
    ],
    "phase0": [
        null,
        5.274931656389427,
        null
    ],
    "psi": [
        1.5752568410272805,
        1.6023178194022953,
        1.6231017667109406
    ]
}