{
    "cos_gwtheta": [
        0.1458318590264327,
        0.16782965455949184,
        0.19127908126985937
    ],
    "cos_inc": [
        0.002492925740237073,
        0.03495511279575414,
        0.06526619107048381
    ],
    "gwphi": [
        3.249803656694607,
        3.30359399022343,
        3.3621205795346656
    ],
    "log10_Mc": [
        null,
        9.994665477879536,
        null
    ],
    "log10_fgw": [
        -7.669009182933873,
        -7.64781774082705,
        -7.626184810343001
    ],
    "log10_h": [
        -13.630177702825646,
        -13.604112336252538,
        -13.580149015370807
    ],
    "phase0": [
        null,
        5.755269745442326,
        null
    ],
    "psi": [
        null,
        3.13328630316877,
        null
    ]
}