{
    "cos_gwtheta": [
        -0.030267320449754664,
        0.0009565497083520169,
        0.03029946383283788
    ],
    "cos_inc": [
        0.0025728949112723276,
        0.031180760710372013,
        0.06050832124655592
    ],
    "gwphi": [
        3.0597390819228836,
        3.1386120425296693,
        3.2185160222293536
    ],
    "log10_Mc": [
        null,
        9.755681189730645,
        null
    ],
    "log10_fgw": [
        -7.679452842833676,
        -7.651781474702138,
        -7.6241101065706
    ],
    "log10_h": [
        -12.73082773897069,
        -12.664122464418757,
        -12.602737242438451
    ],
    "phase0": [
        1.292719559279267,
        1.5454402849940703,
        1.798886177784095
    ],
    "psi": [
        3.090927128381287,
        3.1330040288516003,
        3.1330040288516003
    ]
}