{
    "cos_gwtheta": [
        -0.17736949108408007,
        -0.06424018324072156,
        0.034698688775595565
    ],
    "cos_inc": [
        -0.6485563227749542,
        -0.2312741452517475,
        -0.0722906267844734
    ],
    "gwphi": [
        3.214318352373385,
        3.385409948622136,
        3.547854316179614
    ],
    "log10_Mc": [
        null,
        9.860845372149342,
        null
    ],
    "log10_fgw": [
        -7.686081833430133,
        -7.660287810760873,
        -7.629820957897907
    ],
    "log10_h": [
        -14.712611989578953,
        -14.456305025893489,
        -14.339627975260553
    ],
    "phase0": [
        null,
        4.014337558578285,
        null
    ],
    "psi": [
        null,
        0.11513584598133342,
        null
    ]
}