{
    "cos_gwtheta": [
        0.1447018418376571,
        0.17069084081669716,
        0.20305449992267166
    ],
    "cos_inc": [
        -0.0637404920498178,
        -0.04235204386200819,
        -0.024852404435618536
    ],
    "gwphi": [
        3.1364082095659755,
        3.2168805221791477,
        3.2902672223609724
    ],
    "log10_Mc": [
        null,
        9.956490396610748,
        null
    ],
    "log10_fgw": [
        -7.661940738640846,
        -7.645759688984485,
        -7.62946704588222
    ],
    "log10_h": [
        -13.526174561009093,
        -13.490377814882006,
        -13.454110058937456
    ],
    "phase0": [
        null,
        1.8224676859534352,
        null
    ],
    "psi": [
        1.5106482878021112,
        1.5478999531848552,
        1.5884459835334197
    ]
}