{
    "cos_gwtheta": [
        -0.021522879185521315,
        -0.008515267749722555,
        0.007093865973235913
    ],
    "cos_inc": [
        -0.000450640741709446,
        0.01592277413518771,
        0.03186245616766374
    ],
    "gwphi": [
        3.1345059031845293,
        3.1345059031845293,
        3.16323602003039
    ],
    "log10_Mc": [
        null,
        8.914468763756938,
        null
    ],
    "log10_fgw": [
        -7.668478984179278,
        -7.652236288327814,
        -7.635881573884271
    ],
    "log10_h": [
        -12.69790010394725,
        -12.669361210453655,
        -12.669361210453655
    ],
    "phase0": [
        6.134532288301205,
        6.280520061070309,
        6.280520061070309
    ],
    "psi": [
        3.089564697212558,
        3.133296525317463,
        3.133296525317463
    ]
}