{
    "cos_gwtheta": [
        -0.3867364133777629,
        -0.3040411623405085,
        -0.06717833615522995
    ],
    "cos_inc": [
        -0.2593594327842168,
        -0.12124995108020453,
        0.07951119279481467
    ],
    "gwphi": [
        3.2807885414926954,
        3.5484819949042414,
        3.689309389896257
    ],
    "log10_Mc": [
        null,
        9.765203279070903,
        null
    ],
    "log10_fgw": [
        -7.677033225335422,
        -7.649791100132079,
        -7.6223661418736794
    ],
    "log10_h": [
        -14.430160353442256,
        -14.341156009452558,
        -14.261073861315126
    ],
    "phase0": [
        null,
        0.7407473132255565,
        null
    ],
    "psi": [
        null,
        3.0732977315689576,
        null
    ]
}