{
    "cos_gwtheta": [
        -0.030837406832183556,
        -0.006313244655772099,
        0.015427093706019634
    ],
    "cos_inc": [
        -0.028055731999771516,
        0.019670542337175023,
        0.07077742777298868
    ],
    "gwphi": [
        3.1380609352015703,
        3.1380609352015703,
        3.181351874772361
    ],
    "log10_Mc": [
        8.006332230517705,
        8.694579081180516,
        9.467340497440462
    ],
    "log10_fgw": [
        -7.651009144787439,
        -7.651009144787439,
        -7.643743746120065
    ],
    "log10_h": [
        -12.672934930435787,
        -12.648405716031096,
        -12.648405716031096
    ],
    "phase0": [
        0.01995209510479992,
        0.35043068272469313,
        0.7271387892176905
    ],
    "psi": [
        1.5659346545268105,
        1.5659346545268105,
        1.5841934075345587
    ]
}