{
    "cos_gwtheta": [
        -0.03606745345313689,
        -0.0012427489017291515,
        0.024921843935836296
    ],
    "cos_inc": [
        0.010071223510146887,
        0.041621756617993944,
        0.07451895882190773
    ],
    "gwphi": [
        3.068176220562321,
        3.1431256470413933,
        3.2304804958342426
    ],
    "log10_Mc": [
        null,
        8.560713087794376,
        null
    ],
    "log10_fgw": [
        -7.676225462390094,
        -7.651420255853007,
        -7.628487140375324
    ],
    "log10_h": [
        -13.526307553332304,
        -13.473167550976479,
        -13.461303736497038
    ],
    "phase0": [
        null,
        6.266344283562462,
        null
    ],
    "psi": [
        1.5634909957621668,
        1.6085869725119155,
        1.6542501942522272
    ]
}