{
    "cos_gwtheta": [
        -0.33014052699470975,
        -0.02829503127699895,
        0.23079896142404
    ],
    "cos_inc": [
        -0.9935657948203873,
        -0.9935657948203873,
        -0.3075977115824987
    ],
    "gwphi": [
        0.9259326981568632,
        1.3713296156669725,
        2.0184982082903575
    ],
    "log10_Mc": [
        null,
        9.774963943929892,
        null
    ],
    "log10_fgw": [
        -8.493274338747911,
        -8.321103622912434,
        -8.08670492317799
    ],
    "log10_h": [
        -15.766901792213218,
        -15.462319219833432,
        -15.179552479084153
    ],
    "phase0": [
        null,
        3.323523859891499,
        null
    ],
    "psi": [
        null,
        1.0007153116854979,
        null
    ]
}