{
    "cos_gwtheta": [
        null,
        0.6576431613700271,
        null
    ],
    "cos_inc": [
        null,
        0.029917825061477468,
        null
    ],
    "gwphi": [
        3.2121168876455934,
        3.2356229127819094,
        3.258532338295476
    ],
    "log10_Mc": [
        null,
        9.994585077602366,
        null
    ],
    "log10_fgw": [
        -7.835943890012505,
        -7.835943890012505,
        -7.822991047750303
    ],
    "log10_h": [
        -13.161433492647806,
        -13.136472909867752,
        -13.136472909867752
    ],
    "phase0": [
        null,
        2.235516361611608,
        null
    ],
    "psi": [
        1.9928560285857133,
        2.0948890099370536,
        2.186937112379394
    ]
}