{
    "cos_gwtheta": [
        -0.10887474875398184,
        0.0321189438493541,
        0.09583157481655191
    ],
    "cos_inc": [
        -0.06609732875413998,
        0.026424272260387016,
        0.12979595441734249
    ],
    "gwphi": [
        null,
        2.838199444985185,
        null
    ],
    "log10_Mc": [
        null,
        9.526377632418402,
        null
    ],
    "log10_fgw": [
        -7.678647368965566,
        -7.648994709449775,
        -7.626104937191973
    ],
    "log10_h": [
        -14.44075041261875,
        -14.327936097318556,
        -14.231120903097299
    ],
    "phase0": [
        null,
        3.5939520048973463,
        null
    ],
    "psi": [
        1.6087813602504242,
        1.7019978676294838,
        1.793660766552226
    ]
}