{
    "cos_gwtheta": [
        null,
        0.01948826276994775,
        null
    ],
    "cos_inc": [
        -0.20195848769404268,
        0.057937912777400125,
        0.9380461518643214
    ],
    "gwphi": [
        2.687443387770954,
        3.53330377310057,
        5.792887978224072
    ],
    "log10_Mc": [
        null,
        8.45573138068953,
        null
    ],
    "log10_fgw": [
        null,
        -7.641747818779725,
        null
    ],
    "log10_h": [
        null,
        -14.562947677295565,
        null
    ],
    "phase0": [
        null,
        1.6408556891333232,
        null
    ],
    "psi": [
        null,
        0.009870837653577703,
        null
    ]
}