{
    "cos_gwtheta": [
        -0.013212690564276056,
        0.004323541537334302,
        0.02167121200344349
    ],
    "cos_inc": [
        -0.026851903494960916,
        -0.017764022722635414,
        -0.006436171337412755
    ],
    "gwphi": [
        3.1127680493477454,
        3.120324355350521,
        3.130453020843603
    ],
    "log10_Mc": [
        null,
        8.50349069049364,
        null
    ],
    "log10_fgw": [
        -7.653872023883008,
        -7.650522777558534,
        -7.647643930998733
    ],
    "log10_h": [
        -12.674254354294176,
        -12.655062498877594,
        -12.631410564385328
    ],
    "phase0": [
        1.760287286394035,
        2.0012179104099155,
        2.2358661191972202
    ],
    "psi": [
        1.540809037451976,
        1.5727196228765177,
        1.6032341201887355
    ]
}