{
    "cos_gwtheta": [
        -0.0702156747548549,
        -0.03921111043556691,
        -0.0051598548247882015
    ],
    "cos_inc": [
        -0.06818351466468153,
        -0.028594911651973254,
        0.003917467633825833
    ],
    "gwphi": [
        3.0601798677986025,
        3.1367807917240516,
        3.2291216315245928
    ],
    "log10_Mc": [
        null,
        9.87993149040441,
        null
    ],
    "log10_fgw": [
        -7.679157717277369,
        -7.660746888587571,
        -7.639534412053674
    ],
    "log10_h": [
        -13.575694385370468,
        -13.526552435706565,
        -13.483175742707141
    ],
    "phase0": [
        null,
        1.881494637371953,
        null
    ],
    "psi": [
        1.4495221680081822,
        1.4929347177425472,
        1.5500251941055476
    ]
}