{
    "cos_gwtheta": [
        -0.014962597652714904,
        0.016897926854322787,
        0.04074979492789743
    ],
    "cos_inc": [
        -0.029411938655586778,
        0.006744949360924957,
        0.03756721455532852
    ],
    "gwphi": [
        3.074760206284359,
        3.1434307079725587,
        3.223779866410452
    ],
    "log10_Mc": [
        8.023867697674252,
        8.23563802884936,
        9.501090035984
    ],
    "log10_fgw": [
        -7.656723686392254,
        -7.646589417135631,
        -7.627165401060435
    ],
    "log10_h": [
        -13.598293094671314,
        -13.542306746541595,
        -13.478053957748426
    ],
    "phase0": [
        3.9631648308443457,
        4.16432023702635,
        6.178373123767905
    ],
    "psi": [
        3.0805076595603706,
        3.133298927701654,
        3.133298927701654
    ]
}