{
    "cos_gwtheta": [
        -0.005745570156651003,
        0.006567816963854667,
        0.017687836169597654
    ],
    "cos_inc": [
        -0.03161540634362758,
        -0.0014933111279750166,
        0.023069770807535583
    ],
    "gwphi": [
        3.1228860841599655,
        3.17310581180483,
        3.214694023760734
    ],
    "log10_Mc": [
        null,
        8.53208785113436,
        null
    ],
    "log10_fgw": [
        -7.6564557680818845,
        -7.6459433147380755,
        -7.63564395166475
    ],
    "log10_h": [
        -13.569598911428525,
        -13.531709930201245,
        -13.48527577448441
    ],
    "phase0": [
        2.5972587384614854,
        4.374617674006606,
        5.014741675740178
    ],
    "psi": [
        0.009866411317101144,
        0.009866411317101144,
        0.07359080131635629
    ]
}