{
    "cos_gwtheta": [
        -0.028131314455613232,
        -0.0028101168905210194,
        0.021268322511867388
    ],
    "cos_inc": [
        -0.055485054956247226,
        -0.03202133029237808,
        -0.00529443862227541
    ],
    "gwphi": [
        3.0743174548633703,
        3.144990111844214,
        3.202655531343921
    ],
    "log10_Mc": [
        null,
        9.163052810701947,
        null
    ],
    "log10_fgw": [
        -7.652352955288837,
        -7.652352955288837,
        -7.63920226475483
    ],
    "log10_h": [
        -13.55375520157282,
        -13.517064913549573,
        -13.475626470605672
    ],
    "phase0": [
        null,
        3.022887907218072,
        null
    ],
    "psi": [
        3.039584008631168,
        3.133295994477123,
        3.133295994477123
    ]
}