{
    "cos_gwtheta": [
        -0.0213091196676648,
        0.0055629604460945,
        0.02817807737351563
    ],
    "cos_inc": [
        -0.01602933375426585,
        0.026612172745144935,
        0.07023620243578654
    ],
    "gwphi": [
        3.08899773481481,
        3.1605877760373398,
        3.218226937431889
    ],
    "log10_Mc": [
        null,
        8.235790877687089,
        null
    ],
    "log10_fgw": [
        -7.6539939214188815,
        -7.6539939214188815,
        -7.637377421366309
    ],
    "log10_h": [
        -13.572258729546984,
        -13.532721869387677,
        -13.493793268615438
    ],
    "phase0": [
        1.4183422526519582,
        2.963110659668087,
        4.48164361456344
    ],
    "psi": [
        1.5312858738280177,
        1.5735531817639061,
        1.6197469609288115
    ]
}