{
    "cos_gwtheta": [
        -0.033706325027845985,
        0.0008366110016245765,
        0.03881475613899832
    ],
    "cos_inc": [
        -0.11809160753179626,
        -0.07518989979609769,
        -0.0399492112989166
    ],
    "gwphi": [
        3.041955117551805,
        3.1325818874649687,
        3.222039279701834
    ],
    "log10_Mc": [
        null,
        9.707740241796426,
        null
    ],
    "log10_fgw": [
        -7.679541645387203,
        -7.659139349132769,
        -7.638312005039701
    ],
    "log10_h": [
        -13.965926861479563,
        -13.91993802598508,
        -13.874163092051035
    ]
}