{
    "cos_gwtheta": [
        0.062364655039185646,
        0.13984294715806733,
        0.22064173751061533
    ],
    "cos_inc": [
        -0.06643686968073292,
        -0.012878193847746244,
        0.04028811073371685
    ],
    "gwphi": [
        3.0847436337174554,
        3.2011876233369527,
        3.33859153108796
    ],
    "log10_Mc": [
        null,
        8.847487240103282,
        null
    ],
    "log10_fgw": [
        -7.674751851341031,
        -7.6464111293763715,
        -7.622579158633362
    ],
    "log10_h": [
        -14.109484880669964,
        -14.036092854866737,
        -13.974829172310654
    ]
}