{
    "cos_gwtheta": [
        null,
        -0.14201874487730726,
        null
    ],
    "cos_inc": [
        0.012265720894028775,
        0.07011735445550216,
        0.11058919053947414
    ],
    "gwphi": [
        null,
        2.87517518609093,
        null
    ],
    "log10_Mc": [
        null,
        9.593210453964703,
        null
    ],
    "log10_fgw": [
        -7.662290122326299,
        -7.6535010553838605,
        -7.644631354799748
    ],
    "log10_h": [
        -14.045208803842844,
        -14.00345133919477,
        -13.95725809991375
    ]
}