{
    "cos_gwtheta": [
        -0.5971023981405825,
        -0.5734003305213509,
        -0.5478621872414746
    ],
    "cos_inc": [
        0.05000376880607796,
        0.06731042943921033,
        0.08474070907686507
    ],
    "gwphi": [
        4.125017950521105,
        4.131147019649677,
        4.137615143666213
    ],
    "log10_Mc": [
        null,
        8.025378754215136,
        null
    ],
    "log10_fgw": [
        -7.8140855270345915,
        -7.812710630540756,
        -7.811691385505894
    ],
    "log10_h": [
        -13.269208003935338,
        -13.229085744141287,
        -13.229085744141287
    ],
    "phase0": [
        null,
        2.119046700216536,
        null
    ],
    "psi": [
        2.057082104681196,
        2.0682029236967066,
        2.0820487116100574
    ]
}