{
    "cos_gwtheta": [
        0.08915779418255843,
        0.11241092600733127,
        0.1309911796663602
    ],
    "cos_inc": [
        0.07586302349400365,
        0.13710735072618596,
        0.18943260117698224
    ],
    "gwphi": [
        4.05564190873121,
        4.112248283026062,
        4.157153898388458
    ],
    "log10_Mc": [
        null,
        9.019670871557388,
        null
    ],
    "log10_fgw": [
        -7.816346551915438,
        -7.791531827190768,
        -7.764039254474229
    ],
    "log10_h": [
        -13.158681557782124,
        -13.12128565995295,
        -13.12128565995295
    ],
    "phase0": [
        null,
        6.266601006360151,
        null
    ],
    "psi": [
        1.0628163945171585,
        1.1084535129521682,
        1.1644751254023298
    ]
}