{
    "cos_gwtheta": [
        -0.37758638261200517,
        -0.26638978702646887,
        -0.09363793317036795
    ],
    "cos_inc": [
        -0.1838901864287149,
        0.03703785297941786,
        0.19325561309999306
    ],
    "gwphi": [
        3.757697004487549,
        3.857210293775397,
        4.246610121423499
    ],
    "log10_Mc": [
        null,
        9.45937089268095,
        null
    ],
    "log10_fgw": [
        -7.679013268279494,
        -7.648889779732208,
        -7.618171748647806
    ],
    "log10_h": [
        -14.514304587296813,
        -14.380695412420312,
        -14.279489791583625
    ],
    "phase0": [
        null,
        0.9212370348247656,
        null
    ],
    "psi": [
        null,
        1.9776716261600271,
        null
    ]
}