{
    "cos_gwtheta": [
        -0.016779312804374613,
        0.014513095124588649,
        0.0459863840242396
    ],
    "cos_inc": [
        -0.08256795266216979,
        -0.058057745717208176,
        -0.037242544844351355
    ],
    "gwphi": [
        3.07603295928071,
        3.144389607686013,
        3.199656685120087
    ],
    "log10_Mc": [
        null,
        9.449837544140706,
        null
    ],
    "log10_fgw": [
        -7.672205333250471,
        -7.666227635655302,
        -7.6599746493550915
    ],
    "log10_h": [
        -13.493277224195138,
        -13.443286626481148,
        -13.38079837933866
    ],
    "phase0": [
        0.019765854466794616,
        0.32025435678182335,
        1.1598729578450222
    ],
    "psi": [
        0.04363120394865999,
        0.10864976901441631,
        0.18455661052659117
    ]
}