{
    "cos_gwtheta": [
        0.05589309337674797,
        0.06789622146336177,
        0.08318683049089531
    ],
    "cos_inc": [
        0.02568003661011578,
        0.041982687914944736,
        0.05859293641420443
    ],
    "gwphi": [
        3.090345333690405,
        3.090345333690405,
        3.1202296420057976
    ],
    "log10_Mc": [
        null,
        9.679079193077174,
        null
    ],
    "log10_fgw": [
        -7.678358795730851,
        -7.650935650489116,
        -7.623374004513837
    ],
    "log10_h": [
        -12.725241309540728,
        -12.667711482969855,
        -12.609480073148116
    ],
    "phase0": [
        3.4462698670389047,
        3.700724382809633,
        3.924559302253633
    ],
    "psi": [
        1.536100406247725,
        1.5674348789699888,
        1.5926718326760283
    ]
}