{
    "cos_gwtheta": [
        -0.05624206536492493,
        -0.03528638520181837,
        -0.018521841071333256
    ],
    "cos_inc": [
        -0.03048372357693152,
        -0.013695582846609433,
        0.001550789857458601
    ],
    "gwphi": [
        3.1548651401464065,
        3.1719756634001666,
        3.1899302034960404
    ],
    "log10_Mc": [
        null,
        9.468914096882342,
        null
    ],
    "log10_fgw": [
        -7.65683657013427,
        -7.656082126528934,
        -7.654926475919603
    ],
    "log10_h": [
        -13.530327601150422,
        -13.491972979604682,
        -13.46497579453608
    ],
    "phase0": [
        null,
        0.019884206646559786,
        null
    ],
    "psi": [
        3.0770716072264617,
        3.1332989467860823,
        3.1332989467860823
    ]
}