{
    "cos_gwtheta": [
        0.0503216187787916,
        0.12864334537453548,
        0.198759938707868
    ],
    "cos_inc": [
        -0.00401327909999849,
        0.04937319653558614,
        0.0951049936793038
    ],
    "gwphi": [
        3.054226655481751,
        3.1573167294270923,
        3.2592010715134236
    ],
    "log10_Mc": [
        null,
        8.235815828942995,
        null
    ],
    "log10_fgw": [
        -7.681605084399836,
        -7.658002063757901,
        -7.633243650497129
    ],
    "log10_h": [
        -14.000235272475676,
        -13.947237457581405,
        -13.895282906759856
    ]
}