{
    "cos_gwtheta": [
        -0.036628516328640615,
        0.00019452630030958318,
        0.0432436872481643
    ],
    "cos_inc": [
        0.06670586646505272,
        0.10948374616535506,
        0.149192360954425
    ],
    "gwphi": [
        2.9356445127434014,
        3.001795346692344,
        3.073927904987734
    ],
    "log10_Mc": [
        null,
        9.2203544386534,
        null
    ],
    "log10_fgw": [
        -7.671122089943469,
        -7.654418137760943,
        -7.635293322943267
    ],
    "log10_h": [
        -14.023590554620945,
        -13.956948187149054,
        -13.883557225502795
    ]
}