{
    "cos_gwtheta": [
        -0.013722896850917876,
        0.005325820070912091,
        0.030922533434621036
    ],
    "cos_inc": [
        -0.029184486988787173,
        -0.006727594613355703,
        0.010015413903238124
    ],
    "gwphi": [
        3.084537847406423,
        3.145709104283688,
        3.2257022863539575
    ],
    "log10_Mc": [
        null,
        8.350555961319989,
        null
    ],
    "log10_fgw": [
        -7.660249323479651,
        -7.648486670692646,
        -7.637723458992119
    ],
    "log10_h": [
        -12.730193898553402,
        -12.695437460296667,
        -12.695437460296667
    ],
    "phase0": [
        0.5103122310069456,
        0.7470866873091233,
        1.0156666675921906
    ],
    "psi": [
        1.5393116950691266,
        1.5784367725815591,
        1.6097368345915053
    ]
}