{
    "cos_gwtheta": [
        0.5248778990967257,
        0.5293561053714976,
        0.5347792542547076
    ],
    "cos_inc": [
        0.2916673379829114,
        0.31086840109667013,
        0.3282648530155267
    ],
    "gwphi": [
        3.6238490287551985,
        3.6302271122522747,
        3.63803701041196
    ],
    "log10_Mc": [
        null,
        8.111280714248627,
        null
    ],
    "log10_fgw": [
        -7.846551452354061,
        -7.840732847819337,
        -7.840732847819337
    ],
    "log10_h": [
        -13.411502156122387,
        -13.36863633452905,
        -13.36863633452905
    ],
    "phase0": [
        4.378818867328103,
        4.877128576374503,
        5.601205637955065
    ],
    "psi": [
        1.9942552975034176,
        2.0303382559220826,
        2.0668312479591417
    ]
}