{
    "cos_gwtheta": [
        -0.03031630605800123,
        -0.009827114119008773,
        0.010907457364163264
    ],
    "cos_inc": [
        -0.031043215682575953,
        -0.01622790373851546,
        0.0032716612466818784
    ],
    "gwphi": [
        3.0350982768466355,
        3.128893887047489,
        3.226980799675832
    ],
    "log10_Mc": [
        null,
        8.101786431493368,
        null
    ],
    "log10_fgw": [
        -7.658784448162329,
        -7.647063923189835,
        -7.647063923189835
    ],
    "log10_h": [
        -12.689341161374553,
        -12.647434630500662,
        -12.647434630500662
    ],
    "phase0": [
        0.019721351728799078,
        0.019721351728799078,
        0.2507758132427694
    ],
    "psi": [
        1.558136293250028,
        1.5649922843897448,
        1.572998312752898
    ]
}