{
    "cos_gwtheta": [
        0.1706177550161041,
        0.22098935125992747,
        0.26604903371803834
    ],
    "cos_inc": [
        -0.09054430547809522,
        -0.04927728627263839,
        -0.012660072048078175
    ],
    "gwphi": [
        3.148576017375894,
        3.2424830874474226,
        3.3417056520513015
    ],
    "log10_Mc": [
        null,
        8.952665712788907,
        null
    ],
    "log10_fgw": [
        -7.68367128036081,
        -7.657204732612263,
        -7.631098273948732
    ],
    "log10_h": [
        -14.003086501066765,
        -13.934204140831072,
        -13.868990071968879
    ]
}