{
    "cos_gwtheta": [
        -0.0941843689563282,
        -0.052901716623075856,
        -0.013745209474368747
    ],
    "cos_inc": [
        -0.019385723303447677,
        0.02278023152421238,
        0.06850950647815346
    ],
    "gwphi": [
        3.112997856457114,
        3.2118939284234584,
        3.3066446560558838
    ],
    "log10_Mc": [
        null,
        8.818852158471184,
        null
    ],
    "log10_fgw": [
        -7.672951735725984,
        -7.64429703384171,
        -7.622806007428504
    ],
    "log10_h": [
        -14.01805419433175,
        -13.967724738529176,
        -13.92080744922169
    ]
}