{
    "cos_gwtheta": [
        0.05088997661727457,
        0.0834897924484791,
        0.11210133293863211
    ],
    "cos_inc": [
        0.016089250781545772,
        0.053333028301432495,
        0.08251371996649859
    ],
    "gwphi": [
        3.058595134973225,
        3.112426130818726,
        3.1759191002775222
    ],
    "log10_Mc": [
        null,
        9.55480437700997,
        null
    ],
    "log10_fgw": [
        -7.666728281494081,
        -7.645552495938174,
        -7.624230670481882
    ],
    "log10_h": [
        -13.563193862160414,
        -13.515893571773633,
        -13.477144746315536
    ],
    "phase0": [
        0.6621091329218237,
        2.0728000777618285,
        3.2204178977413673
    ],
    "psi": [
        1.5475965169542807,
        1.5863164336783342,
        1.6159742422329284
    ]
}