{
    "cos_gwtheta": [
        -0.3133192708811059,
        -0.11815903216753632,
        0.024511192898096446
    ],
    "cos_inc": [
        -0.027024050806061628,
        0.04292798403519149,
        0.12710755138653007
    ],
    "gwphi": [
        3.1153780495824934,
        3.23508493510756,
        3.3461531794091677
    ],
    "log10_Mc": [
        null,
        9.80359660538204,
        null
    ],
    "log10_fgw": [
        -7.674129884525894,
        -7.645182269268035,
        -7.621848736969275
    ],
    "log10_h": [
        -14.291488460952262,
        -14.218845873162941,
        -14.151641767881912
    ]
}