{
    "cos_gwtheta": [
        0.25525372774319166,
        0.33185029835035684,
        0.397348553501377
    ],
    "cos_inc": [
        -0.04457893566639404,
        0.01642861880990143,
        0.08113808799956423
    ],
    "gwphi": [
        3.3067846397781935,
        3.4274766125178218,
        3.5410042215788424
    ],
    "log10_Mc": [
        null,
        8.00630644300912,
        null
    ],
    "log10_fgw": [
        -7.677458481392149,
        -7.647130081162024,
        -7.622534488292473
    ],
    "log10_h": [
        -14.327896090543447,
        -14.243479721145386,
        -14.151690743066268
    ],
    "phase0": [
        null,
        1.640818825943725,
        null
    ],
    "psi": [
        null,
        0.06987853046231576,
        null
    ]
}