{
    "cos_gwtheta": [
        -0.03663604466548631,
        -0.00889430086365206,
        0.02789794091608566
    ],
    "cos_inc": [
        0.0009118495036383178,
        0.03191642618775292,
        0.0625334456633162
    ],
    "gwphi": [
        3.04386969126333,
        3.127432874599719,
        3.213209652196675
    ],
    "log10_Mc": [
        null,
        9.650477976896418,
        null
    ],
    "log10_fgw": [
        -7.687544812833772,
        -7.661741819327546,
        -7.63628988695746
    ],
    "log10_h": [
        -13.47770266732466,
        -13.431570462390493,
        -13.374893753471373
    ],
    "phase0": [
        null,
        5.785527952197506,
        null
    ],
    "psi": [
        3.017840811078926,
        3.077177583743257,
        3.121680163241505
    ]
}