{
    "cos_gwtheta": [
        -0.4171241174336673,
        -0.40378256150085695,
        -0.40378256150085695
    ],
    "cos_inc": [
        null,
        -0.008825658770485467,
        null
    ],
    "gwphi": [
        2.5126250657696625,
        2.638570960311608,
        2.7520469643048466
    ],
    "log10_Mc": [
        null,
        9.994615380563918,
        null
    ],
    "log10_fgw": [
        -7.88891553476021,
        -7.882782524538787,
        -7.882782524538787
    ],
    "log10_h": [
        -13.18727879624849,
        -13.145015773974738,
        -13.145015773974738
    ],
    "phase0": [
        4.805329455130041,
        5.635584546612632,
        6.266553427272843
    ],
    "psi": [
        1.19380935378987,
        1.2232324711392288,
        1.2537403117088406
    ]
}