{
    "cos_gwtheta": [
        0.20379106006220837,
        0.28055328916488165,
        0.3544920799557325
    ],
    "cos_inc": [
        -0.060344316529281405,
        0.008034915138410592,
        0.0777437429774187
    ],
    "gwphi": [
        3.2521931438894396,
        3.368826406758763,
        3.4813127091705103
    ],
    "log10_Mc": [
        null,
        8.48434605746148,
        null
    ],
    "log10_fgw": [
        -7.68110431070384,
        -7.648924542946363,
        -7.624551701094546
    ],
    "log10_h": [
        -14.304909760195107,
        -14.226562357370085,
        -14.15972571041035
    ],
    "phase0": [
        null,
        1.161409367213967,
        null
    ],
    "psi": [
        null,
        0.009865570494636761,
        null
    ]
}