{
    "cos_gwtheta": [
        -0.02856191995378221,
        0.09607597650758015,
        0.24456801583236099
    ],
    "cos_inc": [
        -0.49532732913879635,
        -0.1433795682479151,
        0.034680959001226475
    ],
    "gwphi": [
        3.3236733966515075,
        3.5047086080579555,
        3.6863680788140814
    ],
    "log10_Mc": [
        null,
        8.216695264182112,
        null
    ],
    "log10_fgw": [
        -7.667913039764634,
        -7.633217446738348,
        -7.602661668789062
    ],
    "log10_h": [
        -14.661510338296598,
        -14.439032256564806,
        -14.306308189520239
    ],
    "phase0": [
        null,
        5.394795981024932,
        null
    ],
    "psi": [
        null,
        1.6766164676507769,
        null
    ]
}