{
    "cos_gwtheta": [
        -0.962177538181337,
        -0.9170140273103045,
        -0.899282394866712
    ],
    "cos_inc": [
        null,
        -0.04343490028320047,
        null
    ],
    "gwphi": [
        null,
        2.412667398052662,
        null
    ],
    "log10_Mc": [
        null,
        8.11136920498748,
        null
    ],
    "log10_fgw": [
        -8.024716215333385,
        -8.024716215333385,
        -8.009127336388458
    ],
    "log10_h": [
        null,
        -13.399517116817272,
        null
    ],
    "phase0": [
        null,
        6.266595645545845,
        null
    ],
    "psi": [
        null,
        0.897088353088561,
        null
    ]
}