{
    "cos_gwtheta": [
        null,
        -0.11224167853221567,
        null
    ],
    "cos_inc": [
        -0.06452973641930793,
        0.006268062746721426,
        0.07510470404111569
    ],
    "gwphi": [
        2.730181319598481,
        2.8473976260570666,
        2.950162607061854
    ],
    "log10_Mc": [
        null,
        8.704283416247998,
        null
    ],
    "log10_fgw": [
        -7.676417697647558,
        -7.653796889293282,
        -7.631023237639315
    ],
    "log10_h": [
        -14.26389700387885,
        -14.186847529460394,
        -14.122450787360656
    ],
    "phase0": [
        null,
        3.713873719210054,
        null
    ],
    "psi": [
        null,
        3.028011236838029,
        null
    ]
}