{
    "cos_gwtheta": [
        0.052353076208984446,
        0.07134162725486892,
        0.08681377995892292
    ],
    "cos_inc": [
        -0.05848743757433883,
        -0.03833076911813316,
        -0.01897502788535277
    ],
    "gwphi": [
        3.087953977859602,
        3.09856022180086,
        3.110543900020203
    ],
    "log10_Mc": [
        null,
        9.086521198869065,
        null
    ],
    "log10_fgw": [
        -7.660797812780255,
        -7.65141809447722,
        -7.641973688461752
    ],
    "log10_h": [
        -12.704810346777322,
        -12.667171930751817,
        -12.667171930751817
    ],
    "phase0": [
        3.013581015324446,
        3.425220659493455,
        3.8156099639967866
    ],
    "psi": [
        1.568397594430051,
        1.5719919162535112,
        1.5760835656248717
    ]
}