{
    "cos_gwtheta": [
        -8.788067535564492e-05,
        0.00641060103100205,
        0.011985614284351076
    ],
    "cos_inc": [
        0.006384238152728816,
        0.027442117490652992,
        0.049391335636531655
    ],
    "gwphi": [
        3.1420134724896585,
        3.1420134724896585,
        3.185003938610075
    ],
    "log10_Mc": [
        null,
        8.713887792060877,
        null
    ],
    "log10_fgw": [
        -7.657238042138727,
        -7.649416044975731,
        -7.641739799312667
    ],
    "log10_h": [
        -12.695519076161919,
        -12.662539201698493,
        -12.662539201698493
    ],
    "phase0": [
        2.093622335277122,
        2.321385615346122,
        2.5564646324623057
    ],
    "psi": [
        0.009864589150858902,
        0.009864589150858902,
        0.06577965541249675
    ]
}