{
    "cos_gwtheta": [
        -0.06495512934559078,
        0.011193973061743856,
        0.11174227107246226
    ],
    "cos_inc": [
        -0.0570406733346398,
        0.02108432901459434,
        0.11740553444263746
    ],
    "gwphi": [
        3.1007194097470494,
        3.2550673357019453,
        3.4106600029951877
    ],
    "log10_Mc": [
        null,
        8.78066129579777,
        null
    ],
    "log10_fgw": [
        -7.687789013381342,
        -7.658224532926323,
        -7.6329865618061845
    ],
    "log10_h": [
        -14.413920524908642,
        -14.321753979969738,
        -14.24813915927978
    ],
    "phase0": [
        null,
        2.5727233529141795,
        null
    ],
    "psi": [
        1.6220041401243042,
        1.723443905707106,
        1.8146152287615875
    ]
}