{
    "cos_gwtheta": [
        -0.09997120156599593,
        -0.0372383438983358,
        0.019476536144229062
    ],
    "cos_inc": [
        -0.015692314380679084,
        0.031814327973067824,
        0.08244897969990084
    ],
    "gwphi": [
        3.0623830138853227,
        3.162915670998827,
        3.267713349929268
    ],
    "log10_Mc": [
        null,
        8.876092478046735,
        null
    ],
    "log10_fgw": [
        -7.692272333943162,
        -7.668022360644412,
        -7.638302468556469
    ],
    "log10_h": [
        -14.012641775527023,
        -13.96731379438962,
        -13.917325927340894
    ]
}