{
    "cos_gwtheta": [
        -0.17334656603728427,
        -0.11610379721181863,
        -0.06972461955030995
    ],
    "cos_inc": [
        -0.04298819184148617,
        -0.0008417847119239763,
        0.04377344961351215
    ],
    "gwphi": [
        3.1680094301954345,
        3.236405571730982,
        3.3041108431500095
    ],
    "log10_Mc": [
        null,
        9.994631778025367,
        null
    ],
    "log10_fgw": [
        -7.662630144774144,
        -7.662630144774144,
        -7.646887540283701
    ],
    "log10_h": [
        -14.096659937301343,
        -14.022398773196292,
        -13.957771489840004
    ]
}