{
    "gw_gamma": 2.4860397736400173,
    "gw_log10_A": -13.680883597220301
}