{
    "gw_gamma": 1.8545750718927243,
    "gw_log10_A": -13.848826406671947
}