{
    "gw_gamma": 2.134875583140156,
    "gw_log10_A": -13.839465597196579
}