{
    "gw_log10_rho_0": -9.572388945171381,
    "gw_log10_rho_1": -9.882507535287141,
    "gw_log10_rho_2": -8.465056634521027,
    "gw_log10_rho_3": -9.698464224282061,
    "gw_log10_rho_4": -9.729088074447487,
    "gw_log10_rho_5": -8.378003357060269,
    "gw_log10_rho_6": -6.7461647336509705,
    "gw_log10_rho_7": -8.295546559793202,
    "gw_log10_rho_8": -9.960259064360928,
    "gw_log10_rho_9": -8.415311791732652,
    "gw_log10_rho_10": -9.462514376845734,
    "gw_log10_rho_11": -9.666661817996935,
    "gw_log10_rho_12": -8.738236091005382,
    "gw_log10_rho_13": -9.97827417469234,
    "gw_log10_rho_14": -9.978597644236078,
    "gw_log10_rho_15": -8.237803929560448,
    "gw_log10_rho_16": -9.439284993207655,
    "gw_log10_rho_17": -8.371940705680784,
    "gw_log10_rho_18": -9.878884152173146,
    "gw_log10_rho_19": -9.497974873395808
}