{
    "gw_log10_rho_0": -9.918156909032989,
    "gw_log10_rho_1": -8.439591967945539,
    "gw_log10_rho_2": -9.626137371425582,
    "gw_log10_rho_3": -8.282669259014435,
    "gw_log10_rho_4": -7.809241033676146,
    "gw_log10_rho_5": -7.626812731170061,
    "gw_log10_rho_6": -7.553095595064116,
    "gw_log10_rho_7": -8.535908628909633,
    "gw_log10_rho_8": -9.896401920990755,
    "gw_log10_rho_9": -8.38895144766445,
    "gw_log10_rho_10": -8.563139790425202,
    "gw_log10_rho_11": -8.977882977014097,
    "gw_log10_rho_12": -9.999998298799289,
    "gw_log10_rho_13": -9.634403268983597,
    "gw_log10_rho_14": -9.81882063316761,
    "gw_log10_rho_15": -9.99999958602095,
    "gw_log10_rho_16": -9.386864431948254,
    "gw_log10_rho_17": -9.957430797232321,
    "gw_log10_rho_18": -8.575002593677384,
    "gw_log10_rho_19": -8.336303172205412
}