{
    "gw_gamma": 0.006621487274827847,
    "gw_log10_A": -10.111136599495758
}