{
	"B1855+09_T2EFAC": 1.0677,
	"B1855+09_T2EQUAD": 0.152,
	"B1937+21_T2EFAC": 1.9271025,
	"B1937+21_T2EQUAD": 0.068968063,
	"B1953+29_T2EFAC": 1.0849946,
	"B1953+29_T2EQUAD": 0.503276744,
	"J0023+0923_T2EFAC": 1.0739775,
	"J0023+0923_T2EQUAD": 0.383243038,
	"J0030+0451_T2EFAC": 1.063214,
	"J0030+0451_T2EQUAD": 0.0950703,
	"J0406+3039_T2EFAC": 1.02866,
	"J0406+3039_T2EQUAD": 0.14930295,
	"J0437-4715_T2EFAC": 3.37935,
	"J0437-4715_T2EQUAD": 0.001913395,
	"J0509+0856_T2EFAC": 1.077475,
	"J0509+0856_T2EQUAD": 0.965455,
	"J0557+1551_T2EFAC": 0.925924,
	"J0557+1551_T2EQUAD": 0.9248685,
	"J0605+3757_T2EFAC": 0.9727195,
	"J0605+3757_T2EQUAD": 1.5063845,
	"J0610-2100_T2EFAC": 1.027055,
	"J0610-2100_T2EQUAD": 0.6546264,
	"J0613-0200_T2EFAC": 1.0551885,
	"J0613-0200_T2EQUAD": 0.0874373,
	"J0614-3329_T2EFAC": 0.9698925,
	"J0614-3329_T2EQUAD": 0.106125345,
	"J0636+5128_T2EFAC": 1.024315,
	"J0636+5128_T2EQUAD": 0.0203828,
	"J0645+5158_T2EFAC": 1.014158,
	"J0645+5158_T2EQUAD": 0.04941481,
	"J0709+0458_T2EFAC": 1.0215885,
	"J0709+0458_T2EQUAD": 0.053852115,
	"J0740+6620_T2EFAC": 1.018885,
	"J0740+6620_T2EQUAD": 0.0402249,
	"J0931-1902_T2EFAC": 1.005026,
	"J0931-1902_T2EQUAD": 0.371532,
	"J1012+5307_T2EFAC": 1.0299375,
	"J1012+5307_T2EQUAD": 0.31079478,
	"J1012-4235_T2EFAC": 0.8277505,
	"J1012-4235_T2EQUAD": 4.0506,
	"J1022+1001_T2EFAC": 1.17239,
	"J1022+1001_T2EQUAD": 0.63064637,
	"J1024-0719_T2EFAC": 0.95519575,
	"J1024-0719_T2EQUAD": 0.259171638,
	"J1125+7819_T2EFAC": 1.029005,
	"J1125+7819_T2EQUAD": 0.94568,
	"J1312+0051_T2EFAC": 1.00965,
	"J1312+0051_T2EQUAD": 1.7053895,
	"J1453+1902_T2EFAC": 1.036859333,
	"J1453+1902_T2EQUAD": 1.3564507,
	"J1455-3330_T2EFAC": 0.9988055,
	"J1455-3330_T2EQUAD": 0.276409288,
	"J1600-3053_T2EFAC": 1.018155,
	"J1600-3053_T2EQUAD": 0.43911198,
	"J1614-2230_T2EFAC": 1.0284385,
	"J1614-2230_T2EQUAD": 0.080448163,
	"J1630+3734_T2EFAC": 1.02771,
	"J1630+3734_T2EQUAD": 0.3212415,
	"J1640+2224_T2EFAC": 1.0641925,
	"J1640+2224_T2EQUAD": 0.163740025,
	"J1643-1224_T2EFAC": 1.11972,
	"J1643-1224_T2EQUAD": 0.90480846,
	"J1705-1903_T2EFAC": 1.086345,
	"J1705-1903_T2EQUAD": 0.1332991,
	"J1713+0747_T2EFAC": 1.0266626,
	"J1713+0747_T2EQUAD": 0.040321957,
	"J1719-1438_T2EFAC": 1.00979,
	"J1719-1438_T2EQUAD": 0.793168915,
	"J1730-2304_T2EFAC": 1.033085,
	"J1730-2304_T2EQUAD": 0.02255108,
	"J1738+0333_T2EFAC": 1.045025,
	"J1738+0333_T2EQUAD": 0.030985725,
	"J1741+1351_T2EFAC": 0.9547018,
	"J1741+1351_T2EQUAD": 0.16981284,
	"J1744-1134_T2EFAC": 1.0524025,
	"J1744-1134_T2EQUAD": 0.204687,
	"J1745+1017_T2EFAC": 1.175755,
	"J1745+1017_T2EQUAD": 0.44110213,
	"J1747-4036_T2EFAC": 1.020295,
	"J1747-4036_T2EQUAD": 0.35622255,
	"J1751-2857_T2EFAC": 0.8830485,
	"J1751-2857_T2EQUAD": 5.0532665,
	"J1802-2124_T2EFAC": 1.06469,
	"J1802-2124_T2EQUAD": 0.41760827,
	"J1811-2405_T2EFAC": 1.0114,
	"J1811-2405_T2EQUAD": 0.167360475,
	"J1832-0836_T2EFAC": 1.01288,
	"J1832-0836_T2EQUAD": 0.203089015,
	"J1843-1113_T2EFAC": 1.02234,
	"J1843-1113_T2EQUAD": 0.06937468,
	"J1853+1303_T2EFAC": 1.030701,
	"J1853+1303_T2EQUAD": 0.2653692,
	"J1903+0327_T2EFAC": 0.9746786,
	"J1903+0327_T2EQUAD": 0.546589918,
	"J1909-3744_T2EFAC": 0.9973436,
	"J1909-3744_T2EQUAD": 0.050536822,
	"J1910+1256_T2EFAC": 1.0089835,
	"J1910+1256_T2EQUAD": 0.207614963,
	"J1911+1347_T2EFAC": 0.970907,
	"J1911+1347_T2EQUAD": 1.34441335,
	"J1918-0642_T2EFAC": 1.011025,
	"J1918-0642_T2EQUAD": 0.226813898,
	"J1923+2515_T2EFAC": 1.12808825,
	"J1923+2515_T2EQUAD": 0.050479095,
	"J1944+0907_T2EFAC": 0.9384112,
	"J1944+0907_T2EQUAD": 0.32122936,
	"J1946+3417_T2EFAC": 1.050495,
	"J1946+3417_T2EQUAD": 0.04160956,
	"J2010-1323_T2EFAC": 0.96533475,
	"J2010-1323_T2EQUAD": 0.040978325,
	"J2017+0603_T2EFAC": 1.01608125,
	"J2017+0603_T2EQUAD": 0.01510185,
	"J2033+1734_T2EFAC": 0.9993275,
	"J2033+1734_T2EQUAD": 1.37253625,
	"J2043+1711_T2EFAC": 1.14366575,
	"J2043+1711_T2EQUAD": 0.05122463,
	"J2124-3358_T2EFAC": 1.097155,
	"J2124-3358_T2EQUAD": 0.34159095,
	"J2145-0750_T2EFAC": 1.028884,
	"J2145-0750_T2EQUAD": 0.4806561,
	"J2214+3000_T2EFAC": 1.060423333,
	"J2214+3000_T2EQUAD": 0.177957,
	"J2229+2643_T2EFAC": 1.0804,
	"J2229+2643_T2EQUAD": 0.23875045,
	"J2234+0611_T2EFAC": 0.9796235,
	"J2234+0611_T2EQUAD": 0.40495599,
	"J2234+0944_T2EFAC": 1.037575,
	"J2234+0944_T2EQUAD": 0.09768047,
	"J2302+4442_T2EFAC": 1.0167225,
	"J2302+4442_T2EQUAD": 0.08896155,
	"J2317+1439_T2EFAC": 1.11751,
	"J2317+1439_T2EQUAD": 0.18016576,
	"J2322+2057_T2EFAC": 0.989744,
	"J2322+2057_T2EQUAD": 0.00967722
}