{
    "gw_log10_rho_0": -7.84647796286525,
    "gw_log10_rho_1": -7.943596108686908,
    "gw_log10_rho_2": -7.732283122833774,
    "gw_log10_rho_3": -7.623940419604441,
    "gw_log10_rho_4": -7.397522649248684,
    "gw_log10_rho_5": -6.804350155765962,
    "gw_log10_rho_6": -6.673230846501453,
    "gw_log10_rho_7": -7.539104370955654,
    "gw_log10_rho_8": -7.776056592858611,
    "gw_log10_rho_9": -7.832697031851179,
    "gw_log10_rho_10": -7.927059153486338,
    "gw_log10_rho_11": -8.315789131125646,
    "gw_log10_rho_12": -8.059644722196007,
    "gw_log10_rho_13": -8.223258053244844,
    "gw_log10_rho_14": -8.233806761763054,
    "gw_log10_rho_15": -8.339031055663712,
    "gw_log10_rho_16": -8.4500631008247,
    "gw_log10_rho_17": -8.298574676960602,
    "gw_log10_rho_18": -8.255740689006542,
    "gw_log10_rho_19": -8.17808790893183
}