{
    "gw_gamma": 1.6040559096754183,
    "gw_log10_A": -13.833878907409618
}