{
    "gw_log10_rho_0": -8.136533988367132,
    "gw_log10_rho_1": -7.735241077045084,
    "gw_log10_rho_2": -7.430821690768807,
    "gw_log10_rho_3": -7.333689589162391,
    "gw_log10_rho_4": -7.453799695324344,
    "gw_log10_rho_5": -7.540055978480242,
    "gw_log10_rho_6": -7.780233907695067,
    "gw_log10_rho_7": -7.755197484948493,
    "gw_log10_rho_8": -8.050588403440377,
    "gw_log10_rho_9": -7.975901852692871,
    "gw_log10_rho_10": -7.914502207657777,
    "gw_log10_rho_11": -8.43974386142872,
    "gw_log10_rho_12": -8.147561693116081,
    "gw_log10_rho_13": -8.172036297598902,
    "gw_log10_rho_14": -9.45768737693723,
    "gw_log10_rho_15": -9.39090798687179,
    "gw_log10_rho_16": -8.177468870102201,
    "gw_log10_rho_17": -8.336275928409275,
    "gw_log10_rho_18": -8.149354551593191,
    "gw_log10_rho_19": -8.478020546977358
}