{
    "gw_gamma": 2.2375320497997095,
    "gw_log10_A": -12.764049002354081
}