{
    "gw_gamma": 1.6886185664679187,
    "gw_log10_A": -13.857472421946419
}