{
    "J0024-2029_red_noise_gamma": 2.0235562799608053,
    "J0024-2029_red_noise_log10_A": -12.862738306479443,
    "J0114+7148_red_noise_gamma": 2.1700115605390384,
    "J0114+7148_red_noise_log10_A": -14.119379419088038,
    "J0234+0837_red_noise_gamma": 1.3315225937349005,
    "J0234+0837_red_noise_log10_A": -13.51684495114129,
    "J0354-4032_red_noise_gamma": 1.847173518762425,
    "J0354-4032_red_noise_log10_A": -13.49305881496465,
    "J0444+4032_red_noise_gamma": 1.963625362023591,
    "J0444+4032_red_noise_log10_A": -13.525065205460766,
    "J0604-0837_red_noise_gamma": 1.4459235362802205,
    "J0604-0837_red_noise_log10_A": -12.539708860019724,
    "J0724-7148_red_noise_gamma": 1.5387695790359404,
    "J0724-7148_red_noise_log10_A": -13.691530251754205,
    "J0814+2029_red_noise_gamma": 1.5490604613478174,
    "J0814+2029_red_noise_log10_A": -12.534536569773751,
    "J0934-2644_red_noise_gamma": 2.029695952690901,
    "J0934-2644_red_noise_log10_A": -13.753680434070116,
    "J1024+5812_red_noise_gamma": 2.497367469389453,
    "J1024+5812_red_noise_log10_A": -12.129458476729798,
    "J1144+0251_red_noise_gamma": 1.8885314395819697,
    "J1144+0251_red_noise_log10_A": -12.850340479125718,
    "J1304-4835_red_noise_gamma": 1.2330057956053202,
    "J1304-4835_red_noise_log10_A": -13.002641346047566,
    "J1354+3322_red_noise_gamma": 1.768777662710162,
    "J1354+3322_red_noise_log10_A": -13.469578780074059,
    "J1514-1428_red_noise_gamma": 1.2519262405963483,
    "J1514-1428_red_noise_log10_A": -13.251407664771374,
    "J1724+1428_red_noise_gamma": 1.169572947264577,
    "J1724+1428_red_noise_log10_A": -13.638684183711131,
    "J1844-3322_red_noise_gamma": 1.9580271882709281,
    "J1844-3322_red_noise_log10_A": -12.780798213616485,
    "J1934+4835_red_noise_gamma": 2.082479057265341,
    "J1934+4835_red_noise_log10_A": -13.27106989765341,
    "J2054-0251_red_noise_gamma": 2.078423090583851,
    "J2054-0251_red_noise_log10_A": -13.089105005039231,
    "J2214-5812_red_noise_gamma": 2.2457998678139557,
    "J2214-5812_red_noise_log10_A": -13.159649661681092,
    "J2304+2644_red_noise_gamma": 2.1000342852894414,
    "J2304+2644_red_noise_log10_A": -13.877932461639322,
    "gw_log10_rho_0": -6.991492643690746,
    "gw_log10_rho_1": -7.073616101208482,
    "gw_log10_rho_2": -7.705271751760127,
    "gw_log10_rho_3": -8.268516487315635,
    "gw_log10_rho_4": -7.507876542458773,
    "gw_log10_rho_5": -7.59748391055299,
    "gw_log10_rho_6": -5.896990194157666,
    "gw_log10_rho_7": -7.819721605277913,
    "gw_log10_rho_8": -7.6762720931515,
    "gw_log10_rho_9": -7.508877171651736,
    "gw_log10_rho_10": -9.741554926937129,
    "gw_log10_rho_11": -9.575014533887071,
    "gw_log10_rho_12": -8.282666954222053,
    "gw_log10_rho_13": -9.577751915081357,
    "gw_log10_rho_14": -7.839151174556255,
    "gw_log10_rho_15": -7.753882818135638,
    "gw_log10_rho_16": -8.453349371701131,
    "gw_log10_rho_17": -9.015622775025891,
    "gw_log10_rho_18": -8.244848538086693,
    "gw_log10_rho_19": -9.810424435244457
}