{
    "J0024-2029_red_noise_gamma": 0.7699050118670988,
    "J0024-2029_red_noise_log10_A": -12.93911393521168,
    "J0114+7148_red_noise_gamma": 0.9099974548361592,
    "J0114+7148_red_noise_log10_A": -13.952543080629514,
    "J0234+0837_red_noise_gamma": 1.3307956679371764,
    "J0234+0837_red_noise_log10_A": -11.785199266458749,
    "J0354-4032_red_noise_gamma": 2.286836783581878,
    "J0354-4032_red_noise_log10_A": -11.100503652652497,
    "J0444+4032_red_noise_gamma": 2.3100144980955255,
    "J0444+4032_red_noise_log10_A": -14.256806256678297,
    "J0604-0837_red_noise_gamma": 0.523536575655812,
    "J0604-0837_red_noise_log10_A": -13.196142259737258,
    "J0724-7148_red_noise_gamma": 1.403165128966507,
    "J0724-7148_red_noise_log10_A": -12.452420920040277,
    "J0814+2029_red_noise_gamma": 2.423185899955584,
    "J0814+2029_red_noise_log10_A": -11.469301027765892,
    "J0934-2644_red_noise_gamma": 3.2357716580066693,
    "J0934-2644_red_noise_log10_A": -13.48155202528804,
    "J1024+5812_red_noise_gamma": 2.7621582769562054,
    "J1024+5812_red_noise_log10_A": -12.966216950687837,
    "J1144+0251_red_noise_gamma": 1.2600107884462883,
    "J1144+0251_red_noise_log10_A": -13.92249792565047,
    "J1304-4835_red_noise_gamma": 2.694549002324207,
    "J1304-4835_red_noise_log10_A": -12.648369151817164,
    "J1354+3322_red_noise_gamma": 1.4557751487883845,
    "J1354+3322_red_noise_log10_A": -13.30047412146096,
    "J1514-1428_red_noise_gamma": 2.1222465581168835,
    "J1514-1428_red_noise_log10_A": -12.065474654211373,
    "J1724+1428_red_noise_gamma": 2.14106298240504,
    "J1724+1428_red_noise_log10_A": -13.184170408411326,
    "J1844-3322_red_noise_gamma": 1.8110733030314061,
    "J1844-3322_red_noise_log10_A": -13.632557676287709,
    "J1934+4835_red_noise_gamma": 1.4699856024001576,
    "J1934+4835_red_noise_log10_A": -14.022124836426855,
    "J2054-0251_red_noise_gamma": 1.917147273197247,
    "J2054-0251_red_noise_log10_A": -12.423324011792337,
    "J2214-5812_red_noise_gamma": 1.9369313210547894,
    "J2214-5812_red_noise_log10_A": -13.350722930547532,
    "J2304+2644_red_noise_gamma": 0.39824172243285183,
    "J2304+2644_red_noise_log10_A": -13.357809544029065,
    "gw_log10_rho_0": -6.86616814671442,
    "gw_log10_rho_1": -7.669423880042439,
    "gw_log10_rho_2": -7.573949160537595,
    "gw_log10_rho_3": -7.60609600378814,
    "gw_log10_rho_4": -7.543234595652037,
    "gw_log10_rho_5": -7.795840651099229,
    "gw_log10_rho_6": -5.905955740115441,
    "gw_log10_rho_7": -7.877190759628577,
    "gw_log10_rho_8": -7.788554213683916,
    "gw_log10_rho_9": -8.165808000494494,
    "gw_log10_rho_10": -8.06359131942436,
    "gw_log10_rho_11": -8.30828377796998,
    "gw_log10_rho_12": -7.831570884713128,
    "gw_log10_rho_13": -8.104645051754222,
    "gw_log10_rho_14": -9.554769067989145,
    "gw_log10_rho_15": -8.315900406647014,
    "gw_log10_rho_16": -8.257159252199472,
    "gw_log10_rho_17": -8.048038198720946,
    "gw_log10_rho_18": -8.293903113150126,
    "gw_log10_rho_19": -8.168703590439485
}