{
    "gw_gamma": 0.2100023605911695,
    "gw_log10_A": -17.926280410759137
}