{
    "gw_gamma": 2.016343751049724,
    "gw_log10_A": -13.887123294357881
}