{
    "gw_gamma": 8.78318864128147e-06,
    "gw_log10_A": -17.99999733038828
}