{
    "gw_gamma": 0.5600083350027456,
    "gw_log10_A": -17.963748808543368
}