{
    "gw_log10_rho_0": -8.054568492200579,
    "gw_log10_rho_1": -8.01970602003737,
    "gw_log10_rho_2": -7.938975904257053,
    "gw_log10_rho_3": -8.212526623321205,
    "gw_log10_rho_4": -8.501185823694005,
    "gw_log10_rho_5": -8.411621582596128,
    "gw_log10_rho_6": -8.180943566496095,
    "gw_log10_rho_7": -8.234333496532887,
    "gw_log10_rho_8": -9.81095842786279,
    "gw_log10_rho_9": -9.938153464535105,
    "gw_log10_rho_10": -9.73895450035622,
    "gw_log10_rho_11": -9.509149415656614,
    "gw_log10_rho_12": -9.572842035933478,
    "gw_log10_rho_13": -9.441658291848427,
    "gw_log10_rho_14": -9.83631818866591,
    "gw_log10_rho_15": -8.26008314713955,
    "gw_log10_rho_16": -8.349004206642888,
    "gw_log10_rho_17": -8.186334716383165,
    "gw_log10_rho_18": -9.331441731546118,
    "gw_log10_rho_19": -9.507288060041821
}