{
    "gw_gamma": 5.724527922419675e-07,
    "gw_log10_A": -10.102031702031434
}