{
    "gw_gamma": 0.7263640271401693,
    "gw_log10_A": -14.405098295958549
}