{
    "gw_gamma": 6.997480256438985,
    "gw_log10_A": -13.602782770729332
}