{
    "J0024-2029_red_noise_gamma": 1.330001643653488,
    "J0024-2029_red_noise_log10_A": -13.947838963751817,
    "J0114+7148_red_noise_gamma": 0.9925674578469161,
    "J0114+7148_red_noise_log10_A": -13.166723342617932,
    "J0234+0837_red_noise_gamma": 1.9646992659168212,
    "J0234+0837_red_noise_log10_A": -12.833064064250127,
    "J0354-4032_red_noise_gamma": 1.6884255848514185,
    "J0354-4032_red_noise_log10_A": -12.712967721024734,
    "J0444+4032_red_noise_gamma": 1.7062670064512708,
    "J0444+4032_red_noise_log10_A": -13.012263557136695,
    "J0604-0837_red_noise_gamma": 2.220968050873439,
    "J0604-0837_red_noise_log10_A": -12.21543217427105,
    "J0724-7148_red_noise_gamma": 2.1866823396754045,
    "J0724-7148_red_noise_log10_A": -12.493428446254633,
    "J0814+2029_red_noise_gamma": 1.7427733475203981,
    "J0814+2029_red_noise_log10_A": -13.091943191059508,
    "J0934-2644_red_noise_gamma": 1.9354751008497013,
    "J0934-2644_red_noise_log10_A": -12.818011418589728,
    "J1024+5812_red_noise_gamma": 1.8185540586764914,
    "J1024+5812_red_noise_log10_A": -12.886799871871276,
    "J1144+0251_red_noise_gamma": 2.3597507421023436,
    "J1144+0251_red_noise_log10_A": -12.924825140422776,
    "J1304-4835_red_noise_gamma": 3.131313209232755,
    "J1304-4835_red_noise_log10_A": -13.597811696670988,
    "J1354+3322_red_noise_gamma": 2.0762040672671622,
    "J1354+3322_red_noise_log10_A": -12.162771595737265,
    "J1514-1428_red_noise_gamma": 2.213824171692546,
    "J1514-1428_red_noise_log10_A": -13.211828220163698,
    "J1724+1428_red_noise_gamma": 2.041279466677517,
    "J1724+1428_red_noise_log10_A": -12.191360147017694,
    "J1844-3322_red_noise_gamma": 1.5577466769111568,
    "J1844-3322_red_noise_log10_A": -12.528490222105443,
    "J1934+4835_red_noise_gamma": 1.9979591158742909,
    "J1934+4835_red_noise_log10_A": -12.279631884869149,
    "J2054-0251_red_noise_gamma": 1.8190984268651258,
    "J2054-0251_red_noise_log10_A": -12.288804482717923,
    "J2214-5812_red_noise_gamma": 2.499726122760594,
    "J2214-5812_red_noise_log10_A": -12.605499612717043,
    "J2304+2644_red_noise_gamma": 1.8148431939818919,
    "J2304+2644_red_noise_log10_A": -12.158951699273075,
    "gw_log10_rho_0": -6.093579270109125,
    "gw_log10_rho_1": -7.456464974956543,
    "gw_log10_rho_2": -9.748762077327093,
    "gw_log10_rho_3": -7.465710212052583,
    "gw_log10_rho_4": -7.584849052160335,
    "gw_log10_rho_5": -7.960527801478142,
    "gw_log10_rho_6": -6.627764974829132,
    "gw_log10_rho_7": -9.375639845108768,
    "gw_log10_rho_8": -7.466380905484641,
    "gw_log10_rho_9": -7.928244707911205,
    "gw_log10_rho_10": -7.627021862590225,
    "gw_log10_rho_11": -7.885546523934048,
    "gw_log10_rho_12": -8.295926479196195,
    "gw_log10_rho_13": -9.149343474004736,
    "gw_log10_rho_14": -9.886515348073841,
    "gw_log10_rho_15": -8.078628441738195,
    "gw_log10_rho_16": -9.969180184761502,
    "gw_log10_rho_17": -7.806075480303203,
    "gw_log10_rho_18": -7.753264889991854,
    "gw_log10_rho_19": -8.221307619259743
}