{
    "J0024-2029_red_noise_gamma": 2.2170862596217913,
    "J0024-2029_red_noise_log10_A": -12.853091690476903,
    "J0114+7148_red_noise_gamma": 1.7495480997385,
    "J0114+7148_red_noise_log10_A": -13.747323952812902,
    "J0234+0837_red_noise_gamma": 1.8639146318150965,
    "J0234+0837_red_noise_log10_A": -12.82419076797154,
    "J0354-4032_red_noise_gamma": 2.0999778527986255,
    "J0354-4032_red_noise_log10_A": -14.077431286718493,
    "J0444+4032_red_noise_gamma": 2.2136655038341875,
    "J0444+4032_red_noise_log10_A": -12.672492620426098,
    "J0604-0837_red_noise_gamma": 1.8899752183853076,
    "J0604-0837_red_noise_log10_A": -13.756392656516542,
    "J0724-7148_red_noise_gamma": 1.7274656347858697,
    "J0724-7148_red_noise_log10_A": -12.42663927300661,
    "J0814+2029_red_noise_gamma": 2.5254409873117662,
    "J0814+2029_red_noise_log10_A": -12.402340631750974,
    "J0934-2644_red_noise_gamma": 1.8622687835146734,
    "J0934-2644_red_noise_log10_A": -12.150978964734078,
    "J1024+5812_red_noise_gamma": 1.9814852728248828,
    "J1024+5812_red_noise_log10_A": -12.249297606578848,
    "J1144+0251_red_noise_gamma": 2.1646773865056357,
    "J1144+0251_red_noise_log10_A": -13.051578510143395,
    "J1304-4835_red_noise_gamma": 1.8199979921021836,
    "J1304-4835_red_noise_log10_A": -13.804201556849861,
    "J1354+3322_red_noise_gamma": 1.9448284764716082,
    "J1354+3322_red_noise_log10_A": -12.509620572608402,
    "J1514-1428_red_noise_gamma": 1.7481508978273763,
    "J1514-1428_red_noise_log10_A": -13.244840231715127,
    "J1724+1428_red_noise_gamma": 2.030004250575989,
    "J1724+1428_red_noise_log10_A": -13.812122735845005,
    "J1844-3322_red_noise_gamma": 2.8000083248104763,
    "J1844-3322_red_noise_log10_A": -13.904791356047365,
    "J1934+4835_red_noise_gamma": 2.027507668116952,
    "J1934+4835_red_noise_log10_A": -13.370025649714162,
    "J2054-0251_red_noise_gamma": 2.115249196755115,
    "J2054-0251_red_noise_log10_A": -12.992026648508872,
    "J2214-5812_red_noise_gamma": 2.107887290944138,
    "J2214-5812_red_noise_log10_A": -12.892788358381242,
    "J2304+2644_red_noise_gamma": 2.4499955552538424,
    "J2304+2644_red_noise_log10_A": -14.338586551928012,
    "gw_log10_rho_0": -6.925195565451937,
    "gw_log10_rho_1": -7.026346691827637,
    "gw_log10_rho_2": -7.411643245274667,
    "gw_log10_rho_3": -7.481303482977086,
    "gw_log10_rho_4": -7.589188006493899,
    "gw_log10_rho_5": -7.460765139297457,
    "gw_log10_rho_6": -6.581598288638305,
    "gw_log10_rho_7": -7.687669625325538,
    "gw_log10_rho_8": -7.678276962533289,
    "gw_log10_rho_9": -7.978405658701904,
    "gw_log10_rho_10": -8.560954815870133,
    "gw_log10_rho_11": -8.625293849512731,
    "gw_log10_rho_12": -8.099995779550078,
    "gw_log10_rho_13": -7.924278403031293,
    "gw_log10_rho_14": -9.627200031395596,
    "gw_log10_rho_15": -9.491695152331793,
    "gw_log10_rho_16": -8.787460633240602,
    "gw_log10_rho_17": -8.13096192298874,
    "gw_log10_rho_18": -8.227171688626806,
    "gw_log10_rho_19": -8.041027356311925
}