{
    "J0024-2029_red_noise_gamma": 1.7098244240854048,
    "J0024-2029_red_noise_log10_A": -13.460416875806086,
    "J0114+7148_red_noise_gamma": 2.6768218538779296,
    "J0114+7148_red_noise_log10_A": -11.688059001162733,
    "J0234+0837_red_noise_gamma": 0.9882938894413683,
    "J0234+0837_red_noise_log10_A": -13.002447648856311,
    "J0354-4032_red_noise_gamma": 2.3100001742665914,
    "J0354-4032_red_noise_log10_A": -14.344216772040603,
    "J0444+4032_red_noise_gamma": 1.921176055384008,
    "J0444+4032_red_noise_log10_A": -11.757424027733524,
    "J0604-0837_red_noise_gamma": 2.8017523055639013,
    "J0604-0837_red_noise_log10_A": -11.53143845492293,
    "J0724-7148_red_noise_gamma": 1.3373968518427992,
    "J0724-7148_red_noise_log10_A": -12.452667872282811,
    "J0814+2029_red_noise_gamma": 2.4570238724450597,
    "J0814+2029_red_noise_log10_A": -12.29314677201531,
    "J0934-2644_red_noise_gamma": 1.6708168579694624,
    "J0934-2644_red_noise_log10_A": -11.87799381028282,
    "J1024+5812_red_noise_gamma": 1.487691408168019,
    "J1024+5812_red_noise_log10_A": -13.609136238612201,
    "J1144+0251_red_noise_gamma": 2.054492520320327,
    "J1144+0251_red_noise_log10_A": -12.933685760776523,
    "J1304-4835_red_noise_gamma": 4.060001604282592,
    "J1304-4835_red_noise_log10_A": -14.231922132831745,
    "J1354+3322_red_noise_gamma": 2.8756403057457103,
    "J1354+3322_red_noise_log10_A": -11.898814777031282,
    "J1514-1428_red_noise_gamma": 0.8884243074013022,
    "J1514-1428_red_noise_log10_A": -12.241685580546429,
    "J1724+1428_red_noise_gamma": 1.591975772896658,
    "J1724+1428_red_noise_log10_A": -13.229540799056492,
    "J1844-3322_red_noise_gamma": 3.437717455820686,
    "J1844-3322_red_noise_log10_A": -11.942651672151891,
    "J1934+4835_red_noise_gamma": 2.6103022286090782,
    "J1934+4835_red_noise_log10_A": -12.324062297257203,
    "J2054-0251_red_noise_gamma": 3.168250343421749,
    "J2054-0251_red_noise_log10_A": -11.758704060199376,
    "J2214-5812_red_noise_gamma": 3.1825453487059288,
    "J2214-5812_red_noise_log10_A": -12.478146126199785,
    "J2304+2644_red_noise_gamma": 2.2390750592686843,
    "J2304+2644_red_noise_log10_A": -12.09122535481104,
    "gw_log10_rho_0": -6.5263384066525365,
    "gw_log10_rho_1": -7.402674348434065,
    "gw_log10_rho_2": -7.601442091855251,
    "gw_log10_rho_3": -7.566714533385353,
    "gw_log10_rho_4": -7.476025874325824,
    "gw_log10_rho_5": -9.909149214177619,
    "gw_log10_rho_6": -6.626719662450001,
    "gw_log10_rho_7": -8.315388101068795,
    "gw_log10_rho_8": -9.323855183171176,
    "gw_log10_rho_9": -8.064789416047967,
    "gw_log10_rho_10": -8.047276235748917,
    "gw_log10_rho_11": -8.210411630683161,
    "gw_log10_rho_12": -9.737566428942557,
    "gw_log10_rho_13": -8.173960968796868,
    "gw_log10_rho_14": -8.174203027881607,
    "gw_log10_rho_15": -8.10920227294135,
    "gw_log10_rho_16": -9.999995027396587,
    "gw_log10_rho_17": -7.876215689546944,
    "gw_log10_rho_18": -8.413433362726618,
    "gw_log10_rho_19": -9.23022060547438
}