{
    "gw_gamma": 6.99686184226687,
    "gw_log10_A": -13.650801887832925
}