{
    "gw_gamma": 3.418537010000918,
    "gw_log10_A": -13.913533747876059
}