{
    "gw_gamma": 6.997119949233595,
    "gw_log10_A": -13.68194437633083
}