{
    "gw_gamma": 0.607487213118034,
    "gw_log10_A": -14.333358610003605
}