{
    "cos_gwtheta": [
        -0.30024530867388893,
        -0.0947918901373841,
        0.09115970515752081
    ],
    "cos_inc": [
        0.026298056043015938,
        0.08262734712100617,
        0.15119369108835268
    ],
    "gwphi": [
        3.0236873783991314,
        3.1669499992934202,
        3.2904315888508413
    ],
    "log10_Mc": [
        null,
        9.172614577196313,
        null
    ],
    "log10_fgw": [
        -7.666878206630269,
        -7.646022406991864,
        -7.624879600936415
    ],
    "log10_h": [
        -14.126136801176909,
        -14.053005089981877,
        -13.976044493383965
    ],
    "phase0": [
        null,
        3.804665254217051,
        null
    ],
    "psi": [
        1.4920276739913905,
        1.565689772785773,
        1.6288287146095293
    ]
}