{
    "cos_gwtheta": [
        0.04081805540562922,
        0.15395384610258422,
        0.2653638366024671
    ],
    "cos_inc": [
        -0.011972773797555014,
        0.043949083094054986,
        0.09354762047848664
    ],
    "gwphi": [
        2.689980849497529,
        2.7978836813780577,
        2.926631378508234
    ],
    "log10_Mc": [
        null,
        8.445981740003084,
        null
    ],
    "log10_fgw": [
        -7.6762211804818765,
        -7.661711045642179,
        -7.64236419918925
    ],
    "log10_h": [
        -13.849528667497015,
        -13.787893329031643,
        -13.731881652835007
    ],
    "phase0": [
        null,
        0.9204418177568728,
        null
    ],
    "psi": [
        1.6168930173899376,
        1.6809307326597627,
        1.7455088505900929
    ]
}