{
    "cos_gwtheta": [
        -0.8172960338634269,
        -0.7816785941716466,
        -0.7406601492807031
    ],
    "cos_inc": [
        -0.04877753617685465,
        -0.018058224165268366,
        0.018318024090875684
    ],
    "gwphi": [
        2.919215379923957,
        2.979267326539409,
        3.057595952559564
    ],
    "log10_Mc": [
        null,
        9.717284364123664,
        null
    ],
    "log10_fgw": [
        -7.658766885371228,
        -7.655930515304267,
        -7.654123153912762
    ],
    "log10_h": [
        -14.006289273396176,
        -13.962629447706881,
        -13.919273871673957
    ],
    "phase0": [
        null,
        1.7014827709461942,
        null
    ],
    "psi": [
        0.009948348587918685,
        0.11521557406097505,
        0.2058016137855636
    ]
}