{
    "cos_gwtheta": [
        -0.4036350575196851,
        -0.2852813123828675,
        -0.13776547730599842
    ],
    "cos_inc": [
        -0.18055056207501463,
        -0.11313250772218086,
        -0.04140718878569394
    ],
    "gwphi": [
        3.3998785522452564,
        3.554946936771522,
        3.7052028541918003
    ],
    "log10_Mc": [
        null,
        8.580012319969564,
        null
    ],
    "log10_fgw": [
        -7.661439157731725,
        -7.661439157731725,
        -7.639684565674791
    ],
    "log10_h": [
        -14.278737305173586,
        -14.215093531465158,
        -14.144967521545686
    ],
    "phase0": [
        null,
        2.1220828574004056,
        null
    ],
    "psi": [
        1.434319429975188,
        1.5273083648969312,
        1.6068934893795042
    ]
}