{
    "cos_gwtheta": [
        -0.4531334366344244,
        -0.22987220866492575,
        0.05249335494117724
    ],
    "cos_inc": [
        -0.08949434287011127,
        0.009837371528283012,
        0.12780617405731431
    ],
    "gwphi": [
        2.7427249828836624,
        2.908619565793211,
        3.0638494969442887
    ],
    "log10_Mc": [
        null,
        9.363667961210593,
        null
    ],
    "log10_fgw": [
        -7.657105718930974,
        -7.657105718930974,
        -7.636162797770659
    ],
    "log10_h": [
        -14.199726094774089,
        -14.12104273682772,
        -14.047314250288553
    ],
    "phase0": [
        null,
        5.365708616814231,
        null
    ],
    "psi": [
        null,
        3.013332082699197,
        null
    ]
}