{
    "cos_gwtheta": [
        0.005384364079320303,
        0.18468606180914005,
        0.3456021668272473
    ],
    "cos_inc": [
        -0.05935382157636315,
        -0.006985524831482959,
        0.053174594612462434
    ],
    "gwphi": [
        3.0549176992363254,
        3.1802983375959606,
        3.315709427024366
    ],
    "log10_Mc": [
        null,
        8.073302264658544,
        null
    ],
    "log10_fgw": [
        -7.664180485408048,
        -7.643859069671919,
        -7.629004233607497
    ],
    "log10_h": [
        -14.06192369344188,
        -13.977146069763252,
        -13.89413464657793
    ],
    "phase0": [
        null,
        3.9235338611658714,
        null
    ],
    "psi": [
        1.5633779900472884,
        1.6247049219986651,
        1.6871468890764307
    ]
}