{
    "cos_gwtheta": [
        -0.24337489280264335,
        -0.08598979798659423,
        0.13747788227960123
    ],
    "cos_inc": [
        -0.15969924203546682,
        -0.10844651644518,
        -0.05184144925843914
    ],
    "gwphi": [
        3.2558871468976864,
        3.407871829350293,
        3.5394982864397324
    ],
    "log10_Mc": [
        null,
        8.197393203620724,
        null
    ],
    "log10_fgw": [
        -7.666994960285096,
        -7.645086793249265,
        -7.628752893565747
    ],
    "log10_h": [
        -14.139405117826337,
        -14.058560135868087,
        -13.9755182794001
    ],
    "phase0": [
        0.01976754144321785,
        2.422533659101186,
        4.519175128383595
    ],
    "psi": [
        2.9174501924410587,
        3.0433317189316753,
        3.133291718011818
    ]
}