{
    "cos_gwtheta": [
        -0.4633185755094439,
        -0.3519838196590888,
        -0.2470180487418674
    ],
    "cos_inc": [
        -0.00047722992702303735,
        0.05005611165309354,
        0.09318530062073882
    ],
    "gwphi": [
        2.8966171937355165,
        2.964389919633134,
        3.028863973031309
    ],
    "log10_Mc": [
        null,
        9.220341954124534,
        null
    ],
    "log10_fgw": [
        -7.670877407663318,
        -7.657682955028657,
        -7.6465373304428566
    ],
    "log10_h": [
        -13.93434566242258,
        -13.901235005303429,
        -13.869523390034383
    ],
    "phase0": [
        null,
        6.116460554625125,
        null
    ],
    "psi": [
        null,
        0.05490071467852902,
        null
    ]
}