{
    "cos_gwtheta": [
        0.011132253374570356,
        0.174649255947248,
        0.29453952259931293
    ],
    "cos_inc": [
        -0.08205510102608482,
        -0.029245385031827276,
        0.01748065167989188
    ],
    "gwphi": [
        2.9072564563092445,
        3.0413920585014425,
        3.1487005402552013
    ],
    "log10_Mc": [
        null,
        9.554929109904462,
        null
    ],
    "log10_fgw": [
        -7.661526658804412,
        -7.661526658804412,
        -7.643849867246518
    ],
    "log10_h": [
        -14.009610767624478,
        -13.951178296240522,
        -13.877720332214977
    ],
    "phase0": [
        null,
        3.3527107962925426,
        null
    ],
    "psi": [
        null,
        0.009866994411610756,
        null
    ]
}