{
    "cos_gwtheta": [
        -0.5400742055341665,
        -0.3729607195923036,
        -0.126088524450915
    ],
    "cos_inc": [
        -0.09876371035619214,
        -0.044314833452205105,
        0.014631994152546124
    ],
    "gwphi": [
        2.989425590400418,
        3.1047351988685743,
        3.21299531162252
    ],
    "log10_Mc": [
        null,
        9.660031341606674,
        null
    ],
    "log10_fgw": [
        -7.665570233268214,
        -7.6494474972079,
        -7.628735982422726
    ],
    "log10_h": [
        -14.08654202756122,
        -14.034781729819695,
        -13.979786413469325
    ],
    "phase0": [
        null,
        1.8227685527916995,
        null
    ],
    "psi": [
        null,
        0.00987101785843916,
        null
    ]
}