{
    "cos_gwtheta": [
        -0.15836261638771687,
        -0.009001835181546403,
        0.14749893168951844
    ],
    "cos_inc": [
        -0.08933876611351987,
        -0.037957250595407444,
        0.01969030340052358
    ],
    "gwphi": [
        2.9448198568039783,
        3.047182036465301,
        3.153353041416347
    ],
    "log10_Mc": [
        null,
        8.168812267025393,
        null
    ],
    "log10_fgw": [
        -7.6722543259399885,
        -7.645656252725679,
        -7.621956687489852
    ],
    "log10_h": [
        -14.001731346128777,
        -13.94501105828675,
        -13.895770368841475
    ],
    "phase0": [
        null,
        3.1429392193098247,
        null
    ],
    "psi": [
        null,
        3.1332866670737456,
        null
    ]
}