{
    "cos_gwtheta": [
        -0.2135605059775787,
        0.000937498297546413,
        0.18469311759512919
    ],
    "cos_inc": [
        -0.05362181868512106,
        0.0013164938298717566,
        0.05998218448010029
    ],
    "gwphi": [
        3.160215390514842,
        3.3055331554648966,
        3.4676183548322657
    ],
    "log10_Mc": [
        null,
        8.608439148550833,
        null
    ],
    "log10_fgw": [
        -7.669054421497238,
        -7.64446927077116,
        -7.622119133747453
    ],
    "log10_h": [
        -14.114703197365525,
        -14.05056927757892,
        -13.994090051444262
    ],
    "phase0": [
        0.9192896107849211,
        1.8225716347433993,
        5.4288282905610314
    ],
    "psi": [
        null,
        3.088312068639093,
        null
    ]
}