{
    "cos_gwtheta": [
        -0.6396919206338754,
        -0.5878521010203084,
        -0.5384277568726066
    ],
    "cos_inc": [
        -0.11559314044537644,
        -0.07961823468664664,
        -0.04011925652706161
    ],
    "gwphi": [
        3.2056290665606353,
        3.3206754053371745,
        3.433312396704781
    ],
    "log10_Mc": [
        null,
        9.516645444442993,
        null
    ],
    "log10_fgw": [
        -7.675816863123517,
        -7.65899476405478,
        -7.643539460535379
    ],
    "log10_h": [
        -14.064527707327205,
        -14.025450519740321,
        -13.987518451203604
    ],
    "phase0": [
        null,
        4.104334227806211,
        null
    ],
    "psi": [
        1.6019460469442404,
        1.6475715980848138,
        1.694818361702464
    ]
}