{
    "cos_gwtheta": [
        -0.48866925409891787,
        -0.26198647667179686,
        -0.0025944394145878125
    ],
    "cos_inc": [
        -0.09407527455025566,
        -0.03407522022534981,
        0.026967018665993603
    ],
    "gwphi": [
        2.940620833688559,
        3.050510492527067,
        3.146066717604031
    ],
    "log10_Mc": [
        8.19203038102808,
        8.924032757659962,
        9.665182678254101
    ],
    "log10_fgw": [
        -7.67516321421955,
        -7.649720689354347,
        -7.627958529721218
    ],
    "log10_h": [
        -14.135220292126569,
        -14.055603009284317,
        -13.983223661245908
    ],
    "phase0": [
        null,
        6.266436094565751,
        null
    ],
    "psi": [
        1.478462777714832,
        1.5443360935835762,
        1.6168441319139202
    ]
}