{
    "cos_gwtheta": [
        -0.12861779881807556,
        0.017095860042212196,
        0.1338524096258058
    ],
    "cos_inc": [
        -0.05001778899958709,
        -0.005501877086164675,
        0.041349295780093165
    ],
    "gwphi": [
        3.2022358880155743,
        3.3431098898283564,
        3.488800096831319
    ],
    "log10_Mc": [
        null,
        8.006286973997852,
        null
    ],
    "log10_fgw": [
        -7.660371954470997,
        -7.660371954470997,
        -7.643009608657459
    ],
    "log10_h": [
        -14.06093688823849,
        -14.021744521196073,
        -13.976558955169299
    ],
    "phase0": [
        null,
        2.2124884170191446,
        null
    ],
    "psi": [
        null,
        0.00988921798138634,
        null
    ]
}