{
    "cos_gwtheta": [
        -0.14711451445181029,
        -0.0482884763176028,
        0.054078920405960296
    ],
    "cos_inc": [
        0.05507594858310938,
        0.10281014571449243,
        0.150835405023506
    ],
    "gwphi": [
        2.70815833203953,
        2.7934722106038246,
        2.8732462269236843
    ],
    "log10_Mc": [
        null,
        8.57026150607445,
        null
    ],
    "log10_fgw": [
        -7.659417547439639,
        -7.658178318472297,
        -7.655942846609641
    ],
    "log10_h": [
        -13.870685145888835,
        -13.832049969242606,
        -13.790165104841087
    ],
    "phase0": [
        null,
        0.29068244849693814,
        null
    ],
    "psi": [
        1.633267515508782,
        1.682286499532358,
        1.7254515103982633
    ]
}