{
    "cos_gwtheta": [
        -0.27761877731618395,
        -0.1660111801983466,
        -0.06774645895013864
    ],
    "cos_inc": [
        -0.17810199721239584,
        -0.12528048445812046,
        -0.07674643215467913
    ],
    "gwphi": [
        3.5189717456509455,
        3.6672398046880845,
        3.7953157156073254
    ],
    "log10_Mc": [
        null,
        9.27754146621172,
        null
    ],
    "log10_fgw": [
        -7.669801630880118,
        -7.656073302584744,
        -7.6440228810810265
    ],
    "log10_h": [
        -14.181872226388306,
        -14.130502181570947,
        -14.08235461188973
    ],
    "phase0": [
        null,
        3.773904777327111,
        null
    ],
    "psi": [
        1.429190876355184,
        1.4924804998272232,
        1.565244617831005
    ]
}