{
    "cos_gwtheta": [
        0.08020839252385548,
        0.29164741102115455,
        0.47875996804774357
    ],
    "cos_inc": [
        -0.2170900844523388,
        -0.13575162757466086,
        -0.05952046915209286
    ],
    "gwphi": [
        3.087494467994633,
        3.254144412033279,
        3.433895766766788
    ],
    "log10_Mc": [
        null,
        8.656365176041266,
        null
    ],
    "log10_fgw": [
        -7.6717505428840465,
        -7.6429497075805495,
        -7.621559613524736
    ],
    "log10_h": [
        -14.229742606663013,
        -14.130853086978439,
        -14.042331016938215
    ],
    "phase0": [
        null,
        2.992915419062771,
        null
    ],
    "psi": [
        null,
        1.6316846451539229,
        null
    ]
}