{
    "cos_gwtheta": [
        -0.6496873577711215,
        -0.5552007682666563,
        -0.38887032151735457
    ],
    "cos_inc": [
        -0.10134143695326459,
        -0.05194467213950604,
        0.0035852480370346385
    ],
    "gwphi": [
        2.7798643320910514,
        2.871852776836608,
        2.9858162389380483
    ],
    "log10_Mc": [
        null,
        9.966079811542976,
        null
    ],
    "log10_fgw": [
        -7.659489799480104,
        -7.659489799480104,
        -7.641764466363463
    ],
    "log10_h": [
        -14.021012832717437,
        -13.967109996473463,
        -13.906924007538471
    ],
    "phase0": [
        null,
        5.576191808695206,
        null
    ],
    "psi": [
        null,
        3.1332949430523866,
        null
    ]
}