{
    "cos_gwtheta": [
        -0.3474613850259228,
        -0.23241066346283018,
        -0.12958242040297596
    ],
    "cos_inc": [
        -0.04442241136171765,
        0.001005458253335978,
        0.046433327868389496
    ],
    "gwphi": [
        2.9165750051281085,
        3.0091041549642843,
        3.102721883033827
    ],
    "log10_Mc": [
        null,
        9.621831570030881,
        null
    ],
    "log10_fgw": [
        -7.669217753976601,
        -7.655492699506838,
        -7.644762202375932
    ],
    "log10_h": [
        -13.914941818102173,
        -13.868414695251984,
        -13.82525605188416
    ],
    "phase0": [
        null,
        0.4703176733679857,
        null
    ],
    "psi": [
        1.4830883392411538,
        1.5267172123597452,
        1.5783721517595872
    ]
}