{
    "cos_gwtheta": [
        null,
        -0.814413604170256,
        null
    ],
    "cos_inc": [
        0.046255515826841065,
        0.1554380794973036,
        0.21861889868423212
    ],
    "gwphi": [
        2.713377421259949,
        2.852918773611287,
        3.0011042805330614
    ],
    "log10_Mc": [
        null,
        9.75566704161181,
        null
    ],
    "log10_fgw": [
        -7.68580392533486,
        -7.656905105657504,
        -7.6321866183863065
    ],
    "log10_h": [
        -14.064185188085185,
        -14.000576871166507,
        -13.919476267095192
    ],
    "phase0": [
        null,
        1.7931747365447708,
        null
    ],
    "psi": [
        null,
        1.5717338290953147,
        null
    ]
}