{
    "cos_gwtheta": [
        -0.4245015925058151,
        -0.2672763983357559,
        -0.12220577029854429
    ],
    "cos_inc": [
        -0.15673974135768443,
        -0.10316438798039052,
        -0.04134667254505142
    ],
    "gwphi": [
        2.6466798883488964,
        2.743998939989551,
        2.8422847371763043
    ],
    "log10_Mc": [
        null,
        9.37326252456492,
        null
    ],
    "log10_fgw": [
        -7.654362600412966,
        -7.654362600412966,
        -7.638470784643672
    ],
    "log10_h": [
        -14.038921348228495,
        -13.978984097594118,
        -13.918786250217853
    ],
    "phase0": [
        null,
        3.713249783761747,
        null
    ],
    "psi": [
        1.3605400338012805,
        1.4253765671780783,
        1.4897256078227197
    ]
}