{
    "cos_gwtheta": [
        -0.2096346021828127,
        -0.09730364060035446,
        0.033868092175095454
    ],
    "cos_inc": [
        -0.10725534803869763,
        -0.05088672220297774,
        0.007521557857061101
    ],
    "gwphi": [
        2.9278299803462873,
        3.023841844841617,
        3.129359834534504
    ],
    "log10_Mc": [
        null,
        8.006288418186656,
        null
    ],
    "log10_fgw": [
        -7.657610149506752,
        -7.657610149506752,
        -7.6427840469757005
    ],
    "log10_h": [
        -13.966113152948473,
        -13.91309851136453,
        -13.867683870846815
    ],
    "phase0": [
        null,
        2.602419779798101,
        null
    ],
    "psi": [
        1.4990506361081368,
        1.5501423366438596,
        1.5986943912465197
    ]
}