{
    "cos_gwtheta": [
        -0.44698414876953396,
        -0.34455481317275727,
        -0.2273252445355307
    ],
    "cos_inc": [
        -0.07615389433673425,
        -0.02738648762343987,
        0.014597482817704455
    ],
    "gwphi": [
        3.226807086906755,
        3.3512072859975723,
        3.474411329327901
    ],
    "log10_Mc": [
        null,
        8.618240688461764,
        null
    ],
    "log10_fgw": [
        -7.667746178725998,
        -7.655103594520493,
        -7.644345619140654
    ],
    "log10_h": [
        -13.98259437932846,
        -13.933115530298078,
        -13.885207438379771
    ],
    "phase0": [
        null,
        4.974878242692631,
        null
    ],
    "psi": [
        null,
        0.009868589281385376,
        null
    ]
}