{
    "cos_gwtheta": [
        -0.21800230897607487,
        -0.031236160174600514,
        0.14154143092311977
    ],
    "cos_inc": [
        0.02619072315350346,
        0.08231481065730817,
        0.1461271293260178
    ],
    "gwphi": [
        3.1376926722505547,
        3.259441344020159,
        3.398320482169406
    ],
    "log10_Mc": [
        null,
        9.889464619505102,
        null
    ],
    "log10_fgw": [
        -7.658894410073623,
        -7.645950235113439,
        -7.633264943652459
    ],
    "log10_h": [
        -14.082407934530854,
        -14.03045422143009,
        -13.973672096331109
    ],
    "phase0": [
        null,
        2.1519773864117653,
        null
    ],
    "psi": [
        null,
        3.1332906168314536,
        null
    ]
}