{
    "cos_gwtheta": [
        -0.8418488868933318,
        -0.7809502678988558,
        -0.7257208897116734
    ],
    "cos_inc": [
        0.04456484712953501,
        0.11248880892929769,
        0.16732826817273216
    ],
    "gwphi": [
        2.8730681770248006,
        2.9792154708506717,
        3.1216618392491204
    ],
    "log10_Mc": [
        null,
        9.334942198667868,
        null
    ],
    "log10_fgw": [
        -7.682413649808162,
        -7.658415163778044,
        -7.632188246902272
    ],
    "log10_h": [
        -14.112405607063074,
        -14.053814495046044,
        -13.985914514764625
    ],
    "phase0": [
        null,
        1.7915168068483915,
        null
    ],
    "psi": [
        1.5890336310815503,
        1.6591329337026508,
        1.7271171711584594
    ]
}