{
    "cos_gwtheta": [
        -0.2306026182989095,
        -0.09944390198417241,
        0.055222866080424926
    ],
    "cos_inc": [
        -0.14606479663327582,
        -0.10131529549745882,
        -0.06450883081324932
    ],
    "gwphi": [
        3.0493945686599977,
        3.1417198648580174,
        3.236412476343166
    ],
    "log10_Mc": [
        null,
        9.99468321562815,
        null
    ],
    "log10_fgw": [
        -7.678574626421427,
        -7.65450774357545,
        -7.635555073334243
    ],
    "log10_h": [
        -13.947902789559924,
        -13.89348018263986,
        -13.845795612767043
    ],
    "phase0": [
        null,
        6.266596099342789,
        null
    ],
    "psi": [
        1.5047260829589602,
        1.5497256368708434,
        1.5938428465883758
    ]
}