{
    "cos_gwtheta": [
        -0.3519306728475188,
        -0.19648170406714882,
        0.042755361360796384
    ],
    "cos_inc": [
        -0.02845309223990289,
        0.035924429923069434,
        0.09792493588310114
    ],
    "gwphi": [
        2.9002524869577946,
        3.0184506894242547,
        3.153184391717629
    ],
    "log10_Mc": [
        null,
        9.0483152130803,
        null
    ],
    "log10_fgw": [
        -7.680787668574717,
        -7.656386596679305,
        -7.629352315586548
    ],
    "log10_h": [
        -14.076015235963569,
        -14.009762236964278,
        -13.926755606034131
    ],
    "phase0": [
        1.4728297701061634,
        4.224063056718073,
        5.99262378205829
    ],
    "psi": [
        null,
        3.1332866682113965,
        null
    ]
}