{
    "cos_gwtheta": [
        0.17046543907468037,
        0.2980795844883536,
        0.4057659954830747
    ],
    "cos_inc": [
        0.0016328997770140852,
        0.04701587259104889,
        0.09149118594880301
    ],
    "gwphi": [
        3.041643164288657,
        3.1497652284250908,
        3.2807378318893274
    ],
    "log10_Mc": [
        null,
        8.895426695930611,
        null
    ],
    "log10_fgw": [
        -7.673761715275377,
        -7.652069330773266,
        -7.629154840102021
    ],
    "log10_h": [
        -13.910966509147077,
        -13.854817038706699,
        -13.801564167931899
    ],
    "phase0": [
        1.753467456899946,
        4.434050224688015,
        6.266291953404492
    ],
    "psi": [
        null,
        0.009866489026905977,
        null
    ]
}