{
    "cos_gwtheta": [
        -0.061711731128874514,
        0.08984588254944592,
        0.2078895276011108
    ],
    "cos_inc": [
        -0.13497833576493945,
        -0.08418817602945294,
        -0.02712278420309555
    ],
    "gwphi": [
        3.103812004460182,
        3.2238317064390354,
        3.3522248759978086
    ],
    "log10_Mc": [
        null,
        8.532051749097526,
        null
    ],
    "log10_fgw": [
        -7.66450021637435,
        -7.66450021637435,
        -7.645169341662277
    ],
    "log10_h": [
        -14.055197602113564,
        -13.985928988678262,
        -13.924283237008568
    ],
    "phase0": [
        null,
        4.734377326744063,
        null
    ],
    "psi": [
        null,
        0.009876383847463166,
        null
    ]
}