{
    "cos_gwtheta": [
        -0.07742719459444247,
        0.12805811652738774,
        0.2691786819544404
    ],
    "cos_inc": [
        -0.3395812320382211,
        -0.21136808130400841,
        -0.10439621375113539
    ],
    "gwphi": [
        2.5407078503344156,
        2.667026376991931,
        2.810085913206466
    ],
    "log10_Mc": [
        null,
        8.101776618506946,
        null
    ],
    "log10_fgw": [
        -7.666214273683717,
        -7.649405340516379,
        -7.6301603300784135
    ],
    "log10_h": [
        -14.133666743326444,
        -14.048809276983548,
        -13.978187767165284
    ],
    "phase0": [
        null,
        1.3411262781917626,
        null
    ],
    "psi": [
        null,
        2.9983429538639985,
        null
    ]
}