{
    "cos_gwtheta": [
        0.14664474939974415,
        0.26731509046930235,
        0.3778984370841295
    ],
    "cos_inc": [
        0.0779771518668596,
        0.13447222602289555,
        0.18669619491627587
    ],
    "gwphi": [
        2.8510819943110453,
        2.9729087971552617,
        3.088068461535367
    ],
    "log10_Mc": [
        null,
        8.551149295201885,
        null
    ],
    "log10_fgw": [
        -7.683413918312445,
        -7.6538156277912845,
        -7.630992849558101
    ],
    "log10_h": [
        -13.894460972646058,
        -13.839936144513931,
        -13.780776705990574
    ],
    "phase0": [
        null,
        5.90659367593417,
        null
    ],
    "psi": [
        null,
        0.009880826959890666,
        null
    ]
}