{
    "cos_gwtheta": [
        -0.22466502812488032,
        -0.015564660967775756,
        0.1864601817441196
    ],
    "cos_inc": [
        -0.0008883638395393856,
        0.08138053927756994,
        0.17089694100261532
    ],
    "gwphi": [
        2.795914677794975,
        2.898372683249274,
        3.020719595644702
    ],
    "log10_Mc": [
        null,
        9.38284175287915,
        null
    ],
    "log10_fgw": [
        -7.682572180326835,
        -7.655179976570713,
        -7.629974545383356
    ],
    "log10_h": [
        -13.948657301290813,
        -13.880329604793358,
        -13.821391971849646
    ],
    "phase0": [
        null,
        5.545481062204346,
        null
    ],
    "psi": [
        null,
        3.1033069562403734,
        null
    ]
}