{
    "cos_gwtheta": [
        null,
        -0.9236651099937129,
        null
    ],
    "cos_inc": [
        null,
        0.06311906153617108,
        null
    ],
    "gwphi": [
        null,
        6.176614920871282,
        null
    ],
    "log10_Mc": [
        null,
        8.006413831586823,
        null
    ],
    "log10_fgw": [
        -7.670316703065839,
        -7.650510737082682,
        -7.632822390104013
    ],
    "log10_h": [
        -14.308120815785157,
        -14.220377673020689,
        -14.145565098663615
    ],
    "phase0": [
        null,
        4.765239056621645,
        null
    ],
    "psi": [
        null,
        2.9529985622882204,
        null
    ]
}