{
    "cos_gwtheta": [
        -0.009565389038841299,
        0.13584979552572196,
        0.27575682915980926
    ],
    "cos_inc": [
        -0.1846402092725341,
        -0.1214875677974625,
        -0.06504140152328342
    ],
    "gwphi": [
        3.1108910348590757,
        3.247582761760016,
        3.3825145093446354
    ],
    "log10_Mc": [
        null,
        8.446158906553192,
        null
    ],
    "log10_fgw": [
        -7.686378849055465,
        -7.658162937983505,
        -7.633697242940096
    ],
    "log10_h": [
        -14.084770057447294,
        -14.032044760164762,
        -13.971223846370346
    ],
    "phase0": [
        null,
        2.272639000566684,
        null
    ],
    "psi": [
        1.489693512246363,
        1.5586892273269681,
        1.6392335814124808
    ]
}