{
    "cos_gwtheta": [
        -0.028282297556455394,
        0.1472219755206463,
        0.29186046642058927
    ],
    "cos_inc": [
        -0.025042639946518508,
        0.024044278897441623,
        0.07230965935070788
    ],
    "gwphi": [
        2.991082273599755,
        3.0964332310937004,
        3.188304941500878
    ],
    "log10_Mc": [
        null,
        8.818838824597965,
        null
    ],
    "log10_fgw": [
        -7.669683413317136,
        -7.657605569875023,
        -7.645833494621317
    ],
    "log10_h": [
        -14.021944032880672,
        -13.949754341928188,
        -13.890521774992816
    ],
    "phase0": [
        null,
        3.2032695508416076,
        null
    ],
    "psi": [
        1.5425702409508717,
        1.6024872608107983,
        1.6729778724107118
    ]
}