{
    "cos_gwtheta": [
        -0.818848604860254,
        -0.7939263818467881,
        -0.7630624367903767
    ],
    "cos_inc": [
        0.09878254094591965,
        0.1643211381106967,
        0.2371626075309773
    ],
    "gwphi": [
        2.9124498125875053,
        2.980439626700101,
        3.068517340436874
    ],
    "log10_Mc": [
        8.006300953575423,
        9.115118026136724,
        9.478028922374953
    ],
    "log10_fgw": [
        -7.676403643506727,
        -7.653361201284563,
        -7.623986484863942
    ],
    "log10_h": [
        -14.302707931924646,
        -14.237593874109727,
        -14.177171030834787
    ],
    "phase0": [
        null,
        4.794239073004992,
        null
    ],
    "psi": [
        0.06968447919457757,
        0.17524898647939177,
        0.27675332040709777
    ]
}