{
    "cos_gwtheta": [
        -0.46474035329726826,
        -0.3258740475586346,
        -0.1557628230288084
    ],
    "cos_inc": [
        -0.09663274366224317,
        -0.04613818736740016,
        0.009078881386672899
    ],
    "gwphi": [
        3.035918593157163,
        3.1645804801882766,
        3.279120940594024
    ],
    "log10_Mc": [
        null,
        8.914497869516804,
        null
    ],
    "log10_fgw": [
        -7.651848021319722,
        -7.651848021319722,
        -7.635083841867379
    ],
    "log10_h": [
        -14.094892138269058,
        -14.048711788768555,
        -14.006674267455432
    ],
    "phase0": [
        null,
        3.6241086949017296,
        null
    ],
    "psi": [
        null,
        1.646720420408554,
        null
    ]
}