{
    "cos_gwtheta": [
        0.3018697641101524,
        0.45419066143610265,
        0.5740087410245711
    ],
    "cos_inc": [
        -0.10667361965726874,
        -0.033310836743097205,
        0.03253769886450153
    ],
    "gwphi": [
        2.7402082917485195,
        2.87620893713268,
        3.0234444184398797
    ],
    "log10_Mc": [
        null,
        9.918338744401469,
        null
    ],
    "log10_fgw": [
        -7.680694240080488,
        -7.65342186011827,
        -7.625585224018903
    ],
    "log10_h": [
        -13.987575986925235,
        -13.917374763481893,
        -13.86090374777826
    ],
    "phase0": [
        null,
        2.9926323110249906,
        null
    ],
    "psi": [
        null,
        0.08519394582507711,
        null
    ]
}