{
    "cos_gwtheta": [
        -0.35750396580415816,
        -0.23622327849158642,
        -0.06660450754635583
    ],
    "cos_inc": [
        -0.0907352159872431,
        -0.035831375655786424,
        0.014747847115315849
    ],
    "gwphi": [
        3.117587320204595,
        3.2270581273195527,
        3.341597027356499
    ],
    "log10_Mc": [
        null,
        8.924016666889155,
        null
    ],
    "log10_fgw": [
        -7.6704666795795236,
        -7.652925529441406,
        -7.629859607606244
    ],
    "log10_h": [
        -14.074928866391483,
        -14.006660209230839,
        -13.931271508071845
    ],
    "phase0": [
        null,
        3.743879401941103,
        null
    ],
    "psi": [
        1.4314362150391615,
        1.4848718706577624,
        1.5374257497810067
    ]
}