{
    "cos_gwtheta": [
        0.6195884386631998,
        0.6970675787107068,
        0.7646384849156604
    ],
    "cos_inc": [
        -0.16710740561640036,
        -0.10785864668705125,
        -0.050652948410438214
    ],
    "gwphi": [
        2.6942814155471444,
        2.8654312094866903,
        3.0587227599848497
    ],
    "log10_Mc": [
        null,
        9.248965228587604,
        null
    ],
    "log10_fgw": [
        -7.687230450433205,
        -7.662957606267877,
        -7.634579795809882
    ],
    "log10_h": [
        -13.955015443607914,
        -13.892537508152666,
        -13.836370475268655
    ],
    "phase0": [
        null,
        4.194247182252425,
        null
    ],
    "psi": [
        0.15171800183306614,
        0.3100816333959943,
        0.4912471290695611
    ]
}