{
    "cos_gwtheta": [
        -0.4339941527693283,
        -0.2367425763326253,
        -0.03896499569209111
    ],
    "cos_inc": [
        -0.11659946731003734,
        -0.044631650665933886,
        0.04123471257875033
    ],
    "gwphi": [
        2.898910402648317,
        3.1025882988974676,
        3.242320809114908
    ],
    "log10_Mc": [
        null,
        8.503523113377778,
        null
    ],
    "log10_fgw": [
        -7.681865176778223,
        -7.652849267880295,
        -7.628367094747667
    ],
    "log10_h": [
        -14.137097995591342,
        -14.064367442608226,
        -13.974496568221449
    ],
    "phase0": [
        null,
        0.19977736863702306,
        null
    ],
    "psi": [
        1.536890193318046,
        1.6178770606969353,
        1.6845193906803018
    ]
}