{
    "cos_gwtheta": [
        -0.14146877997690432,
        -0.012159562210148023,
        0.36035045358716156
    ],
    "cos_inc": [
        -0.2077501713771024,
        -0.12376566403352318,
        -0.049684091796216356
    ],
    "gwphi": [
        3.0747802203401102,
        3.3819216471422346,
        3.604162191738894
    ],
    "log10_Mc": [
        null,
        9.468906518888549,
        null
    ],
    "log10_fgw": [
        -7.6610665501974635,
        -7.6610665501974635,
        -7.635219882303367
    ],
    "log10_h": [
        -14.261907606336111,
        -14.175863460452476,
        -14.083830894159357
    ],
    "phase0": [
        null,
        1.3422738071481906,
        null
    ],
    "psi": [
        1.3152076233056726,
        1.410833861695062,
        1.5014271401692205
    ]
}