{
    "cos_gwtheta": [
        -0.03771089576970632,
        0.16235333534859042,
        0.30064001291491893
    ],
    "cos_inc": [
        0.01386869932209489,
        0.06759401282248745,
        0.1259992316800571
    ],
    "gwphi": [
        3.098191455797182,
        3.221022665919488,
        3.3272550638631038
    ],
    "log10_Mc": [
        null,
        8.93356416876025,
        null
    ],
    "log10_fgw": [
        -7.675190285571366,
        -7.650754449728159,
        -7.631470747948279
    ],
    "log10_h": [
        -14.062652634187948,
        -13.992500476483524,
        -13.910238720127742
    ],
    "phase0": [
        null,
        6.266439924243585,
        null
    ],
    "psi": [
        1.4573180652953068,
        1.5178189231418804,
        1.5849500119853386
    ]
}