{
    "cos_gwtheta": [
        0.09646765919907185,
        0.22346292538789791,
        0.3607814264049567
    ],
    "cos_inc": [
        -0.15011987721625308,
        -0.09765957115269197,
        -0.0478292012770139
    ],
    "gwphi": [
        3.191059398305727,
        3.337537832230711,
        3.4830331894179443
    ],
    "log10_Mc": [
        null,
        8.732754194594895,
        null
    ],
    "log10_fgw": [
        -7.667351033298728,
        -7.652344820395983,
        -7.6366288541802705
    ],
    "log10_h": [
        -14.089939022260035,
        -14.032235795991973,
        -13.978099678256848
    ],
    "phase0": [
        null,
        4.734484075431433,
        null
    ],
    "psi": [
        null,
        3.133280091991988,
        null
    ]
}