{
    "cos_gwtheta": [
        -0.08913585257597234,
        0.07131997097930576,
        0.18629379102073962
    ],
    "cos_inc": [
        0.01475406917071509,
        0.06462636166208102,
        0.11602730679686046
    ],
    "gwphi": [
        3.0246144069422987,
        3.137958589506601,
        3.2616067886676587
    ],
    "log10_Mc": [
        null,
        8.197451374671875,
        null
    ],
    "log10_fgw": [
        -7.664376224511505,
        -7.664376224511505,
        -7.6437108736248085
    ],
    "log10_h": [
        -14.032895608111325,
        -13.958390074294128,
        -13.874166427370342
    ],
    "phase0": [
        null,
        1.5817564831970958,
        null
    ],
    "psi": [
        1.597593780135094,
        1.6556739956982818,
        1.7203293300044722
    ]
}