{
    "cos_gwtheta": [
        -0.12095018033318339,
        0.2749840615139004,
        0.4225436952595537
    ],
    "cos_inc": [
        -0.017425748275252895,
        0.04178687617586618,
        0.0959683626017267
    ],
    "gwphi": [
        3.061530761050203,
        3.20824872254383,
        3.3288306908968917
    ],
    "log10_Mc": [
        null,
        9.898999546229124,
        null
    ],
    "log10_fgw": [
        -7.6784882159782235,
        -7.659564750115924,
        -7.633468680257429
    ],
    "log10_h": [
        -14.06820640497729,
        -13.99475437012018,
        -13.92744097794565
    ],
    "phase0": [
        null,
        1.5816459004855923,
        null
    ],
    "psi": [
        1.5305830454333493,
        1.601395872802487,
        1.664530200818345
    ]
}