{
    "cos_gwtheta": [
        -0.8043481816538554,
        -0.8043481816538554,
        -0.7627058525488726
    ],
    "cos_inc": [
        0.03843467921786059,
        0.07624225903064663,
        0.11129303614875041
    ],
    "gwphi": [
        2.9169439808332513,
        2.981432590202531,
        3.049896524806904
    ],
    "log10_Mc": [
        null,
        8.006414809684419,
        null
    ],
    "log10_fgw": [
        -7.662471108846928,
        -7.662471108846928,
        -7.647315771734287
    ],
    "log10_h": [
        -14.018910486367384,
        -13.987356910011936,
        -13.952583580967156
    ],
    "phase0": [
        null,
        4.074780947875867,
        null
    ],
    "psi": [
        null,
        0.10001678210371068,
        null
    ]
}