{
    "cos_gwtheta": [
        -0.2569239979375786,
        -0.14306940582505867,
        -0.021289451613025423
    ],
    "cos_inc": [
        -0.21521932675363742,
        -0.14640398804262078,
        -0.08775455164118617
    ],
    "gwphi": [
        2.2688458679854167,
        2.4016780775765993,
        2.5098672075603683
    ],
    "log10_Mc": [
        null,
        9.44988613048295,
        null
    ],
    "log10_fgw": [
        -7.67837478171677,
        -7.657914785440984,
        -7.641839074081438
    ],
    "log10_h": [
        -14.010381269330523,
        -13.94505133946833,
        -13.88854410109878
    ],
    "phase0": [
        null,
        2.72225895984322,
        null
    ],
    "psi": [
        1.2313401552141399,
        1.2975899539198883,
        1.3590536454948032
    ]
}