{
    "cos_gwtheta": [
        -0.40893189840717603,
        -0.23598451807070525,
        -0.047634273270579675
    ],
    "cos_inc": [
        -0.13748537765143803,
        -0.07216397794166696,
        -0.0142435249970424
    ],
    "gwphi": [
        2.7818882675058254,
        2.8736463033492226,
        2.983334070334433
    ],
    "log10_Mc": [
        null,
        8.00630650240155,
        null
    ],
    "log10_fgw": [
        -7.661948454948849,
        -7.661948454948849,
        -7.6459937195766
    ],
    "log10_h": [
        -14.040739107071435,
        -13.992061469603314,
        -13.950661616168418
    ],
    "phase0": [
        null,
        0.7708138748249713,
        null
    ],
    "psi": [
        1.5011535892031118,
        1.5610709081593237,
        1.6238726494722897
    ]
}