{
    "cos_gwtheta": [
        -0.21123739623230708,
        -0.008510262242983457,
        0.16635986308645967
    ],
    "cos_inc": [
        -0.05781476356165205,
        -0.0021147403687963306,
        0.05115541604047846
    ],
    "gwphi": [
        3.174696759767064,
        3.300203348476449,
        3.4211552625955735
    ],
    "log10_Mc": [
        null,
        9.99464498852059,
        null
    ],
    "log10_fgw": [
        -7.667948669155468,
        -7.642699359554388,
        -7.618297342221802
    ],
    "log10_h": [
        -14.098612373903503,
        -14.04277058889264,
        -13.98734398443948
    ],
    "phase0": [
        null,
        1.4017485307652326,
        null
    ],
    "psi": [
        1.4738553281163451,
        1.537068904402711,
        1.6042157698802288
    ]
}