{
    "cos_gwtheta": [
        0.028043367884814763,
        0.1904584756775285,
        0.345702510691805
    ],
    "cos_inc": [
        -0.13907765645992531,
        -0.07518456784190386,
        -0.019074490018712087
    ],
    "gwphi": [
        2.7769151493642696,
        2.908262909138247,
        3.0261240685782895
    ],
    "log10_Mc": [
        null,
        9.994710501402457,
        null
    ],
    "log10_fgw": [
        -7.67015797737057,
        -7.646138123939047,
        -7.6276167911725725
    ],
    "log10_h": [
        -13.978806472581715,
        -13.917470363829956,
        -13.858744302259126
    ],
    "phase0": [
        null,
        2.272126518870056,
        null
    ],
    "psi": [
        1.4835267742319609,
        1.5606225207312832,
        1.636789402814951
    ]
}