{
    "cos_gwtheta": [
        0.15022589978433865,
        0.3018567296466783,
        0.4004167690571989
    ],
    "cos_inc": [
        -0.0730374424313679,
        -0.019873052735427388,
        0.027974897990919123
    ],
    "gwphi": [
        3.0192062530027615,
        3.1365548698972088,
        3.237901402669686
    ],
    "log10_Mc": [
        null,
        9.985173617375885,
        null
    ],
    "log10_fgw": [
        -7.677385173083683,
        -7.6587344338910475,
        -7.643192151230519
    ],
    "log10_h": [
        -13.962164715289493,
        -13.886805844517786,
        -13.820200781967035
    ],
    "phase0": [
        null,
        5.365694435211301,
        null
    ],
    "psi": [
        1.4224859947650599,
        1.48600072886073,
        1.556606913850577
    ]
}