{
    "cos_gwtheta": [
        -0.18115271713701098,
        -0.05469731172068981,
        0.12474013946860096
    ],
    "cos_inc": [
        -0.08168127417255777,
        -0.022007562291862293,
        0.029647494554864595
    ],
    "gwphi": [
        2.914549805833794,
        3.0245812791431934,
        3.1491223972846014
    ],
    "log10_Mc": [
        null,
        8.752009230544447,
        null
    ],
    "log10_fgw": [
        -7.6739177365567235,
        -7.656576741784267,
        -7.638144355732426
    ],
    "log10_h": [
        -14.067293958934915,
        -13.990203212249018,
        -13.91179841874461
    ],
    "phase0": [
        null,
        5.155093391150858,
        null
    ],
    "psi": [
        0.009966678550414517,
        0.08493151642956213,
        0.23017588982041065
    ]
}