{
    "cos_gwtheta": [
        -0.4768340998617163,
        -0.37803726488343936,
        -0.2671966252601914
    ],
    "cos_inc": [
        -0.03955751842203048,
        0.009101807250204375,
        0.05598812105583961
    ],
    "gwphi": [
        2.497678506269935,
        2.601402827284956,
        2.7278360233151
    ],
    "log10_Mc": [
        null,
        8.340949215942054,
        null
    ],
    "log10_fgw": [
        -7.684838756602902,
        -7.660162933606485,
        -7.635146754430807
    ],
    "log10_h": [
        -13.938062258314226,
        -13.886202457094095,
        -13.829966301340619
    ],
    "phase0": [
        null,
        5.515637424725044,
        null
    ],
    "psi": [
        1.4732961636087025,
        1.5373201370799243,
        1.590368572241794
    ]
}