{
    "cos_gwtheta": [
        0.11999069336001156,
        0.2815944434724925,
        0.4069358886816853
    ],
    "cos_inc": [
        0.008290756419794265,
        0.06397590372382378,
        0.11241435377595899
    ],
    "gwphi": [
        3.0066945059037082,
        3.1353498762643572,
        3.253590288072001
    ],
    "log10_Mc": [
        null,
        8.006360537996555,
        null
    ],
    "log10_fgw": [
        -7.684484342440814,
        -7.657133662366867,
        -7.627649241294244
    ],
    "log10_h": [
        -13.9946988157182,
        -13.89897264683552,
        -13.823725210599385
    ],
    "phase0": [
        null,
        0.8606891187328073,
        null
    ],
    "psi": [
        1.5130649908013856,
        1.5865277098769903,
        1.6556508590493948
    ]
}