{
    "cos_gwtheta": [
        -0.08719302018825026,
        0.10964385733621296,
        0.27006455875745705
    ],
    "cos_inc": [
        -0.13987490176317174,
        -0.07063492460871346,
        -0.008100620917412149
    ],
    "gwphi": [
        2.839960708567771,
        2.9641866454340215,
        3.0608952985642293
    ],
    "log10_Mc": [
        null,
        8.140259935542309,
        null
    ],
    "log10_fgw": [
        -7.661051713028769,
        -7.650606826048396,
        -7.641507599353837
    ],
    "log10_h": [
        -14.07365744208977,
        -14.015113328222391,
        -13.95691769122327
    ],
    "phase0": [
        null,
        0.5903140921994249,
        null
    ],
    "psi": [
        1.4546862243173733,
        1.5260559429146299,
        1.5974256615118865
    ]
}