{
    "cos_gwtheta": [
        -0.6767150349577669,
        -0.6012585772731578,
        -0.47350365403220845
    ],
    "cos_inc": [
        -0.038399539787269954,
        0.00986684997288334,
        0.06172955897006771
    ],
    "gwphi": [
        2.626217909820861,
        2.749378264500616,
        2.872538619180371
    ],
    "log10_Mc": [
        null,
        8.828382633077473,
        null
    ],
    "log10_fgw": [
        -7.661543500718748,
        -7.661543500718748,
        -7.642218248669811
    ],
    "log10_h": [
        -14.071727284865725,
        -14.02089859431002,
        -13.96916494190466
    ],
    "phase0": [
        null,
        5.124693129720255,
        null
    ],
    "psi": [
        null,
        3.02790388373917,
        null
    ]
}