{
    "cos_gwtheta": [
        -0.3634356580744077,
        -0.2733372000129234,
        -0.18515981781628954
    ],
    "cos_inc": [
        -0.09720090149990157,
        -0.04737056476284396,
        -0.007078065916863774
    ],
    "gwphi": [
        0.019769851639815796,
        0.019769851639815796,
        0.3521328739754283
    ],
    "log10_Mc": [
        null,
        9.478329449394467,
        null
    ],
    "log10_fgw": [
        -7.675164094535226,
        -7.651198689369444,
        -7.622795246209998
    ],
    "log10_h": [
        -14.062604924922313,
        -13.994302308041675,
        -13.925999691161035
    ],
    "phase0": [
        null,
        0.02147663298766606,
        null
    ],
    "psi": [
        null,
        3.133282687518169,
        null
    ]
}