{
    "cos_gwtheta": [
        -0.2054981003866333,
        -0.02829026020193437,
        0.10099561541919799
    ],
    "cos_inc": [
        -0.0810025661642344,
        -0.021744054146863756,
        0.03659429464042341
    ],
    "gwphi": [
        3.1004473992058394,
        3.2460071244249504,
        3.400664332470256
    ],
    "log10_Mc": [
        null,
        9.812885776085386,
        null
    ],
    "log10_fgw": [
        -7.668084964421913,
        -7.651681374633464,
        -7.629110035084557
    ],
    "log10_h": [
        -14.143447546921706,
        -14.074975724050184,
        -13.999153818497536
    ],
    "phase0": [
        null,
        3.834256264582429,
        null
    ],
    "psi": [
        1.5206983089746215,
        1.5930896017499454,
        1.65942304575746
    ]
}