{
    "cos_gwtheta": [
        -0.8168526586487362,
        -0.7845991900575942,
        -0.7489859851548747
    ],
    "cos_inc": [
        -0.13638569784625554,
        -0.0787201020940358,
        -0.017199424731639823
    ],
    "gwphi": [
        2.8961538743620054,
        3.0008169709908734,
        3.09890124440307
    ],
    "log10_Mc": [
        null,
        9.172486121007456,
        null
    ],
    "log10_fgw": [
        -7.673072466085179,
        -7.652632356901538,
        -7.636720894662776
    ],
    "log10_h": [
        -14.077183415169321,
        -14.018369603103414,
        -13.965793619589952
    ],
    "phase0": [
        null,
        4.674696958992938,
        null
    ],
    "psi": [
        0.009922381068795082,
        0.0848905407682094,
        0.1739152304112639
    ]
}