{
    "cos_gwtheta": [
        -0.13913831619630734,
        0.03122949703300959,
        0.2050663381335116
    ],
    "cos_inc": [
        -0.06575412513338985,
        -0.00407643060394236,
        0.06135727737441399
    ],
    "gwphi": [
        2.8081390083102744,
        2.9342668487141434,
        3.0714155683766027
    ],
    "log10_Mc": [
        null,
        9.344637519062358,
        null
    ],
    "log10_fgw": [
        -7.670492878611451,
        -7.646030326629267,
        -7.62255284385442
    ],
    "log10_h": [
        -14.045446416122841,
        -13.984737512603537,
        -13.93143715324252
    ],
    "phase0": [
        null,
        0.8607668046433251,
        null
    ],
    "psi": [
        1.552990741646852,
        1.6310681471146176,
        1.6966531677075407
    ]
}