{
    "cos_gwtheta": [
        -0.17934029869867973,
        -0.010141151694658679,
        0.1205221726336585
    ],
    "cos_inc": [
        -0.10903045711564219,
        -0.05654135873687527,
        -0.00939325633349175
    ],
    "gwphi": [
        3.0570937707499732,
        3.1947399583331566,
        3.3029334682238685
    ],
    "log10_Mc": [
        null,
        9.688613420938603,
        null
    ],
    "log10_fgw": [
        -7.677545600971194,
        -7.655970192687319,
        -7.631424257175954
    ],
    "log10_h": [
        -14.042936597231144,
        -13.96533849692499,
        -13.886354716256223
    ],
    "phase0": [
        null,
        2.8730977386057774,
        null
    ],
    "psi": [
        null,
        0.05487604131177618,
        null
    ]
}