{
    "cos_gwtheta": [
        -0.07219286276986137,
        0.06943723337647056,
        0.2212105990080837
    ],
    "cos_inc": [
        -0.03976200258695006,
        0.007744566016165244,
        0.06023166197283292
    ],
    "gwphi": [
        2.978458109441555,
        3.08942835856348,
        3.2116736597352267
    ],
    "log10_Mc": [
        null,
        8.130607262340705,
        null
    ],
    "log10_fgw": [
        -7.667313153651069,
        -7.667313153651069,
        -7.640722962733229
    ],
    "log10_h": [
        -13.97157236655109,
        -13.907465694933618,
        -13.846287754506793
    ],
    "phase0": [
        null,
        2.242550797160114,
        null
    ],
    "psi": [
        1.5089205749465668,
        1.5747620393946804,
        1.6314163227570107
    ]
}