{
    "cos_gwtheta": [
        -0.246698099815286,
        -0.09665864615890596,
        0.03936934100816225
    ],
    "cos_inc": [
        -0.04191540822803075,
        0.019257969144242493,
        0.08003411679331895
    ],
    "gwphi": [
        2.989541870072545,
        3.1053770064277124,
        3.241140768392371
    ],
    "log10_Mc": [
        null,
        8.512946491456661,
        null
    ],
    "log10_fgw": [
        -7.674087106326417,
        -7.648279128889894,
        -7.625135200737142
    ],
    "log10_h": [
        -14.074973690838718,
        -14.001591942938113,
        -13.937247356109012
    ],
    "phase0": [
        null,
        3.1129170177276073,
        null
    ],
    "psi": [
        null,
        3.1332941980909483,
        null
    ]
}