{
    "cos_gwtheta": [
        null,
        -0.779659756714644,
        null
    ],
    "cos_inc": [
        -0.07506697340258217,
        -0.024012470348406673,
        0.019317474324049594
    ],
    "gwphi": [
        2.950292639456824,
        3.0063620231628745,
        3.1336725061660236
    ],
    "log10_Mc": [
        null,
        9.96605627750986,
        null
    ],
    "log10_fgw": [
        -7.6576653445613365,
        -7.6576653445613365,
        -7.642646151186748
    ],
    "log10_h": [
        -14.022959647985061,
        -13.981041582465913,
        -13.918694134834542
    ],
    "phase0": [
        null,
        0.4702852764327799,
        null
    ],
    "psi": [
        1.5248525643857098,
        1.5775644061967187,
        1.6352346701751888
    ]
}