{
    "cos_gwtheta": [
        0.10644404304786514,
        0.22789465854272994,
        0.35398458813562506
    ],
    "cos_inc": [
        -0.03250843523303648,
        0.03044151130265349,
        0.08745278363686326
    ],
    "gwphi": [
        2.838832113239919,
        2.970935180991081,
        3.0916007536988523
    ],
    "log10_Mc": [
        null,
        9.679101094754364,
        null
    ],
    "log10_fgw": [
        -7.682577946191891,
        -7.654260496281532,
        -7.629210444437754
    ],
    "log10_h": [
        -13.983760382648216,
        -13.923262226497638,
        -13.871710980763694
    ],
    "phase0": [
        null,
        3.6529748451298363,
        null
    ],
    "psi": [
        1.566639513681525,
        1.6470295749055368,
        1.722376717159777
    ]
}