{
    "cos_gwtheta": [
        -0.6140229838832529,
        -0.44997762274744835,
        -0.21600266856336803
    ],
    "cos_inc": [
        0.041327402393686374,
        0.10967537323120014,
        0.17323707160110113
    ],
    "gwphi": [
        3.02251531679413,
        3.178748687704161,
        3.2974636505461916
    ],
    "log10_Mc": [
        null,
        9.946880385268098,
        null
    ],
    "log10_fgw": [
        -7.665281121148436,
        -7.641173622902588,
        -7.616735884954742
    ],
    "log10_h": [
        -14.158535240634496,
        -14.089073552548879,
        -14.033649418153038
    ],
    "phase0": [
        null,
        2.693319071224099,
        null
    ],
    "psi": [
        1.608652402623641,
        1.6940654201481626,
        1.7670093840194694
    ]
}