{
    "cos_gwtheta": [
        -0.33990973105997146,
        -0.2440670440086229,
        -0.13570612844444507
    ],
    "cos_inc": [
        0.18341854191617968,
        0.2598148511665156,
        0.34968154240053806
    ],
    "gwphi": [
        3.394959210555472,
        3.550036003025417,
        3.7289237990635824
    ],
    "log10_Mc": [
        null,
        8.67545340360475,
        null
    ],
    "log10_fgw": [
        -7.6782535688118925,
        -7.658288925758709,
        -7.637635846738173
    ],
    "log10_h": [
        -14.233085934490985,
        -14.173059823577463,
        -14.111236523714432
    ],
    "phase0": [
        null,
        0.01994304811665597,
        null
    ],
    "psi": [
        null,
        0.009929323894296871,
        null
    ]
}