{
    "cos_gwtheta": [
        -0.17882578865295917,
        -0.005116478710587513,
        0.1633453624939416
    ],
    "cos_inc": [
        -0.0382316033980466,
        0.00896220456852026,
        0.056655417910394745
    ],
    "gwphi": [
        3.045525568577765,
        3.1567689174446123,
        3.2745559927153924
    ],
    "log10_Mc": [
        null,
        8.52251535507691,
        null
    ],
    "log10_fgw": [
        -7.672307101604443,
        -7.653170604111551,
        -7.6349212290189925
    ],
    "log10_h": [
        -14.036492723876593,
        -13.957672390298134,
        -13.884106745624907
    ],
    "phase0": [
        null,
        3.8031550739559297,
        null
    ],
    "psi": [
        null,
        0.009868112477913499,
        null
    ]
}