{
    "cos_gwtheta": [
        0.5599223777198039,
        0.6654200457895549,
        0.761089692379737
    ],
    "cos_inc": [
        -0.08639386772674063,
        -0.02591056014918658,
        0.025909355892060004
    ],
    "gwphi": [
        3.0260539377691424,
        3.1804712909932937,
        3.3278359285653805
    ],
    "log10_Mc": [
        null,
        9.182131821207378,
        null
    ],
    "log10_fgw": [
        -7.659605474268682,
        -7.659605474268682,
        -7.639934873844016
    ],
    "log10_h": [
        -13.987411241660238,
        -13.936417022137652,
        -13.885873082699149
    ],
    "phase0": [
        null,
        5.875635895876583,
        null
    ],
    "psi": [
        null,
        1.54175593565311,
        null
    ]
}