{
    "cos_gwtheta": [
        -0.12210311505566962,
        0.04016858504881626,
        0.19814428346581892
    ],
    "cos_inc": [
        -0.08868780266697407,
        -0.030754627722057393,
        0.03417718580680895
    ],
    "gwphi": [
        2.639942974666468,
        2.748660794608126,
        2.8789068957263497
    ],
    "log10_Mc": [
        null,
        9.22030623953011,
        null
    ],
    "log10_fgw": [
        -7.675724795685466,
        -7.675724795685466,
        -7.657919894467578
    ],
    "log10_h": [
        -14.006405186373438,
        -13.941528316720062,
        -13.884023818618205
    ],
    "phase0": [
        null,
        1.8217809834219632,
        null
    ],
    "psi": [
        null,
        0.009868885936887156,
        null
    ]
}