{
    "cos_gwtheta": [
        -0.14509800378982085,
        0.019756968980785494,
        0.18107090415011395
    ],
    "cos_inc": [
        -0.04427408072750316,
        0.027417169061374036,
        0.10438270698185814
    ],
    "gwphi": [
        2.706452514708665,
        2.8265487519222368,
        2.9656647552103563
    ],
    "log10_Mc": [
        8.198178965425425,
        8.637248746565746,
        9.682028017449461
    ],
    "log10_fgw": [
        -7.68247384274261,
        -7.65177880698837,
        -7.624252291053922
    ],
    "log10_h": [
        -14.067004546191281,
        -13.987033469176069,
        -13.907499392581704
    ],
    "phase0": [
        null,
        4.374645144428224,
        null
    ],
    "psi": [
        null,
        3.1332755217844017,
        null
    ]
}