{
    "cos_gwtheta": [
        0.03531504872708613,
        0.1716224293141595,
        0.304044563898751
    ],
    "cos_inc": [
        -0.12768558001515673,
        -0.06880355975357688,
        -0.008440230806170956
    ],
    "gwphi": [
        2.8570160108421403,
        2.972954237624985,
        3.0834365478533425
    ],
    "log10_Mc": [
        null,
        8.178520830138147,
        null
    ],
    "log10_fgw": [
        -7.667300798589948,
        -7.650679403187101,
        -7.628385626813441
    ],
    "log10_h": [
        -14.019021829322865,
        -13.962137535993477,
        -13.899150713111512
    ],
    "phase0": [
        null,
        0.2906484894757218,
        null
    ],
    "psi": [
        1.6574997731917964,
        1.7357902404244168,
        1.816749700858149
    ]
}