{
    "cos_gwtheta": [
        -0.3588041698243159,
        -0.24643048827049474,
        -0.0288887658121052
    ],
    "cos_inc": [
        -0.0761213538796407,
        -0.025803276449860135,
        0.028254658086187878
    ],
    "gwphi": [
        3.2984833164196705,
        3.4971901651736537,
        3.6983886358555864
    ],
    "log10_Mc": [
        null,
        8.694543571401812,
        null
    ],
    "log10_fgw": [
        -7.677298930070105,
        -7.653690318620425,
        -7.63545372654253
    ],
    "log10_h": [
        -14.108713781530433,
        -14.06014365727091,
        -14.004634943831453
    ],
    "phase0": [
        1.7285179643582955,
        6.056536588764497,
        6.266440494336161
    ],
    "psi": [
        1.5302742676907137,
        1.6186172655925282,
        1.6904695705526707
    ]
}