{
    "cos_gwtheta": [
        -0.6052580329701365,
        -0.4399643955596465,
        -0.31100075837924523
    ],
    "cos_inc": [
        -0.015873609064065985,
        0.045115587113133127,
        0.09934697761972844
    ],
    "gwphi": [
        2.5348952300076286,
        2.633777052750489,
        2.756035828152667
    ],
    "log10_Mc": [
        null,
        9.516842574241146,
        null
    ],
    "log10_fgw": [
        -7.67612055207621,
        -7.6511628730335985,
        -7.630645517256237
    ],
    "log10_h": [
        -14.052950340186667,
        -13.990283497228022,
        -13.923714323389168
    ],
    "phase0": [
        null,
        4.644092238158722,
        null
    ],
    "psi": [
        1.445443407698745,
        1.5070750179277699,
        1.5666522411491608
    ]
}