{
    "cos_gwtheta": [
        -0.08933380544246516,
        0.11757378679090458,
        0.24993379064607502
    ],
    "cos_inc": [
        -0.012687712973966314,
        0.04439869394718943,
        0.10850882109162852
    ],
    "gwphi": [
        2.8933371635196785,
        3.0117366697545984,
        3.115675167594414
    ],
    "log10_Mc": [
        null,
        9.946779744065406,
        null
    ],
    "log10_fgw": [
        -7.676571985596355,
        -7.658861297504396,
        -7.634633076194596
    ],
    "log10_h": [
        -14.081639387987078,
        -14.016446792296048,
        -13.949523419728266
    ],
    "phase0": [
        1.1902811582295416,
        5.035130571973576,
        5.68978567930156
    ],
    "psi": [
        1.4715593801387659,
        1.5452620543470765,
        1.618432579283125
    ]
}