{
    "cos_gwtheta": [
        0.07867560517876449,
        0.20127790136200108,
        0.306320789396232
    ],
    "cos_inc": [
        -0.017611826946832387,
        0.032123931296471064,
        0.08167948751715381
    ],
    "gwphi": [
        2.773366881034545,
        2.910896892790844,
        3.022958383851532
    ],
    "log10_Mc": [
        8.114699278273086,
        8.876425320521655,
        9.60136741136955
    ],
    "log10_fgw": [
        -7.676836979653393,
        -7.656179173219583,
        -7.63661582010677
    ],
    "log10_h": [
        -13.864541437639788,
        -13.806160706635739,
        -13.754596000063634
    ],
    "phase0": [
        1.8597003106778223,
        4.975151677026766,
        6.2664366127081905
    ],
    "psi": [
        1.5455085193605655,
        1.6083679604711203,
        1.6777752600306912
    ]
}