{
    "cos_gwtheta": [
        -0.16572669045031085,
        0.008242506125860749,
        0.19502137488774052
    ],
    "cos_inc": [
        -0.02126219361924453,
        0.03827068176072013,
        0.09780355714068456
    ],
    "gwphi": [
        2.9738576516187067,
        3.0806070243338843,
        3.199583197448157
    ],
    "log10_Mc": [
        null,
        8.063757588204451,
        null
    ],
    "log10_fgw": [
        -7.6757630264848515,
        -7.650825552197986,
        -7.631974009135892
    ],
    "log10_h": [
        -14.059972568500884,
        -13.997360164760773,
        -13.944139621581678
    ],
    "phase0": [
        1.7476209011100945,
        3.773421657443096,
        6.129672182539636
    ],
    "psi": [
        null,
        3.1332513562791924,
        null
    ]
}