{
    "cos_gwtheta": [
        -0.23281072022491084,
        -0.011658725795244518,
        0.1526974155195302
    ],
    "cos_inc": [
        0.03301443549861072,
        0.09356783824203307,
        0.1530399302221801
    ],
    "gwphi": [
        3.0420736406660924,
        3.178520733567609,
        3.3073874324190418
    ],
    "log10_Mc": [
        null,
        9.985137191410837,
        null
    ],
    "log10_fgw": [
        -7.649657915762244,
        -7.649657915762244,
        -7.630756845776051
    ],
    "log10_h": [
        -14.105734678750293,
        -14.044522589299904,
        -13.985655790633054
    ],
    "phase0": [
        null,
        3.533367860145068,
        null
    ],
    "psi": [
        1.5683349418520536,
        1.63405492319001,
        1.6879182068639023
    ]
}