{
    "cos_gwtheta": [
        -0.46386404024983674,
        -0.29249264040420575,
        -0.09148705082417674
    ],
    "cos_inc": [
        -0.031624728010288705,
        0.03409468763053858,
        0.09506559058055486
    ],
    "gwphi": [
        2.8591276644665697,
        3.072874403869114,
        3.213591007309122
    ],
    "log10_Mc": [
        null,
        8.130568103384821,
        null
    ],
    "log10_fgw": [
        -7.672834756047636,
        -7.644531313049348,
        -7.619149515779915
    ],
    "log10_h": [
        -14.117839759921052,
        -14.062506586326919,
        -14.006532487942119
    ],
    "phase0": [
        null,
        4.76467803759075,
        null
    ],
    "psi": [
        1.5101450179130533,
        1.5990542350744654,
        1.672487786450103
    ]
}