{
    "cos_gwtheta": [
        0.269232327393932,
        0.3673180288468124,
        0.45046036573474846
    ],
    "cos_inc": [
        0.026874589283574002,
        0.0724722697447362,
        0.11144788042938103
    ],
    "gwphi": [
        3.1759276530113154,
        3.2869114623073896,
        3.4278234898406077
    ],
    "log10_Mc": [
        null,
        9.94697219539469,
        null
    ],
    "log10_fgw": [
        -7.66240523821066,
        -7.654459226053322,
        -7.643461945227568
    ],
    "log10_h": [
        -13.868119188931571,
        -13.829275649522604,
        -13.787884992775345
    ],
    "phase0": [
        null,
        2.422629177669153,
        null
    ],
    "psi": [
        1.4869620461627195,
        1.5295709609177341,
        1.5791289690662704
    ]
}