{
    "cos_gwtheta": [
        -0.22288384369074776,
        -0.08294681230268364,
        0.06758306209881981
    ],
    "cos_inc": [
        0.03429852593940119,
        0.08132587912543487,
        0.13834814661258743
    ],
    "gwphi": [
        3.0833263172745657,
        3.2027525316642564,
        3.335792096917021
    ],
    "log10_Mc": [
        null,
        8.407789462812634,
        null
    ],
    "log10_fgw": [
        -7.65692740026078,
        -7.651517334995479,
        -7.645991173909033
    ],
    "log10_h": [
        -14.071135778074765,
        -14.027343290276914,
        -13.98054415406309
    ],
    "phase0": [
        null,
        1.5215358171435718,
        null
    ],
    "psi": [
        null,
        3.133296336530387,
        null
    ]
}