{
    "cos_gwtheta": [
        -0.22413592153960904,
        -0.08425998283789315,
        0.03843820900571737
    ],
    "cos_inc": [
        -0.049890639848859,
        -0.0015782636136517647,
        0.040864384667745224
    ],
    "gwphi": [
        3.0062156733099514,
        3.1228466223384497,
        3.2224924817026035
    ],
    "log10_Mc": [
        null,
        8.149743630853653,
        null
    ],
    "log10_fgw": [
        -7.67003268621713,
        -7.67003268621713,
        -7.654062721662222
    ],
    "log10_h": [
        -13.98247018708961,
        -13.936483577076725,
        -13.894549426950032
    ],
    "phase0": [
        0.02011627522435879,
        2.5724216468686385,
        4.48383976660224
    ],
    "psi": [
        null,
        0.009864973663047288,
        null
    ]
}