{
    "cos_gwtheta": [
        -0.12978166643677713,
        0.061920170352675274,
        0.1612402238635644
    ],
    "cos_inc": [
        -0.06393603068220932,
        -0.013802188604733479,
        0.0311022731199897
    ],
    "gwphi": [
        3.122392785369743,
        3.2463890980094843,
        3.366954682631525
    ],
    "log10_Mc": [
        null,
        9.421085115979189,
        null
    ],
    "log10_fgw": [
        -7.658485743489121,
        -7.647916091492056,
        -7.637416437190336
    ],
    "log10_h": [
        -14.0356176742897,
        -13.982782702350098,
        -13.922509797467546
    ],
    "phase0": [
        null,
        4.855484266860758,
        null
    ],
    "psi": [
        null,
        0.00987476381064124,
        null
    ]
}