{
    "cos_gwtheta": [
        -0.5293622769130965,
        -0.2809540736679681,
        -0.10183868501227034
    ],
    "cos_inc": [
        0.016417060235254577,
        0.09903058580277224,
        0.17502030976576743
    ],
    "gwphi": [
        2.7414090610598016,
        2.888916765689982,
        3.0328412872117365
    ],
    "log10_Mc": [
        null,
        8.226255262010847,
        null
    ],
    "log10_fgw": [
        -7.671665790520559,
        -7.643563315993951,
        -7.617279236877889
    ],
    "log10_h": [
        -14.154561394124027,
        -14.084367968384392,
        -14.000338338532615
    ],
    "phase0": [
        null,
        4.014129013388697,
        null
    ],
    "psi": [
        1.5149398086668187,
        1.6049751069689202,
        1.689572031548076
    ]
}