{
    "cos_gwtheta": [
        -0.045845505032148126,
        0.11635105442461002,
        0.27584111586897886
    ],
    "cos_inc": [
        -0.04525816053248777,
        0.013056143450673963,
        0.0857131241416682
    ],
    "gwphi": [
        2.8958919298538905,
        3.0540405483351374,
        3.1885577640548184
    ],
    "log10_Mc": [
        null,
        8.608557995770877,
        null
    ],
    "log10_fgw": [
        -7.671625370275864,
        -7.648537083759235,
        -7.628788612273314
    ],
    "log10_h": [
        -14.048454677726326,
        -13.980784347651525,
        -13.9255617371557
    ],
    "phase0": [
        null,
        2.2420478036626714,
        null
    ],
    "psi": [
        1.6032280939508823,
        1.6769663655782905,
        1.7495569598262837
    ]
}