{
    "cos_gwtheta": [
        -0.11125857501631897,
        0.016896090291871335,
        0.19170417426941389
    ],
    "cos_inc": [
        -0.09832986187328097,
        -0.04494570378977031,
        0.00200582903398816
    ],
    "gwphi": [
        3.084812081787531,
        3.2163106956602263,
        3.3299401599125904
    ],
    "log10_Mc": [
        null,
        8.006370182527462,
        null
    ],
    "log10_fgw": [
        -7.648508940635982,
        -7.64595617910371,
        -7.6429185907687955
    ],
    "log10_h": [
        -14.075449883954818,
        -14.026942118581523,
        -13.983525380470283
    ],
    "phase0": [
        null,
        3.743798912029396,
        null
    ],
    "psi": [
        1.5298977188161258,
        1.5814237524830432,
        1.638077969595483
    ]
}