{
    "cos_gwtheta": [
        -0.08791023407870291,
        0.07662506283095238,
        0.2816102486483256
    ],
    "cos_inc": [
        -0.015448749998479894,
        0.03411666234105959,
        0.09079105812372013
    ],
    "gwphi": [
        3.1718621251175816,
        3.313698718521515,
        3.4573537297896024
    ],
    "log10_Mc": [
        null,
        8.006284876646053,
        null
    ],
    "log10_fgw": [
        -7.683580927396784,
        -7.653431959890207,
        -7.627644163783951
    ],
    "log10_h": [
        -14.052219790998068,
        -13.988351377567685,
        -13.9334544469603
    ],
    "phase0": [
        1.807487999083648,
        4.164463240094198,
        6.266562812318027
    ],
    "psi": [
        1.4237144031469533,
        1.4963370077737805,
        1.5554554090609085
    ]
}