{
    "cos_gwtheta": [
        -0.5564300444286944,
        -0.4255425592141552,
        -0.24788749378734548
    ],
    "cos_inc": [
        -0.023415412402748692,
        0.03757700787556517,
        0.1004065492465992
    ],
    "gwphi": [
        2.949523370939112,
        3.077064249103075,
        3.181467180343487
    ],
    "log10_Mc": [
        null,
        9.698329977348953,
        null
    ],
    "log10_fgw": [
        -7.664945144396259,
        -7.653556449666581,
        -7.640529093824721
    ],
    "log10_h": [
        -14.09401893089817,
        -14.04881557999784,
        -13.998589634553028
    ],
    "phase0": [
        null,
        1.0705561298538229,
        null
    ],
    "psi": [
        1.5901255830943928,
        1.6506502441697701,
        1.7190694262549793
    ]
}