{
    "cos_gwtheta": [
        -0.6847194554949194,
        -0.5566639127081278,
        -0.31016606193298635
    ],
    "cos_inc": [
        -0.09729262871546995,
        -0.04321450516664227,
        0.0014245277263901235
    ],
    "gwphi": [
        3.1497012874048536,
        3.3259547462163694,
        3.459703351616748
    ],
    "log10_Mc": [
        null,
        9.74610979203608,
        null
    ],
    "log10_fgw": [
        -7.6736405514873525,
        -7.65746269753575,
        -7.6421363095816
    ],
    "log10_h": [
        -14.108946478849054,
        -14.061520936046966,
        -14.008876314371921
    ],
    "phase0": [
        null,
        5.996048325919193,
        null
    ],
    "psi": [
        null,
        0.009875761366640616,
        null
    ]
}