{
    "cos_gwtheta": [
        -0.4289105333790178,
        -0.29480946436495403,
        -0.1872205837285682
    ],
    "cos_inc": [
        -0.17038048568019193,
        -0.11296717937000766,
        -0.061001851030862864
    ],
    "gwphi": [
        3.3140404470923377,
        3.435170262347022,
        3.569451314686501
    ],
    "log10_Mc": [
        null,
        9.545375927325995,
        null
    ],
    "log10_fgw": [
        -7.6711815966116905,
        -7.661059117379472,
        -7.649520906786105
    ],
    "log10_h": [
        -14.192889736209672,
        -14.144987168085198,
        -14.092196582805164
    ],
    "phase0": [
        null,
        5.12500985331728,
        null
    ],
    "psi": [
        null,
        3.1332974937307334,
        null
    ]
}