{
    "cos_gwtheta": [
        null,
        -0.8281022419471531,
        null
    ],
    "cos_inc": [
        null,
        -0.36259003444511095,
        null
    ],
    "gwphi": [
        2.629940994946761,
        2.8109856087295793,
        2.9736005312889966
    ],
    "log10_Mc": [
        null,
        8.130627956269098,
        null
    ],
    "log10_fgw": [
        -7.6794776935645785,
        -7.656028856037495,
        -7.634985027487549
    ],
    "log10_h": [
        -14.361175046569148,
        -14.241845560132676,
        -14.044652431967386
    ],
    "phase0": [
        null,
        0.740675020880297,
        null
    ],
    "psi": [
        null,
        1.4814633719474621,
        null
    ]
}