{
    "cos_gwtheta": [
        -0.12225045556201308,
        0.0292955736775109,
        0.16567152031695997
    ],
    "cos_inc": [
        -0.05292490345956535,
        0.003726001041139293,
        0.05539457843591877
    ],
    "gwphi": [
        3.1013029226346793,
        3.212949042350555,
        3.3332182363534297
    ],
    "log10_Mc": [
        null,
        8.101775848214581,
        null
    ],
    "log10_fgw": [
        -7.671737778446366,
        -7.651957276511541,
        -7.634134220080683
    ],
    "log10_h": [
        -14.04945737882839,
        -13.995064412929409,
        -13.941701616839122
    ],
    "phase0": [
        null,
        5.485618412445849,
        null
    ],
    "psi": [
        null,
        3.1332876940398915,
        null
    ]
}