{
    "cos_gwtheta": [
        0.1278704990011279,
        0.26328923649158154,
        0.3776777781743741
    ],
    "cos_inc": [
        -0.30691221795656976,
        -0.2214652034915452,
        -0.14511671371492607
    ],
    "gwphi": [
        2.716272070786627,
        2.8283636672042656,
        2.9490003629003794
    ],
    "log10_Mc": [
        null,
        8.446025347182495,
        null
    ],
    "log10_fgw": [
        -7.68382557215716,
        -7.65692492042535,
        -7.6298400176542795
    ],
    "log10_h": [
        -13.999430409971414,
        -13.913645340443168,
        -13.839298280185357
    ],
    "phase0": [
        null,
        3.773577263163375,
        null
    ],
    "psi": [
        null,
        0.09984791435599003,
        null
    ]
}