{
    "cos_gwtheta": [
        -0.0926503975912849,
        0.06551503558629235,
        0.2117652113434444
    ],
    "cos_inc": [
        -0.1818860196003964,
        -0.12113296153738229,
        -0.06671246978712542
    ],
    "gwphi": [
        3.1596116227860986,
        3.290509337642029,
        3.402793157266153
    ],
    "log10_Mc": [
        null,
        8.465211491124759,
        null
    ],
    "log10_fgw": [
        -7.6809746224446735,
        -7.65506467974008,
        -7.633632998737514
    ],
    "log10_h": [
        -14.035234605865211,
        -13.980785208516263,
        -13.924100947843291
    ],
    "phase0": [
        null,
        6.266419647786066,
        null
    ],
    "psi": [
        1.5332244777024986,
        1.5975186668531205,
        1.6657004116268033
    ]
}