{
    "cos_gwtheta": [
        -0.49231304319293856,
        -0.4071527181797189,
        -0.32067934850770496
    ],
    "cos_inc": [
        0.06274193896190383,
        0.1076352733983923,
        0.1542226959268237
    ],
    "gwphi": [
        2.3232806886108417,
        2.4401495870448113,
        2.536128875613772
    ],
    "log10_Mc": [
        null,
        9.65064956008265,
        null
    ],
    "log10_fgw": [
        -7.680263838828581,
        -7.659122916796095,
        -7.639492060623073
    ],
    "log10_h": [
        -14.035183874044167,
        -13.974561079602363,
        -13.922879700269968
    ],
    "phase0": [
        null,
        1.8820031435778173,
        null
    ],
    "psi": [
        1.2596797498378511,
        1.3204778915290256,
        1.3780913686554244
    ]
}