{
    "cos_gwtheta": [
        0.044755525632285575,
        0.22087118913317028,
        0.365404273402006
    ],
    "cos_inc": [
        -0.05603234271634028,
        -0.0040444818690524575,
        0.04696936753378966
    ],
    "gwphi": [
        2.985946154140259,
        3.085423351895207,
        3.1950383532430164
    ],
    "log10_Mc": [
        null,
        8.006306069184864,
        null
    ],
    "log10_fgw": [
        -7.651280010570516,
        -7.648779856646694,
        -7.646571776779394
    ],
    "log10_h": [
        -14.019608557736225,
        -13.947889966453003,
        -13.869254353675462
    ],
    "phase0": [
        null,
        1.7015611255103888,
        null
    ],
    "psi": [
        1.5186108478587321,
        1.578749450285833,
        1.6442918111918905
    ]
}