{
    "cos_gwtheta": [
        -0.12724150824510683,
        0.07826228040141991,
        0.2177328663725554
    ],
    "cos_inc": [
        -0.06494773386677491,
        -0.012786545688533907,
        0.03455113476569771
    ],
    "gwphi": [
        2.9332026366440065,
        3.0355380163190064,
        3.121635678923804
    ],
    "log10_Mc": [
        null,
        9.36393147603376,
        null
    ],
    "log10_fgw": [
        -7.681871703064815,
        -7.654735889704434,
        -7.628333476705144
    ],
    "log10_h": [
        -14.00105675592021,
        -13.929583276733739,
        -13.863470308486255
    ],
    "phase0": [
        null,
        5.305385139775768,
        null
    ],
    "psi": [
        1.4603537517724816,
        1.5164226509964251,
        1.5683125018310062
    ]
}