{
    "cos_gwtheta": [
        null,
        -0.7484191022374576,
        null
    ],
    "cos_inc": [
        null,
        0.023032642229217193,
        null
    ],
    "gwphi": [
        null,
        3.3647654963577764,
        null
    ],
    "log10_Mc": [
        null,
        8.159211284561117,
        null
    ],
    "log10_fgw": [
        -7.6769970782960515,
        -7.646167440106108,
        -7.622722146392798
    ],
    "log10_h": [
        -14.122024418849529,
        -14.050313079087955,
        -13.974503948482862
    ],
    "phase0": [
        null,
        2.332537276676076,
        null
    ],
    "psi": [
        1.6333519206381013,
        1.6963950117314768,
        1.7656536188481426
    ]
}