{
    "gw_log10_rho_0": -8.354128509029607,
    "gw_log10_rho_1": -9.20854956577517,
    "gw_log10_rho_2": -8.201104856701802,
    "gw_log10_rho_3": -8.306234163250348,
    "gw_log10_rho_4": -8.015888626697,
    "gw_log10_rho_5": -7.811144072692145,
    "gw_log10_rho_6": -5.872333091165763,
    "gw_log10_rho_7": -7.753837054224612,
    "gw_log10_rho_8": -8.062492297087434,
    "gw_log10_rho_9": -8.147098770654473,
    "gw_log10_rho_10": -8.073401979394832,
    "gw_log10_rho_11": -8.274962671599148,
    "gw_log10_rho_12": -9.117920277357795,
    "gw_log10_rho_13": -9.343105445639768,
    "gw_log10_rho_14": -9.696677826562166,
    "gw_log10_rho_15": -9.917406487923097,
    "gw_log10_rho_16": -8.373978773227197,
    "gw_log10_rho_17": -8.271329376782825,
    "gw_log10_rho_18": -9.999997637590138,
    "gw_log10_rho_19": -8.953324068501034
}