{
    "gw_log10_rho_0": -8.383356410872977,
    "gw_log10_rho_1": -8.454783942343441,
    "gw_log10_rho_2": -8.48304847218758,
    "gw_log10_rho_3": -9.818039221328428,
    "gw_log10_rho_4": -8.145513234239722,
    "gw_log10_rho_5": -8.27915711289148,
    "gw_log10_rho_6": -6.735033715108006,
    "gw_log10_rho_7": -9.43328532445157,
    "gw_log10_rho_8": -8.44796686601612,
    "gw_log10_rho_9": -9.49706066322871,
    "gw_log10_rho_10": -9.493759016339826,
    "gw_log10_rho_11": -9.65279398083235,
    "gw_log10_rho_12": -8.36305476004728,
    "gw_log10_rho_13": -8.570828287891958,
    "gw_log10_rho_14": -9.816621091383688,
    "gw_log10_rho_15": -9.329915828540878,
    "gw_log10_rho_16": -8.453629731050267,
    "gw_log10_rho_17": -9.552897553914603,
    "gw_log10_rho_18": -8.500632202233778,
    "gw_log10_rho_19": -8.936257336782035
}