{
    "gw_log10_rho_0": -9.978992203891318,
    "gw_log10_rho_1": -8.651533444832163,
    "gw_log10_rho_2": -8.485527635405777,
    "gw_log10_rho_3": -9.76995657306082,
    "gw_log10_rho_4": -8.48539020325599,
    "gw_log10_rho_5": -8.299157026152058,
    "gw_log10_rho_6": -7.613149544083117,
    "gw_log10_rho_7": -9.979167804024016,
    "gw_log10_rho_8": -8.442448534956707,
    "gw_log10_rho_9": -8.420208343919711,
    "gw_log10_rho_10": -8.375050384257428,
    "gw_log10_rho_11": -8.388913488212225,
    "gw_log10_rho_12": -9.661972464049091,
    "gw_log10_rho_13": -8.71873702190434,
    "gw_log10_rho_14": -9.32053890690381,
    "gw_log10_rho_15": -8.317787209791547,
    "gw_log10_rho_16": -9.701216783613683,
    "gw_log10_rho_17": -9.809850864606812,
    "gw_log10_rho_18": -9.458377452459949,
    "gw_log10_rho_19": -9.437303139440628
}