{
    "gw_gamma": 0.41999115227704836,
    "gw_log10_A": -17.85767753914384
}