{
    "gw_gamma": 0.07000442033451842,
    "gw_log10_A": -17.889081287515456
}