{
    "gw_gamma": 0.5435600947917463,
    "gw_log10_A": -14.386442070304833
}