{
    "gw_gamma": 0.5599842636704785,
    "gw_log10_A": -14.519840996251148
}