{
    "gw_gamma": 6.997438011888348,
    "gw_log10_A": -13.63659038934635
}