{
    "gw_log10_rho_0": -9.936943953043478,
    "gw_log10_rho_1": -8.353580237907096,
    "gw_log10_rho_2": -9.038322953137465,
    "gw_log10_rho_3": -9.618827200876096,
    "gw_log10_rho_4": -9.198059867107174,
    "gw_log10_rho_5": -9.979403281644197,
    "gw_log10_rho_6": -6.609617182500579,
    "gw_log10_rho_7": -9.958354675429351,
    "gw_log10_rho_8": -9.586915927760446,
    "gw_log10_rho_9": -8.203100253328497,
    "gw_log10_rho_10": -8.26286776558688,
    "gw_log10_rho_11": -9.999999842863943,
    "gw_log10_rho_12": -9.435738930883193,
    "gw_log10_rho_13": -8.284152554079759,
    "gw_log10_rho_14": -8.707208325706343,
    "gw_log10_rho_15": -8.888978556682611,
    "gw_log10_rho_16": -9.719814636453766,
    "gw_log10_rho_17": -8.415064924113539,
    "gw_log10_rho_18": -8.167073043514714,
    "gw_log10_rho_19": -8.765906326224172
}