{
    "J0024-2029_red_noise_gamma": 1.957903621303424,
    "J0024-2029_red_noise_log10_A": -12.769592725436128,
    "J0114+7148_red_noise_gamma": 2.3557485075085944,
    "J0114+7148_red_noise_log10_A": -12.464986717324873,
    "J0234+0837_red_noise_gamma": 2.11450015794683,
    "J0234+0837_red_noise_log10_A": -12.724799162887537,
    "J0354-4032_red_noise_gamma": 2.0747488642605516,
    "J0354-4032_red_noise_log10_A": -13.189708683993715,
    "J0444+4032_red_noise_gamma": 2.13239763129659,
    "J0444+4032_red_noise_log10_A": -13.210233987281384,
    "J0604-0837_red_noise_gamma": 2.023405043004775,
    "J0604-0837_red_noise_log10_A": -12.091274663295474,
    "J0724-7148_red_noise_gamma": 1.6799983214022591,
    "J0724-7148_red_noise_log10_A": -13.93230884591069,
    "J0814+2029_red_noise_gamma": 1.4000077020112682,
    "J0814+2029_red_noise_log10_A": -16.727525417338114,
    "J0934-2644_red_noise_gamma": 1.8420218218640156,
    "J0934-2644_red_noise_log10_A": -13.378400524771001,
    "J1024+5812_red_noise_gamma": 2.3496115985693207,
    "J1024+5812_red_noise_log10_A": -12.183207363471379,
    "J1144+0251_red_noise_gamma": 2.2556539613498936,
    "J1144+0251_red_noise_log10_A": -12.49468117986293,
    "J1304-4835_red_noise_gamma": 1.775003835823385,
    "J1304-4835_red_noise_log10_A": -12.67089393598552,
    "J1354+3322_red_noise_gamma": 0.28000226275976464,
    "J1354+3322_red_noise_log10_A": -16.803207833423915,
    "J1514-1428_red_noise_gamma": 2.9399925106054017,
    "J1514-1428_red_noise_log10_A": -14.104505963296706,
    "J1724+1428_red_noise_gamma": 2.800022601044272,
    "J1724+1428_red_noise_log10_A": -13.999896538439556,
    "J1844-3322_red_noise_gamma": 1.4086657046185904,
    "J1844-3322_red_noise_log10_A": -13.538534292411727,
    "J1934+4835_red_noise_gamma": 3.7100862354158908,
    "J1934+4835_red_noise_log10_A": -14.311375489792574,
    "J2054-0251_red_noise_gamma": 1.819998516297851,
    "J2054-0251_red_noise_log10_A": -16.93302340712758,
    "J2214-5812_red_noise_gamma": 2.4349954225002852,
    "J2214-5812_red_noise_log10_A": -12.420137242110618,
    "J2304+2644_red_noise_gamma": 1.0499963349230308,
    "J2304+2644_red_noise_log10_A": -13.877070932471499,
    "gw_log10_rho_0": -6.873387928173835,
    "gw_log10_rho_1": -7.102305136969182,
    "gw_log10_rho_2": -7.341476267985843,
    "gw_log10_rho_3": -7.562025216003567,
    "gw_log10_rho_4": -7.2961209781578225,
    "gw_log10_rho_5": -6.810295157222721,
    "gw_log10_rho_6": -6.698626936057621,
    "gw_log10_rho_7": -7.520392436519135,
    "gw_log10_rho_8": -7.557525601920785,
    "gw_log10_rho_9": -7.726225445457058,
    "gw_log10_rho_10": -7.791220729568234,
    "gw_log10_rho_11": -7.859981990795056,
    "gw_log10_rho_12": -8.072444318958164,
    "gw_log10_rho_13": -8.390017172930637,
    "gw_log10_rho_14": -7.867162648173074,
    "gw_log10_rho_15": -7.950069419343827,
    "gw_log10_rho_16": -8.147089418245901,
    "gw_log10_rho_17": -8.137634803568742,
    "gw_log10_rho_18": -9.311356665673236,
    "gw_log10_rho_19": -8.648668481617912
}