{
    "J0024-2029_red_noise_gamma": 2.412653973842124,
    "J0024-2029_red_noise_log10_A": -13.110419287368117,
    "J0114+7148_red_noise_gamma": 2.572714311505627,
    "J0114+7148_red_noise_log10_A": -11.744859189308265,
    "J0234+0837_red_noise_gamma": 2.4426621303289857,
    "J0234+0837_red_noise_log10_A": -12.777033793860463,
    "J0354-4032_red_noise_gamma": 1.8378229881541583,
    "J0354-4032_red_noise_log10_A": -11.682353670449073,
    "J0444+4032_red_noise_gamma": 2.976476903877415,
    "J0444+4032_red_noise_log10_A": -11.998037968175977,
    "J0604-0837_red_noise_gamma": 2.372619752669958,
    "J0604-0837_red_noise_log10_A": -12.168456061359699,
    "J0724-7148_red_noise_gamma": 1.4125089841992795,
    "J0724-7148_red_noise_log10_A": -13.395165891156333,
    "J0814+2029_red_noise_gamma": 1.915243737345475,
    "J0814+2029_red_noise_log10_A": -12.755590493618108,
    "J0934-2644_red_noise_gamma": 2.3883319150897133,
    "J0934-2644_red_noise_log10_A": -12.613021197481094,
    "J1024+5812_red_noise_gamma": 1.827378193619178,
    "J1024+5812_red_noise_log10_A": -13.039041535568037,
    "J1144+0251_red_noise_gamma": 2.4225688960708043,
    "J1144+0251_red_noise_log10_A": -11.266984669038525,
    "J1304-4835_red_noise_gamma": 2.4705701246174563,
    "J1304-4835_red_noise_log10_A": -13.424503320118019,
    "J1354+3322_red_noise_gamma": 0.785408266560994,
    "J1354+3322_red_noise_log10_A": -11.770822456750754,
    "J1514-1428_red_noise_gamma": 2.385766539889703,
    "J1514-1428_red_noise_log10_A": -13.764760774064099,
    "J1724+1428_red_noise_gamma": 0.6293908871879436,
    "J1724+1428_red_noise_log10_A": -13.309268383101628,
    "J1844-3322_red_noise_gamma": 2.624793830089498,
    "J1844-3322_red_noise_log10_A": -12.109971115341125,
    "J1934+4835_red_noise_gamma": 1.5421226963280068,
    "J1934+4835_red_noise_log10_A": -13.09855782068013,
    "J2054-0251_red_noise_gamma": 2.3061819627514386,
    "J2054-0251_red_noise_log10_A": -12.323748862097748,
    "J2214-5812_red_noise_gamma": 1.8290007122694276,
    "J2214-5812_red_noise_log10_A": -11.831006012245085,
    "J2304+2644_red_noise_gamma": 2.0683432075010817,
    "J2304+2644_red_noise_log10_A": -12.06515938277865,
    "gw_log10_rho_0": -7.152365744768922,
    "gw_log10_rho_1": -8.124312143052993,
    "gw_log10_rho_2": -8.869416543680453,
    "gw_log10_rho_3": -7.104719781871768,
    "gw_log10_rho_4": -7.643809087500907,
    "gw_log10_rho_5": -6.735270086420382,
    "gw_log10_rho_6": -6.639000424783504,
    "gw_log10_rho_7": -7.68754713217821,
    "gw_log10_rho_8": -9.816062323439406,
    "gw_log10_rho_9": -7.699345392900367,
    "gw_log10_rho_10": -7.976910583315448,
    "gw_log10_rho_11": -7.721219631442315,
    "gw_log10_rho_12": -9.134610391824056,
    "gw_log10_rho_13": -8.90588391766042,
    "gw_log10_rho_14": -7.914061399532338,
    "gw_log10_rho_15": -7.704021464592042,
    "gw_log10_rho_16": -8.077324129203717,
    "gw_log10_rho_17": -9.971066095996864,
    "gw_log10_rho_18": -8.877271687098386,
    "gw_log10_rho_19": -9.99998440784075
}