{
    "gw_log10_rho_0": -8.702961656632185,
    "gw_log10_rho_1": -9.876062348055832,
    "gw_log10_rho_2": -8.376086779460021,
    "gw_log10_rho_3": -9.958288342711821,
    "gw_log10_rho_4": -8.341368592868198,
    "gw_log10_rho_5": -9.999999580585598,
    "gw_log10_rho_6": -9.140859860611567,
    "gw_log10_rho_7": -9.646184295898214,
    "gw_log10_rho_8": -9.270380609328058,
    "gw_log10_rho_9": -9.961208253057452,
    "gw_log10_rho_10": -8.536334766142403,
    "gw_log10_rho_11": -9.999999541919685,
    "gw_log10_rho_12": -8.668831247488674,
    "gw_log10_rho_13": -9.242677801146176,
    "gw_log10_rho_14": -9.812816640355686,
    "gw_log10_rho_15": -8.572581828279151,
    "gw_log10_rho_16": -8.494089458032398,
    "gw_log10_rho_17": -8.143011259508683,
    "gw_log10_rho_18": -8.29457838240906,
    "gw_log10_rho_19": -9.439083211234772
}