{
    "gw_log10_rho_0": -9.08883276334296,
    "gw_log10_rho_1": -8.22119284882644,
    "gw_log10_rho_2": -9.635534687616303,
    "gw_log10_rho_3": -9.77338147397472,
    "gw_log10_rho_4": -8.50405954257719,
    "gw_log10_rho_5": -9.38025075215498,
    "gw_log10_rho_6": -8.627810541999667,
    "gw_log10_rho_7": -9.44138732901714,
    "gw_log10_rho_8": -8.534803294095589,
    "gw_log10_rho_9": -8.894883680024126,
    "gw_log10_rho_10": -8.51371380662471,
    "gw_log10_rho_11": -8.485236352658518,
    "gw_log10_rho_12": -8.493735161868933,
    "gw_log10_rho_13": -9.196371797602055,
    "gw_log10_rho_14": -9.939341890159392,
    "gw_log10_rho_15": -9.637045604975139,
    "gw_log10_rho_16": -9.999998148673827,
    "gw_log10_rho_17": -9.937508294723653,
    "gw_log10_rho_18": -9.796864189179454,
    "gw_log10_rho_19": -8.320947093728988
}