{
    "gw_gamma": 0.41999712956633395,
    "gw_log10_A": -17.99999778285708
}