{
    "gw_gamma": 1.5399870586301843,
    "gw_log10_A": -17.564316732713795
}