{
    "J0024-2029_red_noise_gamma": 1.8062664965513087,
    "J0024-2029_red_noise_log10_A": -11.897539788438195,
    "J0114+7148_red_noise_gamma": 2.6463336509760067,
    "J0114+7148_red_noise_log10_A": -11.588864596327358,
    "J0234+0837_red_noise_gamma": 1.8928698647471613,
    "J0234+0837_red_noise_log10_A": -13.562271907460529,
    "J0354-4032_red_noise_gamma": 1.1986597720452334,
    "J0354-4032_red_noise_log10_A": -12.052105912817453,
    "J0444+4032_red_noise_gamma": 1.8387266329156309,
    "J0444+4032_red_noise_log10_A": -13.2516950894432,
    "J0604-0837_red_noise_gamma": 2.8890626829289046,
    "J0604-0837_red_noise_log10_A": -12.538399334697687,
    "J0724-7148_red_noise_gamma": 2.7814990486298186,
    "J0724-7148_red_noise_log10_A": -13.141558036443895,
    "J0814+2029_red_noise_gamma": 1.430662289987491,
    "J0814+2029_red_noise_log10_A": -13.347996009441776,
    "J0934-2644_red_noise_gamma": 1.2734666931072671,
    "J0934-2644_red_noise_log10_A": -12.910137062419354,
    "J1024+5812_red_noise_gamma": 2.7998835537217275,
    "J1024+5812_red_noise_log10_A": -13.970523863028783,
    "J1144+0251_red_noise_gamma": 1.3451734445848118,
    "J1144+0251_red_noise_log10_A": -11.420802142251421,
    "J1304-4835_red_noise_gamma": 0.8417052927044107,
    "J1304-4835_red_noise_log10_A": -10.972819320391567,
    "J1354+3322_red_noise_gamma": 2.3407158784858613,
    "J1354+3322_red_noise_log10_A": -12.081067682830401,
    "J1514-1428_red_noise_gamma": 0.5713654297105151,
    "J1514-1428_red_noise_log10_A": -12.891850659136502,
    "J1724+1428_red_noise_gamma": 2.6606795677044786,
    "J1724+1428_red_noise_log10_A": -11.969024269712264,
    "J1844-3322_red_noise_gamma": 0.9100003916203632,
    "J1844-3322_red_noise_log10_A": -13.785794164226765,
    "J1934+4835_red_noise_gamma": 1.347949615944777,
    "J1934+4835_red_noise_log10_A": -12.898321178030997,
    "J2054-0251_red_noise_gamma": 1.9355790351778928,
    "J2054-0251_red_noise_log10_A": -13.515135808001501,
    "J2214-5812_red_noise_gamma": 1.1312659828569434,
    "J2214-5812_red_noise_log10_A": -12.589365386737448,
    "J2304+2644_red_noise_gamma": 1.8007076282038859,
    "J2304+2644_red_noise_log10_A": -13.338796925285907,
    "gw_log10_rho_0": -7.2355989426677265,
    "gw_log10_rho_1": -6.729060545846178,
    "gw_log10_rho_2": -7.020910382043635,
    "gw_log10_rho_3": -9.518480405636534,
    "gw_log10_rho_4": -7.339468272924867,
    "gw_log10_rho_5": -7.843478753716226,
    "gw_log10_rho_6": -7.436169492711102,
    "gw_log10_rho_7": -7.743918972282589,
    "gw_log10_rho_8": -7.825087582746491,
    "gw_log10_rho_9": -8.040973007095802,
    "gw_log10_rho_10": -7.837705387808262,
    "gw_log10_rho_11": -7.584023821138802,
    "gw_log10_rho_12": -7.756984736625921,
    "gw_log10_rho_13": -9.024705958996803,
    "gw_log10_rho_14": -8.251630213133916,
    "gw_log10_rho_15": -9.171232839197499,
    "gw_log10_rho_16": -8.033268785121086,
    "gw_log10_rho_17": -8.403631969743723,
    "gw_log10_rho_18": -7.892140638803916,
    "gw_log10_rho_19": -8.807080160830377
}