{
    "J0024-2029_red_noise_gamma": 2.1202471166563743,
    "J0024-2029_red_noise_log10_A": -12.750697168305477,
    "J0114+7148_red_noise_gamma": 1.9895478223753367,
    "J0114+7148_red_noise_log10_A": -12.254063106841787,
    "J0234+0837_red_noise_gamma": 2.1473821109356663,
    "J0234+0837_red_noise_log10_A": -12.000720046286439,
    "J0354-4032_red_noise_gamma": 1.7596984162456346,
    "J0354-4032_red_noise_log10_A": -12.348773772158545,
    "J0444+4032_red_noise_gamma": 1.9599797846535054,
    "J0444+4032_red_noise_log10_A": -13.97503657235185,
    "J0604-0837_red_noise_gamma": 1.6621866049526899,
    "J0604-0837_red_noise_log10_A": -12.01280326901913,
    "J0724-7148_red_noise_gamma": 2.2403692782791085,
    "J0724-7148_red_noise_log10_A": -13.192864001617544,
    "J0814+2029_red_noise_gamma": 1.9213370016006692,
    "J0814+2029_red_noise_log10_A": -13.125589480746076,
    "J0934-2644_red_noise_gamma": 2.0999178412248773,
    "J0934-2644_red_noise_log10_A": -14.110382673096002,
    "J1024+5812_red_noise_gamma": 1.9568661614721379,
    "J1024+5812_red_noise_log10_A": -12.521984462805154,
    "J1144+0251_red_noise_gamma": 1.9341952158097733,
    "J1144+0251_red_noise_log10_A": -12.753259570134464,
    "J1304-4835_red_noise_gamma": 1.5782167928821553,
    "J1304-4835_red_noise_log10_A": -12.492618410562859,
    "J1354+3322_red_noise_gamma": 1.5123309351899832,
    "J1354+3322_red_noise_log10_A": -12.28438706508657,
    "J1514-1428_red_noise_gamma": 2.395931482652327,
    "J1514-1428_red_noise_log10_A": -12.603449453991525,
    "J1724+1428_red_noise_gamma": 1.494672125208683,
    "J1724+1428_red_noise_log10_A": -12.595912219838493,
    "J1844-3322_red_noise_gamma": 1.2762282706750505,
    "J1844-3322_red_noise_log10_A": -12.704234181617398,
    "J1934+4835_red_noise_gamma": 2.4497672731623408,
    "J1934+4835_red_noise_log10_A": -14.073677746897326,
    "J2054-0251_red_noise_gamma": 1.7007891640817934,
    "J2054-0251_red_noise_log10_A": -13.112109416935196,
    "J2214-5812_red_noise_gamma": 1.5515470340562616,
    "J2214-5812_red_noise_log10_A": -11.99829359972744,
    "J2304+2644_red_noise_gamma": 1.4177714258778615,
    "J2304+2644_red_noise_log10_A": -12.816911568933744,
    "gw_log10_rho_0": -7.012801813049867,
    "gw_log10_rho_1": -7.299547563931972,
    "gw_log10_rho_2": -7.592037429524989,
    "gw_log10_rho_3": -7.626650757342031,
    "gw_log10_rho_4": -7.656919379245727,
    "gw_log10_rho_5": -8.01833377484801,
    "gw_log10_rho_6": -7.383307804606037,
    "gw_log10_rho_7": -8.295797936883755,
    "gw_log10_rho_8": -8.061332628657928,
    "gw_log10_rho_9": -8.120559526898006,
    "gw_log10_rho_10": -7.7929505703815005,
    "gw_log10_rho_11": -9.648943439364649,
    "gw_log10_rho_12": -8.261508143562594,
    "gw_log10_rho_13": -8.07682811208129,
    "gw_log10_rho_14": -8.11022267615586,
    "gw_log10_rho_15": -8.084546455451285,
    "gw_log10_rho_16": -9.204317665898511,
    "gw_log10_rho_17": -8.12510486038953,
    "gw_log10_rho_18": -9.50474861059092,
    "gw_log10_rho_19": -9.632247911529292
}