{
    "gw_log10_rho_0": -5.605546547549777,
    "gw_log10_rho_1": -6.043616817618964,
    "gw_log10_rho_2": -6.269820175628842,
    "gw_log10_rho_3": -6.392632788441228,
    "gw_log10_rho_4": -6.484999372146202,
    "gw_log10_rho_5": -6.584721052718592,
    "gw_log10_rho_6": -6.667955127167202,
    "gw_log10_rho_7": -6.704663079346388,
    "gw_log10_rho_8": -6.7612464969688295,
    "gw_log10_rho_9": -6.808935853903538,
    "gw_log10_rho_10": -6.858860059828863,
    "gw_log10_rho_11": -6.887610649061875,
    "gw_log10_rho_12": -6.9484823017550825,
    "gw_log10_rho_13": -6.958930526881631,
    "gw_log10_rho_14": -6.988407858368285,
    "gw_log10_rho_15": -7.023551646103075,
    "gw_log10_rho_16": -7.048340766730323,
    "gw_log10_rho_17": -7.064878118716498,
    "gw_log10_rho_18": -7.095665588440802,
    "gw_log10_rho_19": -7.120089014601639
}