{
    "J0024-2029_red_noise_gamma": 3.0802661422456112,
    "J0024-2029_red_noise_log10_A": -14.005415242177019,
    "J0114+7148_red_noise_gamma": 1.5766358843305022,
    "J0114+7148_red_noise_log10_A": -12.882023023236034,
    "J0234+0837_red_noise_gamma": 1.9656388002648546,
    "J0234+0837_red_noise_log10_A": -12.738095901696664,
    "J0354-4032_red_noise_gamma": 1.5309313296823466,
    "J0354-4032_red_noise_log10_A": -12.923242055621998,
    "J0444+4032_red_noise_gamma": 1.5957672454821945,
    "J0444+4032_red_noise_log10_A": -12.495033794304206,
    "J0604-0837_red_noise_gamma": 1.6336508742098448,
    "J0604-0837_red_noise_log10_A": -12.660681792185391,
    "J0724-7148_red_noise_gamma": 2.004524333756585,
    "J0724-7148_red_noise_log10_A": -12.57471744353796,
    "J0814+2029_red_noise_gamma": 1.7437876329660047,
    "J0814+2029_red_noise_log10_A": -12.33588409110984,
    "J0934-2644_red_noise_gamma": 2.820820677154769,
    "J0934-2644_red_noise_log10_A": -13.431992734288745,
    "J1024+5812_red_noise_gamma": 1.6269502272810332,
    "J1024+5812_red_noise_log10_A": -13.271221510945356,
    "J1144+0251_red_noise_gamma": 2.2421363100163365,
    "J1144+0251_red_noise_log10_A": -13.326124096107218,
    "J1304-4835_red_noise_gamma": 2.008354543051426,
    "J1304-4835_red_noise_log10_A": -12.20069820745226,
    "J1354+3322_red_noise_gamma": 1.6415307374313957,
    "J1354+3322_red_noise_log10_A": -12.613516266402886,
    "J1514-1428_red_noise_gamma": 1.9030641978665956,
    "J1514-1428_red_noise_log10_A": -12.535962719915704,
    "J1724+1428_red_noise_gamma": 0.8399225397946716,
    "J1724+1428_red_noise_log10_A": -13.85403237177215,
    "J1844-3322_red_noise_gamma": 2.136098280639057,
    "J1844-3322_red_noise_log10_A": -12.332475038223931,
    "J1934+4835_red_noise_gamma": 0.9960660533615276,
    "J1934+4835_red_noise_log10_A": -13.763428004357376,
    "J2054-0251_red_noise_gamma": 1.7804854438427895,
    "J2054-0251_red_noise_log10_A": -12.876821885589033,
    "J2214-5812_red_noise_gamma": 3.08001911077528,
    "J2214-5812_red_noise_log10_A": -14.1398137765465,
    "J2304+2644_red_noise_gamma": 2.4685253401357676,
    "J2304+2644_red_noise_log10_A": -13.451908458844242,
    "gw_log10_rho_0": -7.037084623341217,
    "gw_log10_rho_1": -7.077475729255089,
    "gw_log10_rho_2": -7.846294909663792,
    "gw_log10_rho_3": -7.460952464654456,
    "gw_log10_rho_4": -7.761994196530997,
    "gw_log10_rho_5": -7.428822313338891,
    "gw_log10_rho_6": -7.311506510502593,
    "gw_log10_rho_7": -7.551311340534538,
    "gw_log10_rho_8": -7.4785565048083456,
    "gw_log10_rho_9": -8.301339863676686,
    "gw_log10_rho_10": -8.872329469661226,
    "gw_log10_rho_11": -8.041696337448712,
    "gw_log10_rho_12": -7.990051163010699,
    "gw_log10_rho_13": -8.509811664619436,
    "gw_log10_rho_14": -8.044660419019092,
    "gw_log10_rho_15": -9.523772576071552,
    "gw_log10_rho_16": -7.84723978831024,
    "gw_log10_rho_17": -8.569851247212215,
    "gw_log10_rho_18": -8.419909941083878,
    "gw_log10_rho_19": -9.517505572743355
}