{
    "J0024-2029_red_noise_gamma": 1.1774296322930236,
    "J0024-2029_red_noise_log10_A": -11.956864484578583,
    "J0114+7148_red_noise_gamma": 0.5722855018350788,
    "J0114+7148_red_noise_log10_A": -11.164053450952771,
    "J0234+0837_red_noise_gamma": 0.42001098008151216,
    "J0234+0837_red_noise_log10_A": -15.817954957341,
    "J0354-4032_red_noise_gamma": 1.7953480109652684,
    "J0354-4032_red_noise_log10_A": -11.148331355515179,
    "J0444+4032_red_noise_gamma": 2.7275523606856855,
    "J0444+4032_red_noise_log10_A": -13.367900705731024,
    "J0604-0837_red_noise_gamma": 2.0161372450561954,
    "J0604-0837_red_noise_log10_A": -11.37413312279463,
    "J0724-7148_red_noise_gamma": 1.8267932680890568,
    "J0724-7148_red_noise_log10_A": -11.08599760233409,
    "J0814+2029_red_noise_gamma": 2.177233479725392,
    "J0814+2029_red_noise_log10_A": -13.190027269702519,
    "J0934-2644_red_noise_gamma": 1.5856300418877483,
    "J0934-2644_red_noise_log10_A": -11.686229633739554,
    "J1024+5812_red_noise_gamma": 2.488884755943699,
    "J1024+5812_red_noise_log10_A": -13.17260724957053,
    "J1144+0251_red_noise_gamma": 0.9203254576700567,
    "J1144+0251_red_noise_log10_A": -12.061355480496129,
    "J1304-4835_red_noise_gamma": 3.2200036752042855,
    "J1304-4835_red_noise_log10_A": -14.33288941049992,
    "J1354+3322_red_noise_gamma": 1.5588377824497135,
    "J1354+3322_red_noise_log10_A": -12.395958054892274,
    "J1514-1428_red_noise_gamma": 1.8258817063010584,
    "J1514-1428_red_noise_log10_A": -11.849285636619987,
    "J1724+1428_red_noise_gamma": 1.7042637683981936,
    "J1724+1428_red_noise_log10_A": -12.29182501958967,
    "J1844-3322_red_noise_gamma": 0.9992128969447323,
    "J1844-3322_red_noise_log10_A": -12.440366893252019,
    "J1934+4835_red_noise_gamma": 1.2833895702106528,
    "J1934+4835_red_noise_log10_A": -11.98759871212423,
    "J2054-0251_red_noise_gamma": 1.9157663271279457,
    "J2054-0251_red_noise_log10_A": -11.379842054326167,
    "J2214-5812_red_noise_gamma": 1.1256505091525932,
    "J2214-5812_red_noise_log10_A": -12.25905447029169,
    "J2304+2644_red_noise_gamma": 1.1547889912502314,
    "J2304+2644_red_noise_log10_A": -12.224570282390996,
    "gw_log10_rho_0": -6.723147784799132,
    "gw_log10_rho_1": -7.171577534839896,
    "gw_log10_rho_2": -8.564181781910401,
    "gw_log10_rho_3": -7.443428368812985,
    "gw_log10_rho_4": -7.888211773077635,
    "gw_log10_rho_5": -8.015105882379478,
    "gw_log10_rho_6": -7.399690807342324,
    "gw_log10_rho_7": -9.999998926424054,
    "gw_log10_rho_8": -7.860552355850257,
    "gw_log10_rho_9": -7.588592793700522,
    "gw_log10_rho_10": -9.023638395569042,
    "gw_log10_rho_11": -7.7340495511919025,
    "gw_log10_rho_12": -7.71610477273041,
    "gw_log10_rho_13": -9.547866218811683,
    "gw_log10_rho_14": -9.719992647300153,
    "gw_log10_rho_15": -9.525572749430507,
    "gw_log10_rho_16": -7.885162808466181,
    "gw_log10_rho_17": -9.999992937878037,
    "gw_log10_rho_18": -7.7129801512038885,
    "gw_log10_rho_19": -8.334041723904253
}