{
    "gw_gamma": 2.0449615882040604,
    "gw_log10_A": -12.65146025862383
}