{
    "gw_gamma": 1.4925663366445747,
    "gw_log10_A": -14.605787077786925
}