{
    "gw_log10_rho_0": -9.594812846069422,
    "gw_log10_rho_1": -9.917265807225366,
    "gw_log10_rho_2": -9.856486202791588,
    "gw_log10_rho_3": -9.153327499218017,
    "gw_log10_rho_4": -8.440563626816106,
    "gw_log10_rho_5": -9.759766463941826,
    "gw_log10_rho_6": -9.462167930845196,
    "gw_log10_rho_7": -8.325348165151492,
    "gw_log10_rho_8": -9.939030214899205,
    "gw_log10_rho_9": -8.73467758577527,
    "gw_log10_rho_10": -9.917926678150552,
    "gw_log10_rho_11": -8.356153166307507,
    "gw_log10_rho_12": -9.73799164949196,
    "gw_log10_rho_13": -9.668759613818962,
    "gw_log10_rho_14": -9.407515021436359,
    "gw_log10_rho_15": -9.999999882318711,
    "gw_log10_rho_16": -8.368280739716177,
    "gw_log10_rho_17": -9.751557273802486,
    "gw_log10_rho_18": -9.612843777767413,
    "gw_log10_rho_19": -9.999998166631253
}