{
    "gw_log10_rho_0": -8.358586242782883,
    "gw_log10_rho_1": -8.259523215296209,
    "gw_log10_rho_2": -9.780438470499002,
    "gw_log10_rho_3": -9.878401144424007,
    "gw_log10_rho_4": -8.313415254193718,
    "gw_log10_rho_5": -9.99999732533433,
    "gw_log10_rho_6": -8.631061861341337,
    "gw_log10_rho_7": -9.72432751457335,
    "gw_log10_rho_8": -8.531278490795929,
    "gw_log10_rho_9": -8.354524112207816,
    "gw_log10_rho_10": -9.40147912482271,
    "gw_log10_rho_11": -9.714669240812894,
    "gw_log10_rho_12": -9.939619664035144,
    "gw_log10_rho_13": -9.85250227649378,
    "gw_log10_rho_14": -9.472968519720183,
    "gw_log10_rho_15": -9.235241182687435,
    "gw_log10_rho_16": -9.673782025478026,
    "gw_log10_rho_17": -8.285151504144835,
    "gw_log10_rho_18": -9.749280336583173,
    "gw_log10_rho_19": -9.16745122933169
}