{
    "gw_gamma": 1.070167100115803,
    "gw_log10_A": -14.415970651632753
}