{
    "gw_gamma": 2.641874828039217,
    "gw_log10_A": -13.65809433013835
}