{
    "gw_gamma": 2.0056858751372264,
    "gw_log10_A": -13.834087016001867
}