{
    "J0024-2029_red_noise_gamma": 2.2344846780011682,
    "J0024-2029_red_noise_log10_A": -12.896040232373851,
    "J0114+7148_red_noise_gamma": 1.83438471974395,
    "J0114+7148_red_noise_log10_A": -13.2438211730162,
    "J0234+0837_red_noise_gamma": 2.2932068591709935,
    "J0234+0837_red_noise_log10_A": -12.634505910398493,
    "J0354-4032_red_noise_gamma": 1.3445019072301816,
    "J0354-4032_red_noise_log10_A": -13.077204753808035,
    "J0444+4032_red_noise_gamma": 1.721281974139759,
    "J0444+4032_red_noise_log10_A": -12.576739278489896,
    "J0604-0837_red_noise_gamma": 1.0679984154424795,
    "J0604-0837_red_noise_log10_A": -12.944416959890628,
    "J0724-7148_red_noise_gamma": 2.1439132893257646,
    "J0724-7148_red_noise_log10_A": -12.170706431751201,
    "J0814+2029_red_noise_gamma": 1.5390948198976242,
    "J0814+2029_red_noise_log10_A": -13.27813826829824,
    "J0934-2644_red_noise_gamma": 1.9928836443861317,
    "J0934-2644_red_noise_log10_A": -13.20901737644881,
    "J1024+5812_red_noise_gamma": 2.52175040936419,
    "J1024+5812_red_noise_log10_A": -12.557936537325338,
    "J1144+0251_red_noise_gamma": 1.687563266044139,
    "J1144+0251_red_noise_log10_A": -12.260999113868754,
    "J1304-4835_red_noise_gamma": 1.1371219216055237,
    "J1304-4835_red_noise_log10_A": -12.831746112459331,
    "J1354+3322_red_noise_gamma": 0.9164886727028504,
    "J1354+3322_red_noise_log10_A": -13.57134329348603,
    "J1514-1428_red_noise_gamma": 1.6294781170146821,
    "J1514-1428_red_noise_log10_A": -12.352431352609257,
    "J1724+1428_red_noise_gamma": 1.5653522365462416,
    "J1724+1428_red_noise_log10_A": -12.656686144423,
    "J1844-3322_red_noise_gamma": 1.616061072907079,
    "J1844-3322_red_noise_log10_A": -12.602441486719762,
    "J1934+4835_red_noise_gamma": 1.9579841680083796,
    "J1934+4835_red_noise_log10_A": -12.480650634830653,
    "J2054-0251_red_noise_gamma": 1.5646316354397976,
    "J2054-0251_red_noise_log10_A": -12.34578211048886,
    "J2214-5812_red_noise_gamma": 1.7243876560125584,
    "J2214-5812_red_noise_log10_A": -12.646017818861045,
    "J2304+2644_red_noise_gamma": 1.55185315137955,
    "J2304+2644_red_noise_log10_A": -13.318753269607928,
    "gw_log10_rho_0": -6.758855456187508,
    "gw_log10_rho_1": -8.339490765624383,
    "gw_log10_rho_2": -9.598871179739792,
    "gw_log10_rho_3": -6.726668770678389,
    "gw_log10_rho_4": -6.220466006643329,
    "gw_log10_rho_5": -5.996918053063398,
    "gw_log10_rho_6": -5.885782919256394,
    "gw_log10_rho_7": -6.89807955094637,
    "gw_log10_rho_8": -7.4877624943937615,
    "gw_log10_rho_9": -7.327915602497896,
    "gw_log10_rho_10": -7.5304011019984305,
    "gw_log10_rho_11": -7.459495497636581,
    "gw_log10_rho_12": -8.034300382352857,
    "gw_log10_rho_13": -8.703678067264528,
    "gw_log10_rho_14": -9.497553514574765,
    "gw_log10_rho_15": -9.413288885693582,
    "gw_log10_rho_16": -7.635695440538781,
    "gw_log10_rho_17": -8.648579294180077,
    "gw_log10_rho_18": -9.676122023497431,
    "gw_log10_rho_19": -7.904383038810284
}