{
    "J0024-2029_red_noise_gamma": 2.2693662058478665,
    "J0024-2029_red_noise_log10_A": -13.114860120349807,
    "J0114+7148_red_noise_gamma": 2.3577423937800965,
    "J0114+7148_red_noise_log10_A": -11.414326773452647,
    "J0234+0837_red_noise_gamma": 2.9576998080690773,
    "J0234+0837_red_noise_log10_A": -12.423301870001861,
    "J0354-4032_red_noise_gamma": 2.3470955191795397,
    "J0354-4032_red_noise_log10_A": -12.639060006707806,
    "J0444+4032_red_noise_gamma": 1.6483661671459366,
    "J0444+4032_red_noise_log10_A": -13.069698282271913,
    "J0604-0837_red_noise_gamma": 1.1936816832320365,
    "J0604-0837_red_noise_log10_A": -12.677096113498374,
    "J0724-7148_red_noise_gamma": 2.070120675694149,
    "J0724-7148_red_noise_log10_A": -12.061794884066687,
    "J0814+2029_red_noise_gamma": 2.3302962060110186,
    "J0814+2029_red_noise_log10_A": -11.381072390761226,
    "J0934-2644_red_noise_gamma": 2.4714690353223956,
    "J0934-2644_red_noise_log10_A": -13.039235626648434,
    "J1024+5812_red_noise_gamma": 2.398720676608891,
    "J1024+5812_red_noise_log10_A": -11.827580768901246,
    "J1144+0251_red_noise_gamma": 1.793830154633759,
    "J1144+0251_red_noise_log10_A": -13.065642007710894,
    "J1304-4835_red_noise_gamma": 1.954337344411624,
    "J1304-4835_red_noise_log10_A": -13.144559781475285,
    "J1354+3322_red_noise_gamma": 2.212491406637584,
    "J1354+3322_red_noise_log10_A": -11.821735214330102,
    "J1514-1428_red_noise_gamma": 1.0585189309786802,
    "J1514-1428_red_noise_log10_A": -11.85855277044449,
    "J1724+1428_red_noise_gamma": 1.6097125568957609,
    "J1724+1428_red_noise_log10_A": -13.581282908298482,
    "J1844-3322_red_noise_gamma": 1.93887404731601,
    "J1844-3322_red_noise_log10_A": -12.518301631798442,
    "J1934+4835_red_noise_gamma": 2.264954853814747,
    "J1934+4835_red_noise_log10_A": -12.99539530893475,
    "J2054-0251_red_noise_gamma": 1.957035285934814,
    "J2054-0251_red_noise_log10_A": -12.644006258926415,
    "J2214-5812_red_noise_gamma": 2.086107555583265,
    "J2214-5812_red_noise_log10_A": -12.680039259465621,
    "J2304+2644_red_noise_gamma": 1.0212945529951145,
    "J2304+2644_red_noise_log10_A": -12.546460163606822,
    "gw_log10_rho_0": -6.056102574100258,
    "gw_log10_rho_1": -7.0671012021091375,
    "gw_log10_rho_2": -9.999997348547915,
    "gw_log10_rho_3": -6.593144604761955,
    "gw_log10_rho_4": -6.160144816136001,
    "gw_log10_rho_5": -6.0099554722273645,
    "gw_log10_rho_6": -5.857669012103426,
    "gw_log10_rho_7": -6.8712105293703765,
    "gw_log10_rho_8": -7.139897823887133,
    "gw_log10_rho_9": -7.476668721917285,
    "gw_log10_rho_10": -7.455176081528657,
    "gw_log10_rho_11": -7.66194753006026,
    "gw_log10_rho_12": -7.2285260540160365,
    "gw_log10_rho_13": -8.988470834391457,
    "gw_log10_rho_14": -7.301107414459144,
    "gw_log10_rho_15": -7.678166569875838,
    "gw_log10_rho_16": -9.398911326449737,
    "gw_log10_rho_17": -8.684255320146091,
    "gw_log10_rho_18": -7.957009011224496,
    "gw_log10_rho_19": -9.575404105449437
}