{
    "gw_log10_rho_0": -8.067811692668807,
    "gw_log10_rho_1": -7.750017607297321,
    "gw_log10_rho_2": -7.501304266089372,
    "gw_log10_rho_3": -7.2549865192651595,
    "gw_log10_rho_4": -7.400255494558218,
    "gw_log10_rho_5": -7.677573159099104,
    "gw_log10_rho_6": -7.732638666014495,
    "gw_log10_rho_7": -7.7359681279536705,
    "gw_log10_rho_8": -7.897464547755405,
    "gw_log10_rho_9": -8.029601296840276,
    "gw_log10_rho_10": -8.051922871250115,
    "gw_log10_rho_11": -8.160700731420661,
    "gw_log10_rho_12": -8.133133410784579,
    "gw_log10_rho_13": -8.004250093634043,
    "gw_log10_rho_14": -8.386037060660886,
    "gw_log10_rho_15": -8.446132203753569,
    "gw_log10_rho_16": -9.999999544724497,
    "gw_log10_rho_17": -8.450197312836853,
    "gw_log10_rho_18": -9.27481274585717,
    "gw_log10_rho_19": -8.641649569211278
}