{
    "gw_log10_rho_0": -7.4004504319185305,
    "gw_log10_rho_1": -7.474726079082101,
    "gw_log10_rho_2": -7.15307429739728,
    "gw_log10_rho_3": -6.856713052495991,
    "gw_log10_rho_4": -7.232192088620101,
    "gw_log10_rho_5": -7.216756425965305,
    "gw_log10_rho_6": -7.397076395315902,
    "gw_log10_rho_7": -7.446246930813521,
    "gw_log10_rho_8": -7.757847274022223,
    "gw_log10_rho_9": -8.670793408400945,
    "gw_log10_rho_10": -7.845444892002807,
    "gw_log10_rho_11": -8.037718801805116,
    "gw_log10_rho_12": -7.928941605748302,
    "gw_log10_rho_13": -7.975978227827431,
    "gw_log10_rho_14": -8.111533866025033,
    "gw_log10_rho_15": -8.424552120760495,
    "gw_log10_rho_16": -9.012476165973881,
    "gw_log10_rho_17": -9.692499110189992,
    "gw_log10_rho_18": -7.981692908468416,
    "gw_log10_rho_19": -8.13338790522736
}