{
    "gw_gamma": 1.888470449800477,
    "gw_log10_A": -13.882487952874063
}