{
    "gw_gamma": 2.4817295807114705,
    "gw_log10_A": -13.675986210607865
}