{
    "J0024-2029_red_noise_gamma": 0.909962731328661,
    "J0024-2029_red_noise_log10_A": -13.897835295854495,
    "J0114+7148_red_noise_gamma": 3.5456733156857236,
    "J0114+7148_red_noise_log10_A": -14.275902465773077,
    "J0234+0837_red_noise_gamma": 1.3635435233440176,
    "J0234+0837_red_noise_log10_A": -11.494703885302185,
    "J0354-4032_red_noise_gamma": 1.9328256942041957,
    "J0354-4032_red_noise_log10_A": -11.16301647111219,
    "J0444+4032_red_noise_gamma": 1.6088866594412632,
    "J0444+4032_red_noise_log10_A": -13.71411104829611,
    "J0604-0837_red_noise_gamma": 1.808681822136214,
    "J0604-0837_red_noise_log10_A": -13.758607190191384,
    "J0724-7148_red_noise_gamma": 1.9109531682938683,
    "J0724-7148_red_noise_log10_A": -11.476766923132255,
    "J0814+2029_red_noise_gamma": 2.299517719235951,
    "J0814+2029_red_noise_log10_A": -12.748349817936178,
    "J0934-2644_red_noise_gamma": 2.6468021858873785,
    "J0934-2644_red_noise_log10_A": -11.391891708428805,
    "J1024+5812_red_noise_gamma": 2.511447314250012,
    "J1024+5812_red_noise_log10_A": -12.523863585287735,
    "J1144+0251_red_noise_gamma": 1.6943384864037323,
    "J1144+0251_red_noise_log10_A": -13.514516370367572,
    "J1304-4835_red_noise_gamma": 1.2216250852070691,
    "J1304-4835_red_noise_log10_A": -11.430215364777277,
    "J1354+3322_red_noise_gamma": 1.809501509081445,
    "J1354+3322_red_noise_log10_A": -11.970387149863306,
    "J1514-1428_red_noise_gamma": 1.8292696237755013,
    "J1514-1428_red_noise_log10_A": -12.973221324726538,
    "J1724+1428_red_noise_gamma": 1.098965582974366,
    "J1724+1428_red_noise_log10_A": -12.16569265573844,
    "J1844-3322_red_noise_gamma": 1.8899891508691866,
    "J1844-3322_red_noise_log10_A": -14.089563724283538,
    "J1934+4835_red_noise_gamma": 1.5289706226320128,
    "J1934+4835_red_noise_log10_A": -11.6483994235075,
    "J2054-0251_red_noise_gamma": 3.056999389636677,
    "J2054-0251_red_noise_log10_A": -12.640460821906752,
    "J2214-5812_red_noise_gamma": 2.7737684341815596,
    "J2214-5812_red_noise_log10_A": -11.725075087982887,
    "J2304+2644_red_noise_gamma": 3.126035290084703,
    "J2304+2644_red_noise_log10_A": -11.076689210011317,
    "gw_log10_rho_0": -7.624297871315907,
    "gw_log10_rho_1": -7.407805510076666,
    "gw_log10_rho_2": -7.69603866648451,
    "gw_log10_rho_3": -7.829165591978608,
    "gw_log10_rho_4": -7.929710897005547,
    "gw_log10_rho_5": -7.886846502437534,
    "gw_log10_rho_6": -6.787382554167102,
    "gw_log10_rho_7": -8.132546069244826,
    "gw_log10_rho_8": -7.860215271763138,
    "gw_log10_rho_9": -9.395647246407654,
    "gw_log10_rho_10": -7.96455220463675,
    "gw_log10_rho_11": -8.378902665631212,
    "gw_log10_rho_12": -8.105247867021415,
    "gw_log10_rho_13": -9.073059290422929,
    "gw_log10_rho_14": -8.261493323630605,
    "gw_log10_rho_15": -7.98157301425056,
    "gw_log10_rho_16": -9.212680348348876,
    "gw_log10_rho_17": -7.985379867100198,
    "gw_log10_rho_18": -8.445972387434399,
    "gw_log10_rho_19": -8.352015410480458
}