{
    "J0024-2029_red_noise_gamma": 2.16689929520532,
    "J0024-2029_red_noise_log10_A": -12.35877841019086,
    "J0114+7148_red_noise_gamma": 1.6003224194304972,
    "J0114+7148_red_noise_log10_A": -12.646274929727516,
    "J0234+0837_red_noise_gamma": 2.1615057846165224,
    "J0234+0837_red_noise_log10_A": -12.11007504524687,
    "J0354-4032_red_noise_gamma": 1.8806791010035682,
    "J0354-4032_red_noise_log10_A": -12.846397852411577,
    "J0444+4032_red_noise_gamma": 1.6438989419806496,
    "J0444+4032_red_noise_log10_A": -12.765424210175786,
    "J0604-0837_red_noise_gamma": 2.295735841982381,
    "J0604-0837_red_noise_log10_A": -13.267953888480086,
    "J0724-7148_red_noise_gamma": 2.0887021337201066,
    "J0724-7148_red_noise_log10_A": -13.218914576947508,
    "J0814+2029_red_noise_gamma": 2.441563237581946,
    "J0814+2029_red_noise_log10_A": -12.055841665503342,
    "J0934-2644_red_noise_gamma": 1.1809511747424186,
    "J0934-2644_red_noise_log10_A": -12.058855315849511,
    "J1024+5812_red_noise_gamma": 1.6588382596290696,
    "J1024+5812_red_noise_log10_A": -12.398917096717856,
    "J1144+0251_red_noise_gamma": 1.7499117578624477,
    "J1144+0251_red_noise_log10_A": -13.995371360129866,
    "J1304-4835_red_noise_gamma": 2.1217884065916035,
    "J1304-4835_red_noise_log10_A": -12.069074466285816,
    "J1354+3322_red_noise_gamma": 1.0870889231455767,
    "J1354+3322_red_noise_log10_A": -12.71893333109729,
    "J1514-1428_red_noise_gamma": 1.7081834038710146,
    "J1514-1428_red_noise_log10_A": -12.499397747064801,
    "J1724+1428_red_noise_gamma": 2.4365967150697294,
    "J1724+1428_red_noise_log10_A": -12.004967259763486,
    "J1844-3322_red_noise_gamma": 1.7853882718461138,
    "J1844-3322_red_noise_log10_A": -12.379935640309286,
    "J1934+4835_red_noise_gamma": 1.8535117004627975,
    "J1934+4835_red_noise_log10_A": -12.855401109023298,
    "J2054-0251_red_noise_gamma": 1.408558387688911,
    "J2054-0251_red_noise_log10_A": -13.242835604145016,
    "J2214-5812_red_noise_gamma": 1.5838820558458013,
    "J2214-5812_red_noise_log10_A": -12.421563443096376,
    "J2304+2644_red_noise_gamma": 1.7329945106764635,
    "J2304+2644_red_noise_log10_A": -12.993896554294434,
    "gw_log10_rho_0": -7.367424049613305,
    "gw_log10_rho_1": -7.1597632397479405,
    "gw_log10_rho_2": -7.975184903830095,
    "gw_log10_rho_3": -7.624397740033949,
    "gw_log10_rho_4": -7.818703904564889,
    "gw_log10_rho_5": -9.806369195211987,
    "gw_log10_rho_6": -6.705643288286097,
    "gw_log10_rho_7": -7.642864525602519,
    "gw_log10_rho_8": -7.885769833982895,
    "gw_log10_rho_9": -9.324276786637823,
    "gw_log10_rho_10": -8.872151794433424,
    "gw_log10_rho_11": -9.549180566344688,
    "gw_log10_rho_12": -7.837577349552682,
    "gw_log10_rho_13": -7.926982927075076,
    "gw_log10_rho_14": -9.523163183177415,
    "gw_log10_rho_15": -8.138031945448315,
    "gw_log10_rho_16": -8.102233187570658,
    "gw_log10_rho_17": -8.097026678805566,
    "gw_log10_rho_18": -7.930063930029409,
    "gw_log10_rho_19": -9.429977932732216
}