{
    "gw_log10_rho_0": -8.02951777135439,
    "gw_log10_rho_1": -7.646597855919795,
    "gw_log10_rho_2": -7.3420126234866965,
    "gw_log10_rho_3": -7.1787736366910275,
    "gw_log10_rho_4": -7.414508808591958,
    "gw_log10_rho_5": -7.511421777599707,
    "gw_log10_rho_6": -7.566445363116656,
    "gw_log10_rho_7": -7.745481173067862,
    "gw_log10_rho_8": -7.970447281196109,
    "gw_log10_rho_9": -7.993812224657108,
    "gw_log10_rho_10": -8.216052185190382,
    "gw_log10_rho_11": -8.550721704631616,
    "gw_log10_rho_12": -8.413251116638628,
    "gw_log10_rho_13": -8.404838008347161,
    "gw_log10_rho_14": -8.321179653443913,
    "gw_log10_rho_15": -8.405075812106407,
    "gw_log10_rho_16": -9.029662589852283,
    "gw_log10_rho_17": -8.486002375267741,
    "gw_log10_rho_18": -8.48105937827073,
    "gw_log10_rho_19": -9.61092391881223
}