{
    "gw_log10_rho_0": -7.071518028538305,
    "gw_log10_rho_1": -7.198372447806119,
    "gw_log10_rho_2": -7.085041336109193,
    "gw_log10_rho_3": -7.016777297422559,
    "gw_log10_rho_4": -7.274038523839833,
    "gw_log10_rho_5": -7.307212644656254,
    "gw_log10_rho_6": -7.422429929675034,
    "gw_log10_rho_7": -7.578005059535206,
    "gw_log10_rho_8": -7.561589253442916,
    "gw_log10_rho_9": -9.277285588062453,
    "gw_log10_rho_10": -7.875636198929838,
    "gw_log10_rho_11": -7.977428333967348,
    "gw_log10_rho_12": -7.989460688813477,
    "gw_log10_rho_13": -7.900864987660057,
    "gw_log10_rho_14": -8.138406951967838,
    "gw_log10_rho_15": -9.201000448370571,
    "gw_log10_rho_16": -8.704589885083243,
    "gw_log10_rho_17": -8.184583799846436,
    "gw_log10_rho_18": -8.294595866540126,
    "gw_log10_rho_19": -9.53636034094902
}