{
    "gw_gamma": 2.1120265162668064,
    "gw_log10_A": -11.243763142623926
}